55696
2553
2760
6256
3993
1599
3566
2879
3406
991
2292
370
5271
2986
3542
551
6750
5441
4244
6645
5693
6244
6892
785
2968
3533
328
1498
724
5212
4396
4765
1156
1711
6152
5394
2272
922
2357
1212
2537
1090
1110
3466
1415
1778
4784
36
2752
4507
6640
5488
3295
158
5301
6550
4135
4294
2045
1535
3892
1364
5937
4010
5980
3707
4056
2625
1992
610
6401
930
617
6832
2460
3856
3082
1223
4481
6745
901
4079
6081
5253
5950
3043
2168
5569
5201
1800
3211
2118
777
5611
1633
6801
5446
1596
5574
4080
1048
6412
1098
1283
6436
2197
3843
4455
2237
1429
5945
6335
445
4414
3269
6665
4245
4118
5070
6093
5077
3635
6860
4340
458
5224
1772
4896
1327
461
2598
3541
479
852
3596
2776
615
5210
3088
4840
3304
5247
2000
5073
371
3202
3134
4080
4370
2210
6324
1476
4644
2818
1793
4319
4062
2860
5318
4394
3754
814
1835
5355
4475
1942
399
5359
5621
2462
3381
5128
1579
2487
37
6181
3477
3085
803
5730
6386
6719
2594
5269
4794
1814
2935
2585
3549
6521
5104
1028
1677
2636
609
735
490
6239
3035
6841
3460
2367
3491
4107
457
5717
2231
5855
5703
1229
2340
1449
57
2582
3556
315
159
596
1843
2251
6339
2683
4074
5759
480
3747
5500
6731
6289
6067
2996
1901
5862
5764
5661
2153
4644
4002
3317
3851
5087
2430
6585
2347
5705
320
4898
6922
1697
5192
1477
2012
360
5079
2541
2756
667
4849
4898
373
3740
688
2034
794
358
3600
6663
5980
2305
1007
2983
5863
3356
4430
2093
1714
3922
4602
5019
2378
1236
382
1484
5663
3998
6077
6395
4050
3296
5955
763
4997
1684
1437
4919
4862
648
6191
2201
3153
5286
6847
2426
2233
2501
5309
970
6302
3239
1626
519
4138
2909
3534
5869
6761
3332
2774
3101
1566
1948
3652
3685
1323
650
270
5044
6823
2426
1354
5833
4837
2629
1274
1760
2917
4358
6687
563
3871
4378
2926
6898
2154
6695
5427
1647
2120
1822
6869
5462
5841
391
1280
5884
4614
3148
19
1693
199
2707
5823
4208
3577
4541
4975
1700
5066
1177
2525
4289
545
6306
1277
6293
3861
3360
6521
1383
5013
3831
4348
1697
595
736
4355
1542
118
327
531
5010
991
3629
2282
3477
1593
3816
4100
2126
2271
1876
3804
5691
6213
5689
1743
5495
1582
4840
2697
2065
6265
2297
5336
5047
6612
2396
5682
4338
2468
2434
2947
5115
1657
5409
4276
1502
5386
4090
3975
815
972
6238
6050
6271
1994
2007
4590
3833
6170
2666
4348
1282
1511
2056
6403
6544
5153
2478
6862
214
2471
1773
3732
6306
6913
3111
850
1258
375
746
4000
2823
2567
1975
4210
2689
6493
1091
7
1561
1881
611
6647
732
2532
2302
5403
4991
5716
363
971
5549
36
3174
1706
1375
2412
2715
2884
5060
1348
3493
5881
229
4897
3863
4170
2266
1530
5001
5485
626
6781
3377
1512
6240
4382
793
3500
6279
264
242
260
167
196
4
3554
5750
1038
3851
4425
1316
469
6478
4626
5334
6756
665
307
3511
6124
3145
5632
3133
4128
4512
6872
567
6654
2734
6106
4338
1037
374
106
6456
733
5159
841
981
1969
4407
4078
2270
3844
2998
6492
3315
5610
80
4346
3378
4445
3140
1851
1211
2557
1679
5496
2414
4192
316
6644
4958
811
1443
4652
1782
6467
5208
6548
5695
6807
6593
4694
6819
942
475
505
3669
1390
949
2800
3228
1821
3036
2410
2911
1033
1816
6277
3302
5584
2214
3368
4453
5311
2020
4943
1499
2459
3431
6252
6958
1715
4740
2440
2569
4964
1651
63
150
3192
1439
2174
6268
3924
1410
5977
107
6063
2035
4648
6278
3617
6076
6303
4154
2059
5283
6874
1931
3465
3888
4326
5296
969
6618
1144
5602
4697
1323
5878
6309
2685
2660
3737
6794
3059
3281
4935
1276
4120
5891
4599
2629
2634
2653
876
4974
4451
3986
936
2107
335
5793
28
709
1207
1040
4137
432
3812
3496
4732
971
2407
5784
1545
5785
155
1815
515
2329
3004
2454
2208
2304
4817
874
5833
3488
4592
1278
4891
2903
5535
1414
2635
2573
5366
6929
5895
3821
3650
4630
2356
4729
415
5024
1295
349
1578
3001
6795
3347
6169
6491
269
2523
936
1688
4799
6127
4293
6900
890
4336
4124
2769
5503
4159
3866
149
516
529
4626
3386
6119
5740
782
4913
2236
6217
105
3617
2317
6012
823
4260
6220
3410
3125
2598
1410
5478
14
843
634
5239
5186
6331
350
2763
2740
5005
185
3081
913
189
5733
1438
1517
1694
5794
6121
842
1345
4688
1274
4396
6891
4631
3857
5754
1852
5077
3472
3297
2952
2280
6470
6836
6170
5152
45
3472
2555
6118
6111
1567
2493
5731
2485
171
2100
871
3057
4299
6620
2270
2892
60
6767
4279
6019
5452
4562
406
208
231
5725
3877
4349
3017
5881
135
4716
5416
5079
772
3795
5714
1661
4645
2741
4896
2106
2805
4930
3888
1020
2922
4194
6583
4891
3144
6241
2535
3408
1305
6193
845
6567
5950
5993
5268
3765
2115
3966
3261
6479
3627
6501
4925
1072
4886
175
261
246
2658
3683
6246
5122
4982
5178
2646
4602
4864
5929
3323
5735
4055
5965
815
2235
1102
5217
5965
3811
2164
2344
6771
282
1001
6381
1600
3456
1849
3143
3052
2528
6100
3491
3561
3171
1781
1234
1887
4286
980
115
1177
5854
2161
1713
1886
3994
2281
2096
4689
2147
3440
3506
5701
2146
6833
2812
6504
5926
4904
5574
862
1121
5486
3799
1027
5240
5709
5032
5856
4240
6714
6016
6620
3458
157
5653
1503
2017
5583
5470
2525
45
771
3323
285
791
3938
3108
3588
737
2503
6110
1106
1556
1796
895
3908
289
188
2417
4626
6237
591
4454
3620
5405
866
1184
6743
6416
1842
2905
4117
1346
6905
2394
64
3541
3353
2031
819
3973
849
4010
6915
3088
5565
5733
947
1426
2390
243
1701
2126
6600
6629
1535
5409
6782
876
3993
2149
4885
6144
2892
2337
1831
5202
5106
935
5663
2892
5891
5355
5487
5932
6676
6536
517
534
6943
3367
6058
927
2182
4108
6736
5083
1378
4898
2671
2637
3526
198
3455
6010
4758
6810
3219
3781
3627
2327
5889
6771
1898
5465
216
2924
1332
1144
587
4809
661
1822
3524
142
1592
342
6936
24
3760
6
6565
927
3156
1263
2457
3488
6945
3188
1675
2023
4045
1084
2616
5201
460
856
5829
1994
5577
2733
5884
1500
4467
1874
4941
1820
3705
2097
2933
1445
2080
1809
6238
6189
6150
4684
2660
2879
5656
3514
5701
2235
4520
6000
4246
3977
6702
3600
6411
6669
2046
4001
6364
4689
4731
178
2090
5557
3197
4716
3568
5728
6390
1374
2856
1
2509
5590
5836
6805
3709
3779
5953
2306
5352
3095
1010
4733
6693
4873
878
3931
4366
6405
6011
5581
497
2011
2678
1964
6107
2989
739
5220
6313
1947
3291
5829
4721
3199
5718
940
2336
3012
160
4447
3654
538
1027
590
72
6163
4763
4366
1308
3694
2019
4281
848
5630
4494
344
5559
2738
687
3841
6365
2324
3888
3861
4915
4110
2889
5198
4814
4419
6082
5704
773
271
506
4142
5234
5510
5130
5183
5556
1885
5481
3795
2910
6168
5260
3932
1626
4010
1027
2464
5935
4206
1167
1950
6108
50
4149
5558
100
3145
2744
6263
3192
3520
5607
3542
5367
3725
5167
2570
6628
2787
2330
1954
209
818
6116
3751
5214
6362
3718
1920
296
6223
3633
626
6263
3824
1185
1550
4225
5855
1423
1203
823
635
5749
6160
2791
1870
1506
1867
4501
2177
6380
682
3974
3948
5860
383
3678
5636
6362
912
3286
1603
2597
1864
1780
2335
3437
2983
2823
4630
6045
2564
5907
684
5479
3830
2637
5241
832
6259
5362
6029
6522
6153
860
1481
2624
5034
1706
2413
5432
9
1435
5109
4655
2503
6926
6794
6765
5219
5046
4737
487
2298
3697
412
533
2124
5818
3047
353
1558
5937
4234
6199
886
2104
5363
6581
2438
3049
805
2213
4523
2183
6123
1893
4611
2441
4224
392
4472
5567
1200
687
6064
4476
6287
4569
4895
6857
5498
6518
6513
228
6792
6920
3792
642
6120
1643
2692
4597
3094
4723
1378
3991
1603
1889
5445
3273
448
803
4077
1508
802
2664
3553
925
6651
521
1743
2182
4982
5778
744
5664
1039
6392
3060
2335
2589
6308
715
6497
4653
4549
4259
2136
5155
5669
854
738
1333
3015
4674
5193
4559
6149
6805
6846
4614
4060
2127
1110
2443
5083
566
5530
2504
2796
303
6367
6307
3002
2005
6472
6378
3017
461
4317
4075
6475
5814
4649
1373
2526
5979
4285
991
5493
174
4164
2050
5286
2630
5934
4924
6276
5342
1516
4246
1691
4398
5586
4430
6545
4038
5340
3861
6561
2348
2550
4443
797
6021
1403
2325
3844
6606
1932
5845
2230
5242
5699
4583
4524
6908
5308
1251
5756
2294
1260
4557
3914
4178
969
5155
6654
1961
5917
4044
1750
4276
1481
6300
335
6923
1275
6629
5714
4293
4652
3160
3579
863
2657
5693
354
5886
588
4605
6028
2022
6275
6542
3095
4558
3487
4143
3764
4557
5663
2407
2879
4665
3762
6397
6040
6588
4484
2264
6558
950
3191
3954
3952
4481
5992
2336
5918
305
4635
1801
2274
3079
5009
6612
4474
5267
3851
6134
2025
5773
1363
6288
3844
6429
5686
2056
5015
6370
4783
5643
4357
4058
571
5079
614
6239
6477
5477
3314
2959
5508
1073
252
184
5384
5255
6281
242
5506
2885
3508
2413
4162
2605
6838
3618
4729
1799
3288
3627
2900
4428
1884
834
705
5712
5377
1996
842
1157
6690
3427
1847
1172
479
6659
1626
4290
5228
31
2189
4375
357
2240
4251
5273
1793
6570
6130
48
2359
5861
3501
2572
5905
362
5139
21
1622
189
3199
6908
52
4744
2148
4062
4594
1779
6012
254
5093
4111
2642
3508
3801
2265
5680
2711
2114
5385
1977
4254
4413
3027
788
4488
2512
3271
1154
5046
3127
1896
1916
890
3416
1867
3254
355
4806
5294
5862
4740
2384
2883
5820
2787
816
4496
1333
6685
922
4317
6011
6498
2166
6364
4677
5490
3496
876
5080
82
6775
5192
5132
2502
4978
34
6361
6051
516
51
5251
4333
4180
6558
3780
2297
312
5879
2580
3802
603
2238
6559
5721
5249
3514
6264
5558
5207
5645
4756
2923
1126
1692
5149
4083
146
598
6258
5639
683
5353
6317
428
6800
6773
3232
2127
1644
5988
1507
3586
4408
6764
1638
3983
2326
6170
1005
3850
1128
4745
1323
5455
3428
5685
5507
2613
6235
2004
6584
5529
900
2107
5000
382
2101
4009
3698
671
6274
6720
5141
5257
6580
1632
965
5297
774
2448
4412
2403
2474
3118
3890
2108
6472
35
4342
1512
5867
2806
2921
6054
1086
2346
1036
4524
1905
61
6032
713
3834
6209
1100
5815
558
4288
6705
3532
4880
5671
1687
4806
1585
5352
817
6349
5527
144
3177
6470
6539
772
5940
3977
2111
503
1741
4561
2586
4080
92
829
90
6037
5075
1619
905
1382
1193
51
4900
759
161
3880
2291
3230
4622
4891
6838
2896
3422
3558
6572
3736
164
5139
3106
4723
12
2195
4500
3811
1047
4812
322
4170
4545
5717
714
487
988
4966
1231
1598
279
1564
5700
6579
2451
4337
3330
2242
3407
480
1802
4589
563
297
2897
4351
349
490
2948
330
712
959
606
4596
628
3364
5117
6144
5152
4046
1051
6960
1533
105
2343
3489
5639
5016
6751
2616
5133
1588
3638
5261
6094
3786
1185
5500
5824
207
1179
1404
1047
2460
1825
5344
6359
3549
3853
1852
386
700
3927
4266
4520
318
1442
237
5767
2395
6056
1348
4028
5357
6715
4212
926
6773
2389
3527
4937
1317
976
2364
5036
1412
6331
856
3984
1964
966
2965
4889
2695
192
5572
3670
146
4144
6766
1516
1591
730
1088
5301
2904
844
3992
6571
5338
1867
3482
359
1612
1349
587
6402
6912
6281
5436
1210
5307
5902
2046
1002
3514
1494
2625
3380
6009
3903
597
3108
6111
1347
5821
6426
4775
4672
3404
3629
1217
3754
5899
1892
6482
4163
1123
6102
4738
2716
2267
4518
903
6109
5122
6347
6387
4185
5437
1495
3221
3940
3748
1185
3168
4532
2889
3151
4243
217
593
6404
5022
6230
5215
118
792
3264
5373
5407
2969
2638
4849
1981
4042
5160
2876
1072
1926
5300
21
1006
1296
4150
2758
6020
1989
404
5531
2889
2960
5255
298
6463
4979
2330
1378
1627
1690
2670
6314
4580
846
6048
5166
1317
1809
6171
4904
5832
560
1909
5738
234
790
5203
4913
972
4440
4194
3633
442
1791
1042
6094
5226
707
2036
5589
5720
5316
4161
3046
4711
1046
4447
3201
5504
2715
2209
4577
84
6276
5903
1755
6075
777
6306
6405
3147
4724
4187
5267
1359
6797
4999
3883
6536
5874
484
1151
4657
2793
4466
1708
4346
784
5094
488
3546
1849
2687
4790
4126
4104
1558
183
1855
3787
1653
5354
4789
6776
3021
2743
2213
462
239
2750
5044
3450
676
4386
3522
6723
5636
3363
1092
3468
4721
726
2806
6433
3865
248
5568
17
3193
2422
2070
2436
6781
6360
953
5837
2941
6905
4540
4088
6223
2921
361
136
981
4165
5054
1810
4223
3075
5033
2387
2599
4399
6810
5992
2684
3028
6539
3910
1644
5386
5206
4932
2915
5375
154
2835
4483
2540
4294
4286
5902
6273
3399
4724
4978
5696
4365
669
2203
661
5171
2907
1548
6776
6958
151
1582
1425
4905
3426
1350
5565
6477
4771
2533
2130
772
5510
6691
4757
3328
4636
1616
4813
6419
6708
5459
5122
1805
1665
1889
800
1606
3911
6671
6480
4760
5041
6399
3627
6
4640
694
6283
4911
592
6626
3154
4871
3984
3723
306
2824
4404
1267
6610
449
674
4682
4708
98
2328
1326
295
6883
4029
3031
584
4980
5157
6472
3299
4257
725
2772
1655
1894
3703
3362
376
5946
6834
3971
6509
6843
4460
6785
218
406
501
2508
4093
5794
5077
5796
1858
4362
4351
3867
2874
1115
670
613
5176
1131
3997
5418
720
4151
734
5062
4914
6107
3492
4382
2786
5367
6254
6220
376
731
5298
1729
884
1745
1666
2992
1638
4943
4135
388
3590
3640
1086
3245
4132
1437
3560
507
3209
1603
3283
5033
2822
4576
4881
5843
5544
3290
504
3157
2316
6768
128
1973
5330
2593
314
3904
2918
4121
1297
2329
936
4395
432
1663
6213
4640
1149
2212
1386
2722
3707
2525
540
742
884
2604
6489
4628
804
1494
2968
6309
1611
3707
4263
5132
2603
4576
3154
3388
5705
792
5836
1089
4873
1649
3785
2424
513
2293
2780
6755
6334
5510
3118
6388
6315
4651
1234
4016
1410
6951
6389
2616
6065
0
4490
4379
5249
606
3405
1073
6619
2007
6541
1750
3456
6564
6925
4107
5254
6679
6104
6523
6933
1602
1468
3047
4837
6503
540
1252
2758
3055
6477
4545
33
6645
2017
4040
6083
3141
6145
5215
1824
6074
995
6391
894
3945
668
6658
6413
2681
139
179
4431
3824
3837
2398
2879
4577
1346
4206
727
6953
2065
4667
1902
4770
5377
5537
710
1041
3278
512
2779
4906
1615
995
4085
5394
5628
5446
4334
4631
4352
5238
3132
2598
255
5482
2174
4753
653
2051
1497
846
6249
948
536
1190
525
355
3274
3699
1254
6449
551
1827
3282
1772
912
6313
5589
342
2831
5417
1544
2283
347
1711
5559
1451
1678
5442
1004
3559
831
1734
3263
5824
5680
5580
790
3686
1324
1698
1696
4656
5738
4520
5754
6627
5964
646
1098
431
6373
893
1861
132
600
873
153
3787
1829
4034
6546
6429
6513
3973
4090
6636
1164
6009
2270
2329
1378
2492
1933
2521
5426
3471
1890
486
4475
4922
2943
4703
4474
4858
2665
1338
5270
5647
3585
1127
3517
1292
1848
2231
2092
189
1145
883
5152
731
5254
6673
660
4661
3330
5190
1252
1534
6506
3338
6048
6450
4781
3752
196
6014
2735
345
412
5245
4209
2048
3832
1000
6662
3523
2330
209
16
4518
2761
6623
2551
885
6550
1775
3474
3275
332
4844
6422
4238
4508
4306
5382
1129
1264
6933
5481
1454
6539
821
2501
3011
3394
683
4372
523
4994
3721
3967
3682
3424
5646
5274
1401
5854
6839
4052
5680
4932
2203
1020
841
2182
1365
4022
27
4536
213
720
1084
4797
5903
5079
4658
2824
3781
3314
1086
6486
4007
1841
3499
3686
1977
2509
2716
1900
211
1128
2871
253
4493
3025
5540
6145
2638
6882
5442
1133
5206
356
365
4370
1461
1028
5550
1591
3383
6280
5726
354
5676
3744
3543
3400
3675
5931
4647
1427
5506
4458
3988
6794
2653
4595
4786
2376
1600
5940
4824
5913
1664
704
3899
1679
2744
1935
5043
3653
3233
3439
3516
6476
2003
2910
693
5300
3118
6860
5262
5872
1215
6036
2030
4126
5294
2997
1924
2370
4318
4852
206
1221
2518
6889
242
6009
5014
2926
5759
5610
4731
3540
5719
1602
6091
4791
4118
2979
3152
3853
4795
1769
2478
6047
5516
6067
4359
3546
1362
1768
3034
3813
6686
2767
6331
2795
5765
6428
2
1647
3109
4681
459
1234
4650
6836
1584
809
3193
2766
3
1681
2863
4351
2875
6799
2323
2178
6634
2510
5303
3409
5725
2309
5540
4992
4808
1472
867
801
4309
3747
4343
1916
2011
5050
4406
1840
2840
1981
3868
531
5003
6221
4969
2775
4642
595
2375
5567
1262
3903
2477
5143
1424
4082
6832
2787
1402
4902
2999
2926
3143
6067
99
2763
5000
6374
1052
6875
5386
1341
4692
777
3039
293
1224
6848
4954
689
5327
2862
6349
1871
1901
2037
4890
3242
5307
42
4111
332
2241
978
3492
3343
3444
2620
6094
2154
5065
4489
3484
2642
2858
818
5825
918
3259
2867
4843
6243
6779
3306
5204
4540
1973
4542
6599
2483
679
5028
1399
6122
6942
4776
1313
6534
134
3834
225
2561
2427
4964
5934
988
257
2303
1013
5683
2403
230
6817
904
5371
1391
2611
4063
4383
5592
4828
5757
2202
2553
1471
3811
3202
6354
6444
4607
1921
3507
5145
5521
6206
150
2918
3437
3883
5535
2098
4571
4989
6050
6347
4211
2591
3916
1701
1433
5995
344
4602
6633
5976
1469
6277
3058
4078
2425
374
4679
4859
6546
5721
6035
5669
6840
1242
1264
3032
6840
4749
5471
6068
222
1718
742
1488
6649
142
5527
2105
2737
3235
1767
3723
4504
3733
5182
1795
2064
5587
2676
6052
2662
6146
4033
4604
3102
1433
3506
3290
4376
3863
1334
5648
4527
4616
1430
1980
4785
883
6496
4660
6332
4056
3346
5644
3779
3178
4256
405
1836
3431
4818
2781
1120
2091
2885
4341
3297
2594
1347
2248
6246
5537
6425
3087
1259
2934
1334
5835
2441
3550
610
4801
2397
3998
5007
1586
1651
4582
1239
6058
2316
2911
5119
3586
6915
4528
3400
2922
127
2634
6516
3006
889
4248
1269
5052
2108
26
3045
2727
2666
3274
2131
1750
3725
2454
819
2243
4052
2008
4968
1675
6435
2028
2094
2874
2821
5475
4366
2032
2984
2864
2181
3003
1876
3006
211
2765
5361
2565
3485
213
2501
2729
120
1968
5004
2044
2198
32
2415
6377
5292
2574
3529
5909
1774
6344
5526
319
1010
6771
3715
5845
3088
1375
5817
6070
1016
3287
6180
4463
597
5219
3638
38
2416
2797
2049
521
4142
2141
387
6922
5899
3769
1137
4356
865
411
6599
3541
1319
3470
3254
2011
6437
3472
6040
2999
1032
5107
3561
112
2891
5963
3592
1940
1837
4397
5681
6238
5525
6145
3641
4096
4924
641
42
2646
5770
78
5263
4659
4331
6080
6570
5082
5863
3838
1643
2905
6689
3900
1788
5377
2483
5687
5989
3030
5165
3200
1881
6348
1340
580
4827
384
5976
3676
2424
5050
6597
133
1086
2162
766
2760
5257
602
2927
3365
22
973
4374
4168
933
997
5147
5145
3390
3870
1356
2444
6769
1405
6476
1431
2760
4828
4845
5972
1210
6515
5667
4798
4742
3584
3581
405
5584
678
394
6589
1639
2759
5120
4431
4202
2705
4765
2539
104
4727
1521
6674
108
6911
3305
6516
1190
3771
4366
2442
4071
5063
3445
6856
2815
5815
5824
5481
4873
336
3535
6924
4291
2570
3029
676
2013
4286
5944
1895
6213
2516
6131
5507
3677
3810
5789
5398
289
5572
841
5879
6118
5124
4396
3185
6615
6
2801
2737
1215
987
2335
6724
67
1195
4851
3220
685
52
1265
5649
5571
5958
233
1470
3559
3336
176
2092
1187
2493
72
6572
2057
2019
6483
2765
5896
726
6095
157
5616
3976
3062
2900
5466
742
944
2723
1973
1102
132
6787
3517
622
6616
5467
854
4850
125
6361
3193
1813
1681
972
2760
4882
6669
4925
2952
2735
3433
2507
6538
4204
2911
6383
2704
2934
2523
2484
4273
4853
1681
5802
5164
82
3603
1601
320
6875
1652
3781
1211
5111
1102
3245
3706
6455
2663
1175
4191
1712
3777
182
3638
524
2345
1604
1736
3464
6751
375
6518
2054
777
1767
578
6183
6378
3275
1687
3214
636
4089
2719
255
2915
5132
4750
2391
1271
1546
2909
1474
5367
3809
4507
1308
5398
2547
6434
5633
2994
1359
6798
5193
6692
58
1126
5563
310
1029
2645
2563
213
1345
692
5872
3252
6229
6154
2608
6114
1813
3990
1801
5347
3876
3028
1489
250
5401
4340
5421
5635
6758
2539
1678
1152
2112
4676
5310
6756
4961
3718
4484
3810
4896
2044
959
2009
4061
382
5007
1049
4877
199
747
1605
3631
5690
1418
6888
6690
1468
684
2846
6230
1237
4009
2427
4112
677
5782
2035
2246
5030
225
1482
3941
3294
3736
6941
326
4996
5566
4000
4254
3480
3844
6428
490
2226
3931
4813
2449
3685
1507
5882
4928
3841
897
6644
1495
2130
5740
4878
1642
1028
1646
4981
2234
6269
3893
531
5679
1536
820
1259
6659
3024
6351
5897
107
2931
5190
6514
3701
1008
5822
3753
3979
4059
1122
3016
6700
2483
6057
5455
5912
6480
4691
2595
2338
345
2473
6396
6434
6221
4972
698
659
3176
3167
1426
4998
3732
1798
6653
5316
177
136
5276
3927
1269
4263
5643
6376
5296
4186
3831
937
6134
2856
6534
3614
1878
6519
1916
305
144
5208
3727
2584
2724
1784
3004
4507
4224
1462
6681
4357
4101
3789
3813
607
787
2876
619
5397
3103
1948
6961
4511
31
4371
4251
5316
6946
2240
5229
1137
5287
3296
1726
3066
5799
3816
246
6195
3188
355
3379
4017
1004
3395
4646
3910
1778
811
240
1921
830
6676
4860
2977
1270
1359
2352
3444
2520
1307
2609
5730
3505
2942
1661
6916
784
4189
6402
2062
896
4630
3861
479
6647
6614
2194
158
5228
5
5106
5143
2877
1781
2617
732
899
6504
6890
5725
1346
1840
6369
3658
4945
4109
3082
2582
5389
6950
4865
4979
3870
1617
2311
422
3051
50
4981
2212
4972
4957
747
2853
6178
2263
2512
5773
3453
25
1778
1493
6685
2554
171
2989
4504
4749
950
2911
3063
5305
2331
6173
2775
4028
4600
6545
5170
4967
303
6634
816
1015
4880
462
1479
3984
4197
962
1093
1236
3353
1630
2764
6067
523
4648
4002
2319
5399
1391
5728
3838
1239
1159
206
2087
887
625
34
262
4141
5914
6014
5151
5597
6419
5348
2002
3282
2816
2772
2874
1256
4024
6633
4131
5546
1656
2503
3175
191
6876
4009
4415
4158
673
257
2238
4801
1141
400
6759
324
535
1540
4046
4130
3683
1995
350
5867
3102
2412
4352
3689
2850
1576
4563
3737
326
2373
2244
2576
982
2830
6431
4568
2978
2335
168
3152
1114
4569
1191
5986
1099
5457
1926
5952
1021
2417
1594
6461
4269
2387
6823
4855
476
5701
4620
41
2352
5
4185
4106
4723
886
186
6119
4995
831
5003
2187
1922
2922
94
1313
6754
3722
4115
3926
4191
2904
1983
4095
906
176
5989
1776
2309
6026
4468
5711
201
592
1634
649
5021
3116
6004
3872
3535
6895
4509
4091
874
2483
22
2929
1644
715
3492
1528
579
4789
4335
854
4864
36
5196
5512
2785
3002
1759
3364
6921
1162
2574
2056
2797
4237
447
752
6924
3418
428
283
4923
3725
4243
2942
123
820
167
3525
871
1783
4061
733
5255
4203
6511
2691
5465
2589
3085
3676
5774
25
1819
3060
5992
364
3678
1236
6684
1933
4865
256
5495
5242
6357
6800
1650
1992
5618
1294
3039
2267
3339
3974
762
2975
5990
4743
878
1994
5337
1808
5336
548
6078
6254
4707
4677
3763
587
4108
4942
1118
4419
38
3457
6819
4223
1382
2111
4516
2502
6813
2179
780
1578
2261
2736
4421
3172
4116
6445
736
5691
4670
979
6471
3740
6632
4780
2429
914
5619
4389
2254
5256
3825
6609
1979
4208
4360
2436
6873
1640
5509
1817
5832
4751
380
313
343
6606
1660
2392
1029
3354
3674
6237
4914
4491
6140
1052
3872
4749
5310
85
1815
4241
5742
5548
2747
3419
4471
2615
1442
4744
4916
5552
5595
3910
2651
5139
4657
5894
5954
2713
156
5502
1452
4242
2444
3490
501
6559
914
1386
2533
5090
4065
1877
2644
1668
6448
6671
2381
6010
1050
3528
2604
1028
4096
3923
5801
4467
1719
2015
390
5526
1296
5773
2936
3550
4803
1243
2774
3669
6397
4722
6363
6109
1209
434
2695
2835
2859
3032
1560
6316
5266
6862
6591
4171
4971
1367
4591
6930
5931
3064
621
4934
647
4340
5204
756
1858
2441
2847
1621
3399
1686
6662
5819
1589
89
2184
4162
347
1660
634
2510
244
5463
2350
3457
5082
2924
3997
5502
6224
401
2952
2649
6455
1861
2804
4230
5000
6582
5590
4393
3137
2462
1361
4918
3951
518
3314
6088
323
4508
4390
6083
381
2726
2604
4009
1895
243
1210
6492
6162
4122
2217
2210
6619
6311
1246
3368
6724
4168
6284
4265
3251
1910
3110
6961
1307
6942
6934
6548
192
5182
5477
2603
77
1000
6674
6147
2723
4486
738
4639
3623
865
3537
6750
2816
4302
5169
3602
6784
3447
3708
4539
3538
4228
1560
5941
4970
507
5489
3162
594
4980
6649
581
3144
5638
6219
4607
3014
1586
4071
2135
3501
1121
3099
1760
4892
840
5851
4208
6049
6156
3008
6032
1678
1185
1965
3064
3307
2898
5451
5067
6892
3411
1728
1001
2370
4892
4580
4169
4744
3478
6312
951
434
3241
776
5473
1162
5150
1762
3954
1655
1034
3983
5107
3194
4804
1005
1016
6026
644
1505
1467
5667
3042
2467
3916
5366
5983
3625
4921
6898
832
4121
3855
6193
434
5517
5154
5632
4458
4698
1215
6305
538
5893
5252
1466
4176
490
2531
5363
4865
6503
4919
3879
5909
1251
1120
1364
6897
4521
5655
6023
3673
371
3342
1757
6923
3876
60
1411
4454
2837
5769
2721
2904
5698
2805
5466
5304
5499
5923
1549
3883
2733
3519
6116
2836
6010
1742
5923
2418
2456
4935
3366
5518
583
5755
1803
5403
3918
1647
3045
3044
605
23
971
1107
3049
1044
1006
2695
4072
5913
5795
5399
5375
3955
4153
2378
4225
6061
4174
5250
238
630
4446
2517
410
1706
3633
2542
2280
215
2291
1756
392
3864
6872
4790
190
118
240
1253
66
1539
5593
2175
5150
1813
5450
2648
5655
4302
1460
3534
6739
2203
309
2329
6759
1701
3368
4705
3513
5108
3436
2365
3974
4206
2505
3918
5804
2896
5734
5986
4143
5455
1625
2239
1291
6092
4846
263
2834
5715
6597
6189
6217
4557
6451
5781
4354
894
3975
1609
6448
4167
5330
1957
2136
10
768
1662
3964
5995
3272
326
2801
3766
4155
1518
2210
1219
2909
3076
1826
3822
5557
6700
1349
2923
4751
5865
4576
4986
5498
609
5242
854
3550
4122
4117
1946
6366
550
4610
422
3925
6520
1458
839
4744
913
6245
2249
1204
1761
3194
1182
1232
3701
1987
4701
1554
6224
5069
4844
2718
3314
420
5441
286
339
5149
2680
6927
6741
1383
4654
850
6792
5856
2252
3254
6063
6663
4369
1327
5903
1414
5078
5876
1231
1885
4572
837
5795
2175
3497
6331
1786
4288
5601
5855
1730
6953
6256
1905
5119
6308
385
5864
3692
5287
3443
4572
4402
6385
3569
1417
95
4222
3538
1951
1967
377
4720
3546
3658
5753
6014
4912
1068
2569
3848
5995
735
3271
4474
3884
440
4726
3691
1079
1060
13
5591
5770
1032
3473
3483
12
6367
6013
5504
2621
2741
2677
4211
1624
6114
3665
6623
5637
947
1427
187
6820
1476
1499
6793
1939
2564
4735
2538
3114
2057
6268
5961
5385
2292
6881
5581
2475
4820
209
1013
2974
324
3863
2155
1646
5257
6388
2163
770
5004
4274
4957
3275
6014
2239
4282
5429
6392
4333
2586
180
5351
1341
4958
4759
5468
112
730
2341
5832
6349
2269
1401
4363
4434
2260
74
341
2237
2205
3492
3761
2039
1620
6489
5132
5334
1849
3430
1122
1713
6305
3081
5356
6423
3224
6321
3241
2223
6695
4160
2478
1330
2021
6686
6431
1130
4144
4837
1449
422
2563
5511
1121
1600
4099
1725
1662
4331
6028
1100
3040
6853
3903
888
433
3246
6017
2157
4429
2655
2599
5978
436
288
1993
6034
3357
6301
1168
6024
5085
2638
882
1731
4002
6319
3514
1225
3443
1328
2271
2759
3464
5196
6186
869
1908
5130
3547
2990
4455
6033
2397
3412
918
2282
4713
6434
5086
445
4318
537
6853
6813
5642
3462
6253
6167
5672
1168
1158
249
3318
6260
3131
4610
1050
5432
3768
6035
1012
4600
3734
3986
579
5428
1026
1595
2082
5266
2518
5260
2744
4972
4263
1110
6035
4788
5544
3750
4127
6669
781
2001
2560
5664
6471
3274
6409
4578
5452
1626
2837
4986
137
6049
3481
3988
5415
1011
5744
1036
1594
347
5013
1010
4598
1853
4762
812
1279
5711
1331
1311
2731
1034
3218
3904
5485
6547
5157
2068
4185
1329
1933
463
5773
2512
4659
802
1599
1146
2718
5799
4953
4027
6080
4030
3914
6760
4855
6319
4166
6901
1784
4221
4838
529
6332
3664
5903
5508
6385
2715
5875
3343
939
2803
2030
2366
558
261
2511
2519
1308
4543
3181
21
1358
1480
4503
6286
158
2886
5711
4188
1946
6850
5788
6558
447
1341
1658
2456
1027
958
3902
2263
6393
2096
5554
1478
3415
818
1907
2932
5647
2048
3762
5302
1570
3224
6763
2987
6143
1211
4258
1589
5874
106
4888
3377
1385
3967
5403
1425
4581
5790
6377
2946
544
6849
3833
4181
1
5944
6072
3333
5475
2992
4314
4682
5914
396
2007
2697
3141
6525
1584
6758
108
2862
5428
5628
6648
1533
3193
6870
3609
847
3420
829
4862
3691
3653
3959
6660
6863
6236
4959
6357
6092
3419
2571
4526
2864
3656
4082
2226
234
6346
3859
1578
1372
3904
2650
4308
2236
2277
3328
1251
6231
1555
6371
6907
407
4312
3111
4608
2076
6621
5127
5758
4277
5185
5050
2152
6797
6358
3612
4299
5738
6265
3391
5128
1727
5887
2188
3641
3378
1859
3593
3589
5764
5913
4744
4939
5509
5817
6189
3737
1577
2433
1418
5614
130
4851
2788
2030
6237
1096
631
1154
2805
4608
4835
2714
486
1642
4117
6908
3704
2996
47
4657
5868
3004
4772
679
4786
6655
3472
2113
6422
5423
6538
3037
6262
1004
124
6011
3155
5428
808
135
2338
1098
569
4655
166
1981
4443
4629
1347
66
3548
61
4085
1002
2439
6916
2719
5284
4314
1530
4456
54
6225
4371
2351
5475
6926
2990
5281
2366
6422
3749
5993
6655
1810
911
5490
6888
4433
5524
5452
3323
2753
3690
6939
5891
5652
2716
3378
5749
6712
3652
1788
5155
2608
6158
1507
4206
4814
5183
5373
2425
1910
1790
4899
2934
3648
3044
522
6043
3429
5362
416
6334
2575
3395
3892
5348
4111
2326
3635
3287
4395
4148
1446
4116
3092
2498
236
6520
6097
2380
581
1467
288
4920
2094
372
760
833
5693
5238
680
3756
843
3739
1143
3803
5223
612
6396
3480
254
5332
5029
6169
4873
222
803
5801
3495
3172
2013
5012
6575
5681
4230
3285
3465
6717
5829
5415
5331
4092
5546
1682
1684
634
881
1472
2994
4701
3907
2621
125
6341
3648
2013
5091
4089
862
3895
4493
3397
4812
3356
3435
6694
5318
5735
1708
3691
4673
2538
5747
4567
1812
4544
3301
1223
6690
3941
1404
2950
5540
5649
1724
6831
1420
6414
5699
3038
574
2938
714
3653
3572
1874
3625
1633
3176
62
2858
1182
3942
3386
2098
4587
1123
5914
3269
2055
3128
4214
453
4511
3560
3119
6123
738
5179
4344
616
4538
2104
3770
185
6929
2981
4944
2127
4835
3399
3631
3172
5336
5898
2286
2419
1253
2190
2229
372
6736
3235
2120
97
6112
5947
3271
96
501
6098
6766
1685
5561
5958
5885
1762
389
2660
4184
2620
4331
6704
3902
1174
1993
1762
5551
3037
2514
1280
3212
5221
2052
2499
43
2809
1119
4813
400
3157
6474
191
1169
2448
1314
5231
5626
871
5201
4916
1647
1189
3128
6865
554
5531
4411
4375
5662
5060
5921
6678
2701
4121
3615
3310
304
3619
6250
815
6593
5743
4809
5948
3877
2751
4910
6296
2841
3948
4239
4901
2220
3379
794
6201
3041
6327
4520
407
2024
652
2810
4995
5344
5276
6225
778
2522
5382
2134
106
1767
1999
61
6381
3322
3709
4018
998
4247
1845
487
1636
6003
5302
5291
2764
740
2716
2594
4405
5928
1590
5999
426
513
1059
1168
5829
4134
618
5543
6362
182
5489
1478
1226
4834
6314
6155
5976
198
1374
6716
1791
2058
3248
1866
3835
4727
1161
2343
1224
5458
6168
960
5503
2097
6125
1343
915
5197
5751
763
3127
5802
1213
1407
5968
6297
6435
6151
6394
219
3963
4312
2039
2683
617
3763
2614
550
1576
5164
3375
638
3010
9
947
5524
403
4605
6280
2094
1638
3982
6601
810
4394
4651
3713
3223
4103
6415
1291
3611
1645
555
2607
1411
526
6325
5370
3372
746
1596
765
3279
6518
2117
665
539
3469
3772
5600
808
2994
6543
6198
719
867
2792
3392
2492
4104
3309
1675
2496
4078
2513
2445
959
6220
422
93
393
1165
4443
204
6126
6729
4961
403
6438
6894
3618
4580
5800
1247
540
4173
40
1325
6350
5779
2197
1403
2643
3471
1924
3915
2618
438
864
3454
2827
1205
5492
6377
3675
4442
6696
931
3590
143
5412
4214
5846
4052
2720
2637
3278
6405
440
5999
6487
2858
1118
2679
3537
4518
3525
5167
4029
1506
3985
5957
6705
5702
1415
1233
373
6893
1987
5365
6701
4181
6115
2462
5237
1572
609
364
2891
826
5211
1743
5106
381
4148
2090
1415
934
4515
2555
1545
2480
6544
72
5607
2807
4845
6856
507
926
5747
2522
2192
3873
1097
990
2278
5358
2049
2882
6364
6938
2341
2812
1043
6021
1927
2867
5555
2985
2820
2116
5882
3421
388
5669
6248
476
3221
6187
5624
1268
2700
4760
1898
4149
2429
6911
711
653
2777
592
6404
4461
1363
2622
3359
6583
2657
4879
2657
1728
4405
2112
5378
1882
2887
116
3243
2592
4933
5292
3108
729
2183
2844
389
3238
5450
6358
1198
1443
3275
939
979
311
1383
5764
589
3271
6188
59
556
5102
3300
2312
1580
6827
133
3617
1884
4705
3502
3752
505
2811
6725
2762
3528
6639
6733
1575
4255
6656
3663
4916
2849
2839
1677
1637
3710
2242
2661
4977
1635
16
1478
5225
5462
2186
1466
364
3366
5487
4238
4623
3467
4663
732
4345
110
6703
1123
2557
2327
6869
1133
3542
5040
5547
172
5717
595
6853
1753
3502
3074
180
3643
33
4552
583
1064
3305
2470
3114
747
1699
787
3406
4139
3612
4087
1249
3092
4638
6923
1960
6800
6055
838
6414
3110
5794
2371
6704
4077
6787
5440
1076
5770
4337
6031
1894
3227
6604
6580
4995
5725
4110
4696
3774
6065
5282
5785
6470
2761
6459
6523
3378
3071
4053
5560
6072
2851
933
2345
1384
3963
2676
198
1010
4378
536
5851
2611
414
6339
5190
3727
6411
3263
5979
5092
3122
4156
1186
6395
2055
1694
3118
2056
2793
1792
3150
6440
6151
2891
4730
3381
6135
5276
4541
3534
4232
4115
4942
3885
5282
6850
6521
5629
4087
6179
5883
3132
2137
4323
2843
6765
3792
6955
2350
4373
5891
342
6846
1324
6401
1074
2619
4496
3498
6378
2021
1972
3857
6113
1928
2855
2791
2976
4878
6279
2970
2786
2824
1045
4228
3882
2857
1020
6551
3013
117
2787
2101
4231
3358
5095
3138
5119
2636
2430
4592
5427
4161
3824
5879
2889
6580
3167
3053
9
661
2841
4544
4733
1021
799
359
3405
5884
1291
595
3500
223
4831
1117
3083
471
5270
6004
5008
4786
4532
5445
3402
1990
1580
1636
5358
2615
4010
6383
1987
4670
3903
2495
5504
4579
3033
2079
85
2794
2066
5988
1573
6333
3830
5640
2270
81
5183
827
4671
2653
1058
5365
4994
6375
6758
833
2961
685
4132
299
3112
3019
5531
2704
6919
1739
1101
1736
139
3973
2239
705
1699
180
3425
820
2511
3943
824
1002
2188
6267
4116
6801
3849
5447
4023
1396
205
5113
1158
1321
5134
2675
5560
2715
2842
4952
5586
2305
3779
1195
2338
1941
944
5137
6103
1855
3448
3014
5975
4667
6165
46
5547
5714
4550
4742
1300
2719
4475
6837
1743
4547
2434
243
3883
3819
2551
5855
6574
2194
6601
6390
4537
1785
2934
306
3176
2330
2665
132
5595
3821
5105
3296
4309
5838
3105
1932
3507
2578
6615
2307
6279
4936
3738
1418
4527
441
1957
1300
749
6110
6760
4040
6299
1716
3974
4844
3262
5190
2574
3087
4465
5238
5030
36
6786
2464
6792
6786
6418
4437
721
3157
6672
2340
6844
5092
6515
4959
4502
2333
5851
1086
6239
2293
5290
2499
4368
0
1423
5568
6311
2337
4052
2601
4650
174
3887
5537
2473
654
3677
3589
2803
2090
84
558
3067
3127
6859
2332
4420
5618
4207
2027
6003
4072
2192
4810
750
2254
3694
1434
6211
346
55
380
114
1095
53
5312
4092
2120
2941
1172
1253
2179
1670
4549
3752
2626
6632
555
1938
6374
3652
4480
5679
3957
5003
20
790
4151
2486
2450
5887
5935
2635
6761
3601
869
1413
6049
2000
3607
1040
313
5265
690
470
4114
378
492
1098
5944
858
1230
852
5445
3449
1235
506
868
6086
4147
4244
5573
4022
6647
2986
6439
6155
5430
3574
3103
3452
2871
3616
5188
656
4742
6183
6022
5482
1419
1781
4368
5542
1721
4733
6155
996
2233
4369
4873
1321
272
5579
2840
353
2727
2121
1703
635
5660
6555
4903
5161
4920
4685
5666
1955
1430
1969
1115
729
3031
911
3034
3283
1417
5335
79
963
6899
1054
2583
4423
5372
3884
232
1065
528
1055
1605
6603
3799
2862
652
594
5562
438
6650
1441
1610
1091
3322
6442
5120
6922
4383
4606
3248
3111
817
356
660
3388
202
6821
6499
1623
1532
2933
2286
3462
910
3698
6621
6884
5524
1823
1679
6508
808
518
578
257
2252
3037
6579
1947
6806
6946
2954
1791
3190
2530
6148
2447
3069
2802
5261
3023
2404
6638
2586
4965
6285
5848
5634
4814
312
2635
3276
3862
4058
2078
2219
2163
6172
853
4377
4021
5867
1079
2890
1299
4696
5146
5419
417
2728
6070
2742
3800
1310
414
2779
4271
5390
1153
3616
3263
3908
6128
2427
2546
6116
3208
2111
4617
4081
1892
3470
6401
1195
6878
4780
5678
446
4753
711
3878
4066
123
1604
4666
2354
3105
3240
6901
53
4704
5089
4175
6933
493
2841
6405
452
6531
5890
5181
1089
3181
383
2965
2452
2234
4826
1049
1622
967
3528
3875
4061
1456
2919
1868
2069
1009
5846
6138
5433
706
611
1907
508
4229
965
4719
6280
1319
2312
6852
4131
4365
5897
601
919
825
6042
2016
1045
6319
212
814
787
3321
5980
2781
6249
4124
4864
1569
1890
1998
2372
2705
5780
4161
693
2111
5369
2594
1423
6381
411
4239
2064
3807
6623
2494
2497
1364
4211
5864
197
3172
1977
4607
3944
5152
4952
3613
3936
1129
3194
165
3047
3860
5648
4064
716
3135
6297
3048
1371
3372
73
2404
5621
6406
5293
6219
959
6581
1402
1480
756
2281
5450
6372
2154
4430
2336
1351
4171
932
3794
3701
4679
607
5920
4888
5298
2088
5555
3887
1661
6582
3785
6117
3199
1580
3523
2235
1097
5587
5467
5714
6915
5139
1720
1637
3875
1968
431
1495
5874
43
5723
1465
2132
505
3770
1116
6329
3506
6833
4475
5040
4336
3302
692
2788
5927
488
1572
1593
6934
4909
239
3472
3860
4318
2259
717
5029
3116
2676
6418
3714
2419
2686
6308
1721
2373
2137
4462
4528
419
4312
4732
1132
3554
1850
5993
1576
1987
88
4348
5351
6211
1790
2707
2066
1623
4174
4394
891
2363
4736
507
390
4051
4741
3349
1791
2437
2610
4737
4456
3122
1244
418
4334
2914
6340
5538
2378
3503
4975
1307
3552
4541
244
3079
145
2215
4540
2421
2604
4719
1144
4358
4124
1869
2484
3557
4467
6664
965
1160
1766
1527
3927
3813
5102
201
3126
1030
272
5308
442
6409
137
4677
619
3094
164
3003
1336
2938
4012
2896
3791
3976
3893
3522
4987
3755
6752
5079
5637
1031
3380
5526
1688
3412
4525
1829
946
379
1057
4421
5284
6354
5800
973
719
1950
4882
3937
6206
1864
140
3963
4379
6595
3050
5943
2858
718
3376
1712
3134
3829
1460
2930
2711
6630
278
498
6370
664
3506
3759
6027
5373
6059
2898
5003
2600
244
4498
4679
6741
2589
6716
673
2640
745
4083
871
6394
2836
1620
695
3246
590
276
1330
4952
1211
190
3088
5761
2056
502
780
5662
3945
496
3435
3454
6786
3146
5074
1399
5745
3737
3407
4348
978
4048
4107
1033
4073
4222
815
1143
1349
3238
3670
4238
1086
3666
141
426
5581
3473
4786
3099
5366
4737
2372
4789
541
6498
3138
2019
809
4696
5907
1425
3057
2440
1063
2411
6224
4486
693
4531
909
289
2458
2114
1263
6505
5191
5525
150
4215
2676
4159
323
5180
5841
2163
2190
410
3276
6770
976
2446
1040
5786
3630
1253
6721
6568
1768
6810
2678
1880
2409
2153
6
4922
6034
1374
207
3077
1999
3681
1496
3499
6229
2112
3846
6227
5059
34
985
569
2034
6621
4538
3574
1131
6361
2459
5883
3170
2060
1534
2848
1945
6850
2062
3535
3675
3805
1009
568
455
3375
1505
2218
6674
596
1459
4374
4958
4050
4141
5707
685
3238
541
3963
841
1929
5685
1932
4210
4450
4899
440
6459
4782
2309
5868
1625
4861
5453
747
6236
5793
5784
5235
1832
1257
3062
6533
3005
516
4117
2332
2510
2949
5445
6491
3077
6178
6535
2153
5903
2916
5818
4868
5114
3237
2575
3646
342
6895
180
6361
5880
2373
11
4816
4674
4276
4295
351
3053
513
3765
2328
5381
5800
5998
4886
4448
5018
800
3884
3066
3006
322
6203
5649
5541
2173
2289
720
2863
950
778
4385
6059
1214
3408
5943
4451
3171
3033
797
1520
4632
6865
4025
5393
1785
545
6803
3576
3329
4906
6275
5480
6513
1484
2613
1891
4288
5696
6687
3154
4693
6286
3718
1696
2808
4328
3339
2351
886
1303
285
2559
3817
6071
4509
2854
167
3880
1006
4645
2492
5949
6029
6266
4963
5213
4977
3761
1078
2609
893
6449
703
1176
476
5063
6124
5650
5713
5861
5853
4997
1415
4133
6717
1257
4663
1128
5031
4102
1180
5199
1372
5793
2252
2307
5479
246
4315
252
3207
3955
4714
1024
2293
1184
1380
1461
543
6064
4275
4732
1160
3699
4745
1367
1903
6385
598
2296
523
5553
2705
2351
1036
6820
6213
2787
6627
1453
6668
723
6618
3028
3001
1840
5566
3926
2551
3571
3529
6831
5842
4806
3370
88
4664
6904
4642
2427
4999
4217
4601
2401
2025
89
795
2864
6
3097
5357
6041
411
4428
71
594
4682
4149
2845
2101
557
445
3284
251
1796
5492
2265
6777
1469
326
554
5934
4227
698
3761
3833
3104
2755
4657
4627
5709
162
3532
2959
4668
1310
4910
5017
3515
4666
4677
1581
3550
2926
2537
3869
4684
5476
4114
6460
1440
1646
1821
126
2962
2647
6253
2427
5983
6825
3179
2100
2970
924
4491
3859
4790
1504
2360
2170
2049
3920
2693
3784
6564
1380
6667
1458
3569
5619
1412
2976
5754
6408
4067
4201
4639
6261
1956
170
879
720
1954
919
2763
5167
3388
3265
2967
4027
361
4127
3833
1447
2930
6215
5153
3395
5916
5969
4337
1055
5537
5334
4100
1151
6560
5175
6876
5986
66
2284
4939
5015
5335
882
422
4821
2950
1963
4859
4626
5201
893
3481
2651
3339
6959
5516
3424
2906
2179
771
3307
4989
1988
2228
75
3632
228
4210
4383
4466
769
1057
5014
2153
4682
4352
634
4592
1614
999
5503
4996
588
5410
5879
1606
4845
3681
3688
2372
176
3910
4087
2115
4431
5216
6691
5770
3187
1442
6152
3710
576
2782
4574
643
6703
4254
4171
846
3666
1289
2434
3908
1000
4395
5428
4593
5211
3355
425
334
2776
1436
1278
2527
5924
6735
6519
5055
57
3534
2654
5709
2471
3461
5635
2340
1329
642
4636
3675
15
1700
1203
3326
5348
6529
4917
4566
3996
895
3121
572
5059
5768
3827
1864
3254
4818
4440
245
6605
2555
6720
2074
4815
819
6299
6517
1705
4264
467
6728
4357
4331
6458
5002
3094
259
5831
3902
3222
844
435
341
3180
3046
3563
3982
5357
2544
4572
5736
4144
6640
2899
2938
5141
1498
262
5768
4836
3
6749
2809
4851
2006
4618
6769
5910
3340
3511
372
4564
3885
3066
3231
1130
5047
547
1163
2999
2775
2733
4473
4680
710
6437
6415
6168
4450
3586
6739
3149
6150
3754
4550
3944
5451
3356
656
805
1775
1915
6044
5244
3224
3348
2504
4131
133
6892
727
107
5608
4558
6018
5304
1120
5138
6046
1625
751
5917
1502
881
4763
5028
2368
1274
2400
855
2407
2770
5530
772
1840
6741
2323
4206
5747
874
255
6617
2511
1381
4847
6014
2646
2968
5171
4013
3370
1830
2901
2371
4891
5804
4545
4962
6584
1297
6101
5435
4619
2809
4373
637
4804
4881
2757
4561
3883
5275
514
4172
5558
746
6397
3300
336
5239
3582
3873
6451
1678
6468
80
4022
5104
1259
5286
1903
659
1968
6172
6165
1259
123
6055
1715
1755
2725
6549
4613
1966
4173
6872
3641
3975
4149
3946
2939
6463
2622
4917
6368
1263
6528
1568
5116
4268
1298
2664
4748
4215
2598
2815
6709
1411
1928
5987
6546
1949
1082
3796
2301
3953
6824
4116
5136
5027
2234
763
4249
3289
5512
3426
4595
3303
238
367
2887
2443
4978
2418
983
4406
2249
5054
203
1130
2388
5450
5090
5049
3516
5827
4731
6053
4301
1546
1475
3335
6865
1513
2317
5632
2434
4526
123
4262
4888
6725
3681
1193
3843
156
4204
5321
6163
3264
3831
5550
5112
261
3499
2259
845
333
2164
3054
2023
4140
3141
3651
5289
5721
2065
3179
6058
896
2496
564
5830
2025
1553
6223
4165
1455
325
869
1065
2579
5086
4414
249
3408
6598
1352
5485
3266
3231
264
5987
4074
6389
345
6163
1809
2530
6263
1810
2086
950
5131
4471
1577
2032
5799
6303
6602
1703
805
2878
3153
3939
2826
615
2673
2710
1793
4285
6619
6544
6916
1246
6296
3362
1035
5096
5965
4846
2414
664
216
2377
6743
2271
3366
5907
6142
2322
6623
525
4521
6820
5442
2293
6172
391
3691
1775
2054
2041
351
5814
475
6927
2047
4004
2867
3842
647
2752
3644
4997
3072
5148
3423
3968
4653
4065
6645
5536
124
5684
361
6860
2086
1101
1546
1294
3452
6171
1595
1759
3262
6788
26
2554
85
2974
644
3935
3044
5025
6305
6012
5741
4640
2404
949
1824
983
5783
4338
2899
2568
453
4660
4679
1059
246
2819
2404
1041
2544
1440
6619
3798
4505
6236
5611
6232
5185
435
716
6040
3239
4714
1012
619
1773
6754
203
2419
6006
6881
3492
2199
6269
4906
3663
541
4723
972
812
4738
3860
2173
854
4815
5427
219
484
5962
4708
5526
2707
1413
5790
6180
6194
2232
4109
996
137
5038
3590
6614
1055
2479
5739
6232
1441
2548
146
2989
4257
1335
6440
3555
5021
743
5342
5923
1626
1384
3590
1255
2342
787
6791
2528
1406
5126
5692
2447
5765
2894
6525
5858
6002
438
6694
5837
344
4839
2101
1941
6882
3986
1093
834
1258
156
5432
2906
2435
4732
602
6331
57
2841
6212
2709
2551
359
5540
3778
3189
235
2832
4549
1539
5949
6301
3513
5302
4742
3229
2857
825
3036
5930
6764
4700
6189
4673
75
746
1829
6855
6612
2151
4036
2772
2836
2402
763
237
3567
1748
95
5061
6272
2376
4002
4194
3438
1992
5178
1290
1113
6645
33
5577
2068
5239
6570
1693
2078
1975
1481
4953
6098
4326
3042
5892
6930
6359
997
5326
2276
1622
5722
5874
2603
1438
6266
4414
6270
5213
4382
6882
5881
4332
5560
260
6506
4148
1271
2868
3285
2945
1408
1643
4013
3450
829
3201
3301
6046
1498
2325
852
5048
161
6537
3086
1563
1248
4459
1708
5286
3301
4367
6006
1342
5694
736
4777
2731
4033
1214
1424
112
1496
3105
304
4053
4755
5127
2140
6900
2284
6269
3335
6089
6570
4559
5287
5489
2838
3013
3006
470
3641
2255
362
5767
5904
5457
5982
2797
2790
3076
934
6491
4330
2834
275
1912
3617
6056
5467
281
2948
5730
4927
3503
1566
674
2436
4566
6454
1628
6603
1976
6567
4852
1304
643
2469
2213
1994
1800
1970
5345
6232
6346
1358
6087
1331
6181
3714
4266
543
2506
6564
2887
5997
4479
888
6314
6956
2168
1882
5511
3113
6711
1914
4668
1074
5514
1436
3973
857
4559
608
4866
5042
151
1638
5722
2536
5351
5097
1959
5965
583
3444
5174
4439
3643
1662
6242
4296
5406
5047
1222
1634
1773
2956
1010
5635
3851
4794
4212
5670
4243
1306
3497
600
766
3292
5119
5744
3264
2981
3854
3572
3672
646
1072
4711
4996
902
68
3164
1608
4735
6610
2915
2477
169
6820
5192
1554
2890
1714
2147
6287
1290
4151
6954
3098
2139
5751
1925
3893
785
4796
2564
3316
1208
4315
4638
6130
2996
4671
880
3785
2742
2883
6839
301
941
1001
1758
509
946
1077
3065
6029
6611
3450
2280
6039
4717
1944
2041
3551
1853
4633
70
6207
1013
449
3353
4803
2379
3113
3745
1981
1679
6067
1023
3350
3416
2402
296
3292
6275
3919
2944
743
837
5222
2028
3630
2940
6007
2349
4353
1268
5232
4450
1708
4291
6260
1111
6597
5825
3195
826
3577
706
1380
1728
3379
2667
5656
1543
4043
3392
1738
4628
4999
5878
3082
5065
945
231
4279
4992
6383
4673
3689
2674
4309
5107
1276
2460
1108
456
1055
3049
4075
1017
3544
2874
3413
5561
706
5983
4736
6813
582
4679
1319
47
6394
4823
5951
5525
2226
5691
4220
3576
168
5936
4569
6312
754
178
5324
1656
2747
71
2843
764
4432
6032
6725
2581
2102
1493
2566
968
4606
2636
2503
29
2604
4688
6672
1135
4822
5538
6236
3174
6172
685
2593
6189
4169
2244
5700
4298
5422
1840
1752
1689
6592
5864
2043
1707
1160
77
3330
3176
4624
873
3042
1100
6760
5412
6369
6456
1354
2585
6657
6597
677
656
4086
4635
4790
5880
6338
2119
6041
1609
1886
3610
3925
1255
6935
3820
6102
1413
3585
2887
6333
3467
1107
468
5218
403
4784
5298
1809
5888
1736
5632
6642
6286
6795
918
2315
6103
4879
1922
1968
6672
993
1235
3210
4734
3832
6738
134
4102
2184
6767
3215
1301
3304
216
2763
6150
658
1504
1536
6370
984
461
365
1338
5610
4203
2927
3428
1435
1749
1170
5628
707
6500
4523
170
6325
6053
1165
1315
4690
5682
3313
6652
4018
2403
1900
6751
6602
5265
4576
15
6697
4442
1125
3014
993
5142
2711
1721
6327
612
6073
3983
3525
5053
6503
1973
4104
4575
3707
5686
4500
4764
1686
1617
712
3067
3588
2640
5661
1412
3516
5051
957
257
6691
5366
1592
1531
6550
4613
675
5782
983
3427
1463
2320
4042
3896
3010
5395
2049
4042
1498
3524
1979
5288
6925
230
3980
1440
2217
3840
5284
2155
6055
6113
4944
2986
5322
863
3397
6183
6095
2913
1962
6086
1850
5357
2794
4585
4252
5245
5925
3245
1074
528
4936
107
1017
3124
4590
3395
6065
48
2080
578
3963
5629
2320
2594
806
2406
1834
568
6059
6713
4923
3261
4507
56
5735
3732
1984
486
1523
1047
1600
3994
6131
2461
4488
1887
2684
5115
250
5664
6017
3236
481
278
3562
1958
2990
2100
1614
141
1880
463
3469
1434
4
1665
2102
5642
3761
6293
433
3741
2696
3435
1724
3394
6119
958
6571
5264
209
5522
3332
2250
4479
189
3607
1766
3772
6095
6232
4715
2824
1133
457
3784
3842
1159
5290
3659
6188
4177
3254
5406
3364
6556
423
4817
1206
3508
782
280
2988
5908
1717
6424
1765
6085
1826
5296
6617
4308
3168
5211
2562
3804
2288
6358
2788
5368
1127
4637
2766
5287
570
4736
129
4895
6341
3341
2652
4565
5199
456
4310
5411
5480
4443
3183
4147
5099
3520
2101
2227
3745
5922
4359
5548
2239
3732
222
2559
1084
2516
4310
3757
1881
2123
1053
1001
2791
3988
825
2862
4660
3700
2079
5313
4759
4422
3216
2746
4599
1711
4510
5980
1836
6567
4536
6248
4112
4720
1182
6455
5371
103
493
365
5404
3200
3466
2116
4331
4460
6628
1819
1956
5668
6925
2375
6912
6565
3068
6465
6844
3219
789
4448
1946
4765
5449
1714
892
4052
5097
3954
3832
4962
6118
5843
3251
2396
717
2489
2120
5311
114
2190
3525
6119
5406
5329
5288
1441
2125
3271
3840
615
497
4855
2571
2470
4563
2123
2422
697
1671
2190
2942
606
5529
5556
1850
1368
5252
185
184
5932
796
1433
1483
4356
2655
4069
3189
6342
2494
4700
5864
6617
4030
2627
2304
5921
6390
3027
4766
732
826
6557
6895
3860
5283
169
5029
2987
5202
6799
6086
315
1913
3463
3011
1854
2702
6714
2635
2132
4956
688
5778
1621
4249
5958
959
5604
1997
5243
5508
6832
4267
1160
2645
2828
1220
6366
5872
2523
6277
1366
4350
2468
2902
5362
955
3882
2609
4640
1904
6198
5422
2169
5524
3959
3812
6154
505
1847
2572
2083
6425
3531
4875
5798
6132
3708
5748
179
794
6842
3872
1218
5685
1808
2065
3069
4924
6430
6202
2745
6182
350
3775
4753
3761
1196
3182
3951
960
173
2427
618
4345
1434
4236
1361
1168
4890
5336
4925
5404
4856
2811
4752
5414
76
5375
5145
1300
6392
2405
4653
4304
1917
5328
6867
473
527
3310
626
6863
2269
3025
4691
5909
691
4457
6027
2602
2420
3888
1851
2907
6028
4990
117
1459
3929
2748
2465
6893
6736
1839
6135
1030
4181
1513
5477
1733
3402
6140
1500
3769
1015
6178
2726
3253
702
2370
1562
2452
2202
4577
6025
5397
2679
6316
2466
4016
1208
2141
4633
5608
2799
77
2189
1807
543
885
6830
5805
3047
2574
2949
915
75
1942
3135
1854
3011
4332
5928
6430
5661
2901
2742
5908
4303
5606
5668
5189
3377
4246
6538
4611
119
4315
1392
1181
2068
2156
1566
4769
640
4584
2084
4721
365
2059
6360
5679
5390
5147
1640
1878
4266
1461
3519
6433
5200
2713
849
6177
3660
2626
5502
3292
2411
5789
5110
1727
3919
3460
1577
2834
1219
2634
5084
2385
889
5109
6219
1465
4058
614
2040
619
2875
5902
4789
6008
6567
2236
4490
2721
1707
419
6666
834
2280
1280
1085
2470
491
3471
4029
5878
5734
6027
854
1502
5001
5653
3608
3224
3071
3470
4266
6309
6928
4714
2297
5156
4692
4980
673
6162
1870
98
1851
4777
136
1448
5896
3579
5295
1662
4128
671
4097
3424
5095
2279
2318
6792
3787
687
5057
6849
1207
3491
5909
573
5984
5875
4086
6195
2907
1591
2412
6635
6388
1604
1254
5478
6535
4097
841
2963
5969
4472
1160
4678
6646
1703
198
6792
3252
1008
4064
2105
5476
1241
3466
4819
355
6899
3887
5128
5839
6946
5375
5083
212
6252
4777
1108
1798
40
4322
2513
2681
2172
2448
5993
296
2628
1333
5742
1125
3143
4413
2809
3911
2386
375
6176
1117
272
1847
5251
1784
6521
1799
5393
1197
810
559
6661
2911
1711
1697
6733
2789
6079
3855
2211
208
6611
1252
6913
719
2172
6377
3912
3050
5008
1212
5120
1055
1019
1473
3365
3585
4226
5499
1170
4175
2080
4528
6153
6542
1608
265
644
2027
2363
2280
1478
3586
4571
3205
6320
2247
3091
4147
1965
4432
2683
2446
4410
4783
1704
3427
6380
3324
43
1108
4096
374
5067
6089
1845
3171
4924
6185
2575
4909
3143
2073
1989
2099
2349
1788
6530
3905
3197
504
1341
6367
1565
50
4583
6212
749
5164
2355
139
2998
4434
3519
1995
1603
6821
859
5383
3656
2817
6810
1712
2004
6480
2726
6496
199
621
3263
857
4908
6873
3357
1587
1670
5327
4943
4270
5544
2249
6153
5663
1839
5568
2191
2685
6894
317
5377
3326
801
4937
657
2651
5426
4172
611
180
3992
3658
5859
5477
378
2849
1740
6264
1070
6951
4463
6002
5332
6497
289
5612
5945
4132
2040
3269
813
3239
2348
2449
5085
360
4609
2139
329
5998
3278
5004
2081
1309
58
3403
3423
2057
4027
6746
6791
2331
1071
1317
1528
6047
4640
5016
1578
41
4938
4571
1330
4470
1404
3827
493
1779
2297
4743
6227
1751
2559
2300
3147
3679
2985
1242
5330
3106
3822
592
2822
3924
1477
2672
5783
2811
1562
3413
2770
1559
5291
3476
762
3445
3395
5144
6688
1438
745
898
2369
5948
2418
97
2721
5813
4397
5387
619
5773
5508
4726
5163
5232
6947
4645
5606
1291
5831
5421
6310
491
6226
6554
2955
729
5235
3826
5951
2948
708
48
916
1352
930
5902
5904
2586
6116
1912
5527
6699
2682
555
3614
4224
1300
1631
6147
1542
2110
35
1924
2271
5984
1220
5398
2728
675
5336
1898
3140
6292
4028
76
5658
5057
4177
1155
2453
775
2162
6464
5872
5914
1838
2800
4211
5349
3393
5534
4357
2929
4131
3508
4890
4531
4329
5738
5459
512
5348
4719
2069
2045
4236
2751
3693
2656
1723
4527
2274
176
2132
6033
6756
3838
1419
5418
1182
4023
727
2849
4827
3639
5159
4275
6734
3189
5247
1879
2000
779
4970
1143
3693
6226
192
2951
4204
4544
2067
5242
3515
3954
4599
2870
3804
3129
4335
829
848
894
6399
1221
2631
1054
4971
3985
5505
6377
1345
412
4686
6632
3638
3069
5490
1218
4091
1317
6656
2800
1857
391
773
6406
4448
2877
3433
3957
6818
5288
5259
5763
4184
5696
2384
1024
2913
230
1770
4631
6696
1357
6561
5436
4069
357
1241
5048
945
5753
2057
3293
2797
2371
4695
3078
4800
5023
6763
1842
2109
6151
361
5495
6897
3489
474
6626
4850
2248
1165
5266
5849
5058
357
129
162
2453
4342
6060
2246
3442
1868
1545
3282
4956
6124
2718
3085
5324
2696
132
6945
5096
2573
4796
6947
418
5268
3590
339
5162
3830
3361
4447
4192
5019
2483
689
2413
736
2927
1524
6803
6182
912
3451
5594
458
2207
1871
3344
3644
5883
870
5185
3262
4912
1332
6154
5813
384
232
33
671
5430
5623
145
4992
1919
5588
2580
4215
79
4393
2914
2626
3401
5416
1927
2253
4014
5438
4332
4441
2929
1128
4352
532
3200
6409
5194
1089
5288
4890
1783
5374
4397
4825
712
3898
3097
4764
6624
2152
2400
2782
1589
2159
4270
3213
3844
1185
1431
4363
6495
519
4166
3351
2714
1690
4983
6158
2173
1286
2447
6752
2682
964
4161
1275
5334
5974
5389
3476
3221
3714
1884
6660
676
4867
5810
3452
2171
2452
919
2388
5529
121
3139
6056
3545
5128
1568
6783
6044
3159
4095
564
5116
896
1813
522
4985
5039
4375
232
2057
2348
480
6486
6507
3784
5860
4689
5205
362
1233
3749
4523
6485
16
2053
1367
4622
3731
4033
2334
5498
4954
5580
4240
3076
5249
5293
4774
1326
233
169
5465
2400
4049
6055
4529
6766
99
1485
14
4884
2570
5533
2074
4681
4629
2027
4881
6293
2085
772
1399
1191
1871
4947
978
4448
2181
4582
2191
5664
4779
2118
120
4457
6281
3132
5306
4207
391
6098
376
2898
867
92
2368
4037
5164
120
5161
4258
5325
4662
1949
2667
1647
6756
1079
2636
4579
6174
3250
1547
1802
3299
3170
2003
892
6745
6191
427
2122
1228
1407
951
2126
3584
6328
3727
6002
4364
6365
392
3635
4112
6580
1472
1068
2765
2018
3064
1128
6489
126
5612
705
4354
1635
5456
6056
4090
1092
6027
4259
3628
2175
2481
1759
6410
6300
3199
199
3385
5575
106
1083
1563
1337
2960
4230
447
2403
4321
4512
3373
6278
4843
6532
62
6126
2701
4395
979
3670
1085
5450
5665
2447
9
800
3015
5271
5989
5887
5983
5067
369
4231
5351
5715
1113
1483
269
4648
3633
5394
2903
6739
1477
6146
3721
2348
3909
2908
4800
5166
5176
6355
3455
280
2284
703
5881
3989
2248
5465
1689
466
5727
5461
6200
3734
2210
1209
2552
3829
3910
5004
4195
443
2644
5643
6085
1304
4214
1942
5792
6746
4814
6423
4700
844
5127
2445
258
3279
4529
5148
1704
4839
2035
4424
1672
6832
2208
443
2107
3341
5781
4293
6057
6253
4234
1627
1071
3688
4296
1941
281
1664
4979
5600
6088
6522
4277
5493
5478
953
3204
1503
5856
5690
1584
1083
2888
6461
1214
5871
2573
191
481
4525
3154
1466
6653
1412
6511
5295
6201
6240
6240
5382
1217
2911
4718
1770
6671
6938
3480
5782
6060
3836
4020
5343
4989
5212
5573
1354
2141
4130
3529
4487
3440
3221
4295
4654
6343
360
5497
1671
451
3093
4610
3996
1240
973
4805
2304
3800
3013
3971
5895
2178
1057
3074
5742
6341
1861
5499
4691
130
2070
6747
1111
6710
3347
6907
1084
6112
879
5572
4076
605
3344
4429
1867
1659
2746
5657
237
967
172
5775
900
2234
6375
3520
5460
1807
5744
6486
2083
1633
1051
1904
2831
5530
1002
3556
3948
3946
2513
1008
4411
280
279
323
5852
323
5692
2433
6519
1683
206
50
6014
3776
2493
6889
4511
4597
6513
5703
1866
6920
6474
651
3502
6520
1309
6611
5097
2507
1596
5291
3398
3644
4589
6608
933
6750
3649
3397
2036
4954
3257
1083
3030
662
2008
2305
4232
723
6228
1344
1309
6554
4307
2808
382
5952
871
5985
4081
6387
4084
366
6854
1300
3391
5085
5568
3594
4096
66
459
5751
1360
2532
6081
3369
4141
6757
4691
3443
5068
2199
5959
5155
382
3334
1571
1480
489
3768
1341
6176
1749
6959
5601
6493
3417
5259
271
861
4243
663
6680
5852
2892
2731
84
6814
3284
4487
4959
5365
6683
799
4268
770
1223
4833
3706
4335
4022
5491
2192
1314
1263
4988
432
596
931
897
4717
3582
5329
227
6594
3539
6470
6431
1045
4571
5507
5522
1915
6345
51
1224
4347
1860
4582
3445
6069
3631
220
5275
2308
6381
4301
6213
4498
404
1353
5136
2127
1710
3366
4229
6633
3187
6198
601
4175
5703
5658
3048
5359
1750
996
2013
3718
5114
703
1132
3785
6619
2700
496
2257
5694
2299
2605
6687
6257
6754
6000
6623
806
2106
575
5797
3339
796
2266
4034
4099
4436
3670
1514
6215
3918
337
360
1709
6879
527
1399
1046
6495
3099
3790
4550
1477
3176
5379
5822
3738
1284
6083
1698
2585
1078
5297
6638
5100
5776
275
3441
5626
4040
2814
1889
3222
3797
3845
5082
6860
6652
1476
3010
6817
3635
3082
2207
1412
2789
4570
1854
6251
6622
6458
4113
6927
3081
1224
1501
4753
5787
1985
842
2806
2227
3839
2882
1835
517
6453
2792
4029
1139
2575
804
3071
5249
5647
3795
2597
1664
6157
6375
6508
5489
5129
2077
2237
5213
6038
961
6655
3610
3676
331
3077
5033
2342
6270
3990
5828
2904
3801
3771
537
2894
3037
4603
3855
3247
3810
4089
4121
4942
2649
5681
928
2455
2318
3425
6117
1702
546
1093
2240
2571
4556
1458
5720
5019
1685
4133
3331
2538
2587
3841
1408
3029
2158
4638
1032
1618
2152
4036
2881
5920
1889
6616
974
6322
1265
1117
5605
1335
5113
2988
530
5210
536
3167
6866
2090
3631
2478
5157
2008
1352
4773
1607
5040
856
6362
4686
5591
5200
4824
4045
6211
1103
6222
3765
5329
6491
6389
2983
748
6436
5760
1041
1243
1108
421
6025
2919
5449
5173
4887
5170
1024
1330
5980
5058
5331
1366
1742
0
3888
5672
2712
6158
593
2591
2334
4663
1537
1248
6494
4625
4292
4300
2095
6012
6172
711
1059
6269
5384
872
3715
5440
1923
5267
3401
3122
4532
1612
6779
6392
1375
3884
6119
5714
374
296
2953
2980
2282
1915
5623
4584
536
2784
5849
1174
4672
3522
3365
1410
5226
569
2782
4629
6482
1882
1152
3567
4252
3358
3054
4619
2490
637
642
6017
6559
3116
5501
3421
5857
1275
5692
63
6563
5791
1147
6436
3477
3694
3449
156
4547
5541
5044
3818
3317
1471
5237
6770
758
1994
178
4242
4403
5922
2608
6851
3975
5972
3005
4487
6118
1060
2088
1517
6025
5512
1202
5576
4056
2607
2647
629
3519
1127
4393
868
1993
411
1773
2352
2220
2952
660
2491
5095
2302
4059
4507
2471
1367
595
311
5967
4831
5452
5364
2650
2837
5347
3142
4953
5802
1877
2401
3146
994
3253
5174
2128
6561
2506
4130
4758
3019
6782
6666
509
3746
4235
5421
6025
3987
892
1971
4076
5684
6320
3906
5718
5618
31
4389
5084
144
4000
5295
3796
693
2154
274
6798
6529
6312
698
162
3653
6926
3831
4123
5612
5529
1982
6641
3005
5253
3186
1172
4308
877
3139
3634
2748
5362
1673
6730
4321
2845
4487
2373
2818
6938
6407
3414
3071
4120
41
1428
6726
5558
6300
6039
2330
1063
6133
6826
164
4083
1623
2784
1097
2316
1400
3858
1348
3116
1152
4143
3611
1866
6936
2213
1618
3653
4993
3065
6680
2574
4803
2429
6523
1801
4794
5830
3411
3484
6658
6003
6822
3764
5438
6297
511
4438
5850
2944
865
5587
4427
2113
1982
4314
6186
3184
5325
2037
3134
4331
3791
2349
451
2222
6271
5333
187
2888
5214
1058
793
5215
4543
6855
6396
1954
2167
2290
3613
4436
5699
861
1928
2167
3589
5722
3334
3317
4622
3175
190
1302
3145
6046
1505
1329
2867
3276
1372
1868
1792
1039
5751
604
1870
769
3430
624
4964
4297
2385
5775
6592
6270
1602
4682
1334
5732
5395
179
31
4780
3164
4669
4683
58
4400
172
4894
5240
412
2468
1692
2481
3991
2007
995
2759
2551
1602
1464
706
4324
5836
5447
5045
1674
4880
6766
6379
5153
5425
2337
1166
3797
3578
3721
4484
3338
6040
3190
3440
284
3178
5323
3586
693
6571
1101
4767
6401
6879
6763
2829
5986
1902
4311
2536
4715
1925
1816
6639
2485
5895
6400
1436
2340
397
119
1887
5059
1931
6732
2893
4140
4305
1855
6883
3811
259
1071
5382
5066
2718
4404
4136
5345
765
2632
1730
4228
1085
1254
3547
6681
1726
3905
2760
5606
5916
6438
357
4812
4641
3932
3636
4852
195
5475
3547
3438
967
3043
6614
428
3133
548
5906
6100
3255
4053
3615
2843
2964
1950
302
3300
6583
3528
3479
4432
1266
5804
4044
5263
5246
6341
1581
5639
6636
381
4137
6856
5665
3736
6100
460
3826
4368
1000
1549
3325
4443
2747
5218
324
3540
2703
4687
5472
1050
1387
5654
951
2645
6459
5524
2356
1750
4588
6304
4869
1748
5496
390
3148
1276
1216
1340
1225
5115
4618
6510
2557
2559
1300
6899
6465
1232
2681
4155
1910
1166
4747
3644
5459
716
2694
174
94
3539
3743
5117
6188
5976
66
930
5301
5686
1902
3170
4373
6670
5389
4485
3382
4468
4038
3936
1581
282
4268
5011
6273
5458
6711
4965
5962
3706
1790
5753
1717
267
390
5009
1579
1621
3077
866
6175
3695
3380
345
6266
5791
3300
6453
3092
3830
488
3962
1296
2778
3
537
3400
2314
5040
3839
4100
3960
4533
5291
157
3323
6813
4578
3779
818
298
2242
694
713
187
5071
1015
4807
5229
3984
4555
5724
1482
4753
1959
5972
3772
1429
5816
278
6697
898
532
3450
5177
4013
227
3993
189
3293
2747
2213
2800
3994
4478
4006
5460
868
276
6950
6811
3099
2833
3618
6739
6116
5746
5919
5147
1660
4372
6370
1032
6840
2150
4339
4546
1781
3574
5130
6662
1099
4911
1212
1876
5030
215
5594
102
4972
1335
2264
3572
3067
528
372
5340
1329
4737
5704
130
1800
2658
6077
4877
3606
2884
643
1225
5688
6254
6591
259
2777
6943
5988
5528
1583
3759
5158
6257
4463
462
4269
4993
4360
4884
5554
3988
3727
2242
1611
4166
6620
5120
4071
2486
3921
6824
6480
30
3560
6543
4970
3823
6065
2703
3211
1878
5483
5799
3205
788
570
4739
6458
430
2939
4739
4815
5803
1087
4455
4396
2872
327
4027
5320
5065
4069
5141
6740
1923
5269
3899
299
3725
2099
6325
5505
4628
4630
1171
4948
5632
6900
5788
2933
1152
6085
4412
6711
1534
6644
6918
2734
782
2041
2042
2953
1173
1895
6909
2383
5387
5306
4785
3370
905
5444
6804
3800
3267
1631
6767
781
3162
5752
5284
2301
3544
5638
2848
4883
1035
279
1170
3094
3228
4655
6456
1504
1390
2731
1764
3755
3826
1180
6161
2220
3190
3947
1911
6374
1295
2738
2403
3747
4536
6244
3542
2642
3117
4374
325
2031
3056
5048
3881
343
5384
4326
6209
4460
1704
2318
660
2501
647
5059
431
2066
433
6886
3324
1395
4328
786
4616
2566
85
6804
1930
5101
6418
1924
3139
1984
5383
2389
4050
2196
2739
1435
3382
3350
3557
6298
1869
6074
6298
1657
633
5969
2340
572
4313
6138
4040
5342
4121
4038
4778
4621
2445
1950
3607
3363
2269
4113
2169
4512
1242
684
1132
565
3990
3864
626
241
5774
4532
1127
1852
6558
3304
2263
1564
2409
6751
3538
5788
6342
6788
2715
1389
5502
3242
4955
4877
285
1432
3411
3920
1350
4307
336
1732
5326
1986
2499
1788
3948
3319
3110
6794
4465
5474
4064
250
2093
6453
3079
34
52
5368
133
6024
4136
4653
4132
1202
1865
3495
267
5994
5918
147
444
5317
6452
4740
2757
4098
3627
1532
98
3069
4942
3587
6451
2683
3872
3150
6823
3361
3557
6274
3442
1470
116
5645
6502
4771
1899
3293
2129
996
3913
1179
1332
567
5748
32
3529
4754
1038
3591
2530
504
1062
6208
5344
703
5594
6234
2955
512
3119
5291
5826
1218
1844
3212
4422
5817
6038
4842
5905
987
5688
992
1798
5493
1046
2702
2275
4211
5771
1804
6755
908
5990
602
1081
6185
120
6917
6516
916
6581
669
6874
6048
806
5830
2704
2009
2937
1949
4232
185
2031
4196
5083
5374
779
2646
730
5773
6693
5090
2554
1938
586
1953
3991
4764
3478
2644
6411
2645
4755
3153
3334
394
5773
4908
2207
1522
2245
548
1581
4787
1565
5649
1988
3439
2071
6851
91
6061
2428
3390
4165
2007
4367
2913
2727
317
1481
2651
4368
3041
2166
3562
4037
2725
6740
4629
6164
4870
1958
6013
6812
1542
2392
5747
5295
885
2688
3146
6464
3021
392
2570
4246
5290
59
3237
5511
1614
3469
4229
3671
6765
3599
5170
5679
228
5954
287
2483
3974
2304
42
949
177
1151
5241
3951
3373
2860
2600
3394
3719
5421
6930
658
77
4053
1149
4433
4601
2830
1592
6624
6602
6948
6459
4967
5239
4417
6893
5395
4600
2749
2174
5621
5102
4174
4915
1050
5043
1428
721
6099
6098
1308
6745
4026
2710
5086
4892
5570
5297
337
6092
6502
4906
5935
4965
6581
6831
2052
2857
5711
4856
3572
547
196
1360
110
2629
3356
1202
5707
3647
2922
5186
6251
541
1193
1262
6394
539
4919
3072
1677
5011
3629
2380
3582
5788
4418
1056
3962
1409
2121
1952
3350
553
4727
1893
74
3483
1497
5531
6902
590
1037
2531
431
1379
4218
1036
4799
4534
4577
3717
3588
3987
5285
1943
3250
6446
5442
4249
957
2874
2845
1528
622
49
553
3214
5469
2089
4911
2150
3350
4801
982
5709
1834
3863
2982
58
5614
5506
5490
6579
1475
6346
2897
2121
5001
4555
5287
4140
4728
4292
5404
2613
343
4799
1028
1705
4195
1552
1434
2841
2427
2510
6685
5107
3839
4409
1321
46
4939
6530
2628
3245
1009
859
4228
4415
6692
4752
5540
2128
483
5174
1400
5056
757
3308
2723
5582
3491
723
6167
918
619
2176
4440
2759
656
3128
2947
639
682
1078
3856
1615
1116
6891
1628
2134
1142
5908
1413
3467
4683
5832
3080
2152
968
6867
6026
3745
1296
6940
4652
5918
5230
1763
2109
6137
4284
4200
342
3486
5669
185
5353
5460
5126
1572
4106
6184
5934
4818
1562
5486
4827
4087
6310
4966
4633
3889
246
4494
378
327
6742
4075
1778
3096
2236
3459
6933
1628
6479
3046
3486
4564
926
5934
4533
3842
837
579
1082
1419
3545
1427
4226
3235
2396
1946
4519
6875
1077
2334
5337
428
437
367
5224
763
3062
4174
469
2650
2949
1096
853
696
4043
2160
4581
3346
1844
2387
2133
2545
6753
4517
5180
5576
2561
6406
3719
2881
4506
6510
5822
6021
2377
5747
5073
6450
3711
5639
3532
3481
2117
4072
5842
4134
1408
4018
1366
1332
631
2883
1465
3579
5985
1580
3280
3386
1863
424
962
2077
1367
5660
4509
2139
1392
723
1446
5337
6287
37
1500
375
4631
3165
3231
4018
6643
218
3608
82
6708
6627
4083
749
4205
4941
555
677
2722
1155
6182
6326
6166
3101
6889
6202
1357
2973
2784
4425
826
3306
3651
735
5877
4848
4495
2338
2156
1694
3946
3097
2651
124
2373
1331
6350
6223
224
1237
899
3147
4561
1385
6917
89
907
1266
4552
1830
3252
3152
4355
5728
1707
3533
964
820
526
4747
1198
6387
1692
2945
4020
1814
4899
1325
5888
2030
4831
3522
4644
3113
2023
701
4365
5871
5029
5553
1326
4487
6267
4091
3155
6869
838
2149
4566
2064
3798
6292
5525
3056
2168
2120
1087
1608
3437
4603
4054
148
589
6000
949
914
1719
6008
2720
2054
6723
3510
1480
4802
4838
6548
1957
2361
3804
4181
6245
2902
751
5595
4433
4215
293
6482
1576
1622
6247
2909
5073
2285
4929
1547
137
3919
2197
5013
1569
2805
5084
999
642
2988
3016
243
1488
6384
2542
3776
3480
6217
841
6251
5088
2903
2663
3847
5492
34
233
3760
4436
1922
4124
2294
4105
2545
3739
6237
3789
4993
2670
5671
4569
1733
5940
23
3513
6262
4221
6935
5181
2230
5012
4751
4778
1196
163
722
5687
4595
251
2974
4164
2032
30
456
4014
3954
3959
2902
2026
4173
3820
5963
1483
3080
5474
1140
898
4135
4665
2769
3529
1517
374
532
6868
6704
3579
4676
5816
1904
3195
935
4674
2717
3136
6035
3993
4480
6752
5607
4854
1070
3270
159
6281
159
6406
2593
4318
4356
6255
306
4131
2342
502
1498
1514
5484
6740
2861
3202
2698
3958
4762
6919
6613
534
3625
2275
1608
6327
1089
6314
189
4645
4516
265
904
2071
4776
6803
6709
2509
4890
4070
5008
3703
1734
1527
2472
4159
6500
6899
1290
932
5630
934
2983
4834
5674
44
5898
2013
2019
2917
3917
4385
5953
3360
5448
564
2042
2271
3873
650
4517
1838
1499
2395
5545
6490
6151
1737
2475
1667
2304
2444
6713
3485
5237
6961
6874
4647
5205
5622
4438
1723
5476
6925
4704
4043
6247
259
2895
401
4626
5112
6877
5323
2107
201
5014
3482
2588
3012
5577
4601
3123
2674
6716
3791
6316
4287
6402
1270
1068
5314
6586
1904
4974
6586
6277
2618
6860
5119
277
4329
697
6009
2662
6758
6724
644
1896
5047
2605
6190
4012
6599
1576
5464
4775
4241
5843
418
1738
1578
3053
6423
6959
3341
1346
4793
372
1653
1076
1676
553
4383
5458
4261
68
6389
985
285
6840
2760
5000
2835
2064
339
4423
5984
5236
4802
6337
295
3167
5269
1303
6084
5180
843
4168
5488
6236
1770
4930
3385
4035
750
2030
6783
4049
3769
5894
3177
1183
1862
5112
3219
3277
4101
2143
1099
414
1287
5317
6321
3521
1550
1671
6114
6249
1131
3853
3931
5054
4824
5866
4631
5483
4564
2570
1580
3054
4924
6527
6811
1927
2161
3852
5559
4314
2643
1385
4066
2837
954
3339
924
6535
3547
1141
6880
1669
5811
5078
228
1048
183
4872
384
2127
214
6098
908
4530
1455
4128
269
3464
1187
3950
5813
2645
5005
5379
2634
6303
2019
559
3923
2204
5363
4453
3294
5005
4974
6092
4410
6113
196
2390
1734
1366
6448
5659
2703
4865
3593
6883
1287
6942
106
4523
2842
5477
5061
2955
2591
5053
3313
4981
843
1228
4462
144
4474
831
6958
4323
4897
3262
340
4106
3227
2799
6287
4712
1864
1039
5800
6269
942
6848
2857
1395
2590
5172
4363
6568
4474
6405
2943
327
1738
4424
5296
3307
2354
2197
1536
5445
4415
2882
988
6722
5384
1529
5244
1644
5492
1121
1707
1858
1813
3260
1505
5806
4735
2249
4380
6131
3159
5113
3320
1617
3936
1815
2781
1758
6362
2484
6087
5924
3261
2561
1898
2179
2151
5005
4171
1269
4839
4780
3510
757
2736
6070
3382
3546
4229
3938
424
2967
3528
4485
4572
3318
3292
4844
1136
1519
255
4384
3875
5359
3947
4666
3163
2513
2046
4191
5706
6047
5932
2450
1305
3150
1359
5847
1286
4765
3280
153
5276
6677
2117
2477
4895
1247
2755
6433
3121
5044
3667
4243
4935
515
4722
506
6084
3891
4612
4263
4527
5516
669
5416
573
875
2756
5853
2432
2227
6531
1629
5227
2069
4926
6890
502
4462
2344
6927
3430
996
6807
6054
3709
6433
1471
257
2632
269
1270
6629
6351
3955
2630
3128
2506
6244
3348
663
1897
3549
5811
6441
2982
5769
1565
5916
5161
2957
4774
4475
4935
293
3474
5777
5545
1184
2888
3672
3792
2848
3055
3471
4688
3262
880
5152
6825
2687
3033
6899
3018
4199
335
2416
6100
2488
6396
945
4951
3915
1699
5476
5096
3858
2375
992
6231
1198
1089
5813
2404
3252
2586
6871
449
2417
853
3986
6606
3225
33
6782
2726
254
998
6430
4873
6137
2945
3136
1742
6755
5335
5869
1241
2037
2265
4901
5499
5536
3793
6060
2623
5002
2960
4982
3729
6323
3244
4703
1482
1150
1012
3536
5954
4871
4439
4769
3034
4784
6620
5864
5144
1747
4620
4322
2624
5157
2803
2735
5871
5236
2629
6291
2162
4192
1252
5983
2859
2012
3527
1838
4874
1617
2208
142
364
589
2837
5010
5959
6942
2503
2981
4187
2901
3879
2172
153
4535
3758
4011
3584
3512
5213
2759
5560
4241
1536
5608
6746
3318
6191
2923
4260
51
838
1674
4071
4043
6371
6249
2169
4930
5935
1661
6703
2756
1590
4526
6829
5559
3688
4863
1906
119
3466
1482
6638
3014
65
6219
4795
5560
1198
3945
809
4619
483
3168
332
3483
702
2306
4977
426
775
4775
6754
3380
3446
2116
1888
2361
1281
2738
2248
945
3791
3806
6412
4145
4816
2137
6943
6324
6633
3880
2906
5845
751
4413
1846
5439
4862
4316
1290
3099
5674
4718
2636
6208
443
1481
6956
6795
4802
1703
1338
1829
5978
4588
3401
1914
3099
6940
2725
1439
1310
1375
1998
6386
3048
3538
3595
5443
3384
3952
5312
865
2505
797
4880
420
646
4510
517
5905
5106
3442
6906
1107
1779
2256
3596
2657
1749
2252
2442
4927
5246
4673
5375
5850
2842
5299
4832
3168
3041
4631
3982
2490
4940
1325
5439
1622
1613
5621
24
2209
6488
6146
2666
1027
6488
5912
5970
4375
5557
1883
4597
6153
3679
6007
3942
1587
3666
6196
2407
4061
5840
2293
5274
940
612
3425
5436
5480
4261
4717
6179
4196
2771
6582
6792
250
2031
5195
1035
1014
1070
1994
4068
6353
1524
2220
941
3204
1634
3408
2793
5774
561
3146
2399
784
1899
4904
186
6889
683
3078
6857
1214
4442
3108
2198
163
1485
1642
2700
3733
5675
1746
4883
1239
2918
3094
3233
2135
6862
3068
3418
371
5980
2691
1414
2228
1387
6885
1635
3659
379
3302
3095
4296
2775
806
3559
3443
2790
6382
4067
3941
6277
6571
4333
707
3717
855
1116
3300
2692
5349
5463
926
6786
3514
6961
3071
4082
2798
4593
3025
6774
1259
3387
4364
396
557
588
1004
6744
5831
300
4853
6658
2759
5523
2730
1972
3457
4170
4451
4710
6946
6713
6636
2735
1490
6813
4685
1272
4733
2479
5438
5011
6582
524
1047
1376
567
3750
1514
3778
1876
6961
1377
4680
3737
3239
5467
5868
3698
5681
1873
1215
3196
1917
68
3189
344
6088
6656
3451
5097
5402
6267
5461
2035
5659
6790
2142
3663
3096
5258
596
5209
651
2518
6390
6663
5248
3440
4072
6864
1444
5025
1224
2178
810
2281
596
6780
4247
3627
2717
1729
2985
1664
6753
6897
5259
1610
29
3098
5677
2601
4710
3097
4408
160
2150
4316
5752
64
5328
597
2975
2823
2183
6315
4964
5634
2488
2550
4107
346
6885
1895
4656
1434
6130
4230
3665
6517
4222
3587
4232
6059
2309
1997
1820
1651
4684
4963
3227
921
3320
2790
443
3228
522
5998
5835
3086
1461
4805
3729
4170
5223
3017
4601
4351
1613
6303
6628
1598
2931
3193
2169
4093
5734
5248
5520
6297
2175
6431
5937
2048
118
6954
4992
6265
4186
3984
2480
1920
1048
3940
1501
5607
77
1238
5821
52
3447
4856
473
4954
1227
2848
6115
5812
621
2373
4743
1990
5397
5497
4135
3997
6478
1304
6121
3680
3415
2223
2437
5441
3930
1096
5495
2711
6957
1020
5438
2702
6082
6576
5669
3919
3795
5058
3241
6897
458
6192
675
5088
3434
1354
1188
2113
3764
5919
2945
5646
5194
1913
2843
2895
1183
6528
1506
6425
2569
3638
570
3727
3215
2714
1502
1552
5008
3776
2300
6355
1091
1457
4753
2471
1431
4397
132
1090
652
1887
1168
58
5435
6639
2749
4158
4833
1740
3711
2122
3109
5730
5787
5936
1686
262
4837
776
6096
6176
1155
6933
93
1044
1948
4201
5203
5268
2578
6784
2493
1584
608
1703
6498
5015
3948
6216
5281
2524
2600
2968
1602
315
4727
4344
684
5180
6567
5794
6120
268
5680
3577
309
5914
3550
3552
551
3704
607
3019
6752
1403
936
5987
6318
6521
606
1176
3255
6407
3754
6225
4352
1094
5602
1240
3458
1538
2031
5126
4259
4993
2567
2409
5387
2162
1918
5966
4103
3327
5177
4943
5569
3712
1664
1805
5245
1509
92
6319
3782
35
3319
5908
441
1018
1381
5467
4240
6378
4432
4319
1136
4462
1571
3052
6508
3937
3207
3383
2918
1522
337
4325
3910
76
4299
5585
4589
601
1588
3230
1065
5516
2709
1067
6415
2898
3270
3930
5528
2302
2860
752
5904
2749
1392
912
3371
4235
1644
2248
3112
3675
2792
6625
3126
2954
4976
2105
4484
5140
912
6557
2244
1384
2869
4035
1648
2087
543
3899
1966
50
6335
6160
210
1635
3756
1875
772
4069
3198
5795
1686
4572
2408
5574
679
5330
1709
3777
3142
4268
5775
5915
518
1057
4485
4354
1199
3035
3843
2977
381
2587
4170
6543
5866
3995
3028
428
6281
3421
5912
2423
4599
2869
1754
296
1911
3754
2274
4197
3303
3767
6214
4041
1439
5854
489
409
3794
2401
5109
172
2076
4759
6423
5872
3289
5541
656
6154
241
1618
3763
2381
1178
1244
3417
2209
2442
388
119
6368
5755
6588
62
6224
4748
5135
5381
2804
4590
952
1975
2602
5921
1197
5636
1548
433
5169
332
5333
4590
931
1860
684
1372
5451
5308
2903
1235
2208
1789
5983
2436
2672
4104
3179
3951
3363
3544
3890
337
4081
200
762
2992
5776
3324
1562
5434
6960
1213
4060
3739
3548
1509
2686
6005
5204
3647
2135
21
3783
2028
6505
465
5511
3061
5677
3817
4126
1000
1633
2006
6139
6442
2712
963
870
5712
5022
236
4632
3556
3075
3096
4542
2610
3114
3432
3385
5138
4376
3722
4435
4260
1585
3020
5575
4376
2787
6867
6675
3882
1313
3519
4817
2351
5926
6299
6414
3161
1363
6251
1251
6187
6355
3031
2514
2880
4772
2744
4272
6117
5915
3852
5698
2075
377
4919
3705
5014
57
2906
5574
5255
4642
5425
2250
6181
240
2104
4440
4098
2793
2776
6665
1006
2195
3902
4567
4105
6719
1699
4366
6750
1328
5733
2348
6952
1087
3067
2072
6757
1479
2
1719
1839
5290
1974
4924
265
1587
3277
1
4311
5952
5671
3176
1995
6888
2754
1425
6454
2732
400
5522
6702
3523
183
1108
2394
2706
779
6556
5081
2438
6903
4205
4384
1146
57
1888
2852
4359
6693
5310
1331
2627
1336
5550
315
6650
1835
4031
1945
1284
4059
6416
5831
4341
3170
1639
3420
6712
4540
4059
1974
4423
3469
1158
6435
3820
5927
1183
6382
5164
3030
4689
2343
5860
383
6510
5567
443
1271
1444
4854
2757
3090
3611
1971
4782
6196
3522
1603
4985
5315
3827
4921
5757
6439
5863
494
4622
5611
5044
3481
1778
2230
1924
5558
4936
6185
1140
6343
1358
6361
1317
2133
3490
1322
4250
2087
5756
5033
268
1069
2737
2660
1802
4155
6643
1591
1171
3406
5386
1379
6430
1036
1371
2919
4858
6469
243
2618
3331
2295
5695
599
1609
4861
1395
240
1623
3580
4996
5590
2781
5961
5372
3682
4767
6551
4098
1344
299
3074
6220
151
4214
1093
6148
3376
5778
5782
5707
301
4346
4876
6761
784
1935
2123
5608
4472
6730
2025
3491
6406
6290
2052
3634
1246
3273
5956
1877
1751
4534
5826
6754
171
6373
2924
934
4236
2064
1070
2546
5635
6218
3893
1253
2116
888
467
807
3642
2500
2692
2957
4300
1925
2418
5680
5113
2383
4017
4433
3526
4064
3382
2175
1295
251
6100
4070
1465
4237
6903
3557
6285
111
2225
2513
1219
6402
6446
3816
2073
4651
4718
6812
4143
4966
386
47
2299
1305
2960
1594
578
2414
4940
6051
441
505
6759
832
4797
3128
3033
4129
4877
4990
4894
3130
2336
4535
165
2886
4252
1397
4927
2694
3915
410
847
2706
1483
1664
2143
93
3958
3396
5889
3731
6139
1441
4843
942
1349
1483
748
843
5329
1906
6041
1358
1000
157
1073
3511
1398
6654
4748
1570
3052
631
796
3863
289
6439
3121
2072
2613
6631
4290
6789
4505
4609
6261
2337
627
284
4172
6006
2589
2491
2269
4610
6455
5953
4177
1854
5647
5069
4168
6257
6423
3235
5861
3626
3584
4278
4019
2393
4407
1460
1311
5058
4097
5405
2182
5514
3498
5414
5520
3196
877
6021
3815
2380
1613
2743
357
2129
3194
947
5749
1331
5474
4175
6120
4864
1543
223
2869
5689
6802
4998
3230
4874
6249
2316
4850
429
4030
6655
2409
2559
5259
6926
4384
6633
5629
6952
4230
1966
144
2273
4226
470
5513
1225
1090
4475
5503
4420
4496
2894
6419
5634
3954
4481
2280
4803
617
3097
3771
1271
3360
5534
1379
508
6818
2422
3225
4318
3001
3602
2010
2888
6935
2825
5714
4764
1465
3131
2979
4139
5156
1185
4320
5799
5313
3729
2147
2326
2262
5083
6518
3230
4103
4636
4444
874
2830
6347
6445
6462
3349
6096
382
652
5892
4361
2838
2151
4387
3845
3971
1909
3392
204
1702
6527
2799
4746
5872
4650
349
1543
6288
5785
3735
4960
4538
4091
1144
2071
3719
4177
4406
4221
5042
4037
3562
4093
4808
5554
2077
1007
4340
2099
951
6717
5266
1022
2926
2118
6713
3793
5486
3398
4660
5444
3726
4554
2435
5382
3962
1749
340
909
1356
3019
4157
4816
4519
3944
2817
5845
5480
3184
6643
5683
1940
2287
3280
3497
5179
3244
6688
1199
526
5905
6722
5517
4855
2479
89
99
2597
4803
64
5502
4299
6028
4094
5811
4918
3423
1168
1554
2899
5782
236
53
285
2952
2370
3458
3199
3111
2926
5469
1906
4275
5826
4557
4739
2285
741
6099
251
6890
1430
3912
841
506
1231
5675
6093
1318
3239
1747
4568
2513
1384
5073
3485
6126
6749
4301
1573
2132
4932
1261
2643
1972
6911
4905
5088
5027
5424
2762
1419
1649
2404
2995
5497
4837
6247
6398
4540
5490
2752
2783
3248
2789
5209
6583
6709
3696
4840
5781
5537
3831
4655
4312
4068
4324
5375
5099
5373
1141
1486
5978
6080
1757
1003
45
5634
3949
2170
6443
3243
1529
2063
6656
2499
2445
120
6447
1753
1070
1427
1278
2973
1741
3768
2131
3048
1554
304
2520
2735
3448
3604
5813
356
3243
2440
3299
1759
1724
5115
1298
6323
6699
4581
282
3163
5141
4042
6209
4048
5089
6524
350
6075
3745
2957
1496
1795
1217
4236
333
900
251
6428
2971
4035
3749
4410
6245
1085
3946
2122
4835
5702
61
1038
6938
2479
6650
2491
822
5634
5338
2046
3150
4987
943
3234
5378
4455
6297
3687
3981
2749
6881
677
2864
4372
3123
3722
4983
5901
6495
5683
1488
4220
6678
1870
5728
901
2800
2939
4909
3445
517
1666
3086
2742
6258
5401
294
5422
6274
4100
6065
3952
6620
2603
4006
5397
4709
2015
2346
3777
206
2905
1235
3391
3281
2971
234
3160
5090
3021
3022
3195
4472
5533
3060
2460
3689
2632
651
4774
4845
505
4970
6310
3362
6637
2418
520
1268
1006
5538
911
916
773
784
2859
5272
1202
5609
633
6137
5641
858
6712
2609
1689
2667
1383
1610
3639
3650
3310
699
1702
3579
4339
3785
5006
2179
1276
794
2148
1280
3852
6108
812
4240
4152
5304
3453
5917
4872
3663
1731
792
2954
6637
6615
5468
3961
5144
5651
6932
2664
3135
3073
3706
6829
5876
484
3658
4499
3713
5665
5662
2445
6008
6927
1074
5501
6412
4948
6225
6314
6571
3506
498
5911
4429
585
990
2069
4950
601
565
4208
6097
805
4890
2682
1488
5343
689
3581
1523
4398
1512
4899
5893
606
148
1876
3203
6900
2304
2073
4714
558
950
3408
1713
5523
6600
2287
6254
321
6830
1198
5131
1538
6490
654
2417
6821
3864
830
5798
4542
6859
2617
2579
3501
2733
5352
5111
6428
1541
4492
2470
2644
5501
5565
5774
6631
6855
2184
510
2704
605
1031
5436
2354
1796
5754
4884
5722
3705
1987
6526
5525
1811
2490
3405
4746
928
460
1806
883
1130
3327
49
4501
5570
4123
813
482
4920
4178
6804
2686
6037
4265
1717
5801
668
4590
2687
5939
472
129
3599
5691
2243
2668
5534
2873
3782
6082
1467
3138
4884
6584
4335
6129
2593
6865
2179
6777
4255
6809
3732
1637
6316
5688
399
43
3396
520
4180
2852
3977
2272
2609
4162
4585
301
6385
2667
6708
815
5149
3632
4453
585
688
1268
3278
4738
4616
2983
6853
2482
6479
1517
3937
3949
3346
4136
268
196
2978
4326
5414
5248
689
6341
1921
3686
5613
5436
6485
2828
4739
3577
5011
6667
6020
2991
1834
4219
1746
1311
4682
5546
1189
4260
2850
3549
4458
743
5052
1614
4390
3978
142
6258
6516
5987
2365
425
4642
6156
6244
2551
1693
4204
771
2401
5553
4262
5859
193
3232
5758
4770
5445
1012
6052
5694
3808
3304
6947
2932
3724
3898
3934
582
6174
4015
2893
2868
4273
6928
3510
3548
5975
6806
15
339
4907
4596
3640
4181
1357
1660
3123
369
4999
3284
5158
3623
2724
3666
4385
4592
5313
3074
314
2771
3156
3622
1828
263
4731
628
6386
3717
2977
310
5907
5313
5828
3482
4955
5838
3993
881
3478
94
6617
6392
3939
4494
3984
3073
2228
1830
2681
5153
6389
2688
5080
3959
107
3435
657
5765
3735
4950
93
3583
4990
3481
824
1238
623
2218
6441
3808
4184
2399
5891
6701
5501
3430
765
1015
5584
2391
3620
691
4465
2708
5761
1911
5321
5085
124
4012
2145
3000
3042
3636
751
662
1072
4467
368
5057
5064
1824
4342
1302
4694
3283
3246
3318
1712
5652
6708
1914
628
6717
3916
877
5519
3062
1312
4427
4144
5901
6132
2323
1586
4139
3173
3312
6747
61
2769
6729
4611
1574
1115
2679
2567
636
2219
6579
1517
1816
6616
1746
941
4867
3855
1370
2459
3753
6423
5114
3892
3734
4995
1935
1572
503
2236
1186
2373
5636
86
4428
1510
6031
3316
1298
5538
4303
6482
1058
1191
5522
5272
1718
4567
3442
2729
2081
5929
2549
4508
1705
4169
3605
1947
777
1210
610
6514
1879
4295
4089
3980
1769
6078
5698
320
5939
477
453
1065
1686
1261
3740
3807
5391
1727
1462
4017
4212
6536
5026
1737
6693
1366
4006
3105
1965
2464
4
465
6750
6582
5570
3283
3677
3793
2846
1905
1245
6268
6526
1931
4461
4686
4846
3779
5300
2900
279
3341
4372
2198
6566
379
473
5187
655
3155
6195
1442
135
599
6586
3365
2363
6342
299
4690
4755
3621
4176
1227
804
6081
4162
6936
3427
2188
4692
2333
5828
1775
3578
402
4473
4457
3336
6910
5218
4610
2310
4039
4139
4236
3272
6511
3475
4227
6704
6549
4227
3453
2824
5474
5230
4818
6901
3232
6642
2425
6332
5136
3790
2051
1392
331
6794
5424
1240
4519
6755
3888
5187
261
5779
5790
2259
5654
121
5841
993
3410
6167
50
5588
6143
5272
6243
2765
5706
793
494
6830
1757
1186
501
4703
1740
3269
2109
1214
6530
2599
2846
1576
1646
5300
4966
2315
1475
6368
2826
452
4306
4887
6745
2139
4927
986
1188
3406
4538
2537
3637
120
5893
3690
123
3552
6509
179
694
127
1716
5771
4324
4980
4915
6486
806
3622
6606
5487
5040
5694
2581
1217
877
6277
2868
6355
3258
7
1716
1072
2523
1104
2126
2114
4879
1515
6019
4184
3660
3799
6693
2081
1849
1474
4973
3020
6894
850
4182
6014
2400
4526
2031
2577
6669
1230
5593
5437
1195
5250
862
5887
6337
3185
3307
680
5543
981
953
5108
4039
6698
279
3328
3658
6235
6454
362
6007
3407
4751
585
1109
1905
3508
6472
3102
2555
5311
3253
5414
4420
2461
5545
6218
152
3990
1123
6806
6213
4933
4902
2897
1095
4110
5674
1544
6553
2920
2852
4704
2970
5685
1369
6049
2020
993
5265
2039
1489
3321
5199
2443
4878
1353
2658
4325
1385
1905
2514
940
3226
5089
3151
4765
3817
700
3626
2176
3228
3955
3270
2729
4903
3085
5605
4894
1003
4724
487
5221
4697
1533
6307
5197
5870
5317
291
511
1569
2278
2307
491
1583
3058
4536
2020
5014
740
4325
3184
4710
1776
4984
3451
6424
3040
3756
6871
1678
5200
6136
2779
6178
5221
553
158
2665
5554
3581
3857
1951
1914
5950
245
897
5710
6595
304
4094
2341
4900
3111
6420
5427
6812
1026
2204
4490
1696
5065
1279
4910
27
3181
6260
5923
5448
6466
2965
2181
4166
5979
5343
3060
1038
71
1107
666
907
1160
5217
1208
229
4240
4188
3704
2475
2798
1040
3398
4874
733
4661
6422
5148
3580
4362
6161
2702
1850
4468
5555
5166
4640
2195
6018
252
519
2405
783
3507
1949
1474
5177
1168
6896
5604
3543
5880
5424
1075
6270
4858
3383
6896
2706
2772
5958
887
3382
2690
2687
3700
6731
46
1088
6468
5925
231
4963
5339
465
5562
6490
4314
2185
832
2748
463
2437
6820
1065
564
3756
3265
6539
6644
6302
6123
4957
5288
6099
567
788
6278
2251
989
4664
2328
6597
4210
1676
4550
1821
450
2861
5507
6573
5883
5062
3425
6672
6484
3126
5547
1561
4226
5381
6911
4151
2752
5159
202
2446
2648
1933
5981
719
6852
1689
194
1596
5060
3290
725
651
1203
6464
4653
2463
4135
1740
2417
4339
311
2590
6811
3412
5437
1091
1942
6118
5227
514
3898
1656
2630
201
2042
5413
1916
2872
1035
3445
5916
6421
751
1054
6681
2625
2545
5913
5290
6531
5831
6468
5045
3983
3272
1446
1062
2167
1830
1675
5302
5182
588
6279
3078
1897
5413
5035
719
1683
1192
3453
4470
6309
6753
6778
2766
1223
3015
4023
317
4705
6259
4278
4470
1493
4285
5767
2592
1384
4899
6431
4045
3670
3403
398
2951
1571
5640
1672
2054
5699
3217
654
3521
5226
527
222
6769
5634
3780
6674
4125
6377
4907
6021
4969
2943
6714
3744
357
3058
5853
2664
5573
2288
1535
3512
3053
6175
4874
2576
2975
3633
5972
6059
6340
3674
271
5660
3664
3129
6640
4113
1763
6815
407
3290
2449
3608
864
3605
3009
1381
3028
4164
3976
5066
2546
3024
6675
2173
2180
1736
5602
5111
5442
2515
2250
1259
557
4362
5981
1317
2588
6928
1197
4565
2860
32
6259
6220
1125
3313
3364
5274
6837
5715
6950
5546
2990
6147
2120
6866
5935
847
1781
629
3831
2331
4544
3359
3680
6698
6196
65
4041
55
6652
3194
1444
2598
1804
3378
3990
6140
4856
1097
731
3745
6721
300
6652
26
5609
1856
4141
5200
5417
6116
5838
1629
503
3513
4516
5931
6491
6068
5166
4984
1951
369
4759
2576
3395
5400
6398
3698
221
2183
4059
434
628
910
200
3563
5077
2397
772
768
426
5760
5964
5965
2185
5053
201
6561
1104
211
2224
5252
932
6727
1623
3548
3381
1094
927
5177
4381
5761
3583
2583
1243
3819
1776
5273
5209
4314
4108
4513
66
6799
392
5252
6778
836
3691
2272
6451
4232
1594
4030
2451
5195
4715
1556
2003
1881
3000
1239
866
5837
2765
6279
3794
4781
3474
4747
4845
163
1102
4358
3646
1397
3188
413
5361
6306
270
5300
2125
4113
6301
6433
2839
3686
2560
1848
945
2084
6084
3933
1797
6164
529
3495
3332
3418
964
4621
3958
1555
4045
309
1515
2947
955
5791
605
2204
3712
2306
3958
1648
4150
5803
5667
3469
409
1148
6896
5933
4093
6802
905
2795
5325
760
4895
2301
2914
85
4390
5515
4485
5549
4478
3551
3823
6950
4813
6756
6110
2821
527
5366
1080
224
4132
3363
5303
3278
6642
2866
4036
6581
3337
9
2140
5148
5414
5486
827
900
5315
6023
2477
1054
5103
5843
4967
2771
1509
3740
1009
5551
2234
2269
3197
1230
6721
1587
970
3353
6366
4861
4361
2859
2296
2096
5893
2646
926
1395
4730
6666
5786
214
5181
2572
2626
1887
5933
9
2621
5845
3130
3604
1073
6138
1040
4281
1615
6872
6237
6569
755
3828
2776
4968
6810
4261
137
1167
5861
2648
2321
1048
4156
6661
3240
6918
2535
2190
5022
2744
2805
3944
823
3163
1843
3558
4782
2798
31
6531
3991
4513
5573
80
6408
6625
1681
3389
6779
5760
6598
6655
6086
6304
2978
701
291
5707
5500
1659
1114
4491
4983
1137
3942
4682
4025
4133
3143
1051
2679
5202
1888
280
3308
4771
2192
5451
3812
3209
467
4749
935
5023
6524
1080
4388
1422
5109
4234
4168
79
4315
604
4078
1417
5467
2972
4031
6930
3771
5024
6363
6447
4662
1737
5264
687
134
6084
4335
1795
5901
2609
3711
1288
1617
5777
1382
4601
4288
2034
5004
2460
3385
2422
2055
2362
332
4528
1585
805
6638
3045
347
2908
3209
251
1703
4033
3455
4138
2850
3355
1081
5155
4283
2218
3594
2235
5374
3811
6487
1376
5404
5224
5517
5773
0
3376
5385
5694
6773
5216
5049
3529
6055
5253
6554
5601
6307
6885
4333
3588
1320
5854
368
6959
97
2010
3746
6921
3569
4633
2916
1196
2773
4227
636
2889
3634
6383
5622
3588
4018
6287
563
674
6201
1013
2137
4525
2675
3192
4967
5971
330
3678
1371
1802
999
4099
4857
3493
363
2017
6707
2627
2526
1220
3743
6177
6328
6494
1818
2008
6840
2347
6371
3621
5123
1711
3208
14
5506
2938
4824
5043
5709
6197
2048
1754
4151
4079
5471
6512
6217
6275
6276
642
696
4976
5449
4588
5198
4779
3378
3730
3932
0
3129
3329
1116
6200
2892
5392
2393
6948
4051
6657
3228
3839
3789
4427
5099
1853
1147
954
6053
1935
3625
795
5161
4401
2940
4023
3524
2471
931
6948
3984
6692
5328
4395
5636
3974
6126
6883
514
4819
1416
4333
780
3540
2360
226
140
1998
4127
5482
2016
5188
4339
5532
2925
5434
255
951
6239
306
6391
3989
1849
3442
6156
3788
4257
1016
6336
4233
2098
292
2255
3083
640
502
1010
6388
4463
2028
2278
1714
5993
498
2313
3632
5561
1872
5122
6011
4047
707
5148
1766
3925
5186
276
1056
1821
3995
3953
3638
907
627
5091
6055
4246
2424
5553
3995
3425
978
1913
5811
316
222
3138
6333
2119
5316
5495
2711
6481
678
955
1449
205
5379
3797
1557
6070
2921
4544
1960
591
3930
1927
1559
1263
754
346
3644
398
221
5879
2287
1645
1510
1067
6232
3210
893
4462
6145
4343
1338
6299
2869
6868
3600
6504
3521
444
4700
2658
5927
5998
5521
784
6144
1999
318
4359
4192
3879
6477
6094
4715
4764
2189
2762
2584
6790
6169
3604
687
1057
6714
3114
3530
2903
388
283
6605
4207
6357
5009
3947
4918
2353
6316
4090
3771
258
782
6537
1329
3237
3643
5822
3073
4632
5544
5447
5240
5464
4320
5785
274
355
2937
6348
2606
3972
5496
2789
4185
3377
4933
4037
6548
130
5802
2707
1796
5617
4313
4363
1026
4041
3622
2771
5121
2579
1826
5399
5616
73
5001
5795
6182
1668
5156
2799
5857
4747
3776
6663
1568
2296
5333
658
6819
6203
83
5641
5327
2658
2418
3147
519
1718
3516
3922
2866
3649
5757
195
2218
131
2987
6796
1557
5220
6529
1986
4116
398
2955
4192
628
3721
3216
4182
161
4521
1732
6451
5966
381
5321
966
3922
5087
1433
2347
54
6934
5669
2689
1927
5022
5118
1138
4322
1176
1226
5250
2113
1702
5906
3267
4546
5734
4810
3095
1457
2073
2885
422
5939
2356
1669
4948
4598
4066
1186
3485
2376
6849
2158
5378
3838
2601
3835
3066
1461
2963
1114
5250
5146
4743
4486
2758
5443
2981
4473
5946
5936
4775
5809
2112
5774
4885
6532
1337
5827
2630
1859
1963
1887
5507
4907
5640
5575
6929
789
6147
469
3703
6657
6697
4373
892
4657
4195
4183
808
6931
6255
731
175
2823
1946
5790
1179
6883
4062
2668
140
5549
6900
3226
6417
5721
6728
1630
3981
530
4333
5548
4664
2931
1249
3744
1875
5474
2149
678
5733
4769
2172
5910
1486
1169
4565
2962
982
5900
1192
5124
3513
5151
2180
1534
293
1133
117
5844
5373
4868
2769
3786
6851
5184
5405
6398
5814
5519
6432
2941
1971
2440
2693
4269
314
3362
6875
4070
6171
6312
1344
919
130
5592
126
6001
2975
1944
284
3238
2785
329
6467
1382
4200
4349
1930
2914
3016
2802
3799
6944
4048
6817
3683
5518
2187
3824
3090
2149
3557
3198
4012
1567
6239
3367
5293
5614
1632
6392
3399
343
2638
4127
266
6809
5308
4482
6687
4488
2893
1930
1592
5981
4797
1774
3178
4179
1803
4913
3234
1495
2774
1969
4778
922
3171
3206
4506
2754
5622
6746
2813
5982
1377
3169
5890
2492
6089
5362
1691
6263
1449
5942
1519
5766
6007
2987
5548
5169
4637
2714
4190
84
1522
4547
3688
1282
2975
6608
304
1758
2955
4364
6146
2327
549
6350
4321
3313
6253
3358
1972
1244
5335
5431
3110
648
3473
89
6045
3142
504
4670
3678
4461
805
1533
4898
1608
2318
2686
4776
2966
6001
2125
6530
6105
659
722
3452
3754
2613
5370
6700
3256
3183
95
5430
6168
1408
746
6098
6197
3296
3082
6198
5078
5562
2762
5641
2670
418
1578
1000
3717
4195
6831
3652
2494
5403
1118
5956
4120
4832
3886
4495
4900
1599
6289
3666
5542
6718
4262
2075
4781
5582
4866
972
4119
4130
6041
3308
1768
392
3203
268
5756
4993
1237
452
3606
6536
5821
4315
2610
1007
1129
5012
6509
2310
3268
5769
521
2538
1280
4820
5929
4377
1491
839
6458
2351
3064
5731
4457
923
6024
3954
3107
6397
1985
3995
5202
4422
4794
6034
5142
3706
5578
125
2618
1183
1390
2697
6800
5550
4114
6879
6828
6709
4508
5092
385
5975
3192
6616
4079
1910
3504
780
4863
2988
633
6454
1289
4695
1925
896
4881
6670
1761
4123
3416
4232
5412
4008
6360
6150
2313
2448
6002
1913
2591
1272
1280
373
643
3127
2473
6926
1566
2553
1278
4250
5449
5540
1248
2683
3949
6357
4701
4253
742
6839
2756
563
2741
32
846
2258
3145
4335
941
1669
465
4734
6547
6411
3279
1732
2276
136
813
2185
3352
4563
1053
6940
6631
4379
4301
5400
4471
3320
5277
649
4077
6157
3918
6394
5549
1672
4598
872
4769
6457
5409
504
4295
1541
3422
876
2140
1919
3731
3145
1846
2337
2685
3433
3802
5501
3911
6643
4798
2688
337
6858
6540
6741
915
3190
1340
4663
5700
4888
290
6747
4521
6088
3291
6273
2781
4590
2467
1751
2665
6773
4846
1017
6952
1084
2592
2053
5514
4727
5897
3661
6503
4327
3800
852
481
1668
1677
60
2196
5506
6436
6025
1902
3236
1988
6381
3502
1107
6490
3793
4745
5956
5176
2741
3429
5782
2355
685
5193
1208
2154
1072
2742
2405
453
323
6943
4662
2008
875
497
5397
5692
3870
1050
1872
5536
241
1484
4244
3056
4495
1844
903
4251
4921
2836
4164
1161
4625
6443
2855
3185
4558
312
1746
4651
4057
3592
3580
3687
3701
68
1124
2495
6070
4109
4895
2979
4793
6905
5344
1377
6624
2216
2736
1450
1526
791
2281
965
1203
1956
2098
6596
2226
579
4751
5013
4996
1583
2977
5462
636
3994
2736
6766
2478
5536
6163
426
2262
6648
61
6380
483
6227
1914
2337
3599
1721
4591
2216
463
2544
3287
3166
4550
6937
1205
919
2390
725
2508
5976
3916
5425
5720
3134
6026
1524
6062
2224
5655
1659
1640
4952
5317
4572
4194
6361
4767
6541
4238
6930
5757
6555
491
3942
5753
6417
2921
1894
5274
683
5658
6353
1710
2656
6682
5401
4696
2221
6878
1297
4247
5896
2510
327
5159
3218
6957
3364
5108
2382
6096
554
2027
1159
665
1631
1512
2589
5919
836
38
1131
720
1159
5031
1959
2405
1530
2510
3012
909
3998
5620
2907
6057
6340
217
2465
1739
1842
347
5675
4726
2957
734
1126
265
4723
2473
1314
1858
844
582
5525
5479
6242
1751
1043
1787
163
6856
6193
3099
6519
5274
5520
2287
5959
4710
5616
3166
5459
827
5776
3079
1101
5208
4950
6683
1145
1895
4134
1135
4426
6740
4805
33
5271
4478
4325
5153
4049
70
1926
4854
5400
738
5209
6156
1805
4072
3140
6237
6899
3373
1229
1865
5676
3397
5542
1803
3912
1784
3367
737
1740
4882
6864
1340
1451
1424
3692
826
78
2666
3022
6566
1833
3690
3934
4480
861
5096
431
1144
1399
1381
6265
6499
5226
681
3032
2990
5776
1034
1242
6571
3023
1620
3366
6626
3177
5325
3833
973
3488
5659
1511
6858
6210
6252
2371
674
703
5429
4060
1707
3783
6425
3534
5723
4063
4334
4061
1104
3094
1745
3610
3158
4011
6253
5875
1096
6155
4154
4429
6497
5376
2982
5260
1786
4695
1042
562
4867
332
5178
6325
1238
4322
2329
5
4339
4067
2799
1443
6354
5664
886
5532
5306
5144
4508
4545
462
4280
3774
6645
2494
3196
6658
454
574
5930
842
4033
2879
494
4313
4388
5667
4594
5530
2945
6611
6709
2583
3515
193
5906
3831
5301
2663
4204
4459
4499
5193
183
5655
3158
5460
5621
71
5230
4093
5527
1184
3101
1268
1594
4324
6793
2002
302
1075
4428
732
4744
5968
351
2536
5667
5213
5043
2371
128
6559
3120
6880
1232
405
885
3446
4039
219
5724
4007
5022
6474
289
5916
1807
5585
4002
5322
4811
5970
2549
6621
1423
2752
6256
4250
4222
6595
2766
641
489
6845
6262
3258
3884
5760
3652
158
2669
2368
1105
2893
1114
6688
6201
1172
4101
3353
678
967
2883
3944
3427
2170
4808
4938
1476
506
6296
4103
3690
6941
1817
639
4969
4483
2742
6485
2845
4882
1944
3978
2656
186
1125
6179
1162
6655
3113
969
788
2630
1878
3703
4128
1707
3826
5247
238
6047
6241
2932
5567
950
5385
1216
4773
3141
934
5116
4310
574
94
579
4490
4372
981
4355
3657
6117
5761
5071
4843
4411
401
3632
101
5469
980
1339
613
3657
4600
3252
2087
54
4553
6141
828
5437
6133
6873
1497
2824
5845
2818
2991
3902
748
2086
6004
647
4971
4702
6436
6517
1543
3794
707
6782
1873
745
4947
4701
1217
5647
731
562
5870
652
1704
4994
104
6194
4221
4791
4989
3078
5477
378
2917
2741
1582
3981
3624
4539
6934
1841
4317
181
6674
6069
544
2206
5787
5892
4661
6257
4212
1352
4250
5712
4866
4296
3022
712
4707
2043
2479
1663
151
2794
6928
78
4537
1507
5836
3656
2298
4907
6829
2312
5789
4281
4117
5028
4716
6483
4769
2737
3201
3731
1078
2358
2437
5700
927
1989
1776
2438
867
2306
493
2091
2723
3418
4538
6736
5455
6398
714
594
300
6353
548
3913
5214
3017
1959
5809
6801
6722
6412
308
2784
471
6218
6837
3037
5218
2279
4963
1716
5729
4093
2750
2708
6021
3244
5518
1196
2177
646
4685
6041
4342
811
4975
4176
808
2710
3953
1139
3993
440
3324
4523
6146
4529
1784
6225
4429
1147
4559
72
52
4490
775
1474
6235
1570
6575
5196
2730
4157
1934
6735
3644
3645
272
5831
2304
3667
277
1487
2517
2230
3782
3636
6664
1097
5832
1478
1299
1393
4110
6176
4795
3678
6125
6576
3462
5925
4637
2627
6537
6324
5825
2051
1807
2514
1938
2224
3928
6330
4617
4611
3134
4661
2298
5298
182
4138
6855
6681
5202
3726
2256
1863
1909
290
2602
4397
1263
4248
181
4770
2896
6270
2871
3814
1696
4960
5233
5173
3125
559
1337
2418
1814
1157
1277
6019
117
338
3108
3867
6521
1043
4032
2159
1138
135
4264
2802
5073
5472
2775
2754
2264
4470
2785
4508
6872
4439
59
5913
4066
6104
5974
2080
5105
2227
2907
316
3032
906
1225
6565
3832
5577
4869
3533
6553
5317
3518
561
351
6418
2283
1311
2235
1117
1753
4643
201
4116
4797
3577
2641
469
6822
4784
4284
1960
3599
1736
4324
5034
4051
4893
6257
162
3634
6217
6890
2833
6043
1012
79
6234
3282
4812
507
1145
889
3920
5906
4853
5176
1553
6576
4574
4401
3456
2543
855
1346
6563
1420
1296
6448
3180
4975
3179
2070
827
4842
6620
964
4434
6524
2183
1848
6937
6843
4106
6293
2927
1444
2302
1628
1571
6142
6198
3017
3375
6240
1826
6636
1734
5038
3417
5266
87
6158
5968
6805
6192
6877
3887
5335
428
6823
3994
3857
1392
6570
1872
228
5526
2450
1238
343
749
1841
851
3591
6846
6835
4991
2529
1523
5404
2923
2539
4191
1266
2520
3263
6533
3861
2692
5089
5442
2340
4965
6835
4763
211
1292
6168
1448
2520
4178
5353
90
2958
2278
2199
63
6677
917
1744
4665
973
3321
6238
6746
4427
1666
5835
2929
4549
5131
3849
3013
6492
3497
6037
3938
5140
2084
1013
2522
6320
6504
3606
6348
1250
543
2187
1271
2156
5733
4997
1915
6952
5926
2641
3405
3558
4926
991
6491
5270
4218
5763
425
4115
1544
1480
3936
1487
4263
1705
2148
1922
1514
5568
4309
6959
49
5253
1446
5915
6580
5938
6350
4902
3437
5494
989
6498
2157
3834
765
2995
2410
6903
113
2814
150
4914
638
2627
3359
2570
6931
6659
4350
6828
5056
6675
331
813
6366
1015
2077
2827
1246
1338
2729
5850
1925
4231
5527
6435
4275
5867
4585
5717
1111
5941
1231
5221
2951
1457
404
5440
1128
3943
4146
5463
4070
1159
4222
3771
4487
2377
5111
915
3062
838
539
5539
4612
6140
4657
6256
4055
2079
3148
3446
340
601
1777
5686
5207
3511
226
4188
2119
3059
4216
573
5160
1360
1403
4707
391
4927
4633
3803
3553
6196
1763
3356
2851
6664
3347
869
2118
5182
5772
2483
5157
4955
5056
5421
1427
4712
6918
6598
387
1804
1724
5966
2884
3870
3806
5428
6290
3172
1364
4218
5320
736
5136
1567
1999
2444
909
2539
907
5371
1329
4725
860
1568
5258
4343
318
2430
3406
2778
452
3137
5848
6123
5514
5892
2953
6469
6844
1024
2104
1754
6576
5104
5737
4285
5216
4771
5697
1527
2694
3657
5719
402
1145
5889
2890
4062
3198
6250
5942
1334
3163
5023
6432
466
4802
5251
1870
3613
1228
3152
5154
4698
4775
4541
3426
1463
6229
4609
1949
777
1883
1952
1246
3340
988
5007
1624
1837
1315
808
6864
4036
2168
1950
1036
5886
1275
3722
4544
2795
4320
5737
5410
2359
4790
1831
2043
6362
4123
3531
1976
1630
532
2135
263
122
4444
4141
4931
6275
6476
3358
2189
2224
5963
1589
6717
4522
6937
2432
448
3489
2978
128
2100
1375
666
5420
486
270
1961
2748
4529
4315
2643
1814
4862
2893
5535
607
873
4736
1765
5461
2032
160
1563
6450
6642
2720
6697
5173
4591
3002
6303
3209
5182
6804
1808
6376
3301
3715
781
5408
1284
1635
568
2686
417
1323
5158
4018
305
3413
2526
2491
176
2826
6481
644
4391
3767
1450
1080
3764
3979
1747
38
1830
2363
168
4218
4397
5085
6305
1486
4563
6845
6276
5813
4477
2285
3508
3451
4252
3962
3645
4961
4947
2361
6812
4230
6038
581
560
5792
6457
3313
2137
2850
5702
367
1859
3695
6387
2432
5552
3532
3108
1385
4827
5371
5899
6926
5511
5238
5172
555
2302
3393
5405
4501
3564
1741
3790
1180
6822
5263
618
2117
6209
6683
1414
4605
3414
4089
1224
5142
5789
2932
5100
3561
2103
202
745
5323
1390
1885
5576
497
1592
3011
681
42
2649
4917
6452
6829
3321
6134
5702
5846
860
2206
4580
1443
5762
6215
3655
245
4777
5740
6590
849
1428
943
4659
2463
3807
452
4191
3901
2712
5265
6001
1161
634
1625
445
5944
1843
4849
2594
1051
2281
2899
4168
5207
3114
2675
6414
6393
5756
6607
2184
2726
3771
5945
6707
1924
544
734
5370
2727
5489
6168
3604
2766
5362
1963
3243
5001
3106
5904
1055
6577
1795
3186
2726
3050
1779
5852
1977
5978
5320
6015
1997
6445
3109
6218
5912
4477
835
4189
228
2531
663
4558
2263
6954
2629
1559
4346
6029
515
4643
6860
3419
1027
3402
5064
6080
2885
3986
4562
5304
5392
5364
4893
131
922
6004
3011
2018
5384
684
6192
86
5565
5708
6416
5680
2105
6101
2883
6773
18
3460
2722
1426
2374
5463
5864
5633
2641
4667
5418
2690
5972
2395
5687
6724
6432
1692
743
6769
5710
4114
2357
6409
3507
1131
5380
40
4989
4015
3073
5054
3682
3312
5273
1820
588
1072
2229
1293
5997
255
1212
2912
4256
3237
1916
6764
97
247
6360
5951
2504
901
3870
4744
2292
5213
3487
1083
4176
4546
5537
5705
6094
5263
735
1258
845
5823
5851
3517
3086
3061
5438
791
4808
3595
3761
4516
100
4752
6090
5708
5932
4749
460
4334
5805
1827
3098
6293
3843
4546
6741
4537
3468
4145
1506
4894
3915
2209
5812
3857
4634
6631
6393
6027
3277
4440
6807
5444
793
4932
5463
5520
3288
894
6901
4236
5971
2956
4066
6954
60
5758
2278
5191
6108
6774
317
5625
1328
5588
6174
4400
5090
2722
4185
166
5354
2851
6259
3491
4156
1781
5764
745
3427
4867
2402
6449
504
4612
773
4374
167
2494
1845
3566
2940
566
3929
4936
6405
3401
5489
6005
4883
4817
2773
1125
5166
2130
281
3379
1100
6510
521
4445
5445
1600
5127
5906
5312
6816
5137
5264
29
1532
1515
3581
8
4932
6692
1805
888
6816
635
3114
989
3229
1599
474
3068
302
234
3024
6802
284
779
6883
614
5225
781
4067
6242
5049
433
6477
1221
5615
5552
5237
435
1315
2691
2563
6827
4267
2265
5174
1434
2249
6700
970
1605
6535
6366
1374
173
247
2845
1269
2283
725
5816
857
1149
6941
5352
1782
999
6559
977
4960
6060
5675
6656
2985
6115
6421
1360
4399
463
4971
649
5285
2923
2797
4774
899
4418
5234
2207
581
2346
3884
2642
162
2814
5833
3189
4967
3238
529
2522
5254
6774
10
6347
3569
3277
2746
5828
4641
5281
2011
5575
6101
1615
301
3286
457
3948
3774
4496
1312
1915
4608
6869
2244
4436
3785
161
4163
6866
6066
2929
6407
5827
671
6420
4291
4490
2955
1004
6496
2441
6008
3716
4724
3070
4578
4567
654
1912
1043
3445
921
5291
3209
6162
5160
5949
4905
6665
3089
6724
2531
3192
2326
2411
6417
385
4008
3315
5231
4396
2794
6809
943
2684
2031
2211
1812
1638
5302
2577
5504
4435
2047
4768
4441
925
2231
1042
6835
6609
4343
4417
3340
4946
6804
2191
367
3816
1985
4244
6785
6752
99
1218
5521
6263
4613
3874
1555
2223
3646
5062
5738
6261
1991
3347
5608
1579
6901
5647
550
1317
6726
4345
4591
3704
5487
3925
6414
5942
5199
5817
1333
44
5604
4498
6056
6374
5787
5015
1748
5546
4329
6087
1143
4727
2096
4237
6928
6141
3633
6261
380
2890
429
3294
5732
6738
6109
5949
1353
3437
3645
2476
192
1039
2190
2374
727
3816
5847
1467
4987
6383
5346
2147
6929
4330
4179
2491
6018
5537
1677
4928
3777
4321
12
4041
5751
571
5570
1377
5631
6512
367
413
4454
2387
1958
3026
5924
1636
5758
3765
2582
6741
1910
2303
6235
4944
5598
643
3004
5592
4452
5525
1594
1888
5319
6554
1112
4586
2489
2284
3901
4530
3002
5579
865
5111
1945
1859
3034
811
1751
16
6274
1335
1737
5219
73
756
1102
6442
6177
4897
5717
1277
1156
6956
4327
6678
3323
1011
5279
4525
2476
6840
573
111
6829
858
4668
2982
3562
3299
1094
3242
1256
2933
6135
2345
5908
2624
454
2670
5614
4654
6001
6846
4498
4522
6113
531
6651
5904
4186
4328
3182
1158
1789
2737
6182
3911
3253
6414
2630
3160
4669
7
5867
5492
1899
2560
5979
5583
399
4465
907
1066
5777
2379
1734
3871
599
2273
3737
1471
1135
501
3763
1492
3509
1335
2816
2766
1171
1811
3707
6727
998
6131
4264
6859
5915
6101
6408
6611
4674
2204
3030
2861
4038
1523
3374
3165
1177
2803
3234
3483
4053
2255
2144
4739
6082
6365
3987
3336
4456
350
6632
6624
404
5563
2584
1634
5235
142
3941
2592
4187
1729
4811
1752
4283
5945
2578
2747
2834
4731
3907
4867
409
2393
4162
3041
1095
5753
3903
666
2761
5705
3047
1031
6415
3251
840
4154
1166
6537
5729
4955
3227
4884
6212
3568
6097
6872
1799
4452
1270
2793
4136
2305
5323
5354
768
4454
6374
1884
6088
5377
5201
1353
1049
2074
4898
113
6815
4391
6472
6070
2078
1806
1508
3295
2818
5364
2129
1777
3585
149
388
1971
2155
5081
1680
3212
5142
4268
3555
3476
1964
4305
4737
2486
2204
4876
4709
2669
5923
3730
1416
718
2439
6753
4753
792
1402
1141
3802
474
3569
5160
2524
6611
1111
6684
2963
6791
5425
1770
522
5239
2270
5654
4903
1053
5668
6726
6375
2631
1031
1651
3980
5567
4681
4984
126
5778
2653
2092
2540
843
5933
1573
3
5654
4586
129
2072
6598
1750
3897
1249
2406
5358
6492
1838
6688
4290
4351
3394
2677
1915
962
4441
6931
3834
6575
4228
3827
1366
1756
6808
1530
1701
4906
1768
5867
2262
5888
4222
1564
4175
6613
4167
2987
6385
3203
488
884
3579
974
4852
668
3093
4436
3479
2854
6030
6484
546
739
4903
4596
1083
6469
3467
4543
229
2365
6356
5206
4784
4147
4865
430
4680
2664
6897
5412
1685
6395
5681
911
1341
4946
4633
2931
6124
5423
4249
1325
5629
1168
6509
1865
3075
122
2049
2057
19
5378
5178
3781
4963
3155
5010
2210
5311
5878
2158
6680
5393
4434
3996
6856
1244
5205
5630
1651
5112
6422
3688
1710
530
3854
2369
1829
5071
4288
1073
1283
909
5403
2393
5355
1649
5091
6858
271
558
1946
193
4227
4680
80
1223
1222
3580
1791
446
5125
884
399
6433
3264
4627
6548
6649
3436
2964
278
3169
2830
5959
5596
1794
646
2517
2751
5402
2963
3399
5578
1441
3834
3120
4524
3149
1070
4805
2835
382
2729
5233
6648
3063
573
1062
1058
1350
3916
1628
5002
3837
5294
3669
1940
6166
5945
1900
3594
4750
6182
1737
2117
37
6789
2093
4690
6623
6878
6136
2767
868
6744
1004
3487
2443
3535
5976
2869
3155
448
2577
337
4297
1558
5628
5341
4417
6478
4553
1119
3883
2336
5383
1875
3340
238
5816
2150
3148
6247
6336
1150
2047
5710
419
1499
4434
5818
5915
3048
6140
1748
3553
2883
4938
3361
5116
1597
5333
4712
4195
3741
303
4726
5560
1245
5931
6103
6775
3391
3830
6641
1701
4653
1577
638
2815
3568
3362
1509
5513
5994
6047
1959
4408
6144
6260
3900
750
4907
5017
1370
2289
4332
5494
2815
3636
3493
5666
2805
5926
4685
444
3333
3972
3609
1549
5833
4381
392
6326
896
6909
817
4606
5193
2832
1707
6038
4690
1153
5306
59
4034
4426
708
2959
1373
1069
2645
1701
1884
2768
4097
5898
1032
3032
389
6424
738
1716
4321
6581
6450
1602
5906
1744
78
5588
6288
4798
1704
2940
6924
4054
1962
291
292
1373
3367
4382
2082
5482
6578
5896
6760
511
1654
4900
2260
3961
5756
348
697
2906
4949
29
5970
2770
6490
2163
3223
2814
741
6546
5039
4728
3384
4609
2754
4853
3730
6881
2524
3570
5121
1724
1275
5844
5293
6568
6863
3472
4254
3161
3826
6816
5005
5263
1021
5459
3985
2952
2301
263
584
2140
4896
1866
667
6660
1883
2211
2122
3836
5051
4361
6687
2843
3914
802
3624
6459
903
1309
5734
406
6315
5741
1542
2744
2593
1572
5233
3407
1136
5103
1294
5215
868
6149
6507
4977
4598
3305
5818
2017
5670
2161
2750
753
1189
3102
2639
2518
2099
244
1074
6335
2869
5816
4692
2036
334
3015
429
6791
2849
1945
674
3957
5996
2943
3769
519
3876
1098
464
1221
4739
6378
2308
5801
4609
5882
4558
5139
3825
776
5007
6200
5603
1641
6199
4190
1266
5158
393
972
4806
1114
4841
1160
78
463
6728
3746
4792
3439
6060
6851
3023
5755
4840
821
2105
5947
6806
6758
649
197
2102
6473
2066
6255
841
6511
3991
308
512
4523
5339
3850
795
2976
1071
2583
1735
5347
6131
2913
3457
4083
3209
3267
351
2902
3628
6724
3982
1476
1569
4555
3060
6848
6364
748
1694
3893
4331
1920
992
3761
3150
3393
6486
6949
5487
4773
1214
2741
5814
5267
682
2802
1733
4249
1473
345
6233
3184
6482
5402
5663
5991
5231
2091
728
3647
5717
6616
1187
4409
2377
2455
6789
6502
6943
3928
3157
3228
3152
1589
2437
5453
5788
6838
6473
933
4891
6321
3124
4991
503
1730
2569
5587
140
1091
5772
2412
416
1520
6730
4111
1941
4488
3370
6187
1672
6265
2100
3980
515
4813
6170
4756
5603
5865
4807
2426
5509
3588
5759
5126
320
6761
2891
6858
1920
1553
4838
2131
1283
6386
1425
4876
4014
292
4924
4371
2292
7
3174
4796
5282
958
5879
3336
5184
2728
179
3070
214
6718
6059
5823
3335
1485
6003
1563
2289
3900
6718
2478
6119
639
4774
4857
4686
6723
4922
3877
6484
1620
4707
3383
319
3499
3353
6439
1414
4582
3757
4930
982
1636
6551
3220
3531
2218
6508
1043
1755
1520
248
984
864
5747
2643
4189
3878
3819
5911
5408
4307
1572
4731
4791
5234
2022
4144
6919
1964
435
2980
3543
4113
4834
3319
2588
1670
4968
2364
2942
5079
5975
5094
2437
3458
3348
6909
4183
5341
6249
1075
2577
4915
1339
5185
6337
4787
6588
6190
618
3936
4656
2802
3624
5467
3587
3630
91
557
753
5295
6427
3419
828
6481
6384
2801
4432
6842
3288
2209
6271
2668
3096
3813
2054
907
5690
2303
823
956
1438
2547
637
5583
5315
5877
4851
1173
4998
2046
3440
2634
4556
5387
3142
3388
6514
3038
1602
583
740
2315
2944
3875
456
1499
5590
3952
2051
2606
4970
487
2828
6899
2655
623
1637
5729
3783
3849
207
775
6115
2430
5224
5061
6487
5076
1531
6422
3434
6326
6685
4199
5411
2918
6478
4469
2463
4075
6029
3009
822
4481
4393
4376
3217
3540
6641
6304
5004
3456
1787
1704
4244
591
5939
3569
725
465
212
4583
5548
482
4501
3584
3909
1682
4929
5826
738
3942
671
483
6559
1890
3413
854
3281
906
5800
6820
4301
4711
6541
4289
5474
2934
225
6721
6601
621
3479
58
3338
287
1223
225
6311
1880
580
2523
6376
2391
5855
4037
3874
3121
5371
6866
3906
1775
2844
1721
4144
1061
46
5072
3263
6403
1711
3213
6169
3724
840
6624
812
809
116
3782
149
5574
3762
3694
3614
2644
5307
6080
4492
2575
360
5197
5859
151
2316
4945
2186
3633
152
3839
2941
6744
559
6165
2358
6348
2347
3802
4622
3387
6094
4839
1674
5848
4509
5176
3867
2384
3830
6522
4550
6087
4649
2347
525
6023
2165
2325
4947
3668
589
24
1139
3598
4441
6766
2401
4567
5547
436
3233
4444
1209
5052
1991
4923
1543
4910
2831
3208
2367
5939
670
3546
1656
127
4075
4154
3792
4332
508
5945
5732
1278
1169
1398
1972
4542
873
2751
2588
4892
2727
6489
1784
6501
6794
5819
6476
1393
5682
1290
374
6109
232
1557
874
4539
6768
879
4029
2528
5008
5366
1402
6324
2436
4011
1270
4623
237
3773
1348
5867
3008
6036
4920
537
2417
2322
6470
2507
3874
724
6158
2750
2810
1154
366
790
5010
4632
1034
6870
4711
4432
6716
5056
5391
917
1553
4627
2922
5863
2836
3204
4741
1970
5870
5041
6212
6018
4167
79
5225
1712
4993
2
6294
3803
1595
5211
1484
5362
6810
290
2389
2143
4283
703
208
5616
4189
5783
1872
1634
2120
6358
4391
4051
3304
6246
6333
2910
3565
5977
5017
5871
4539
1581
3054
12
982
1617
1309
6470
4344
4727
6634
3810
668
373
3753
3703
2442
2263
3169
6085
461
6568
2253
5037
4097
299
5330
1465
3969
5084
1156
5641
6897
537
339
797
108
6311
3424
2745
279
5342
4967
544
5942
3726
734
6663
1267
6881
1888
4935
917
3783
2979
2244
6725
6774
5987
6463
2213
6875
3173
1112
6241
3388
6915
1076
5599
4684
5222
4547
5787
3179
17
546
362
2584
5616
5392
6416
2827
5225
4517
622
1232
5079
6382
3330
4151
2624
4813
1780
4886
3723
3717
6008
5364
5114
6359
660
196
6642
5736
5019
2838
4218
4333
242
3411
5551
849
2046
1456
27
434
5917
2104
608
1128
2142
3375
6478
6565
1456
2067
6831
1039
4690
4639
2755
895
2804
1961
5049
6778
439
315
1147
2551
5354
423
5924
6094
102
6710
3020
6493
2332
5128
475
751
1413
3828
4858
4276
3235
787
1897
910
5427
4291
2319
5467
1149
536
670
3176
3371
1362
4332
6623
5759
6730
6424
1469
631
3079
1349
6009
5941
4147
1429
4717
5531
3528
6239
2813
6743
748
6802
454
2652
15
1871
1100
1536
2860
2808
2015
1144
6002
2360
1645
5639
5491
98
1413
6336
2718
1803
1194
2820
2059
5203
4793
5535
4821
5032
5360
605
2277
6773
6762
4739
145
1175
4887
2262
6628
5433
790
6017
5679
1739
6633
4004
922
3328
5240
4183
6002
4089
5865
5732
6595
3597
4248
1747
6189
753
4464
1165
1693
2647
2559
5619
5615
6788
2778
5876
3302
4005
709
3687
5735
2473
4951
3751
4623
4199
3117
6254
3257
1546
2500
6484
1447
2509
3429
5292
1236
1771
6462
1288
6940
2922
6220
12
5232
6789
4392
5186
5582
5052
1986
101
36
1930
903
3677
1432
2317
5207
6866
4520
29
4384
5786
6871
1888
5970
4064
4291
2497
1892
1263
2028
2678
1859
6810
2868
2620
530
5631
4859
74
2984
6727
6372
6194
3326
4836
801
6785
2273
1580
5554
6732
4862
3744
4337
1399
15
4557
1521
3697
2146
5786
622
3327
3405
5755
244
5146
4426
4047
4823
708
6838
3404
6706
1874
282
1983
3682
6313
560
424
3565
1854
6314
2392
1802
5898
864
6707
4379
4110
1113
3088
3250
5097
3724
2714
2395
1998
2661
5533
4128
4493
4807
848
2247
31
6694
425
806
5426
1060
1257
4185
5128
918
1911
5903
156
1588
1513
4644
3293
435
5699
3575
2779
2034
1908
4384
6770
1666
4320
3858
4962
1025
5010
5857
6179
3086
3076
520
4637
166
5958
4158
3741
5082
2018
2825
3246
5261
2734
3732
2362
3632
6481
4391
2925
1501
6081
2034
397
413
334
3040
5007
6566
1323
5299
1516
2987
2180
1939
6322
6678
5484
2240
380
807
378
2249
758
1955
5411
499
2360
1921
2169
4465
1230
5982
4840
1163
5229
387
1452
3505
1713
751
6133
485
4129
4988
3831
739
6849
2908
2995
1067
1410
983
4871
5456
4504
356
5814
4531
4237
910
6617
3178
2493
3860
351
3615
185
712
1878
6042
2647
3388
2165
5955
2174
2387
277
2866
1958
218
1094
4361
5655
3649
1182
3907
1495
6785
5455
2767
309
3960
2185
5130
478
4658
2647
2577
1035
3372
1846
2536
6190
688
5552
6796
5660
6227
5434
6472
5321
3845
1900
3870
3776
1492
4164
2006
3029
6463
3139
6457
2139
6142
974
5538
182
3674
799
4503
4991
5726
4140
2532
6934
6107
4680
5895
6413
5506
6783
6339
1386
5359
6906
5583
3864
4889
5655
1527
1138
3076
549
3862
4398
2702
3728
2860
1549
785
5811
5768
5951
133
2225
4582
6590
2624
1744
6285
1662
5949
1164
4479
2665
5515
1559
5952
5599
5542
3637
3980
4760
6556
685
2838
6363
4426
6850
755
3765
1229
9
3551
6023
5755
6801
1341
4732
1015
3102
3801
6782
22
5415
3381
3854
1880
4729
3811
572
2299
1798
2125
3220
2067
350
5656
3510
6017
4759
1069
1092
4169
2146
5099
4396
2158
607
5512
267
1768
354
1983
1823
4806
2498
4749
5005
2449
4034
387
2786
5858
5380
2811
1581
6429
633
6026
1762
2268
4119
6898
6566
4789
4783
6194
3708
291
787
970
1029
5893
6606
55
3161
5443
3038
2039
4380
3674
3714
1274
2516
294
2070
5097
6616
3713
5820
316
3526
957
2221
5715
265
3869
5940
89
2896
3191
6738
5784
5138
1061
1993
1510
2870
5786
246
3688
1064
1245
4964
4733
3397
1576
3299
6452
2462
5328
92
4798
1135
5921
1129
5118
1498
6037
6819
752
1301
4676
4350
2946
3594
2872
2623
6427
3137
3695
3432
3704
6892
3167
6133
5397
6303
5014
6818
3476
5476
609
1092
4310
4902
6089
698
1671
4354
2684
6290
1037
3466
1195
3346
2035
2881
4925
606
6005
5184
1328
6554
3874
2912
256
6929
2649
5049
1025
4193
4811
2810
5836
599
2340
4977
3317
1713
4949
3402
3616
4243
2883
6360
2704
4507
4269
3989
217
6224
5179
1412
3434
4708
3188
5586
692
4402
4254
1761
5726
2445
6397
2765
834
3197
3987
6041
6251
4063
1668
6407
2923
2688
990
2736
1627
4164
312
1001
2143
2518
3390
2969
5895
131
464
6535
388
4890
830
6118
3328
6205
2774
5741
3139
6327
4489
6921
1275
4271
6272
3836
2461
6787
1624
745
5710
4242
1439
1655
5945
2720
3891
209
4650
5162
3286
886
3175
110
6937
852
5627
933
2656
1785
2568
2311
1762
2276
2895
1825
2540
4117
4155
3634
5293
681
3450
6719
446
3409
1952
6372
5558
3116
4209
5415
6063
5305
2439
2392
1856
550
5131
1134
4018
3636
6957
3934
4028
6570
2295
1062
1265
460
4723
2043
100
175
5243
4434
6908
1192
870
6017
4540
3239
6038
2
2547
4415
1308
3724
4399
6153
5791
2819
4681
5687
4572
5944
1209
2298
5994
4598
697
4170
4358
1964
489
2637
2329
5027
1936
5107
3866
6776
3643
680
1917
1430
4076
897
1472
3433
3342
2004
4742
6357
5600
6698
5806
6662
6117
384
2223
1270
3640
3357
4301
6705
1883
6562
1767
3281
2866
328
4422
696
2078
4418
2038
1230
3961
4319
6037
3668
1718
5543
4552
2520
996
5631
2186
6945
109
1735
1180
2182
665
3733
1476
3147
1529
4786
5136
3339
1490
3468
3679
1387
956
2508
4983
5593
2166
5716
4247
1316
2257
6772
3215
1706
3564
6646
4592
3649
6946
6123
3012
709
3546
5003
4671
1837
5647
798
1762
4313
4089
3778
2693
4948
3301
3090
1602
5305
4908
2083
1897
3743
1773
1518
2735
6001
4326
1251
6369
4079
163
1284
5424
5948
4390
2462
2311
4476
6294
96
4046
6834
4305
1160
6834
1301
6833
5956
662
3858
1230
4377
4705
1003
2861
2625
5343
6608
5298
624
5579
5348
4405
4364
3558
4522
138
1475
5991
539
1454
3258
6130
5655
2530
672
5550
5650
4411
4401
4311
3646
5050
2677
741
4535
2668
4939
461
1578
6257
6031
458
6934
2146
1361
4405
4280
3251
5008
2679
1304
6302
3329
6490
464
4678
4346
2604
5377
3618
3265
3119
3734
838
372
2919
4125
3292
2636
5218
4373
3922
1984
4500
4195
1296
4685
686
803
5931
2308
5638
4748
3557
6662
236
6262
568
4577
495
3701
663
2411
535
202
3318
5835
3232
465
1723
5901
6807
6242
118
1150
6379
753
784
1229
5473
3900
2384
855
90
2237
6487
5956
1996
2753
2082
4646
3288
2419
2333
5039
1879
2782
4821
1416
1029
4496
4388
2580
2177
637
6030
4761
6276
6424
525
3361
4385
6463
2171
3386
2539
130
5053
750
5465
6400
1792
4979
6804
5243
5358
3178
3175
4785
1432
6904
2107
249
13
3457
4579
2681
3565
2596
556
6105
3193
3966
833
3956
1257
828
6609
364
3747
5408
2660
3525
1422
5404
3032
3683
2178
5729
3533
3634
3248
1674
1678
4251
2131
5688
6573
2829
3999
3421
6952
2458
1817
1449
6693
1356
6467
957
1051
5572
586
287
5323
2529
5234
3232
1118
6528
2310
2335
282
2369
4494
4968
6256
3541
3998
1255
6275
6044
6728
3796
2459
5711
2019
3504
6572
4957
5681
248
871
1299
1365
2533
6540
6215
1677
4281
3741
5993
3176
2440
6752
417
2015
6691
1389
5100
1291
6686
6577
263
4289
5766
2993
4111
4285
2457
5361
3780
157
6542
6714
6466
2815
5969
5580
3978
3214
5054
4840
4762
5080
5145
6513
5875
4999
2541
4792
4199
4927
2017
2003
6944
1650
3929
3820
2159
3650
3597
2421
3336
6507
5788
2677
2128
3202
1400
2521
4771
1599
6659
2623
6293
381
5465
2493
3434
1189
291
6106
785
1857
2549
1205
1921
6956
2792
1749
1782
3081
4160
5237
1361
5742
6814
592
691
6918
617
6044
1579
3112
4209
4279
2100
3105
3543
4400
1789
233
508
3059
2153
3968
3429
6781
4451
1848
5877
5998
4611
6885
2462
514
1765
6079
5824
4815
6251
3056
4924
230
977
5718
48
176
5129
2256
338
1119
207
2910
2921
3841
6087
417
2072
5063
1911
2536
516
4406
3345
4658
1957
5277
2136
1716
6788
1017
1794
38
3430
322
3333
3409
5332
6039
1771
4154
5899
4258
3400
3320
3200
1675
4154
4724
537
3417
6874
1962
3700
6296
3507
2175
6125
6085
6338
5728
3921
3140
1461
6791
6511
3546
4013
521
5244
4078
1530
3804
3641
1388
3414
5709
3558
4834
3401
3462
6058
435
812
6605
633
2743
1214
965
6338
5688
5868
1858
5840
4608
6398
3433
1200
2394
6771
70
1622
5459
6105
2726
5390
3720
726
4231
6000
4159
3493
6512
28
6123
6748
692
3376
1706
3939
4124
6292
5824
3276
6206
2549
5140
5631
2585
6772
5253
2276
3643
4056
6402
2057
2849
212
3742
3003
2194
3662
1719
614
4241
3630
1175
3674
6056
3342
2902
4918
2679
6612
3774
916
962
4295
3826
3663
2481
5343
5448
1740
4877
540
3292
4745
194
5517
136
5974
3967
2669
2910
5718
2078
2023
1250
2772
2750
599
5600
1869
2846
5718
1519
6906
6618
2501
4233
1139
821
2982
6051
1695
930
1052
6080
627
3073
2454
1067
1012
6345
697
1707
1557
1728
1105
4948
2468
1574
6790
270
4825
1402
2851
5366
6251
401
3689
4492
5196
2063
5927
4961
6247
3210
2533
197
5882
3127
81
4214
3524
1179
1461
4693
1029
1075
6416
3216
4153
6787
3477
3368
5707
3352
4146
6286
5120
2980
4882
3736
749
2283
4419
1726
4456
3031
5023
5119
4696
1543
3596
4793
1530
4146
3818
1260
214
2566
2873
5543
4300
6600
813
2391
6658
4338
1575
2774
4871
3614
2628
5823
4388
6239
4459
13
6801
2069
6499
882
462
5067
3310
1150
1410
1980
1699
4178
1741
6138
6788
3133
6648
5547
5731
1742
5675
2300
5260
3911
2969
6610
2777
4931
3687
4681
3654
976
1115
942
1407
769
4849
5662
2441
5852
2433
6457
1962
1433
4129
4570
3086
3951
3182
985
6566
4212
3
6073
338
5595
6460
5719
1359
6834
3145
155
6524
3268
6427
2915
2047
5668
63
5092
2947
4689
2418
1455
3470
2312
4392
478
5356
2534
5691
5181
1189
3625
503
1919
6142
4838
6235
4675
1181
1275
4642
1174
2802
1113
3260
4267
2796
497
89
3751
6742
1290
2131
4425
2475
6574
4587
527
6860
5601
6363
2875
3809
1768
3772
5009
2255
4992
632
3797
5291
1710
886
5013
1398
4001
4656
6483
5273
3302
1316
3153
2654
5597
3371
2359
630
4743
4325
6066
2757
5027
2160
3647
4977
3009
3275
1771
341
6202
6171
4003
1513
2301
3892
740
6250
872
5049
5741
5656
2009
226
6387
5532
4628
4497
2909
2203
5578
5234
4226
1499
975
5020
6401
5776
3461
6271
3205
6938
3825
3242
442
1132
3823
34
18
3723
922
5480
6636
6416
2757
6181
5898
5574
3273
2581
4708
4751
3677
5529
6622
4319
3988
1479
6556
4941
819
5719
4827
4252
5187
3541
6637
4035
6537
2458
1336
5887
3976
5015
2068
5398
621
4209
4578
238
4745
4660
3488
5725
850
3657
266
1005
4353
1426
1844
5078
3375
6537
431
2743
6850
4736
2361
1238
2935
613
1671
5999
5936
3715
1577
4375
310
2950
6600
1401
4039
3975
1154
2712
6906
4316
3648
1491
2475
6635
5865
3305
5736
3942
1540
815
6518
5396
5260
566
432
2273
4879
6261
978
6420
1199
3319
6875
4082
4869
4864
3022
5971
585
4392
5326
3048
3038
6022
3156
6892
6500
2507
787
451
6934
6226
6407
6113
6874
6784
2930
3075
1851
983
6890
62
5722
5528
5318
1535
4172
2600
3678
4137
4518
6584
860
5967
5753
3820
5865
2070
5925
1011
1722
3803
4095
1598
3858
195
3915
6854
3313
4855
4563
1647
5577
2807
2665
6445
1673
4074
3089
1440
900
2820
5965
768
3464
4021
6147
4353
718
4698
3719
2516
5140
3608
1608
2959
2130
4858
3343
5334
3319
654
3421
150
3658
2208
3673
6366
3309
479
6776
1207
2331
1490
2517
6910
6066
5827
2984
605
5065
566
3812
713
4624
298
219
4235
1513
5351
3739
2547
445
4560
1959
3792
2157
4585
2478
445
2696
6755
2633
6006
500
4697
6417
5805
4820
6935
4736
2287
2552
138
5407
4781
2762
6483
961
3554
813
4601
2503
5013
4423
3899
5697
5341
4304
234
365
3307
3484
998
1847
3687
4095
5151
56
5064
360
819
2328
1741
1362
1149
1065
5480
6136
450
5171
2221
1903
6072
4562
2878
1256
2079
3753
5691
2300
1688
4588
3100
1767
6651
6945
4505
1200
6663
1868
3661
5498
4956
4612
4011
2416
4341
6515
2225
1545
4223
3753
5604
1124
1822
5061
2627
3123
2064
1324
1970
5886
2552
6035
6581
4872
5975
3553
4534
554
1808
2320
5223
224
2353
5617
1066
1558
3917
6444
4638
5737
3955
6769
6826
3786
575
184
4021
2706
4904
2375
972
4929
2421
6558
4476
630
1206
2148
5047
5287
3684
2481
2046
6260
322
3226
4934
6294
6896
5038
3226
2507
5707
5656
552
6455
4802
355
4848
3928
6456
6497
5103
61
6138
4725
27
1508
4399
3475
5989
2785
5148
6569
749
2460
5745
1305
4588
4040
4559
770
4509
3628
2182
4294
4451
961
4755
3464
4347
509
2984
5318
2753
2324
1913
6613
254
4750
4386
3241
2349
515
4582
2042
5232
6264
4174
1316
5596
6781
2871
2749
5118
1674
785
6209
6129
2140
2828
5381
967
561
5516
5058
1448
698
1852
4856
4112
3805
3697
3226
6262
1409
6388
5810
6798
4003
4220
2254
5447
3101
578
3932
5173
1187
3539
23
237
4167
6723
3604
957
5471
6902
4721
1195
2018
3233
3061
548
3493
4146
6283
4128
4566
3383
5030
4870
3988
5942
504
2248
3681
6861
6349
4899
4496
4886
974
4055
1302
545
5798
3442
2562
5588
3912
6323
1792
932
1841
227
2336
6952
6264
6908
1274
489
2847
6558
2316
3657
5809
2402
1362
5329
5913
1659
424
1237
5624
3520
6473
2881
5608
6121
4044
4653
1934
5736
6139
3153
4828
2810
2310
6432
2825
1941
1462
4118
5633
6519
3007
4638
2731
3256
2001
2157
794
6166
2764
3379
4256
74
1573
3411
595
5246
3895
1978
4119
5649
6598
2717
5057
6253
4259
3407
6190
3881
3758
2123
5602
336
6174
3331
5410
5135
6522
60
1864
1616
354
4706
3549
4616
5313
2136
5433
4548
1931
4092
6283
1494
509
213
5661
3878
5156
1137
1861
6455
94
5402
676
4529
3517
6657
2481
1967
4603
28
6908
2100
6921
215
2245
5035
2921
3237
2832
2565
3219
5615
6828
4031
3957
239
1702
5907
6907
2829
3865
6427
4271
3501
3404
6392
1203
4909
6852
4179
582
2149
3828
2588
5307
4469
331
5488
1171
2807
430
3080
1658
987
1990
454
3206
2617
4935
6611
3100
4483
1177
2178
4205
579
4582
962
4408
4322
6675
2636
5650
5142
5423
5673
2005
1497
3976
1282
562
6356
1384
4167
6720
3747
6735
5452
5316
4952
522
5016
6485
4367
6003
4792
6767
1342
2450
313
3030
3129
6122
1348
681
923
1433
986
2440
6288
4721
4479
5162
894
5715
591
1681
1034
2050
1598
6689
2602
3281
5815
4267
2547
1393
2918
3665
2084
56
5365
1474
6175
1538
2817
1361
1697
6111
5241
5058
2896
1146
2250
6778
5873
1584
49
4926
191
1326
6192
6677
1044
3916
6677
2948
6474
2676
6885
2738
3291
5034
4427
4887
6544
260
3187
1754
2818
2026
1789
377
3848
5807
5158
4585
3010
348
2223
987
3103
6209
3155
3646
4957
3728
2474
4617
4362
1816
1495
767
2682
4301
2969
235
1728
5943
6206
6863
5723
2180
6546
2980
5859
1658
347
6777
3690
4990
966
5044
6599
2208
6136
2752
5162
2526
2832
2527
832
2968
5492
2678
2006
4386
1624
77
4215
1705
2240
3194
6549
387
4838
6143
4058
5020
1014
5772
2114
1819
6428
226
2639
6447
6865
258
1383
3228
608
5571
1524
6223
2571
542
5176
3866
6617
2088
5808
6266
2503
2851
1197
4362
360
3100
5012
3929
3648
6529
1283
5226
5661
1039
5814
3719
6808
4700
232
4389
2499
576
2873
1655
5323
293
2717
1760
5363
4328
2805
5341
2696
3390
3639
4161
522
687
6660
1315
90
10
877
519
5617
4163
5050
1510
6639
1970
2311
6041
3482
4945
2566
2749
3495
5383
183
2671
3828
797
3620
5162
6129
3386
2218
2230
6326
4724
2442
3836
6126
6891
4345
146
2915
1481
1196
2200
4754
5998
4510
2618
2757
5810
6074
4265
878
917
6750
6073
6300
6220
1667
4484
954
2642
3653
3851
680
689
1563
4677
2819
6749
6344
3906
4910
3424
964
4495
1476
1710
2003
2364
2954
6849
6369
4492
766
1240
688
4559
4013
1134
2423
2811
5113
92
1715
3596
4412
2364
108
4530
2415
4201
912
3178
1387
5337
1791
2842
6482
4085
4872
3188
4819
191
331
2921
4758
3852
2791
1053
765
3701
6395
4668
5527
6596
3042
2256
3968
3423
395
1067
1608
1722
2140
6141
6578
4789
5504
5784
3022
3504
672
1755
1138
976
198
3699
6323
6702
5185
3300
5995
4823
476
3271
6330
5451
603
273
2612
1059
3112
683
4921
2061
5924
3104
4808
3326
3039
1824
6352
3895
5659
2864
25
3881
4886
2607
3719
722
1978
2289
1552
5635
4447
2734
2692
2024
1468
4472
11
290
4135
1197
2408
545
253
6038
3309
5133
5057
5125
3810
6438
1990
816
6437
2692
4615
709
4868
4389
935
5937
202
6736
5038
2352
2077
1241
764
77
1601
1907
2853
3314
5267
2361
6532
3868
3074
6122
4486
4712
4669
6018
3381
1501
5561
309
3730
1371
4596
1190
6180
5850
3740
3527
1480
6283
1022
6347
4735
79
2591
904
3593
1256
778
6896
4767
5454
4485
4442
1457
4580
3796
1666
3348
6923
2658
4820
6343
2071
54
3033
4188
2173
6752
4907
1297
5879
5078
43
6920
1032
1227
5181
6113
4833
4764
1921
4048
3676
1649
6381
1019
6876
5769
2895
5573
5947
4425
6082
3072
280
1896
3463
472
5325
4245
2767
6933
4242
4092
902
4172
1748
2522
4977
3010
3509
6803
90
3306
1980
6560
1632
1370
185
5340
926
5293
3046
100
4513
6157
4652
3282
6150
2410
4772
2369
992
5218
3988
3407
6842
3584
3429
3613
2496
952
2584
3752
5362
1564
698
2681
2345
5329
3504
5188
2380
850
759
4583
3747
4801
6847
5589
2446
6508
993
1190
1456
5492
6371
6751
3040
6728
1833
817
6122
3518
2335
4124
2430
6893
2861
1847
1285
5365
2070
6656
5296
4868
576
1508
3182
5603
3559
1069
1121
4515
964
4964
6898
24
3645
5938
2966
5232
1368
5721
6876
3786
3248
415
5072
789
2617
101
762
5436
2150
1586
1088
4334
1812
58
757
4134
1975
798
6893
6924
2881
1485
1566
2088
845
6319
5979
4551
1319
4662
2261
4225
42
2820
1819
510
4809
2359
1392
3039
108
6173
12
5430
1016
1075
5046
4200
2535
3406
5352
2125
4646
1233
5902
73
4576
5369
3891
1913
1287
1700
3565
6958
323
4655
4357
4515
2270
2748
4199
4329
1594
1831
1752
5405
1350
3834
5368
5514
6078
4096
5063
1357
4235
6699
3530
64
4747
3039
765
4208
226
2548
4153
2027
709
847
4923
1460
2372
2015
2338
3444
2335
2529
1718
704
3323
1375
3404
2397
5997
4547
6166
6208
6077
1491
2393
6815
1695
366
1178
4972
4860
4170
3537
1381
384
5076
3738
6776
4497
2021
6368
2257
3766
639
3417
888
3037
112
4766
4534
3212
3234
512
4103
5138
6200
5321
4830
6527
6454
2694
2497
6485
6243
1646
2722
2856
4372
5970
4789
816
2913
6454
6513
1973
5792
1086
6262
2699
5024
6051
204
6740
4460
520
3082
1256
17
544
3070
3832
3323
2382
4415
110
1653
4353
4841
6953
177
6706
6818
3893
264
2674
744
572
5002
5081
5127
4376
1926
3775
3684
547
4341
5897
6093
4187
3408
2821
4235
50
5638
6579
5194
1924
2099
4012
1621
5324
920
686
3679
3474
3956
3289
2738
6912
4183
266
3463
5470
890
2701
2656
4360
59
3215
4062
6648
5432
4263
3938
390
1217
6366
5105
4193
4584
3257
4664
5767
202
4957
2992
6649
1104
6501
2922
2728
3383
4448
4057
4624
3610
6004
6873
6550
5360
3919
3698
2405
4476
3008
1331
1566
6410
3077
3269
1875
6956
2127
1786
5094
1525
2981
2620
1389
6115
5578
3506
5835
1539
3275
5258
6078
2030
4436
2997
2342
5095
3271
4138
490
3273
4127
4336
3723
5770
205
5827
3566
2339
90
137
5087
1720
1893
1758
3035
16
673
4999
3564
2376
6667
5829
6703
2260
2014
2415
1110
5084
1515
5273
4685
4369
27
5982
2486
221
6335
2305
6313
4618
2500
6329
1228
6572
1508
1663
4159
119
6122
1452
2353
4453
839
5889
5999
5632
1704
1629
1239
6413
758
2232
2847
3716
4522
956
4107
3091
1817
5850
6280
3227
1747
4657
1662
5920
2914
5601
875
4379
4936
6516
2826
4284
2193
5036
3163
100
881
740
3866
5075
1804
5399
743
2607
5184
2125
4020
1939
1364
1752
853
6429
4495
1311
2781
1416
1379
3503
2214
1163
2029
65
1821
2951
1725
1109
6729
6514
3742
2928
6475
3729
5192
4973
1029
6942
5656
4962
413
2826
202
2199
4213
4174
5121
4342
795
995
1248
797
2468
1738
3141
3950
6303
1552
6515
4355
244
6914
2176
166
5992
2834
2291
1900
5799
4968
3376
6717
2443
5919
4976
5390
6865
1659
5272
5688
6120
5571
4025
5303
3150
2466
5100
2535
4996
4883
1504
2294
2243
929
789
6923
4797
6938
3359
122
2234
3231
3475
1752
174
1984
980
55
5034
1809
5589
5424
1743
849
3684
3493
303
3670
1418
3748
4460
669
4714
3579
4980
6014
5940
518
3009
3876
1287
1211
105
5456
177
2052
6912
5454
134
4433
2279
2313
4270
1641
2368
1670
5255
4768
5660
2381
1970
2184
1266
4861
2699
6817
2568
3514
4823
2523
3913
1652
3521
4839
6521
5884
4367
855
6670
5707
1699
6948
5290
2392
6218
2422
2032
4097
4307
4470
2960
6545
5825
3755
1469
3126
5623
2991
3651
2382
2197
5794
783
4504
915
396
2005
1356
4862
4869
6861
5025
1659
4280
1299
363
2965
5955
4958
6264
2728
1509
3440
3316
500
1978
3498
4235
1181
5777
2974
2969
1421
1615
5981
4338
4165
1240
2873
2200
3165
4763
3465
3680
6538
6498
1729
4291
3660
5439
1817
1616
3886
5112
2753
1735
1500
6599
2121
6318
796
2257
1489
2614
3794
4918
876
4573
6560
3294
5332
2840
3331
4605
3932
6475
6596
4982
5371
4108
1414
3675
6067
4253
2469
4977
3769
2853
5389
5099
3640
3137
2197
5523
2764
6064
2979
2123
5818
454
1230
984
6260
3823
6210
2639
2375
6054
5733
359
5518
1509
3365
4295
3401
4503
80
5910
1544
4800
5143
6857
5642
5328
6403
5398
1596
1568
2426
140
3918
4074
6016
3871
1656
3052
2538
1984
1663
6326
517
2082
4781
478
4286
103
1007
5935
2602
2109
5700
5832
6619
4197
6062
1857
366
3941
2645
733
2267
6342
2873
3864
1257
1706
4762
5095
1458
5472
2992
4199
1614
5780
6950
3343
511
5446
3269
5299
481
2810
158
5279
4076
5533
1226
6093
4789
348
6680
5984
3155
3171
4795
4602
40
3824
791
3096
4328
5892
6602
6211
5615
2895
1907
2587
2215
4416
4476
5199
4245
2327
3318
6495
5265
1386
5617
6158
4850
2398
1825
4176
3478
946
1598
4815
6069
4560
6804
4639
3018
4305
3605
6647
2206
3430
2622
1169
5018
2614
5053
6587
3052
4501
155
3387
5610
4800
6592
4687
6278
4889
2134
5469
4630
4269
6006
653
945
4362
2712
1116
6771
6855
5053
5011
4540
1469
2669
4881
3496
2184
4047
1354
6609
2313
4082
4168
4569
5149
1863
1693
344
5275
6421
5301
5933
3923
4658
3031
3609
346
1024
2461
2934
2172
1820
1195
5486
4985
1801
1966
5651
5928
2329
6415
3930
2214
5565
5297
3551
2103
6091
1566
2725
1273
295
3565
1503
5433
227
6261
6109
6502
6961
2438
2062
6699
3163
6549
6426
1898
3060
5898
6291
3412
6132
6711
5517
6692
734
3498
394
1650
3336
5597
4879
714
3727
6635
4360
1892
2457
6747
3121
3312
1398
4878
2617
6543
2128
2564
5055
6048
385
5808
2256
1565
2878
5826
1262
6050
2685
2506
2319
4741
5742
3622
4410
1896
2959
3258
1197
3918
6691
4127
6420
5344
154
1409
1835
5175
5873
5678
6492
2655
2139
1049
5933
266
1722
6306
2779
6202
5840
4437
5556
1106
755
2021
143
4804
6898
5919
4807
1127
6606
5099
3607
6270
5743
4162
3866
3618
3518
1680
4348
5082
5768
4478
268
5852
3934
1746
3166
507
6388
3175
3305
3765
1759
988
2615
3148
2614
3403
645
3540
4617
6060
3168
5245
948
4014
3902
830
4858
3223
5992
188
483
1556
5067
3886
2407
6748
645
6030
2058
4471
105
3367
4376
4503
5263
1879
1538
4937
6762
2117
51
6900
739
3646
6837
1464
615
3107
3598
1358
4042
1088
4539
3935
2230
6626
2961
3595
1927
194
1219
4361
459
2587
4437
4501
1718
288
3810
4641
3025
1241
3786
3828
4851
1244
2758
783
701
4259
5625
4986
2991
3503
5422
3880
2389
1424
5303
4212
2060
5843
5309
6120
3659
3898
3451
3889
4269
6182
4232
5697
3250
6496
5091
1140
5117
4354
3167
398
778
3823
659
1913
5541
3404
2908
3455
6561
6324
4722
383
4902
4923
3266
3608
2006
5719
578
1221
6487
674
4462
2587
4308
2443
5585
4460
6609
1747
3998
1556
4901
6814
498
704
3700
467
4330
6936
1957
2574
6691
6851
4351
1431
5093
1863
5187
3876
3173
5679
4454
2610
814
314
1172
4792
3105
4729
1792
2395
4830
81
1595
3932
3686
4746
5384
62
2642
5390
3944
924
5291
6718
4862
1466
2275
788
6039
4016
4594
1482
2854
1918
5866
2840
3044
2022
186
3517
2247
2286
5215
3966
920
6195
30
2367
3276
6096
275
5113
5748
5919
1569
6573
2846
5222
1312
3153
821
1998
1117
6210
596
5277
4085
1046
551
5456
6033
5163
4708
1247
953
441
5569
1756
4174
3871
1122
4847
1103
3570
3327
5343
1740
4671
3408
1937
3179
4063
5600
1846
3500
5954
552
6655
2619
2962
977
5340
1074
4620
3748
3505
4615
2601
1662
1485
5305
4553
2698
269
365
2422
5769
3621
4296
2041
5410
4578
5039
5025
1315
4145
1335
3759
6710
3527
1853
2698
1742
4359
5173
3049
2466
2298
5748
1680
2990
1198
2017
5161
4767
4015
3840
6210
3199
5077
3573
325
1795
388
3847
2802
3699
3405
6753
5711
4769
4287
6445
4458
4768
902
3782
4319
5420
5007
638
5958
6747
6174
5131
6156
6625
2686
5034
1210
2689
5772
1016
2728
3993
2798
5800
3909
6400
4449
1927
6524
4271
6960
1617
6516
468
2368
1844
2522
5611
1971
3078
4953
5484
4726
1292
3214
6955
6761
1423
5354
3396
6205
3920
3867
144
6167
5096
4036
6356
4805
469
3739
1567
4293
1171
5185
552
6181
92
4262
5149
6139
2978
672
1122
892
3757
3766
902
6911
5294
2369
1761
6850
2526
6534
5769
3932
6243
6125
6425
5695
3796
4899
2156
6246
2736
2060
5132
2266
3963
5178
5713
2689
3872
5784
144
3371
6058
1453
4062
3692
1138
341
6104
3587
6157
2315
856
5438
1474
4449
4909
2176
5683
6465
3706
5125
5041
3212
4683
5508
6889
3182
5587
1416
6711
2311
5227
3198
2612
880
2913
6878
6544
5966
4614
6584
4696
3837
4115
4612
4311
6209
5987
5361
4539
6635
6517
267
566
418
6673
2019
4901
7
718
6133
5598
4756
261
2627
6295
3532
3391
5319
2662
302
2224
835
1531
4949
1538
3265
4429
3432
1673
4624
699
2993
6188
4291
5665
4217
5810
2323
2238
1809
802
1584
2299
455
6329
1122
193
3867
5523
3402
4077
3270
3358
757
1149
5656
2308
625
1079
6106
1234
3348
3061
2438
6302
5744
1014
3473
4148
6471
163
5068
4003
442
5779
6210
5045
2956
1256
3312
3797
6046
1640
3751
5933
4181
5440
2996
2037
6282
4196
2900
3315
1085
3521
6825
32
6364
6665
4782
6193
3070
610
103
756
439
2419
6501
4951
3955
2384
2569
3497
5581
5912
5204
4950
2532
6425
1040
1247
3214
6292
6376
3559
5406
5475
1124
4461
4874
124
4533
2358
4990
862
2667
3447
2720
2476
415
1665
451
4282
436
1796
6203
289
6410
2789
2195
4106
4265
4937
1403
766
380
2419
3702
5939
6291
3498
3174
2455
4733
296
2619
1601
6197
3852
2753
5085
1435
6297
5448
5461
2590
5435
4810
3248
1058
2226
1825
4070
3510
5316
1463
3930
4570
4611
1273
2739
6390
4429
3595
3795
2115
6454
6266
6674
1320
1298
115
5056
1976
2770
1837
1078
3189
6737
5595
4129
2132
4716
692
1018
3787
3196
1116
4068
4492
1172
3862
5026
6350
1162
4684
7
3784
6468
2374
2286
541
1991
5220
4114
6706
2475
6932
604
6348
569
1276
5006
5864
4367
5673
3675
2419
6005
4355
2878
1902
5066
6289
5290
2285
6469
5214
5052
6640
2773
2990
3031
2240
3861
276
5470
3565
3482
4980
540
2561
1621
1807
2260
5722
3036
5341
4954
6954
1252
3970
401
1774
6560
296
2864
5923
2600
6800
6737
153
3007
563
6684
2578
3192
1456
2033
4766
1366
3297
3084
1091
3101
1769
1619
6922
6589
1746
4311
4489
6107
2432
3022
910
3213
70
3432
2891
1698
2562
3195
2855
3580
3322
5224
5466
2578
5591
313
570
1368
613
1492
5953
4930
291
6242
4690
4831
5491
3444
6757
2876
2410
3756
1266
2482
1103
5507
5159
5167
4897
4295
2611
3415
5112
4905
508
5124
6632
6073
2770
2818
4966
574
1757
4771
1398
5439
5837
1585
496
6199
1106
6372
761
3585
6497
423
6595
1429
1442
4712
6242
1061
2877
6593
6107
5821
3075
2039
792
6715
2706
4809
5996
5807
1601
1639
2701
1093
774
4717
755
5829
6503
5731
4792
1091
3092
3040
5101
2511
2074
2022
5136
5000
1502
6282
6737
4262
4462
5098
4454
447
5693
5501
6630
5085
1447
6236
1824
1475
2320
6822
4244
4833
921
6080
5523
127
1682
5692
3982
4212
1570
2055
5759
4076
2024
2080
2756
3424
2514
5910
5503
4004
4531
6682
818
2393
624
2122
6449
3168
2797
6148
2266
4635
1187
3396
2550
3897
2420
623
6015
2765
789
4402
5689
2506
5684
4060
6332
2373
212
6216
6955
4869
3883
1377
6907
1085
1312
6920
678
5055
502
3480
3531
963
2788
2006
242
5309
2283
2208
3702
593
4447
5705
2339
1996
6881
4985
2838
6337
5194
4408
1840
4537
6778
920
1299
6913
1848
6190
5776
3889
6513
3504
6784
1326
6942
2029
2423
529
5378
354
455
6241
6489
4448
3795
2599
1713
1619
1167
363
1535
4998
2688
1472
6043
1700
3343
1033
2463
130
6590
3043
5020
4515
4445
3804
4292
753
4060
4325
1385
4488
2745
147
1488
2556
4247
1233
5194
902
785
5720
5509
927
4237
4795
4385
616
2932
710
3298
6060
5401
4514
5138
5847
990
5741
1527
480
5893
6851
5870
3322
2972
4188
1754
992
3223
6096
3253
2029
6854
1942
706
6064
5230
681
4844
3612
863
980
1978
743
1976
6384
1701
290
5731
2157
978
1487
3650
5919
1558
2856
2878
4554
6329
3007
5400
109
277
6417
2134
5807
1916
1984
2241
3816
2972
4194
1775
4916
3710
6376
3076
1277
1820
4690
4197
4521
5767
2082
5017
5504
2132
2026
4299
2724
2701
6439
6649
1872
4836
3807
2435
6162
728
6700
3267
5031
446
3525
5831
123
3251
4063
2984
4796
881
3157
5625
3003
4565
5781
3054
1429
1095
5260
6774
2813
2433
588
5070
3664
6850
2499
1974
6858
6142
2112
3931
6528
4075
906
1355
6293
5661
2541
6701
5617
3656
758
657
5793
1783
3236
4195
2622
369
322
320
3217
4354
3927
4162
676
6059
914
6846
5383
6697
2961
1663
1776
6818
29
3352
1338
540
4371
6958
3585
6011
6438
4485
4316
6783
689
5866
6022
994
3772
4871
5934
6355
1991
3391
2025
1780
666
3633
644
4322
1161
5235
5850
5877
5454
218
5245
3139
5630
786
6356
5556
4949
2724
3528
4109
1112
6885
1766
4649
5179
907
3708
1295
353
768
1841
2449
878
3990
463
3218
20
1106
1425
2944
4109
6541
5121
163
5698
1511
1098
4604
1332
3730
1809
79
2954
5490
4665
1523
1217
2919
574
4025
5435
406
3372
3363
3931
3695
1339
4730
4649
4499
2807
1898
3069
1421
2164
6618
1908
41
2326
4867
4154
6637
2300
1178
1822
2420
3815
5115
1403
4829
4001
5938
2743
5771
4655
2826
6291
985
3169
474
1891
3344
4070
4443
4349
2688
4399
69
135
3273
3298
3491
1304
2266
4585
703
6325
5021
2303
1241
1459
6715
3685
3681
5332
3960
6395
2331
3137
5512
1321
4520
5522
74
4792
2855
5968
6386
3311
5883
4277
6076
4709
1261
5431
2606
5917
1247
6913
4635
5156
3150
4613
894
3092
3247
5586
3174
283
6530
1430
2509
378
4270
5232
457
5798
4796
6869
2190
2273
1709
2201
437
6738
3441
307
4050
2822
5696
6539
5674
2262
3592
5697
2214
4533
492
1758
3894
719
614
4769
6227
6176
3825
4440
379
5753
5895
4679
5122
5091
2191
549
2848
5761
5964
3515
3933
966
1832
2542
6367
2846
672
1451
4842
3023
1521
1686
6008
5752
4522
6854
1903
2002
6216
2242
1489
5860
1629
5418
4258
667
4849
1050
5644
5150
856
5408
1428
3236
722
1793
4347
48
1308
2606
6868
5161
5248
1444
6229
954
4687
5777
1806
5884
5015
3505
1358
3194
5616
2877
5092
3943
2018
6679
1384
4767
3991
2257
651
3115
4961
6094
3106
5410
1422
1445
1761
4343
5189
812
4566
1023
5234
2660
1352
6790
4594
596
2568
4581
2778
4768
2448
1520
5345
1494
2799
1985
373
3041
6221
4320
4271
998
2462
622
5466
1863
2706
1655
5326
2523
1925
6633
2159
2390
3742
3305
4421
3144
937
3373
3063
6725
5445
1785
5721
1643
4695
3010
389
6025
5
5705
2157
585
6940
2945
1714
4903
1534
6740
4976
3089
6229
3058
1343
5423
2872
1356
1939
1940
6568
2089
3778
6007
3125
4719
5230
4157
458
6737
5922
3943
4360
2155
2361
5689
1689
4057
6809
2691
1721
4255
1105
5388
1334
855
2730
2743
6229
1056
3972
865
4547
4264
6379
5727
4635
495
1528
5245
5006
6510
2423
1157
4431
6636
5478
1983
2610
2863
6844
727
1231
2504
1818
5325
5609
828
5303
2341
6149
2484
152
430
71
3901
330
2267
1376
294
5313
3509
4668
6465
4794
5066
4612
2043
5147
902
5071
294
6716
6065
6696
4349
5016
75
4701
1138
1989
6550
6134
714
3877
364
2576
414
5151
4705
1018
2205
2370
2153
5086
5690
487
4515
4182
1234
2496
6835
5180
2609
6042
997
2848
4876
731
723
4056
1489
2452
6004
3104
1246
2308
2936
3637
1084
6666
3725
1054
5871
3235
6047
4465
127
5333
6680
2255
2506
3805
376
662
3131
2181
2949
3206
2610
511
5096
6682
3711
2588
2595
6533
3533
1471
5397
80
1746
1804
5916
1555
6111
4780
2429
3471
1049
523
3854
5706
4318
2800
6371
3760
2820
6630
5243
1148
6461
6863
1735
755
2363
5707
5648
4666
1714
1575
2624
4683
1410
1771
2852
2813
4
5175
4616
1389
2029
2996
2482
1530
5441
4646
1511
1645
6197
5453
1910
112
3705
3899
6045
700
4900
2586
2554
5486
2957
882
3122
6612
5668
2320
4523
4707
4647
6065
6634
2548
2435
4433
5784
3077
6533
1996
868
6654
6062
4292
194
4019
5462
418
3804
4979
3971
1828
3076
6307
5761
2986
3275
2164
2784
6458
2566
3659
521
5520
767
3208
3564
3673
4114
5432
3970
368
6161
616
1227
3297
1199
5498
1464
4998
5027
4217
4423
1439
366
4502
1336
1896
4328
325
5305
2172
1812
1029
6642
3760
3060
3782
328
6562
2349
1533
5944
1406
3304
6355
3921
4141
5996
764
4906
571
2472
3655
3097
776
2578
99
5264
642
4123
2833
4857
3054
6228
4266
691
5249
1023
4571
822
308
1801
1934
6312
2819
3018
6895
3480
6905
2107
3174
1141
6074
2759
1611
1951
4567
1688
2680
6661
349
4956
955
1969
2677
6910
3613
3539
5045
3810
4873
6338
6617
5207
1451
6927
62
1457
2590
2523
1466
45
5018
3307
1248
655
4376
2595
4457
5099
3840
2306
2732
1426
4984
2375
4032
4717
6276
5545
822
4160
2071
5482
1769
2870
4524
203
6578
6077
2214
2943
2900
4042
2509
1067
6593
4938
5935
5564
4523
3634
1598
6785
4081
2366
6095
3582
2671
5566
2992
2485
4407
3334
587
6310
802
3051
4294
5495
1423
5024
6127
6363
2091
30
6905
6225
5389
824
6462
2193
3641
985
5038
3211
1514
6846
5960
1719
3029
4537
3827
2011
2267
3570
5067
1843
2611
2390
1597
367
6865
4359
6447
5973
6075
1892
4126
6019
4568
705
1552
2015
3127
3478
25
4017
105
1531
6506
4931
884
1790
5349
91
2969
6809
1878
6047
1289
5991
5803
2561
5658
5111
2467
938
663
477
608
2555
6275
3020
4852
1896
349
186
6007
1879
1943
2273
5762
6502
968
3287
4606
4501
928
779
4082
5132
1915
6154
2457
1126
6712
287
5137
4888
6560
2487
4412
6514
6954
5063
4297
2886
5469
1216
3767
1650
1948
3432
2104
868
3815
3959
3110
1218
3843
5701
5444
1882
943
1569
27
3947
3497
4602
5183
3759
5762
4179
5991
4382
3617
2386
3204
4198
1087
954
5700
940
154
1162
2203
3341
1926
722
6280
4166
6248
1626
6164
552
1939
2271
4011
713
1245
6172
4075
6604
2519
4811
6409
3395
1875
5218
6541
4726
5460
3240
3609
1436
407
2540
5963
3410
2808
4746
6522
3470
2382
5590
1397
2387
2508
645
378
1545
6308
989
5797
1123
1997
6560
2516
6336
1397
5062
6507
3190
2412
431
528
1456
3219
1700
1081
6868
2967
552
1801
6379
5110
2814
2863
3007
4479
6072
2268
6573
2670
3791
4996
4809
1294
3598
2722
4372
6387
2136
2255
5960
2020
2514
4973
2512
3298
4747
4203
6847
2484
703
163
824
5989
2568
2216
6819
3203
1491
6673
155
481
6083
1722
905
5838
1188
996
2625
4275
1816
1614
2804
1407
1520
1248
3465
3021
2295
2585
6255
2131
6612
1389
4701
2689
6954
6488
2722
4366
1796
4552
4407
1720
6842
6618
2673
5018
2210
1667
546
288
1156
3084
3077
6332
5047
128
430
1611
2505
3518
1998
5432
2212
4403
814
5455
1870
2921
6636
2428
6495
273
6682
1717
5269
6199
3825
3778
4644
153
1349
2235
5826
5905
1847
4382
6184
2354
575
6434
2435
5653
715
1382
6091
3940
2165
649
6200
2151
4399
3230
2549
2827
370
5505
2301
652
679
1631
5324
565
1763
1643
4983
5205
2138
1026
3144
271
4430
5708
4604
3941
5360
3479
16
54
1137
5181
6495
4075
3796
2076
811
6277
5750
3932
501
6142
2460
5391
3038
1555
3187
2895
2711
1221
5233
1365
4888
4854
1322
5148
4377
1497
4371
2662
6862
3224
6373
4300
4953
913
3630
1095
4467
6798
5031
5266
6444
5426
5244
4786
6808
4632
139
6097
6296
2074
3980
4745
2071
6592
6061
1364
3071
4796
3331
484
2385
6222
2154
4870
3232
2598
6827
3924
6299
1014
3317
5857
802
2012
2121
3597
1590
4036
6055
1257
5367
1862
2563
2149
3385
4466
3973
6116
143
3585
1815
4647
446
301
4371
2912
2095
4957
5780
1148
5771
5408
1725
197
1795
2366
2115
215
4229
2706
6052
6759
5108
312
4005
2205
2179
4386
3943
2527
2920
3964
692
938
1956
6836
6670
701
1590
975
3850
2620
4796
5576
1175
2526
6632
3358
2941
6758
3711
6466
2880
791
5684
4427
4875
5713
5824
5670
6733
3392
6629
3270
1228
4182
1479
3609
6131
3302
5630
2164
1995
2408
2960
6021
3548
1155
6665
2544
3356
5232
6066
1209
1760
2463
2855
3306
329
6681
142
2638
4743
4290
1540
4169
5251
4140
3487
6681
2712
456
5569
3986
3038
1961
1208
2229
4283
3126
6040
353
3739
6244
730
5613
6832
5496
1452
3739
4716
3611
5962
5229
3929
6949
4119
5038
5806
2643
4156
3873
4461
3369
4853
6659
3204
2936
5994
5059
3485
3785
6380
3024
2355
2082
2314
6793
4695
4233
3828
5257
3737
3326
5256
481
3604
3393
4066
4110
774
2604
5775
1975
6032
4780
1411
5434
3043
2489
4192
2433
671
4230
1820
3450
5580
3953
113
6573
3269
5092
377
5032
1053
5562
5888
5274
262
2061
1403
2016
6715
5273
6372
3685
3944
32
4506
5934
2737
513
6045
5712
1856
4102
2542
4137
3526
3943
1378
3710
4460
2851
6794
210
5101
10
3087
5526
2220
4619
5659
1836
1656
903
586
2625
3354
335
6038
1590
5544
2853
4929
3937
6882
3976
2441
3267
5505
6705
3921
5644
5696
6248
5738
5812
764
1496
5909
4844
5336
2084
947
5226
699
5222
6214
4817
6937
5326
6739
2698
1176
3460
6949
4517
2044
2845
6295
5641
4237
2715
6957
3244
4741
4378
210
6654
1783
3345
6311
936
227
1480
2192
5667
2229
3931
6205
2033
2503
6826
644
1301
4397
3129
477
4024
1012
5648
2896
1180
1486
3420
3890
5198
690
3006
1632
5122
6943
1182
1306
3519
5427
5174
2050
5168
4282
5670
6675
680
4512
2073
834
5804
5838
1556
6750
4383
5582
1031
2506
2487
1171
4975
3541
1777
6667
6114
6430
5603
2988
6282
2198
2553
3926
3868
3394
3101
3582
6363
3743
449
5590
4715
4519
6494
562
3136
3151
5751
17
6956
6143
2928
4516
3971
4193
3093
4714
941
2151
4826
5877
257
5574
1427
5344
5137
3642
586
3165
2495
6483
3571
3115
3225
4125
5603
5283
1068
6286
2485
3202
5810
6346
5077
4207
3290
1908
2787
3742
2126
5280
3669
997
1446
1421
655
3135
3983
2515
1901
281
2547
5392
3028
4008
6071
473
4256
6658
1064
5432
3885
4554
5559
5722
3294
6883
3377
5296
3899
5229
1454
491
4632
6335
4922
3089
1325
5228
1948
4233
5195
3153
1416
2227
3815
4561
5509
883
4713
214
6295
827
2133
5030
1855
916
4843
265
4846
359
4032
1287
3246
6214
2193
2594
2614
4112
346
1824
397
626
2798
3972
5738
1258
448
1376
3426
1066
4879
2355
3740
3906
5586
6472
858
4100
2202
296
3768
5003
2110
4836
4779
6351
5283
4094
4185
4927
6399
5062
525
798
686
121
1899
1610
5760
5515
6036
2142
2489
1242
4722
5492
6918
4109
1516
6049
3489
4604
4648
1383
3999
5364
6915
6323
248
3578
6221
3119
6721
5609
6565
925
5106
5192
3602
2133
6020
3027
618
6365
1082
6327
5550
2101
161
8
171
1312
6711
6313
208
1260
3859
6194
4513
6171
4361
6868
3460
4732
181
2967
6443
506
1306
3707
326
1547
1982
2964
4251
3415
5172
5792
1903
4650
708
983
1456
1655
417
3855
6364
6232
6317
1850
3359
6005
3376
6559
4636
3802
6885
2707
1856
5227
1570
4347
5462
1755
5285
3863
5917
20
2453
1308
6107
3112
118
6390
1529
2527
3924
5957
136
414
2768
1857
5060
917
1745
2849
2285
6925
5327
5367
3845
3835
5649
2349
4625
4277
1373
3956
6576
4676
5378
4948
5125
1083
6707
2013
2749
721
1417
2562
6161
4577
2879
5939
2902
3674
1455
5133
5976
1190
5128
6713
6083
2502
394
5465
4308
2417
6328
179
5159
869
1053
3556
3770
919
3604
4025
4499
2985
6567
6252
4893
2974
1118
2055
6131
2205
3125
3792
397
710
1854
6906
3359
6530
6391
2341
4490
1443
704
1117
5279
3203
6426
2774
447
1912
3670
3773
891
5376
3428
6542
3581
6709
742
6743
5485
4292
2058
2146
1311
3875
6337
4108
6902
2556
5400
1441
2876
2615
2217
69
6203
5175
3373
750
3317
2226
173
3744
1559
4294
3384
6202
1611
4719
1818
1409
1343
4586
3130
4479
5900
2306
6112
1777
5825
6181
1500
195
3815
1015
3534
3466
1603
3840
3230
1657
2214
4893
5213
1673
1859
4627
6563
1812
2646
4480
1772
3608
2056
3973
986
3766
1386
4358
556
5116
5497
1982
5191
6781
3626
4113
4281
936
5439
4450
3459
1833
3896
4829
2585
4425
1118
221
4372
961
1832
2965
6193
307
361
5484
1352
107
5506
5848
6833
2994
5918
49
199
937
4277
6914
3934
4052
2087
5425
6453
2817
4186
5101
3628
2807
5783
6932
5443
4237
3348
6359
6679
5958
923
3122
5912
6187
1625
3707
3099
1764
2424
4001
2831
4915
3558
1282
3140
3249
6831
3104
295
1844
6015
2947
695
2532
3081
4471
6101
4718
6796
6641
4205
3058
3567
6130
6467
2057
5005
6591
6469
1048
4840
6399
5233
2339
2762
6207
1179
648
2972
964
510
1617
3225
400
4722
1311
3569
6839
1596
1397
574
1350
4764
5725
4405
2745
2612
3351
5304
3867
413
3631
4289
6256
5101
3797
5834
1504
3650
4268
1711
3735
4886
247
4845
4801
2127
4698
3535
6184
3606
3002
2300
6110
1370
2948
5433
6310
5713
3454
2730
785
253
4757
6585
4053
4683
1702
5014
6216
1232
2723
320
4848
217
331
1513
4147
4338
4208
4715
1547
4848
6340
564
6019
4995
2783
6194
4
4177
5959
4104
2397
448
5328
3781
6531
1874
4253
792
917
4512
4390
5479
3093
6207
4748
6195
2370
915
1126
3553
4402
81
958
6761
6222
3619
5472
2495
5337
533
6399
1900
6575
2167
6733
2081
610
2194
1850
4613
1347
2414
2431
1774
1988
6719
994
809
3400
3068
3374
1982
3478
1519
771
2899
3555
1176
1222
5625
5607
6844
820
2285
3159
5409
966
844
1310
6206
1501
5457
6869
5613
3034
231
1272
4099
931
6481
5842
2599
5957
1901
603
2446
1565
6909
2239
6941
1985
1810
318
455
4180
1504
3551
810
4682
3673
586
820
4916
3444
2252
6830
4358
6395
3155
5556
849
2284
3856
15
3510
3722
940
5645
3813
5672
2672
4826
2184
4368
28
2953
18
4551
3849
5991
4365
2037
1940
2115
1798
5602
659
3772
4021
3981
306
4110
1327
5312
6590
5532
1730
3154
6951
434
5667
666
2973
1907
6272
4713
3868
5780
5292
5484
1331
4741
3014
6838
2238
1014
6452
1491
173
3647
2640
3035
1019
2269
6508
5651
3267
4732
1974
1371
5484
3157
1811
28
6748
253
6733
1800
3713
1609
4829
5353
5225
5614
6920
2194
6886
6406
248
4491
5070
6558
3563
1664
6031
2259
3057
4496
3522
83
1047
2847
2162
3668
4495
3790
905
2659
5662
4224
446
464
3762
6109
5055
2468
6495
823
942
1879
6583
3114
1568
347
6707
2918
3562
1499
3207
4737
4410
2469
3742
218
3298
4330
115
1445
6549
1470
6945
1869
1530
1631
4379
4903
6658
174
337
6555
3529
1604
4239
2927
1644
5542
1827
6686
3928
5193
5122
3211
1076
2785
3692
3589
348
6144
989
2902
5166
3452
4728
2033
4862
6672
5774
4914
1
4317
5766
5964
4806
4612
1601
3559
2185
264
3144
4051
4015
617
2264
5857
2957
1104
6008
3828
2275
3393
1303
4175
5244
4544
1546
1429
1443
4606
4832
3667
377
2623
1613
4342
3313
4439
3553
4908
5759
1369
513
1967
4410
1749
861
6204
4189
4304
1391
4991
11
3897
4122
5198
730
1804
3548
2859
1734
451
4257
2267
4926
3259
2939
1419
2358
1931
3008
2704
5494
2543
781
3518
2793
661
525
1819
5027
2803
4845
3132
1305
4239
1512
690
3087
1596
938
437
4140
4488
82
4990
5657
211
2821
3749
4668
5897
6111
6427
778
5120
3997
3175
4293
858
6493
3421
6452
1011
701
6062
1524
3693
4456
1106
6549
4704
3160
4275
6009
1071
5734
3765
3970
3654
6006
244
5515
3997
4048
3529
4400
4073
1258
529
5689
2760
1541
2454
6922
4467
4816
6452
2175
5387
4082
773
2124
895
3964
377
6910
1540
4030
908
2429
2059
267
3095
1293
2586
3275
6327
1164
272
4941
5075
4526
533
270
6538
6551
3612
1064
3949
5705
4833
6382
1071
5582
726
5842
6728
6110
345
3662
5453
5641
1771
5356
6223
4512
2053
3021
3278
3996
2260
5297
6895
1105
4599
5805
1710
4828
4996
1228
2009
3000
4973
6852
937
3120
3177
680
1599
3713
2890
2831
600
2624
513
3824
3151
6888
3665
2350
5197
1298
518
4176
904
2540
3960
569
4669
5060
4296
6371
4182
5920
3847
1689
590
4754
113
5664
6586
1718
1906
2795
3413
6808
2319
4245
4142
2968
6494
2712
6705
4198
2651
5080
321
3296
449
1271
3119
6001
2314
536
5922
4753
2315
10
2970
516
2272
5260
893
6793
6352
2104
4729
246
3185
2753
4414
2673
6615
1606
5395
4450
5248
1955
5885
2048
4394
6074
6182
894
1518
409
6339
6522
876
2258
3539
985
4693
6824
5164
3609
4998
523
5309
1468
4283
4179
597
6271
524
4145
3143
1929
4264
1527
4822
5536
3066
3936
6324
4772
361
4988
971
5854
4434
4432
1961
4085
3437
3006
1449
3538
4381
2638
5933
738
1914
3063
1874
2699
4217
4140
4725
5756
3865
6020
4618
5620
6137
3912
6050
5432
5237
436
1590
168
6023
6408
377
3091
1264
5258
6879
1912
550
1238
2616
3075
2994
5064
1931
3000
6216
711
19
1037
191
2864
3274
3378
4101
6333
6595
3582
1930
6547
152
3813
538
3111
1955
814
1909
3068
1674
5377
1861
4781
965
3295
6448
3977
2342
5430
5588
1483
5391
6843
6128
6180
5299
898
4555
3673
5388
5547
3011
1242
5918
220
4
4473
2548
762
1610
4007
2045
5031
2975
134
5808
5559
6879
1318
2081
4872
5295
6673
6364
6770
261
1229
6447
5406
1869
1436
3791
5162
5367
568
6018
6516
1437
5056
1109
6834
3479
5546
5737
5723
5808
1421
3471
5885
664
2725
3422
6151
5284
3584
181
3871
1558
2136
5791
6389
6042
3687
3313
1954
6045
848
6771
2261
4832
2703
4947
3382
3849
6466
4850
3952
1639
4142
1610
1450
4395
1355
5095
1145
334
4282
1958
1016
3542
625
6539
1787
6585
3341
5941
3847
1411
3184
4294
1683
5074
6165
3798
1426
5136
6443
3982
2389
2176
2832
604
1691
3138
5627
2480
5168
2256
6620
316
776
6684
6780
271
766
2710
4091
6145
1612
6209
1171
1860
4274
3325
1368
3029
1061
4298
3500
2966
3605
636
1742
4158
1201
6586
4302
4454
3369
3668
912
2337
4768
5735
5408
1190
4207
5847
6812
2272
4529
2863
6680
4073
3792
3675
3815
5845
1415
2189
3695
647
1549
3183
5824
645
1002
2334
2064
5493
5793
4262
4842
3405
6900
5701
1977
2198
5037
1282
6028
1228
4006
6829
846
2849
2546
3151
4510
920
5856
1477
3089
66
4803
456
3289
831
2421
760
4785
3714
2486
2075
4189
2366
1928
984
788
855
6828
2862
4441
200
3697
2024
6867
446
2145
1102
5652
1516
6833
6541
5595
4904
1273
5861
2937
1112
1136
5803
6246
3896
1888
657
2125
5862
4216
1558
5415
2450
556
2344
2903
3223
6833
4785
641
1894
1017
5740
721
5587
3907
37
5886
4628
4242
2169
4130
2713
2076
5595
6707
6481
5372
46
3025
1731
4089
3135
5830
2561
2505
2867
233
1791
1351
2533
5976
3859
6241
6129
2820
2313
1276
3573
5318
5594
4004
3479
6593
1538
3865
1529
2782
5401
1861
1274
2131
6684
601
2882
6315
4027
4125
4297
6682
3830
3399
6384
2888
651
3963
5816
2550
943
1121
3746
4643
3910
6549
496
1723
286
941
2095
5348
6682
2995
530
4909
5107
6743
2402
4408
2796
5375
1252
4757
3141
2283
1025
5716
4392
1236
3118
1396
1676
2769
5223
6330
5350
4955
6183
5556
6195
4913
1204
2164
1111
6739
2380
5394
6305
4983
4747
6201
5922
4953
5364
3775
5183
4898
194
6535
5999
3062
6215
5974
786
4866
6163
5876
1024
2622
4435
2816
6897
4752
5736
2519
2051
6138
2232
1675
2323
3694
6373
4193
5985
5069
1056
2109
6230
4818
3243
2191
6317
2642
2819
6289
3415
3661
5046
6542
6150
5997
6022
5686
4293
6091
4274
4929
3808
4949
4476
2868
6422
4919
2870
5993
6046
6866
1103
6092
5685
348
915
5789
312
6403
2679
1115
3850
5129
2908
382
4665
2739
1306
6308
5458
4570
5102
1500
2159
2515
6250
352
4702
1814
67
1506
5853
1227
1801
961
4419
2596
5523
3167
5816
4336
3754
4713
3512
3057
5187
1757
5272
4178
2929
5093
6145
4551
197
5398
4778
6601
3366
6716
4267
5727
3997
4659
5549
708
4103
3747
6171
2606
5319
2852
1458
5119
474
5184
1545
2591
3405
6437
2451
754
188
537
6914
3832
5189
2200
2678
3823
5401
1873
591
1584
1345
3013
4919
6149
1934
5994
371
3551
1536
1254
5941
2047
3337
2886
3214
7
1917
2943
4189
1979
5866
3560
2203
5812
3392
2010
1410
3545
1853
4446
1244
6542
5300
1798
2693
4004
3964
2812
4497
1058
2053
6219
4102
3285
4327
4630
1493
2073
3331
160
893
1354
2500
1658
3489
5970
5991
1053
3946
338
1309
5796
5254
4210
783
4334
5688
313
1797
4564
6541
4079
3504
5967
2641
2919
1009
5596
1562
3415
6143
2938
3477
5011
675
2656
449
5844
4738
2639
1337
2759
3678
121
653
3740
302
2066
2122
953
5349
6016
4695
1364
5688
1834
4450
5665
6945
4250
4699
4323
5320
1540
283
6853
5172
718
1361
2052
1992
191
6764
1142
3407
6346
4583
6591
6069
3045
988
3051
545
3069
2358
90
3098
1203
857
372
2738
3814
4242
4961
6936
6777
2504
6814
6285
4931
3855
451
5557
3043
3864
5631
4068
1935
252
2402
3898
3489
5796
1936
2016
2542
4580
3447
930
2486
6760
1910
6502
6712
3135
5104
6634
1001
5286
6552
6033
2871
4623
6085
4589
3502
4329
2090
6826
5896
6526
2403
4152
2436
439
4760
1119
4054
4463
2720
5948
6505
4350
811
3571
2333
3898
4966
1875
1583
2976
6762
1588
6127
6807
1929
5010
4380
1105
5446
1575
1755
2212
2489
5589
1802
551
4118
5090
4870
975
2453
5796
5388
3583
2561
6646
5
5822
6113
5019
3412
2856
1518
1273
2468
4480
610
6393
2688
6200
5130
2399
3186
6012
112
1262
1386
2115
3846
4196
2634
2431
639
1705
5117
627
1938
2652
4675
2527
4445
1509
3807
1279
4885
3089
5338
1860
1986
3303
6777
5126
4621
3568
4404
5535
217
6589
1859
406
6406
4363
5638
2717
5794
4684
1199
5227
4250
629
6572
3788
2950
5907
1397
3012
2252
1629
4078
1458
6192
2528
5704
4702
5148
5486
4830
6265
6058
5238
3081
5281
2410
5036
2971
4156
3334
3661
129
901
4255
4548
17
4285
4928
1049
5873
3001
5795
474
4697
2124
4779
3912
39
1865
1632
1992
5016
6121
284
4754
4919
3909
741
4201
6079
3446
1843
1821
2154
4055
1812
3894
2038
6179
4256
4834
5052
3957
4303
5025
73
6134
6631
575
715
149
807
2804
4885
2493
3862
1218
6351
5602
5195
4065
6236
5727
2371
5637
5141
3023
2166
2385
1119
4825
2023
5361
540
3288
2854
625
4080
1022
4819
5258
2221
5491
341
6278
3838
528
358
2308
3476
1374
4906
3715
3965
2850
2034
5628
1920
3715
6841
3041
4368
5559
2841
5278
562
5224
1933
6093
1609
4121
2678
5982
1676
3563
1864
148
2084
4379
4802
5310
6520
3414
6380
3937
2411
2059
5146
6424
6690
1719
1208
6756
4357
3349
6489
3822
5920
5028
4378
4566
4595
3106
1657
5539
2680
2522
4958
2978
3859
2163
156
4894
6877
4746
4706
2700
2091
3582
3015
6375
4005
3436
28
6847
4590
1736
5946
5073
1666
3458
3380
6594
1166
6168
2936
1811
3212
6010
2256
3069
2578
3964
1652
4963
2499
3731
5143
1799
2742
1
6408
6836
1548
4606
3068
2934
3147
3869
4671
3835
5179
6578
3787
4031
5911
5581
2465
5104
2421
6690
2563
4595
6223
2161
4865
6565
4584
6959
2047
4399
4411
1432
2868
6671
2246
826
3164
6424
5728
5310
6886
6733
1715
1582
4604
5479
5422
2762
3229
5123
5512
6175
2374
6344
145
5110
1287
1236
2258
5283
5961
3420
3556
2878
314
1768
5821
4032
5750
223
1408
1398
4028
3657
326
3227
1365
1493
3199
6749
1639
6918
5894
3131
2751
6872
4841
5444
3285
2257
5594
6259
325
6135
4904
1294
394
5371
6132
281
5181
3288
3396
5473
3696
1687
162
3885
6438
5768
4810
1062
4177
5651
6300
5035
4820
4968
830
44
1973
6647
4882
3512
1763
356
797
846
6033
5006
5294
6679
467
3996
3571
6050
3625
3609
2844
4831
4597
3080
466
4439
5586
6172
2524
3265
1154
2457
1078
4755
2689
754
2865
575
997
986
4022
5928
2324
330
1853
3288
6911
4510
6125
2455
3095
3514
3605
6408
5579
2227
5724
1874
5579
6278
3531
4401
4720
3369
598
6955
72
2696
2506
124
2526
1938
3215
5146
2881
1916
2139
2999
4233
2420
5328
1178
4211
1251
1963
72
2708
2251
6097
6903
6418
5907
5996
3311
3749
720
2037
1501
6192
6352
6833
3195
5807
4086
2094
4330
3800
4200
1653
1391
165
6169
6947
881
5613
501
863
1636
4201
4445
6173
5424
2249
2075
6352
6722
914
6054
3221
1749
1861
4133
6404
3938
5197
5121
6737
5996
4228
5271
238
4221
3617
3152
835
4003
3992
2937
4643
6706
2473
1713
4876
2708
1332
5859
4471
6096
2534
5289
5619
4132
4758
5965
4714
2480
3895
1766
3340
6022
6832
760
6197
6224
5524
4766
4935
3570
6449
5358
5712
6226
6657
1914
3901
4284
5519
1813
1394
6960
1887
4648
4373
5414
5322
1451
2625
75
1057
4688
2809
1802
3314
2969
1237
4986
3445
4229
3371
763
5851
737
1503
4483
6284
5561
3260
2844
699
2556
4381
5076
4730
2814
5411
3652
1511
6279
2858
2773
6285
6506
2780
5884
2250
4298
4921
6364
3720
6515
3962
4901
6474
6625
4314
1838
5151
6057
6306
1324
4510
3763
4692
3333
4666
3463
4002
6376
5282
3221
405
702
3170
320
441
5748
3553
2719
5111
5355
3673
501
4015
2253
6049
5012
6637
2713
3242
6703
672
6465
346
5723
3266
2088
2626
1215
4162
611
6735
2982
5562
5570
2579
4065
6603
5202
3854
1339
5415
2482
6922
822
1278
3152
2874
1705
2217
1839
6786
6135
2372
248
1684
831
6941
5819
1574
1726
3067
2822
2746
736
4054
1782
4691
622
3764
3667
6601
6022
5573
3937
2855
2067
1636
4563
3684
6855
4180
6934
4181
5986
3603
4919
5363
4819
4371
1099
1832
957
6173
5231
3522
2627
5621
1162
2512
2829
5461
4868
5713
6923
5971
498
539
5990
2696
1757
3333
542
2865
1143
2276
6240
3257
2036
3833
5781
2611
709
707
2060
3690
3190
5217
4595
4273
3072
2295
4180
6354
2790
5972
5880
6727
6546
2307
397
4669
3603
4212
4157
5339
5448
5314
6517
4263
664
318
4751
159
2558
6321
4157
5819
6509
5703
22
1230
2161
6154
5108
2698
6104
2967
3412
5269
6053
6791
206
3192
6101
2966
2149
6576
56
1519
3240
5624
6181
6372
3882
4635
5502
5389
5812
5520
5633
303
2510
6026
5392
1806
4453
6235
1695
4450
1323
319
2640
2740
3129
4340
6767
2696
4674
2356
3078
6097
4530
5061
4756
6902
1656
1826
2070
4810
5730
2013
2272
6901
3034
4650
1291
4538
1829
1739
4776
867
187
3352
4152
4545
6062
402
1196
6310
1876
4922
1248
1007
4930
1998
5886
3891
4066
3862
4799
6410
2840
297
2668
4787
3715
1552
2740
4907
116
277
5299
6713
1646
1744
5331
5417
3872
3666
5660
262
1353
5355
668
4239
548
3429
5664
2600
2183
693
2099
4863
81
979
875
6177
3345
3628
291
6595
5164
3766
292
1293
3773
4469
5416
4394
752
5944
5638
2836
4253
4238
5966
3295
974
6064
5510
5984
5967
3298
448
747
2668
3663
1399
5494
5967
3470
343
2156
1514
3019
1940
4377
3504
1628
161
1877
6081
451
6628
4294
4581
406
2416
6859
4617
2044
5297
5883
2611
2790
5732
6092
6108
4550
4874
1978
20
6462
1251
4098
804
5493
6867
6152
1253
4003
5923
5385
4620
1367
4605
307
3806
6679
4297
5105
2294
3969
2984
3881
3975
566
4330
1152
4689
1327
2281
127
4091
6409
740
822
6779
5896
1306
6048
3558
1509
969
2745
1863
1684
6759
5216
3886
6311
4699
415
3002
804
1093
6661
3894
2615
476
6427
2001
67
4468
4737
817
5285
6625
742
1835
4504
6150
4660
2314
2196
2066
2005
1789
3061
5165
5839
4342
307
2273
4770
4945
3045
5653
5568
4692
5786
1394
3718
1792
4213
241
2968
6180
5235
3347
6928
666
943
5823
3746
3355
3574
845
4435
775
1152
5092
3016
1917
5034
1127
2815
6857
2237
5210
5041
2754
4268
2652
4670
4029
2880
1040
1723
5729
1715
5191
6375
798
1103
1025
5114
4602
4309
2129
486
4080
3851
1451
3606
4087
5174
1102
4556
5513
3762
3584
6175
1669
6706
4678
1235
5533
6203
5205
96
3117
1269
5613
60
4565
561
4594
1033
3708
3596
2301
236
5723
1785
4070
104
2358
2647
6600
2248
4861
6139
560
884
4521
125
3472
6220
2379
4285
6316
4283
1336
5591
4817
520
1944
3881
5974
3051
438
116
2553
3260
6763
5808
2398
6927
1777
4925
1099
377
2782
1360
5039
4648
3694
697
5587
1350
2661
6391
222
2904
5776
2033
4118
977
2115
5924
6369
4120
4808
3055
1167
6034
4358
3929
6089
5534
2318
6692
1356
158
2942
947
2170
952
331
5215
1479
3989
4734
4904
5240
6549
4012
5244
4154
4274
3760
2823
6808
3961
3837
3345
3730
6217
6939
1213
1445
5216
5696
4797
6114
6790
5596
129
1640
4171
1163
3876
4398
2497
1652
5676
274
6912
4165
2847
5464
4536
6391
4443
3654
5155
2152
532
6084
1466
5491
86
5830
2885
1607
2349
2775
6601
337
3979
4642
2649
663
4073
2833
6687
3049
2290
606
6261
53
311
5222
626
3914
845
4448
2901
450
6825
3818
2088
2216
244
6114
394
5903
6821
4128
3355
6557
3126
640
1452
276
5113
178
4063
6682
192
1640
1890
1811
5604
3315
1541
5780
4766
520
3316
462
1598
1639
2917
6748
2831
6675
3801
971
5335
3098
353
5068
1856
148
3293
6295
1437
4387
235
5911
6347
2567
6765
6807
4359
3847
1498
2251
2254
5220
6789
2919
1162
2002
2277
1347
990
1951
6502
4541
4981
1332
411
1133
3354
5268
844
6387
4081
6385
1140
846
1284
4190
796
1519
961
4664
4622
5280
4241
6598
6443
3012
5599
6299
3106
194
6785
1798
3608
5424
3780
2343
4598
4675
6178
1377
5116
3024
5057
5288
3575
6825
659
4421
3285
1960
1763
6473
4049
1059
4469
3781
2339
3382
4841
5381
6845
6628
4938
2544
4356
2835
6594
5915
4939
5280
3740
2835
1151
4464
3163
3635
1021
3297
5316
6246
4868
6627
1225
1531
2445
5125
5969
2376
5323
6117
4982
1694
4814
1259
708
412
4971
4471
4178
4597
2954
1288
1443
4327
545
2731
3477
2664
3904
4976
4974
1989
43
3843
6901
1936
1307
1957
3523
4933
6577
3716
2435
1301
4491
997
5419
6714
1956
4129
2906
4205
3799
4328
5530
5121
2783
5386
6127
4182
6401
3509
1932
3149
5096
6716
265
4794
2332
5672
3698
655
1185
5279
3927
4854
2317
4286
4803
1309
1213
3173
6414
553
5756
3181
4661
3844
4037
3913
1105
3556
4068
3538
5905
6186
5265
5536
492
6267
2205
3390
5230
2444
6748
6258
1744
6214
4944
113
4535
2958
5833
594
6471
2103
2400
4367
5819
998
5370
258
5542
3543
5167
4026
2410
1325
6610
3619
4661
3161
738
4055
6634
2937
3808
4642
6689
452
5257
1914
2982
1068
6757
3009
412
3748
5118
1550
2264
3079
4035
1873
4320
1597
2161
2780
4021
1486
1391
4407
237
3483
1338
11
6808
3337
1894
485
1525
6333
1120
1423
4350
3061
4024
2355
5271
3035
6192
2095
3311
5533
86
5610
3794
1628
3534
2221
2432
609
4865
2856
1927
1386
3838
2546
5122
6904
6033
6092
1385
6525
6180
4416
3563
2959
5593
5440
1779
4344
2605
6228
5194
3026
424
2453
380
6929
2072
872
4067
4552
4945
1297
59
4857
1048
1507
1124
1472
3906
6004
700
2089
38
1192
3741
2150
4305
3542
600
5017
5319
4111
1698
6003
1043
5671
326
5264
432
3850
3494
1030
2505
3321
6010
2966
1471
5558
52
3907
6864
1245
635
2543
2459
4279
6397
3611
4282
5379
5995
5235
6127
5835
2723
3598
5704
2939
2098
2675
6634
2381
1571
1350
4243
4536
41
5674
4422
847
4725
4265
5557
5275
1428
1567
2251
5360
6085
1636
366
253
211
1568
3239
2812
4603
1215
6650
4108
1797
6104
5473
375
6726
5671
534
6841
5042
928
4879
2030
5729
6030
2030
4384
2804
522
5279
5501
5169
3169
3429
6956
6315
5100
3720
5347
1427
604
1674
2471
5757
6512
1909
1396
4389
6625
5618
6739
46
206
6088
4461
6669
6715
6519
2550
3070
5873
1896
724
3136
2333
2378
3697
5510
4419
4528
2099
1420
4954
636
405
4671
3053
5645
1590
2086
48
6262
203
5777
5542
2969
2565
2188
3087
443
2405
590
3527
2853
6734
5720
5466
603
4766
3082
4096
2993
4397
5522
4180
4104
4255
3520
1074
2735
264
4711
2543
857
996
4758
6030
4332
90
2081
3234
6526
4362
6461
4791
4459
3801
5519
2542
3244
1495
4198
4680
4419
837
4038
899
35
1758
2955
3964
5931
542
4094
1376
2881
3011
4987
6482
2107
1923
1220
4367
1609
5036
6699
2979
5741
4667
4934
2180
1438
4161
3137
2582
620
67
4101
1762
2713
6917
5420
668
4502
2254
551
4304
3901
6912
2089
2608
6045
4213
5479
6334
1109
2595
4438
2601
4938
3933
4654
3035
1795
151
435
6073
2447
6880
649
6396
2157
3917
6920
3610
3890
2167
5756
1835
5505
6464
6787
3280
6212
2886
2187
837
6639
2797
2123
932
563
5425
2086
2709
1018
6930
641
5435
5476
2852
6441
6493
4885
6910
478
4735
3338
2869
6205
5335
3045
304
6011
1818
3987
6265
2654
1926
3660
6689
5374
590
243
4086
2511
4223
4941
3113
1851
5915
2839
2874
5094
3972
635
3632
6706
484
2614
2861
3240
850
6626
3882
3530
1249
416
5849
2386
3759
1649
4218
578
6206
3537
2220
167
2192
2795
3941
11
4427
4008
4180
5294
6917
2328
1515
3897
4510
3553
2407
3342
6961
381
6531
6855
4306
5373
5146
4433
1142
6462
4942
429
817
1825
530
56
4883
5403
177
3727
6826
220
4694
2385
3799
5070
3091
3296
4198
3083
6626
5135
3023
2409
3082
2998
1008
4307
3512
2233
2991
3573
5147
5731
3671
3222
6479
2244
193
2054
3107
1345
5088
2289
925
205
3183
2174
1111
1146
5539
1586
2675
2385
167
284
2009
4717
4336
4672
4172
4370
6469
531
5813
3957
3775
825
2995
5865
4015
966
5044
160
3438
6581
2886
6808
2561
952
5668
1525
5027
1304
5215
5415
1940
3496
3856
3173
3322
4947
4323
648
495
2389
2346
4969
4525
5943
1508
5350
3171
535
2689
2077
1581
2122
6641
3836
6485
1951
3045
6720
3353
2026
4568
929
5820
1233
4222
3068
1646
2406
5568
2313
354
5521
971
4500
3837
1420
1206
6787
6665
2037
5913
3677
3140
6035
1704
2074
6929
4361
5002
4629
1350
5886
4940
2314
1428
6466
1506
44
2056
4971
6267
3987
3162
622
4517
4735
145
6768
4840
592
4024
359
5834
5487
582
3461
5541
1690
2015
397
5405
2406
2703
5277
3268
6770
560
6068
2409
3845
4950
961
6555
5923
6022
4346
2577
3545
84
1272
1319
290
2495
5254
184
3597
920
852
3820
6164
6295
122
3490
4150
3058
3999
1022
6353
6556
4259
3506
138
3659
1935
794
2050
6588
681
6266
666
2472
1310
197
6678
5046
4222
2181
6738
1963
979
4839
2889
2939
5350
2887
1137
3573
911
6861
3738
4124
5996
2292
6267
5292
1213
2001
5245
1816
6614
6696
6294
3726
585
3332
5627
3666
68
5509
104
5434
3122
5451
978
3468
3091
508
1022
1722
3325
3819
1214
4812
1238
5600
1178
210
453
3341
721
3186
851
3091
5974
6468
3748
4915
1179
3690
780
5134
2464
2496
5208
1731
6204
351
737
5283
2242
1042
4733
1752
5783
424
3330
1479
98
1963
3714
2833
2158
5689
5006
5987
2452
5474
1778
2944
2916
5851
59
3423
3800
3979
2121
2938
26
5051
2795
3276
2202
3463
2933
2160
1046
6738
1096
6661
4345
712
1101
2327
6779
6960
2010
3560
149
6490
1630
2455
6483
5807
3495
559
5836
5265
2619
4694
2010
5604
6534
5371
5562
4972
5583
6095
3767
5470
1045
921
4643
6403
6524
1432
3270
4790
165
5262
1790
4941
6017
4535
3783
4286
1038
1026
4468
1342
3063
4534
4407
1075
5152
6309
2727
1678
6602
1196
5160
3492
3977
5072
2744
5900
6046
3266
1773
1038
452
659
1118
3992
1158
3449
2563
5574
170
3934
4752
3335
5155
625
1054
4296
2469
57
3879
3979
5709
3237
29
5454
6455
3132
2004
4768
6405
6761
3923
3132
2549
224
1143
729
6594
5867
6650
475
1242
5204
4094
5275
424
1838
441
1250
4173
838
1448
2973
175
4452
6944
5995
6509
3981
374
3719
1793
6118
1480
3101
6871
5911
6042
1018
46
1987
2615
1510
1968
3801
5862
1654
4228
1551
2962
2398
5126
3279
2267
3107
6077
4133
1482
4893
6932
2817
3762
210
4011
1970
3718
6735
3806
3342
3254
294
2816
4511
5921
5998
1846
1687
6365
1184
4270
4024
2275
4845
978
3351
4757
2044
6285
3749
1415
2885
2264
2424
6380
1143
4503
2564
1417
5350
2325
4881
2196
6637
3896
13
5712
966
5585
1961
6659
433
1818
1077
1220
3832
5980
6177
4693
5718
2497
5024
1119
2434
6477
3965
4156
4843
6283
1082
4706
3204
5528
3886
2744
2126
5070
1484
2962
2974
916
4976
4656
639
1333
4440
5965
4882
4719
2012
3908
3385
514
960
1650
947
1182
2728
2374
4309
2178
5479
3568
334
45
6639
602
2925
232
3869
6102
5681
6095
1896
5803
3940
3892
1446
2072
2892
5878
3076
2794
12
1288
5765
171
165
3797
3315
1794
3649
5117
6313
6370
55
1999
4676
6537
4886
5017
5504
1890
1986
2622
4645
294
5653
3869
2187
5299
4459
690
4625
2838
730
2238
5732
1417
6432
2674
631
4679
5062
5716
4582
2945
1113
4698
3732
3443
3856
3858
4921
3201
4113
6322
5508
1971
4303
2755
6637
1425
2423
2385
6029
5533
5491
3414
5900
1291
4538
315
6061
6608
4033
1999
2384
1222
1728
5564
4917
5894
973
4355
5258
117
1450
6100
4374
809
6442
5962
6442
6419
1080
6532
6679
4765
4913
24
1097
4021
6944
6648
617
4487
3844
3397
6677
4153
4942
3595
6589
4118
3651
3249
3428
6102
482
3213
6157
1541
2842
6345
3981
365
3319
1993
4625
6674
3118
5298
72
5480
4824
2324
5839
6046
3272
6391
237
1455
5400
3456
3026
4809
5974
262
4237
1146
3685
6385
3484
4580
1289
4804
211
3179
2118
3700
6569
6003
3419
5170
6726
45
5476
6491
6552
3370
4150
5257
4210
2266
5787
4239
2994
2429
770
4823
3904
6757
4589
2038
300
5195
6605
5249
1067
6257
1118
3921
5016
5363
117
2296
1881
4750
1605
1845
6158
404
5339
510
1031
3603
3061
2637
1936
6369
2245
3755
706
2005
561
2442
2270
5834
3662
6024
2458
4081
2567
6534
3716
2011
3977
4874
6719
6950
3494
800
3618
5468
6254
1387
3551
3906
5134
3087
4710
5008
3174
114
2691
6034
620
136
1286
5279
6417
6922
3218
6780
5248
1717
5086
103
1149
4009
5240
1889
98
3576
5721
2153
6643
3343
4725
623
3834
2103
2333
4887
1972
6096
729
667
4301
5494
5252
3662
510
5900
2130
3143
391
5345
3601
707
3225
1484
319
6353
845
1835
1414
3705
3113
2426
795
702
4991
1895
5349
2791
3623
4266
3121
6002
751
3329
3794
329
800
691
1811
2026
3839
6905
1293
1688
3532
2144
6734
169
3807
3682
4543
714
6314
1487
478
5648
3564
6175
4873
6523
3316
3154
3142
6721
2711
6041
2707
1033
2695
6051
6078
3668
555
520
6765
1069
1468
3527
1947
3623
6406
694
962
3074
1095
6608
4378
3916
6884
5078
2603
4692
4139
148
272
1732
5543
1942
961
3072
1445
916
3959
5841
740
5342
2542
6568
2581
5566
4543
2228
166
3488
5188
6285
6210
2484
2821
5518
2514
273
3634
6738
2160
4869
4441
5153
4005
6605
6730
5880
2567
665
3171
1558
5911
1719
6327
6412
583
1349
632
3774
2788
3291
4257
5995
5470
6862
2727
365
6621
2077
6487
3659
5677
4341
1199
1202
4085
2917
73
4989
489
3388
472
1439
2953
6645
1648
5960
3683
3463
4251
5250
6773
4614
853
2321
4119
2014
2525
4746
5571
2671
478
1064
6904
41
6439
5780
5385
1249
5651
977
6939
1177
26
374
2583
4654
3747
642
2063
1976
4200
5752
2817
1106
5764
5276
1189
4823
3242
5094
5279
1747
6334
5673
6304
4832
5198
4095
1206
4449
3969
3374
3200
1069
3602
2198
1547
2279
2183
3255
1547
1032
3530
1061
5062
5653
969
3889
2299
2797
3574
3354
4691
5703
5054
1899
3705
3033
6079
3311
1605
6695
5327
6222
5918
6495
6423
1320
4404
2137
2144
408
1341
6653
1698
1260
5315
2532
2229
2052
2786
6825
6793
3374
6000
3355
576
4788
2554
3115
132
2616
5999
3417
4173
5307
971
4821
2321
5398
2564
5158
5016
5048
901
3827
5211
2490
1569
5610
660
5598
5841
6684
1967
5961
2376
3306
111
3923
1355
5910
502
3362
1281
109
3297
812
1985
1637
4268
6201
1823
385
2351
1052
5610
181
5710
1216
3
6511
3897
1132
2545
3387
2532
1264
2750
4902
3566
2193
4686
1646
1544
1807
870
2575
134
359
1655
5150
5619
3006
4894
6604
3197
1121
226
2140
6141
5592
6868
1845
5496
611
6867
2170
1373
4071
2062
6346
5785
5154
1681
2476
6452
3345
3173
442
1440
6243
6111
5904
2212
6437
3861
2773
3873
5215
2581
544
2637
5455
2466
2997
5890
6717
2768
6290
5689
5382
1503
711
1403
4327
1680
2032
2285
1041
6170
2005
1991
6648
4982
5352
2313
598
6072
3793
3120
1
582
6641
6027
2592
399
550
4390
1222
786
336
4922
4615
1390
3418
3839
844
440
4024
3305
3207
5529
2658
2780
1462
2284
545
1154
4693
427
2812
6546
836
6103
1024
1178
1255
4299
420
1357
859
4677
1985
1594
2477
5982
2481
6828
803
1960
5104
6081
2913
78
2148
1448
4431
4074
4318
2617
6268
4482
5285
2354
1845
3141
4702
5743
4812
3279
3420
3737
2222
5868
5602
1862
169
994
240
6136
5388
5326
4460
5594
2048
6666
2719
3612
1416
200
3572
6031
5763
1013
266
453
4498
3027
6147
6949
5710
5790
3678
2199
6825
1603
3210
6231
1897
6709
1382
5622
1041
6391
494
2069
3983
3096
5067
1513
1764
6708
610
776
4540
4021
5859
4691
4658
6670
1063
2038
5464
6284
2582
4111
5306
2993
3018
2073
1955
3349
4659
3592
4422
6367
3441
1286
6798
1233
3465
2858
1307
2732
6115
4310
3467
4522
118
5270
6173
1607
2333
5765
4740
5940
2495
4882
5191
5080
1391
955
3526
4913
1259
5135
2555
2066
4331
710
6786
4847
5691
3224
3308
311
4148
1322
3030
6410
4
4161
668
5891
4076
2655
5409
3
6594
5247
3751
4114
3697
1283
4676
1154
4470
2584
4877
4271
263
1288
2357
2171
1696
502
3789
6259
5622
442
5314
677
799
3287
3368
3010
3656
4064
1729
6830
3146
3731
4344
4968
2211
1532
5205
4245
3010
1333
4236
4614
4594
5313
3387
3159
93
1
3854
5648
6799
5914
2971
1060
2476
3783
2832
36
3542
407
1081
94
3116
3906
5584
3260
5208
5624
1004
1725
63
5023
6013
1378
5713
6577
2250
5771
20
6796
4734
3505
3542
5987
6833
415
1623
4859
676
6577
2359
804
1571
629
4956
194
4728
1123
5895
4142
4610
4670
2397
4761
1861
6407
975
5377
5068
5641
1534
4129
3474
3989
4864
6816
3278
2593
3340
19
3366
6529
6669
3635
5198
6423
5694
5154
2684
1153
583
5626
5150
4385
5510
6419
2106
3312
125
5543
56
27
5496
6261
2778
3218
6686
3303
5955
6564
6323
5269
390
5300
4524
2472
3768
36
1986
6340
5624
2
3201
429
350
1539
2552
5702
3671
627
3865
3104
2595
2488
4861
6421
4596
3
3779
949
2622
2711
4165
1698
762
4584
2599
6344
6140
317
1831
3742
6532
3623
3655
6226
3065
5930
2339
5657
4439
6635
3396
3912
6916
2573
6152
3500
2137
3410
4065
5451
2334
4387
2669
176
5517
5430
1109
3483
2674
6322
6665
444
3595
3865
5612
2358
1017
4394
1294
1882
2003
5433
5206
3469
4850
3214
1396
165
3892
3090
1331
278
4541
6635
1227
3493
5147
2820
2786
5250
3701
179
4036
2433
4464
1796
4993
3005
2910
4056
3246
1531
6128
4035
4188
1299
2243
6202
1709
904
6799
5642
1309
679
4588
994
3784
1289
5852
5199
6672
5631
6190
3989
562
4436
5035
1982
4583
5437
2972
1818
5591
5991
3949
1794
5347
3523
6596
2217
4648
2614
1140
6324
4667
3287
5165
3895
4781
6555
230
5645
3886
2008
6702
200
3103
3141
5029
724
5505
6228
2290
520
5381
3115
6826
6023
6701
2633
4260
3912
5425
2913
338
6671
5271
6104
4806
4869
5356
4307
6071
2061
576
4724
3365
5458
5715
1731
6271
3439
6548
157
5496
4068
2220
832
4025
5940
213
5930
3293
606
6486
3616
3423
6298
344
5541
2836
3548
2181
3049
5273
1904
390
5684
4655
1295
4094
5819
2736
2950
2020
6806
6219
6360
267
1037
4016
2109
6048
5790
2109
5081
3165
2808
6108
2349
3949
3026
3712
4509
2067
3297
3913
4105
4106
94
14
2395
920
5809
4987
2386
823
5819
2536
2645
1387
3924
672
2240
1388
2872
1352
1466
1356
410
6900
4708
458
2265
1019
4619
3038
3479
4020
4256
2875
1679
134
4691
741
3428
5751
3240
1153
6092
1383
5680
3835
2880
6159
277
1808
4126
1818
4822
4922
2017
4758
468
2703
5355
4104
4601
6727
4772
2311
4349
425
6793
833
5072
6344
4420
5174
694
3591
272
430
5939
4629
3784
5771
95
3067
6233
1597
714
559
5209
4654
5338
6626
4533
1303
5305
6359
5727
948
5547
799
2256
883
4772
5797
241
5110
596
2051
2299
2989
1339
5849
1977
5633
5636
2692
2682
6202
5846
4623
338
2972
1351
4813
790
4775
3046
5946
527
661
5524
1084
326
2874
970
3926
764
6694
4524
3549
2920
4731
913
3070
2038
6353
1433
5069
1770
3821
5435
219
3239
3884
1524
328
5127
6301
1473
2196
653
5957
4990
6537
4704
297
3303
6545
4554
4102
4635
2164
4531
933
4587
154
3578
5912
5252
2555
3961
216
3255
6342
2904
4086
630
268
434
220
5449
5643
263
3437
5920
2157
3706
3144
6286
4235
5968
6418
6099
4407
2094
1194
2350
6953
1668
4670
1073
111
2444
5513
3890
2062
1380
1771
6578
1834
4289
6518
1425
2307
104
4351
709
6297
663
5368
595
724
2211
6345
1715
4820
5041
559
5955
1612
259
5521
3229
3066
3092
1188
4186
1564
4567
5806
3689
4702
4986
597
4482
4665
2147
1247
2274
4012
4594
2185
3263
371
3225
6805
1909
1833
5997
3841
496
3864
6338
3336
760
5138
4148
2106
7
1147
1024
6818
3596
1401
4518
6622
6113
2251
1688
5755
2951
530
330
6054
3164
6157
6422
4193
6870
2268
6830
2830
5212
3593
4177
6396
1371
6508
3198
6547
2747
4587
1135
5870
1303
629
3470
5846
6859
3643
4933
6587
2103
6230
1165
4838
5177
4336
3805
1496
6591
5160
970
4693
3504
1207
5734
3922
2221
908
5180
5392
1611
6511
2159
4804
3213
924
1088
676
6352
6076
3036
320
3630
1856
4087
3855
6592
4497
6605
96
2054
6076
2400
6121
670
61
5666
307
6743
4262
585
2061
543
4516
3874
1606
2926
5066
138
5350
5120
4518
4506
5175
5583
5770
2222
4713
1282
5650
4478
6016
5036
6698
5860
6799
5303
1036
645
6686
5605
2096
4048
24
1767
106
5555
906
6742
5378
3373
5517
2193
2770
4816
2964
4427
1575
5605
1828
1107
1515
3637
245
3931
4207
36
1686
6334
2353
2310
611
2552
6873
3381
201
2534
1902
3029
2147
4153
4614
4275
1080
1175
1127
5249
4532
1204
3856
4742
6174
3110
2138
6137
6091
6945
3477
4396
387
2828
4417
256
1894
3848
118
6484
3186
109
276
5500
4562
1166
1248
2016
475
4734
4609
3222
282
2222
2387
2085
3895
3655
3536
3436
2206
5052
887
835
2541
5342
5153
2751
5482
4816
3778
4392
5243
4619
1180
2207
2063
1018
759
5957
1892
6593
1658
6336
6354
5762
471
3631
3516
1212
3421
2110
3926
1661
2705
5967
4788
1834
860
5772
3907
1717
2929
2830
4068
4854
3180
6470
3468
6550
3878
5237
2414
5101
6923
5904
2010
6051
4673
2281
6128
592
4233
3978
4507
3253
1944
272
2673
164
318
2667
1797
5708
6656
1615
1654
4688
2511
93
5110
5233
2327
5545
1131
1651
1042
4340
2568
6326
2695
932
4284
438
646
40
6191
796
818
3947
2596
2378
1757
1832
568
5090
2801
6003
4670
3871
537
701
5145
726
1161
5883
2504
4417
3186
5633
3575
1186
2606
5216
186
4110
480
4173
2756
1099
2026
5283
3449
1161
6887
1803
3628
2083
93
6087
3822
6914
53
6280
5927
2693
2586
1180
829
3540
3464
6258
2855
1779
2850
4950
3557
5082
744
3993
2961
2953
4945
672
3893
2704
5869
269
6066
4505
2201
6676
6777
1792
4716
4975
404
5704
1844
5817
1243
3873
842
5931
760
1573
1841
848
3271
840
6461
1650
6598
457
1359
5054
5390
1184
5431
5097
4973
426
6951
2206
4164
3319
4401
3064
931
6371
3024
1109
4651
1159
5665
439
6309
3414
3592
793
3325
6506
1020
3766
723
3969
3282
5399
693
357
4597
732
6412
3798
3757
152
625
6249
4247
5768
3753
3476
4822
1690
2328
6044
2083
4586
5085
924
835
6411
5180
6024
4636
3166
1451
4788
5745
2463
4593
2112
5964
3191
6262
6464
3835
930
488
5799
5446
3655
3616
1180
2882
1918
957
1660
3280
759
5140
3891
4219
6198
1957
2999
2633
116
5940
3500
334
457
2159
2646
3752
6541
1268
1912
879
4294
308
4470
3576
2212
3736
4380
2910
5087
5189
6304
1600
5700
3958
4152
3700
5967
5703
1782
3134
527
1470
6305
4914
4838
2224
3762
466
6091
2915
1918
1529
6248
4761
4808
3610
4129
2114
6619
603
22
811
2779
5701
1318
3245
3753
2216
3467
5161
1370
2521
3745
3894
2265
921
3780
2106
368
2970
1595
6899
1204
5728
5241
6814
6734
2462
4986
5225
711
403
6044
5312
1904
2063
4997
2866
2337
3839
6398
3703
1376
5009
1839
5438
407
395
951
5835
4615
2719
5426
1929
4630
4652
2936
2932
4347
5765
5166
889
2469
4657
2704
3004
2502
4216
3011
571
3832
2525
6302
6591
4153
263
5730
3237
3896
5977
3673
3512
3546
1572
3409
6533
3065
2309
3712
4897
6543
193
436
5736
252
231
2319
2891
2397
4260
5518
2453
1323
6487
2955
6448
3120
2590
5567
5553
4639
5646
618
5010
2277
2816
531
6710
5972
310
4744
2929
4736
4608
4930
101
5089
2410
4631
5826
2722
5068
5555
6214
1720
5597
4768
2975
3814
3816
5426
6023
5
3728
1775
6147
3162
1320
6582
5201
4213
1876
4337
3355
3462
635
1079
108
1151
4748
1537
4260
456
2752
1382
3997
3965
969
1436
5781
168
6850
6000
612
1475
800
2800
1680
4922
964
479
5646
6459
3390
5353
4444
937
1061
1422
6587
722
2888
4010
2160
6814
37
4552
2231
1826
461
6742
2964
4976
4627
2451
208
619
5255
6808
248
5960
6605
2162
4056
4216
897
2321
750
4686
5839
1667
6144
5102
1371
6440
5170
5833
662
6197
4149
3781
4135
2852
4400
6476
6517
5521
5856
1771
3154
5017
5936
1504
1560
1284
4273
6496
5657
6512
49
4019
445
1210
984
1393
5678
2231
4213
1433
2764
6420
4058
1648
3821
4718
3981
2823
5599
3319
5420
6501
5442
976
3771
3703
3599
539
2449
5697
888
628
3278
1607
3286
6655
3233
2001
3413
5973
2015
5779
4895
2102
4121
1663
1853
6167
6328
26
5699
2951
4575
1969
717
174
5272
6222
333
5210
3894
1955
3606
624
5856
1194
6802
954
6077
2328
361
2318
379
624
456
713
2746
1240
3032
361
348
1393
6365
925
5948
2305
1937
2498
2388
503
6726
2508
3544
5625
5236
6027
5182
6127
4675
6169
1449
2741
5806
2425
4830
2769
3803
87
5456
6178
615
6902
6419
4205
641
3245
3889
789
6189
2989
2183
4866
3846
5493
2147
1588
6161
2724
5081
2051
1587
1481
4823
5236
2907
5857
715
4445
3940
3919
4760
5607
5074
1855
131
5408
6132
2400
3779
6732
5687
2521
141
2456
1481
5802
1865
3047
1047
1330
204
3746
3436
196
6417
5632
6770
188
2230
2623
5319
325
3249
3857
6740
5834
1769
1730
3482
2882
245
3761
594
4077
6283
4027
4477
3725
4185
2839
2838
6562
1447
1092
5106
3805
3221
2625
1580
21
2576
2347
3751
1653
6196
3344
2455
3791
5706
2348
101
4090
2134
6527
5881
6823
2045
2471
6135
4827
6151
5760
466
6831
2024
4626
686
1687
349
2079
2922
5592
6698
6193
6603
538
2182
5790
4810
2998
2577
6892
6437
5563
1401
908
4196
1380
1551
2894
5250
2732
4985
6345
3398
3426
2767
220
4836
2048
499
2009
6909
3769
3922
5658
6476
4564
4333
225
5231
3621
2597
1486
1502
3069
2575
3277
1316
807
3509
3898
1503
1134
3496
986
162
2187
5069
3035
2320
5176
1748
1859
695
2158
3177
4318
5141
6815
5030
5036
5720
2668
3473
4423
4093
6552
89
4660
1290
829
1122
6638
6288
4673
4193
497
5456
3373
1219
1877
6069
726
4586
3440
6416
6395
1685
3418
2650
492
2850
5906
5710
175
3114
593
6370
485
3189
5108
3680
3279
4832
4059
3579
6645
4184
980
6101
6705
5102
743
1620
3018
6556
5413
5220
2776
716
581
62
256
4435
1244
1204
5571
1625
5306
5619
6886
2352
1786
3299
5339
866
6884
600
230
6358
3845
4985
3862
4508
2292
1984
1181
6218
6086
3605
720
4640
6719
5682
490
6440
1444
5803
5379
5129
1525
6051
2089
2672
5762
6421
2445
1396
5585
5022
405
4248
650
2995
917
1938
1722
5835
5856
303
4918
1076
5186
1832
3173
1234
3147
2950
3125
4637
584
5387
5589
1592
1867
324
3639
5683
5341
2897
5751
403
2400
1525
3759
2666
1579
5367
4286
3020
4464
697
355
648
2621
6396
6864
1981
3847
6093
4134
101
100
5637
990
4084
3330
4763
1858
1627
6643
3085
6507
4300
3711
507
5512
6766
386
1654
6957
4729
4754
3829
6068
5567
3187
1794
571
3733
5797
3938
1502
410
4901
1696
1725
5505
1593
5242
2487
1515
1206
81
2530
4149
6296
1314
3216
1366
6063
1855
1983
2648
1156
4403
2385
1632
2529
160
408
216
4913
3731
5652
3107
2976
2756
5947
632
4272
6303
6801
6551
3211
1770
4776
5749
403
3788
2573
1633
6941
860
2474
5435
6548
1881
5423
2369
3265
5198
3133
1192
6527
4589
1263
5843
3672
3205
4732
2454
6896
1730
3556
4177
1056
6788
4833
429
181
6585
1686
208
6518
5175
1006
6458
3047
2551
6667
4169
5905
1173
5093
6670
5223
2834
1725
491
3090
3130
1002
1200
4828
516
5056
2233
4077
4311
3005
6624
4197
2943
6365
364
767
417
4375
6832
4054
2521
6781
2063
1387
1940
1285
1785
1603
809
3738
1908
4562
3424
878
5805
5309
3742
3575
5495
1307
4978
5746
1997
114
2288
4499
1423
6517
3961
5796
10
6312
4428
4720
525
3961
3901
2927
4290
1755
4962
4831
3826
5742
4934
4762
5267
4849
155
6214
3459
4761
3205
1134
3390
954
2746
2783
3695
1233
6030
3938
2572
2956
3207
3467
1696
6536
5762
3330
1339
5078
4917
4297
6893
2023
5169
4711
6037
4911
1373
4420
4560
3756
21
1082
464
4316
6205
2480
6843
3404
6524
4669
935
22
2405
2167
5322
6159
4088
6861
2260
5124
1595
617
3263
6668
4980
221
4151
3017
2368
5927
5532
700
3599
5873
2095
598
5682
3583
3595
1562
6238
1937
398
6005
5782
2383
5185
746
6380
1936
2342
872
2280
2634
3691
6769
331
1245
6589
1679
4038
6273
6835
2721
4816
1742
4505
6639
3512
6740
5314
6857
314
678
979
571
4365
2401
5901
360
4513
2888
5526
6271
1554
4044
1729
963
5808
3669
3925
6932
1997
837
6835
308
4330
6115
3307
6497
4058
1053
642
2839
1047
6570
2403
4526
2168
4709
1627
5862
3019
2324
6766
444
2165
2077
824
3668
2908
6120
2292
3030
2558
494
4364
5874
1874
2556
5977
2857
4396
5868
4887
2655
825
6165
1753
1539
890
5127
3057
3229
1371
6431
2768
4530
1996
4163
2747
1226
6103
6323
6775
487
4585
6544
5620
4276
4536
6397
1169
4459
4306
1342
5958
6336
4545
4946
1918
4720
6888
2541
4986
3956
3296
3743
4760
1887
3846
6561
3097
2877
1561
3660
2894
1393
6845
109
6460
74
3161
268
833
4929
2276
6287
5820
4145
4479
5341
2152
236
6613
5077
563
1866
5946
673
4673
3718
5098
986
2342
3967
4049
4115
3210
1640
482
1786
26
5346
4684
82
2832
6945
650
3124
3818
1518
6233
5620
3221
5251
214
5724
6251
5554
1040
3642
5242
2040
5489
2865
1019
6775
1124
6857
3802
2903
205
4006
3666
5254
4643
343
4787
3499
4403
1473
1016
3431
6099
5556
5136
3128
2723
2638
6197
4054
2463
818
6608
2502
37
4746
6888
3601
2867
5598
3072
5315
6468
420
1377
5872
1496
4981
1541
4830
3977
5613
6852
1980
356
4931
5684
1873
5260
6317
1995
1287
5076
3004
3208
756
229
1593
3614
82
1201
2652
6525
5572
5026
1468
1218
122
5876
3238
6585
1181
761
1369
3368
5225
12
1980
2156
3712
862
4487
3327
3960
777
1901
5318
2050
6122
4912
6218
1935
1948
3237
402
4246
4875
3309
2108
2439
6179
1929
6379
893
6747
2870
4649
3601
1044
1561
785
353
3036
2710
1917
1453
4797
4741
3465
5032
4175
4562
705
3733
4214
3144
3256
3622
6563
6084
1328
6269
5582
1271
5610
2398
3901
120
619
6061
1890
427
4584
3578
2693
767
3611
1146
4678
709
2370
6952
6368
6052
1409
2055
1424
3982
1694
6462
1919
169
2272
1042
1952
718
2435
2161
598
6532
3968
1842
2009
6958
5657
4875
3014
6036
6137
2173
5305
3857
3616
819
3518
1883
2375
3527
2487
4610
795
1841
5117
928
6807
3262
2465
6187
4455
927
1255
2399
3794
247
5280
2935
6551
4374
3078
4011
6126
220
4160
1448
3539
3309
2992
6882
6547
5949
4349
5016
148
5871
258
1177
1108
2907
3918
6143
2491
1222
2757
2239
2021
3859
2447
1090
5726
5228
5854
5631
648
1591
1918
2946
2590
5927
6216
166
5433
4025
890
327
6618
5693
2473
3266
6076
4734
640
282
6234
5330
240
4669
4031
6880
2145
2163
5865
421
11
2530
6053
4431
822
779
1002
2527
2196
2389
249
5087
2680
5553
1376
1041
1347
5966
1134
4535
6018
339
5098
2568
4543
2195
281
2297
42
5857
6845
421
5698
2225
6428
1911
984
1406
2029
5809
1551
5028
1537
461
3728
409
6921
2123
4821
1565
6936
5775
1360
5364
2398
4079
155
1197
6015
2236
2175
1125
5743
3829
4087
2371
4280
2843
2228
1251
2263
1424
4306
1471
5805
6376
1357
2092
4515
3121
2666
183
2570
352
4167
4933
2448
1143
2431
2813
4258
4923
6930
4276
6574
2513
2411
6464
3642
833
3441
6827
3953
517
2870
4184
6744
5735
3036
3951
5484
8
3488
4314
939
1978
1227
4308
6476
1286
5570
6499
6217
982
1318
5021
6467
3050
6720
1986
206
6931
5384
2259
352
6250
1959
4152
6196
973
5733
2538
531
4418
1305
3526
6783
6434
2687
5620
5755
5184
1941
3920
6212
5804
5748
4159
3811
692
4916
6931
6177
1421
877
4369
1004
2498
6287
4489
2489
2617
5963
5123
1950
4947
4305
975
2372
5970
3586
172
6818
4502
2959
5018
2901
1333
366
4378
4698
3900
246
2669
5388
959
5744
2151
287
4076
4500
1892
4629
2068
3371
5837
1274
3346
543
6186
6933
5561
3427
1449
6950
6033
2884
1630
3637
1982
6958
1906
455
6639
4722
6114
2423
3220
2801
3400
1015
6291
1860
6346
4246
6731
5887
3124
541
5011
1142
4393
5139
2113
6784
5881
5407
1363
6124
5647
6301
5954
2097
1239
5051
1713
2186
4439
2085
6540
1286
3805
6122
5840
910
3396
3310
2931
4200
6433
4477
6561
4928
5845
1164
2860
2710
6235
3037
5853
3214
6578
700
3841
1898
2282
1943
6451
4801
6378
3041
2416
4008
769
6444
3226
3909
2772
4554
1799
345
2413
4179
4358
5562
4667
2013
3255
739
4913
3773
5840
3301
2809
3817
1199
1828
2228
837
2562
5540
1892
1852
287
1082
4884
853
4938
2144
2394
1639
5847
2524
6257
5095
856
4829
1763
471
1124
5312
2317
6816
6383
6329
1018
1941
2671
3352
2052
6744
6413
5368
132
6502
3049
5579
3056
6299
4197
5960
6664
4973
5370
4457
3818
1158
39
826
1388
5125
6768
4575
5869
3289
6325
5317
271
2566
5873
476
4758
3550
872
6471
6553
3286
2307
6488
5754
6326
5335
4382
3085
3945
5171
4258
3054
3119
3992
6710
2004
128
6287
4220
3460
3247
2708
5420
3064
4831
936
6615
1137
3083
1075
3533
3508
543
3013
6622
6407
829
1910
5658
4832
4662
4987
700
2067
3879
2926
3811
3316
2721
1451
2992
604
250
6565
4281
1827
638
1522
517
5888
3616
3403
567
5103
2344
3157
4723
4076
5766
1761
677
6591
4574
4793
4576
6468
2960
4303
6695
4668
2377
4278
6955
2284
574
1798
1551
2841
2799
251
6439
4978
3459
3094
1770
3966
2369
2824
5436
6884
6647
3399
1946
2581
1090
5662
2602
3448
6324
6757
2546
5811
505
6188
4201
3928
5356
3588
4784
4215
4015
6336
4170
5012
2393
3308
2958
4805
491
3416
892
3340
6133
775
5957
188
1337
4171
1056
4282
3793
5676
796
5508
5797
6009
4044
2983
4149
1659
742
3128
5382
385
2784
4940
3576
5724
800
1201
2529
5487
5468
4880
3957
1363
724
436
721
1542
553
2537
565
5262
4499
2804
1923
5620
1100
6110
1122
892
2350
2815
6136
4016
4554
1799
1745
6892
6513
1021
4016
2489
1288
4430
2295
4675
4187
4304
3682
3752
3836
5611
741
5168
3971
6072
4680
6258
4269
645
3715
1658
4337
3806
2452
4694
2186
5185
1389
690
2630
3581
3850
2755
4064
524
1025
4377
4122
2332
2858
3538
1469
5009
705
5475
2074
6878
340
1701
572
3787
4858
5256
5211
4219
974
686
5470
3135
1977
6264
580
1459
2436
5529
6917
810
6184
1003
3370
6230
132
42
311
3083
6395
6696
470
5123
4365
4057
6039
310
3312
2716
5777
801
2965
4520
5107
895
3207
1752
5020
408
1786
1868
1872
4155
1454
2413
3091
4245
1819
1541
4707
5157
944
6702
3989
3241
6577
402
3383
1663
3389
4414
1917
929
786
1135
3501
5842
3123
6270
2298
2094
389
3653
1030
4951
5740
5011
2170
6027
871
6464
5277
76
5443
2670
5475
509
2406
4144
1941
6148
4043
2689
6050
6596
6204
5567
190
4495
627
3272
573
1568
2468
5269
3421
2085
5735
1076
847
3934
2404
6632
5203
6572
1838
3561
1170
4093
891
1963
1290
6081
1126
4452
4955
6782
1876
6391
1560
5105
2163
2843
753
5794
1205
670
534
6427
405
1126
4549
1134
4678
535
3455
6703
3117
3309
1747
5830
213
91
4046
5433
2764
4190
4898
4420
6781
957
2365
5190
4023
6585
5599
4821
3350
1604
4965
1493
6150
6247
4794
633
4155
459
2174
1418
3297
5554
6806
3344
3998
1827
4524
5124
1060
3580
277
6506
6762
4641
1523
1960
1675
1247
2041
498
1188
2254
2930
1243
3883
4757
2253
5575
5100
696
1475
6915
987
1562
5309
728
3470
2296
3062
17
2639
2288
3268
6722
4725
2356
1073
334
6340
290
6032
716
6694
6792
1525
164
6005
5369
1773
1634
455
1773
4530
4672
1229
2930
3827
2740
3438
4758
1894
774
181
6443
4861
437
2484
3062
794
612
5766
2840
1398
6913
2116
5522
4809
3264
6886
771
4943
4147
3092
1058
1632
5986
227
2682
3685
636
6942
875
2494
6357
3412
233
6921
6955
3050
5319
6866
5927
1020
48
5234
6629
4709
3927
4029
6184
6240
4388
5922
5640
1916
3620
4437
6299
4994
5282
2189
5046
5232
1277
959
1139
1045
4387
3345
6136
5677
5517
4892
4745
1824
1420
6932
3292
6446
1609
3149
1411
3663
3936
5188
3672
976
1810
2388
5840
4800
2520
6776
3317
6822
278
5848
1285
2335
187
5020
2270
222
4007
1393
5112
3220
5946
2656
5995
2734
3333
6939
5196
4125
1526
6480
1362
1657
2587
802
6854
2872
447
2825
4133
2456
6296
215
1201
363
1025
5703
6834
589
2038
6162
6897
4593
1539
5695
184
6446
3844
3600
4894
40
602
2319
3803
3999
2854
4426
1754
3648
1622
5027
6643
2781
5526
6772
1346
3252
898
3626
3971
1094
2046
1376
4409
2215
1962
6447
2897
1660
6654
6319
6039
5871
6935
1257
6642
6887
5429
5706
2991
6499
1919
3146
6404
5448
1846
4617
1030
1493
6569
3308
913
3518
2882
4453
2635
4755
1771
5967
6255
3677
1037
1031
1831
1396
5205
5873
4598
5692
4251
4324
5560
4492
6187
3624
5629
1699
3493
788
5552
3520
6317
1101
6121
870
6924
5476
880
755
2298
5529
3808
1848
3819
6191
2614
2310
1170
4507
3291
5303
6676
5929
5749
5380
4637
976
6110
2502
2039
3644
3422
260
157
4298
3015
3187
1995
6805
2258
2493
6633
3843
4389
299
5419
6951
93
2245
2206
2487
6471
6501
899
656
4046
2143
5233
3572
5393
3687
1144
11
5380
5539
349
4833
2212
6421
2562
1828
6489
4345
6000
4246
4791
788
1228
256
156
4602
653
1176
5376
339
6604
4381
2524
2597
5869
1478
468
2085
3088
3337
3926
5483
2421
3502
6836
2382
2245
6295
4926
3655
154
1682
5088
1687
376
5968
5160
1014
2355
3327
6198
4002
2000
5041
5963
752
1389
6057
1638
6123
6340
1673
1904
6106
6316
1042
3743
4463
5046
5758
4146
1239
2439
2221
5231
4763
6910
6338
1447
1408
2417
6823
3892
4280
5921
2998
6272
3489
2840
1389
1902
1018
533
4386
2354
6607
5581
6879
1839
6621
1429
4807
1473
1490
5099
3766
1063
1435
4827
1430
4405
1607
6904
1436
152
5356
6659
5699
1167
1881
5330
1395
1177
3035
710
152
2663
5667
6153
1587
328
1498
593
5370
4704
1835
4199
408
348
4613
4818
6105
2456
3817
4340
3349
1402
667
6111
5757
3818
1857
2290
6651
2966
2928
1069
204
5870
5454
2640
1023
1295
2332
4145
3306
6582
70
131
4393
2111
4875
4478
4842
6752
4451
2956
4971
1459
1537
96
1767
3817
6274
5200
6691
2237
1237
5301
3265
2496
1810
4253
931
1460
4632
3608
5904
6500
2144
6847
6285
327
1165
4544
959
3240
6206
4946
3034
2720
1256
2211
5883
5118
6868
2314
4969
2877
4847
3220
4023
2519
5217
6778
6399
5592
1050
5704
5515
814
77
3697
363
5961
4502
5039
3986
3965
5071
2412
722
5327
2081
1708
2699
5702
4948
2866
4041
2540
6527
4281
5163
5315
4407
1335
3222
6076
1438
5259
5419
6830
836
5896
1814
2623
1343
2495
2760
5157
522
3332
734
1965
4665
3656
6883
1420
3131
3343
5842
2544
3595
4737
6907
3354
6204
5783
1514
912
1731
293
2498
5572
5202
3770
5226
4466
2185
3016
4307
6591
5930
3374
2381
6088
2301
847
5196
330
4972
3409
1864
459
1733
5000
2024
4494
1478
1206
4578
868
6809
1283
3486
1089
4335
2451
5787
6030
4339
5608
5102
2734
3212
2105
87
2060
5950
960
5117
6252
3548
5918
6458
2058
2708
6921
1200
1920
4312
2014
2027
6562
369
3272
3641
4394
173
6607
3471
3270
28
6466
3264
2814
650
6018
4829
3360
5049
3817
3583
298
4801
4889
5521
69
5891
4978
2298
1961
1684
2954
2898
4310
5084
3377
5938
1217
4651
5959
5450
4968
2070
4984
200
2486
3146
3870
5468
5615
556
5860
507
4019
5724
4527
542
1685
2545
3801
6205
3996
5739
1724
5261
1281
1522
6746
5527
6574
4273
2356
944
284
3758
4866
1163
1873
1234
3712
4482
1315
6627
2893
5129
6185
2243
3567
5535
1820
4815
2810
1093
2679
5909
2139
695
688
241
6352
1254
4824
1066
552
3786
1246
6159
3311
5676
6768
4707
6343
5417
4210
1001
6673
5917
3517
4855
5146
6148
6816
5252
4620
471
2901
4416
5766
4183
5555
1447
6735
5450
2380
922
1275
3821
3789
1813
6463
4045
760
1825
6540
6013
2232
4451
1402
3457
1781
1694
5434
5528
1922
4631
6475
910
2767
4045
4588
5762
4313
570
1789
3507
6284
6193
4426
4409
2813
1720
2353
5387
3683
1539
2957
1293
3520
407
3962
807
33
4232
4248
4360
1414
4418
4084
241
2307
1886
2162
3887
2766
2880
5456
4026
3066
3366
164
1469
5892
3247
2700
3422
2798
3026
6203
2167
2762
6280
274
2960
6064
6321
2353
5448
5900
1077
6243
6242
4931
468
3344
6272
2339
6906
3480
1589
4187
4612
2516
439
2789
4754
6473
4687
2075
6501
3640
1141
1517
4949
4600
4203
6425
4769
3364
6594
1279
3835
2202
4870
341
5052
5996
4830
4719
2347
3899
6857
2361
2169
1152
329
5413
2944
4194
121
346
6520
1988
53
6241
592
1091
2697
5180
1287
5701
3084
3741
3559
5603
4265
5150
3693
3799
386
4479
769
5981
6154
6672
3241
3217
5865
747
6073
2884
4912
5888
5551
6351
6185
3110
6898
6787
4932
240
2398
1799
5063
3750
4240
506
5206
4143
2334
5471
4415
6098
1978
3448
6780
2095
86
1548
3318
6175
2748
6402
300
2700
6429
3131
6687
4383
2459
1591
6134
2291
1919
2154
4916
1949
3053
4274
3002
999
6507
837
4069
2866
3535
955
5907
1009
279
4909
2740
1962
1682
2179
6445
5092
759
2962
2322
5727
4826
6726
165
5178
6468
5938
4992
3434
6381
2441
836
386
1733
5853
4891
4545
3459
2733
1557
4855
839
2998
764
1333
5332
1136
2160
6812
5320
5741
3487
1669
1947
3158
3623
5346
3849
6820
2363
998
6540
6704
6331
5447
6802
4474
911
719
1964
125
4217
5956
3700
3133
1107
5177
757
3310
5353
3723
2151
2090
4975
4710
6095
815
4165
5133
860
96
1236
1429
6916
4951
3935
6666
6306
4094
582
6720
2668
2202
3285
3730
97
5345
2851
4517
4353
3136
3420
2631
1512
3880
3902
4217
1880
1085
4462
4760
4042
3544
6796
2818
37
5275
5470
4493
1805
1915
1748
2326
1786
4006
714
6049
3217
212
3864
6103
2162
1446
3462
3417
1643
5150
47
3292
2980
3984
5374
5210
1619
2396
3287
285
3232
6789
4202
5007
3923
2571
2007
6587
946
741
4562
2838
3825
4445
1669
6063
3823
4350
3452
707
3182
6351
6851
1064
5919
5890
2566
5359
2044
2685
5461
2177
1347
5902
6301
4415
5481
2155
2680
5372
5749
2739
2763
6685
6880
316
2507
6420
2211
6407
22
1695
4221
4901
6207
1153
2932
3326
1269
2115
6805
3456
4863
774
1420
259
4442
5625
2515
882
753
6329
6161
2036
948
1030
6906
5613
4323
3531
6797
2785
4532
273
5990
6186
571
1226
1925
2330
4044
1546
5739
5123
3942
172
4469
6072
5206
2721
386
6630
938
3402
2766
2810
6887
577
1060
4302
1954
5985
5412
4086
3228
629
1026
481
5805
4241
696
1652
3345
1369
3861
4804
1266
2053
2185
6370
1939
4115
2278
3129
3284
1369
2572
5822
1583
2732
1822
1453
3461
4102
4047
1953
4525
4386
3027
6903
3574
3215
5908
5823
2065
2135
6676
4860
2204
5219
2390
4672
5824
1719
4557
1279
1020
4302
4533
4848
6887
5615
4371
3785
1457
4051
6822
4444
5322
1745
2732
5876
6109
675
1473
1303
2839
6881
4309
1882
4234
400
4298
1437
1216
1842
6516
5545
2628
6603
6521
1623
5320
4850
2189
2392
4633
2016
454
6910
1885
4494
5469
3622
298
6723
1077
4219
5992
4830
782
3289
5973
5332
3324
3102
3052
2540
4504
225
3111
6722
1842
427
1786
5746
4687
2707
3095
4826
6913
2414
4893
1667
231
5262
3419
2456
6885
5981
1330
2999
5382
5125
4808
5315
4191
5962
288
993
6701
5626
6056
3850
1945
6815
6783
681
5696
6674
5341
5782
6341
215
5672
5682
6419
4615
2827
5576
268
4326
848
6069
3369
191
4446
5772
5960
2716
4387
3755
5746
4512
3921
2075
3848
1601
6614
3763
2020
2579
2160
5028
5349
2772
2946
891
5417
869
3021
2837
6460
3003
5580
630
5499
4077
3714
318
2232
2379
5089
6821
3654
2620
6645
938
6930
533
475
5293
4697
2588
2238
2409
1132
6552
4097
3499
1059
6415
5563
995
955
6731
3002
2219
2981
6476
1880
721
2063
1729
744
1064
2378
4652
1783
2022
4120
5710
4300
4716
1526
3173
3897
6037
5105
2752
5037
3085
5767
4842
3728
3308
1218
55
1394
5175
297
4776
3473
92
4292
6380
3008
958
3208
3230
286
2741
4493
4578
4700
1390
3481
3952
6662
1370
1395
5640
3200
6447
195
977
5361
512
4519
3068
4230
2890
3856
3451
1666
6034
2674
5662
6647
715
5235
412
138
5553
4799
6637
6950
114
3256
3758
1556
3956
4883
5197
4035
546
2397
2035
68
5318
2367
2792
6184
4793
6374
3266
4482
441
2873
2662
2525
3788
4024
2037
3014
4346
467
2210
6105
4556
4841
4743
4885
4370
2497
4959
2607
482
2730
6505
625
6342
2544
3784
1270
6349
4703
100
3339
2320
6404
4374
1871
3285
5413
5912
115
4321
4759
500
2607
2908
4013
6491
1858
1205
1226
855
4007
5708
3487
5396
275
5270
3615
6442
2334
6141
1499
4774
3077
6453
5890
3358
4489
4639
5627
5530
2751
4287
2856
2386
459
1802
3109
6035
3241
5994
1483
972
5207
2966
6223
2398
5376
1314
1281
203
3108
4704
1289
2166
2835
2303
6353
2686
2408
920
2724
4915
6143
6410
6185
297
1351
6295
3071
2492
6583
869
1148
1984
5586
4204
204
2534
2563
3431
5572
5937
1506
4069
5109
4511
6426
5511
2958
2594
6848
6862
5289
1103
2145
5289
6186
5395
3894
5247
3032
2605
4954
5363
6731
2435
3356
4574
6332
5120
2875
6653
2672
824
3116
3671
4412
210
1922
6780
5868
3917
5307
2644
6172
3469
6592
4308
3674
1638
616
5727
1700
1863
2639
2740
6894
5763
6244
5168
4575
1170
6631
3494
3355
4105
518
3029
628
5277
5124
4373
72
2778
6001
3132
2327
242
2205
3735
3152
3849
2116
76
702
3773
5348
6737
5024
2508
6599
3251
3086
660
6908
2513
6677
2262
2403
2580
329
5379
5946
2351
608
4554
5172
6785
5513
3891
5350
159
5866
44
2833
4317
3940
671
6329
2262
1811
3348
3457
5827
2083
6304
5337
4088
4108
5055
5650
2169
4298
2587
717
2727
5263
4257
862
4438
4287
5498
3629
2322
5192
5327
2467
6753
6817
1901
5302
4020
6791
3131
3247
2406
988
2302
674
5154
2255
241
515
3160
1264
1430
913
2556
5483
4731
1559
3075
2591
3188
2217
5677
2659
5769
813
2362
6679
6888
5093
6912
5833
4742
428
6084
6442
6437
5988
312
4645
899
2095
5035
2442
5090
921
6191
1528
1392
3081
4312
102
2740
1227
2657
3964
2790
1292
1186
3361
2820
1409
2384
5069
124
4514
932
5926
6388
3770
4591
2603
2119
4097
4993
3354
4513
5289
873
2430
2101
2574
4872
58
569
3207
4889
4179
514
2621
2798
2263
3153
799
508
3321
968
260
385
3213
4316
4730
1351
3905
4274
6102
6233
3382
1516
1321
4505
2043
1736
5033
1676
4253
3651
4976
2860
6330
2065
199
4415
1979
6320
6798
3398
1829
768
3159
6278
5078
5461
5743
4548
5340
1182
1443
1229
3346
5546
6696
5853
3079
3293
6643
192
5488
422
4815
2012
2782
5036
489
4213
4660
6079
4905
3286
3939
5963
3236
5875
5571
4368
6269
6669
4795
695
2624
5031
5885
1579
4290
1571
3202
3902
6681
2793
1304
5345
5379
6947
4273
1503
1453
3601
6120
3877
4803
383
5619
613
5852
4068
4651
3723
3629
5265
1324
5304
3139
4643
479
6800
2900
5075
6222
1146
851
2364
2755
5356
3425
729
4854
4310
6024
1548
3180
5103
2816
3532
6002
3545
481
3329
2078
6275
6478
2697
5408
5072
1442
6682
4402
2407
3755
3721
5893
5817
2286
5447
1765
5618
6614
200
5532
5117
5420
4800
1153
6272
4569
2357
1172
5880
1886
3164
4814
1531
1420
4926
4690
1543
851
1264
5075
6128
6475
4896
6318
3597
5789
1176
2111
2643
2279
4884
771
119
5411
3650
2121
6760
3959
1154
971
5488
145
4974
2659
698
2300
4652
2900
5179
4131
1105
1848
3073
3338
6724
3206
4548
4963
6931
1273
6630
956
4260
333
338
5760
4948
1523
635
963
4658
2465
2793
4784
4400
2500
4504
2812
5383
1969
1738
2381
6694
5855
5098
4609
2730
4506
5679
884
2163
584
4332
425
4608
1996
4804
6318
3100
1198
1174
2274
67
2294
2344
5080
235
4066
6307
3511
2548
6638
1869
2146
2898
4534
1840
4638
886
6207
262
2986
2341
3680
4835
5175
6157
6086
4623
5564
1467
2116
3652
5094
1288
1175
6151
313
6106
4998
4587
2534
5028
1578
4820
2222
6440
5855
41
4412
1873
4404
472
3789
5684
6043
3615
3686
3547
2950
2203
3419
5473
2631
1122
6494
1017
6876
5928
6839
4298
1934
5172
3441
6821
586
6909
3717
6330
1624
4003
1734
5746
400
2547
1088
5593
1823
5932
5682
6658
6372
5310
3571
3869
369
4581
6155
4681
774
5269
4958
661
5100
1766
3277
6281
4835
970
1886
396
3230
2233
1753
723
1664
6274
1062
5763
1642
2637
2134
2023
4549
5414
18
4811
3144
6238
5285
3202
5123
6211
5612
3925
5709
3758
4158
6843
4571
643
2327
6234
1912
4398
2079
23
5948
2282
6112
3156
926
2434
6586
5614
5874
362
4504
6015
117
6518
6187
4934
46
3274
5697
2492
3453
2488
4662
1445
3622
1612
632
2859
5020
933
4118
2616
2788
1575
3353
808
5630
2618
1604
5549
5131
5198
1357
1672
1745
4500
6151
3332
533
2376
2894
4084
2033
4132
1712
658
745
2798
6267
1641
2092
1690
6891
2176
6291
2191
3748
1943
4316
3687
2412
1528
1272
6145
4352
3000
280
1943
4889
2980
3236
2784
5238
6013
2844
6107
3320
5186
2241
5177
5599
1463
257
1055
5267
908
6605
4692
1297
1181
5880
4272
4490
6876
5595
3328
2040
2413
4112
4914
6505
1437
1213
1865
5192
6684
6110
2633
4060
4351
2203
6640
6418
6093
3525
4469
4754
3809
1385
4940
6694
4782
2601
4167
395
5514
1096
683
4055
1580
3788
3494
6078
5190
3782
3960
6100
3550
6606
2694
6943
6114
5416
4936
4322
6514
3700
2931
4860
3979
6440
1114
3329
5268
5920
5329
4794
5070
4689
5331
3707
2258
4336
761
3795
5271
1299
4634
895
4738
811
3425
1810
4934
3084
6866
2001
587
1417
4607
5966
2993
492
6173
6805
2331
3447
4887
4379
6572
1464
2847
6469
793
4535
2485
5421
6128
4826
415
506
925
2608
3865
3545
3261
864
3362
2846
1080
4740
1488
4890
4626
404
430
3291
1730
4418
4921
95
2092
1751
1209
5579
1556
2297
3664
974
3415
302
4339
6350
2263
2202
3999
6499
5277
5178
5834
3124
6497
3574
1209
6348
1174
5686
4488
449
2826
1319
1130
8
5821
3007
750
6246
2041
4717
2928
1181
1340
801
5503
261
962
6349
2261
5283
1803
6896
1564
107
80
2940
2979
3178
809
2698
1026
2812
4241
2546
6758
47
4353
3484
4637
6457
5828
1644
2857
2521
1971
6254
3777
5718
766
4304
5074
5472
1801
1450
3945
1952
3978
713
551
4272
150
5512
4300
419
6134
2558
4497
3273
1614
6836
5668
2501
2683
4168
1321
1112
6632
3439
1630
1621
2652
5733
1202
5566
6488
5807
494
6847
2202
2443
471
6091
4825
759
1854
6854
3530
4865
1956
2917
3282
6811
269
822
3028
2775
2522
139
1607
3486
2282
6032
1313
699
3458
6590
2802
2939
4902
6668
5642
6635
1034
6135
995
1962
1437
5536
5358
2007
931
5004
5541
1901
2856
2905
417
3561
6871
4067
4090
2020
3374
1020
3132
286
3151
39
1967
128
3523
5774
50
3856
6048
5762
198
1252
301
2425
4941
2133
4903
5165
3841
5331
657
1373
4270
801
4005
4417
1776
3468
6473
256
6711
283
2676
3571
3716
2028
3953
1878
111
5247
1216
5628
2511
3298
4759
2964
438
576
5516
728
2276
3787
3181
3859
1186
6941
5828
5806
1085
544
5256
948
6859
434
923
1828
3302
5809
4831
2897
4473
1560
5793
5144
770
6449
2143
4979
3566
4842
5670
5457
4030
5694
3626
4895
4909
4564
894
2854
3727
3050
6621
1634
378
2758
2130
2260
2598
6693
4172
5462
1318
2633
6704
6564
1400
3371
1800
4231
3040
3496
3306
2792
2058
5208
2277
6142
687
6402
6874
4486
2973
4125
266
4046
197
1421
40
845
2282
472
1318
4447
1711
4941
4699
2364
4802
4223
358
6010
1774
2845
4760
2079
2110
4666
4282
302
5551
3315
4418
4183
2414
460
1394
4410
5766
6765
171
3369
3257
548
624
205
3540
6828
4393
6071
4004
5699
287
5369
765
6757
3086
4621
6050
2529
6160
2110
4883
5714
4286
4402
4065
6557
3202
5575
4207
735
2936
4918
2379
658
3671
6871
2607
3354
902
4712
2336
1723
2829
3573
2826
1640
4061
4472
4547
5510
5563
1507
6860
4073
1680
1618
5588
2
5076
3451
4039
3766
3446
2672
5985
6411
3249
70
4361
6955
125
648
2374
6764
1404
2343
1183
5530
1886
2038
3384
6926
2632
2382
6844
6166
3104
6344
3880
6272
559
3191
4037
5365
393
2420
6263
3594
6903
6266
6459
6796
5472
859
1258
97
411
4493
4617
3164
1953
4008
5775
4517
3963
2653
5227
386
5407
4124
6025
5339
6373
4829
2297
4735
2572
5294
5502
1346
1430
3798
1885
2455
5586
4985
2880
6032
5765
184
3146
401
2654
3309
1756
4647
1746
3216
6478
4029
239
2941
4511
3438
4424
4774
3837
292
5242
3151
3709
1756
1262
1579
87
4133
6231
830
6357
3402
162
5897
6505
5338
2811
5460
5969
1261
5475
4189
825
2343
3918
5426
5121
5650
6073
324
6504
588
193
1532
4614
1585
242
416
1775
836
5217
4516
4293
3033
3169
4390
2553
3738
3165
5805
6918
5988
185
2746
4387
6459
6604
3007
6054
2246
547
6936
1310
5182
706
4575
2278
3021
3750
5035
4384
2405
1765
5810
3376
1945
591
6575
457
4017
5727
5861
1119
4613
3866
6210
4161
4857
2469
649
727
1619
2519
2886
4388
4830
1347
509
223
1207
5812
1462
4880
1588
6556
219
6394
3136
711
295
6779
5087
580
1517
2582
3188
6152
1435
2125
1375
5004
6805
4748
1185
3434
4451
4671
805
2404
1470
6710
2556
3903
253
2911
853
1188
4010
6640
6163
6819
2168
3291
4138
4106
3334
1201
3400
5183
2294
3337
6561
4445
5988
4720
3568
1954
5113
3456
2683
3464
560
6057
3509
3036
983
376
1302
990
4205
4576
761
6864
177
2008
5661
4683
2862
1011
2681
3321
2843
4932
4725
3235
3207
24
3342
2447
6598
4793
4649
795
3888
4665
2789
3894
3704
2138
6690
4570
538
4367
926
1397
409
4495
2946
3070
6889
586
4706
4288
1072
4494
1720
906
6071
5673
2515
667
6719
4209
1355
6762
1129
3935
1456
1724
2917
2825
3509
4417
1567
5876
6855
6335
3284
1174
1163
4489
1464
5236
2524
1321
5248
1191
5971
5290
5007
3699
5894
5227
110
5216
3103
3911
2219
6700
3181
6569
6376
5289
6348
3273
5133
3005
358
1175
4871
5640
3885
1225
6932
4399
5312
6323
5822
407
234
1777
5929
6188
5228
4870
5521
5379
1184
442
4988
5278
4892
6325
5941
3968
1612
6823
6672
2884
68
1649
2780
387
5637
4947
1267
2357
2184
966
3351
4319
1611
4227
2616
2907
2589
6713
4981
5988
5509
4762
4422
3235
1598
1836
76
432
3665
4999
5243
4166
2928
2120
5877
3560
2715
3256
6453
1298
6584
4960
1657
5774
440
2730
1732
1780
2662
1041
6243
2755
1174
474
5808
4098
2497
6553
6090
1476
4908
3671
2902
4912
5982
1570
6874
779
6664
2155
2905
6082
2093
3429
3267
6566
4157
4117
101
6830
3575
2664
1502
3495
2696
2196
450
4505
986
8
6222
782
1120
5580
6386
3583
3925
3659
6079
2707
329
1807
4456
3360
1721
1506
2457
2857
4647
1902
4084
3117
6492
669
815
5561
4354
5333
206
6557
1061
427
115
2430
5209
2996
4580
2664
6823
3474
4080
5829
4896
52
4718
4327
555
3588
6737
147
1337
33
3623
3978
2573
4202
503
2343
6935
2694
4493
2476
4837
4795
4782
4678
5962
1988
5820
3970
3682
3151
335
5811
2844
1516
5189
6583
1147
2442
6044
1034
1750
1944
3130
4386
4906
1519
5829
1044
4028
3391
3458
6556
1208
6839
340
6896
2467
1344
1132
5897
6284
3603
686
4738
5908
695
2197
1809
1705
3532
6345
2825
4347
421
2612
3591
1561
4123
3709
2432
4048
6452
5556
2599
5222
6708
3516
2000
790
3380
5558
4378
533
2366
4958
2578
929
5320
6642
3164
5823
2733
4323
3130
2363
930
5451
6237
4
5663
1687
5954
4542
2242
6358
3158
2214
1956
3389
6943
5584
6145
2702
2583
2303
5827
3739
5473
250
3858
3563
6023
4623
2785
4546
3337
6538
5485
5565
3821
2029
4188
196
3080
2291
6249
393
883
3620
4073
2925
3166
3629
4656
3446
5989
5740
6743
5623
6427
4073
761
3204
4341
6328
1138
1985
4796
1406
5539
516
5026
161
4326
1355
3419
5784
2296
6125
1356
1306
6119
5928
3898
2274
6102
3875
994
1982
1937
3055
2597
2828
5899
5577
3568
4160
6600
5206
3979
6052
4019
4198
4999
3651
919
2849
3763
1693
817
4280
1173
848
618
1642
737
2188
2705
5026
115
1668
3422
2812
3450
3399
4604
1907
879
2539
783
493
3022
884
4042
535
622
5358
4697
2086
4146
2042
2472
716
6360
3734
352
6453
3681
6590
5266
317
4791
1187
2774
5347
5952
2629
2453
1972
283
4864
4392
2761
990
2096
967
6066
6355
2770
1519
5516
5372
570
5612
651
4911
5057
2796
3790
3593
2973
5609
4169
589
6921
5606
1505
5071
6629
5388
4152
3818
1642
4457
549
0
6569
1625
728
866
5991
5499
2936
5564
2371
1286
149
4203
4210
6572
5006
4634
5541
1963
2615
4486
5746
5795
2932
3322
5311
3406
3904
3375
2781
4511
613
1066
53
1700
1553
746
871
5154
4231
1438
1772
3644
2098
6798
4783
4259
1207
6873
814
3995
798
170
13
5350
2055
6127
5961
5404
6803
14
5889
2425
876
5195
5397
3193
4352
6539
178
554
3853
4377
2948
1240
3533
1755
1204
2446
6847
682
1198
2224
600
1667
6031
2288
2045
1577
6638
2528
3442
3175
700
6754
6036
587
1822
3137
6661
4169
2801
4560
5063
2538
86
528
851
1065
1363
1169
3752
6384
836
3790
4674
767
2657
2753
4031
3311
1781
5124
1194
1739
65
5076
870
5474
1932
264
1268
937
2656
1547
4209
5130
201
4590
1953
4229
115
6653
6412
4245
1990
6575
4123
1196
214
943
5519
221
1348
1112
2289
45
566
997
4579
6919
4775
5500
3527
711
511
6824
6183
2920
5729
5930
3544
6148
496
5494
217
1733
5792
2868
6159
835
5173
4060
6512
5061
4762
3377
6471
6960
6080
2691
5196
3269
2648
4224
6499
2225
2204
3537
2806
2829
5990
2690
2248
5863
1907
6630
1983
6557
1453
2201
6129
2166
1288
1450
2626
308
2600
5716
609
287
1541
504
5673
2923
5118
4787
5319
2012
3398
3651
5170
1947
3768
4105
4593
6245
607
2912
3495
2887
5308
3697
2920
5703
4620
4477
5999
39
91
6560
2402
2600
479
1039
2058
4988
6919
3030
1367
4027
541
4681
6627
1737
2372
6863
849
4340
145
1690
1388
1354
4424
861
3948
5083
4596
1754
1677
1342
1222
6911
6472
1994
3885
3428
3044
3389
2981
4656
754
3658
1618
6460
3348
1929
6298
6776
4954
2877
3000
1860
4659
5841
645
1489
3986
5037
6657
2974
4254
2220
167
98
4309
3708
3645
1285
1123
696
3667
1548
4729
5203
638
6815
3969
1526
4639
843
949
5687
3407
3750
462
2135
6795
4139
2026
830
3483
2113
6387
1157
5473
62
1224
2285
15
2505
6732
5528
4791
1745
2000
1111
2399
3385
5083
1800
2413
521
4491
4790
3216
5730
1599
6227
4650
2853
3042
5542
5847
158
3392
3169
981
923
2474
5635
6837
110
429
131
640
2044
3789
6430
1615
2842
616
3554
6821
5169
5792
5764
6707
3118
4401
6317
1938
108
1833
6666
4761
5739
2450
3575
1652
4624
5396
1965
4571
310
6312
3205
5028
6421
5114
5430
2605
6720
3597
2527
5806
2181
3261
5717
2340
1939
3854
705
5493
4522
863
5812
6540
493
3822
1170
6912
3339
4688
4109
3138
3724
5588
4739
6483
6354
1468
2673
878
3021
1245
2783
1600
498
627
1627
4465
5342
6949
6748
3916
4151
5278
2292
6284
4627
3206
4674
1542
142
6224
6465
6735
3103
345
4905
838
4219
1779
5942
2548
3312
2785
3953
251
2356
5158
806
4431
3946
3138
1879
3026
549
3710
4734
5338
765
2557
4565
2271
6841
6190
5678
5605
6500
2991
6668
4130
3443
950
6327
3361
370
1974
1179
6937
3531
6932
2576
6195
735
2632
2156
5447
5452
3614
3064
274
6646
676
157
5189
4928
218
1075
4404
5943
1691
3216
3001
3930
1579
6575
2054
5453
2971
6457
6679
587
949
1778
2045
1183
5222
5419
1415
2470
4761
1635
5888
2134
1806
1365
2042
253
3188
3130
2535
1547
4401
5631
351
5698
6033
4159
6498
475
3180
4220
17
5847
5133
6254
286
2215
5118
245
5580
921
6200
2681
1063
1521
1505
6397
1281
5017
1643
2006
5718
3103
465
1032
6305
3318
880
6278
4356
1631
6015
3270
6159
34
5246
5922
3958
2129
6760
2851
3649
3581
2809
682
5106
6056
3223
2775
6705
3498
6345
5754
2035
2928
6763
6509
2905
664
3128
6688
4839
2409
5945
2663
3098
5272
624
6359
5780
6480
1261
3205
3778
5569
6467
2352
6906
3166
2763
3809
469
6762
4150
5644
5286
5947
4194
6282
114
2148
645
3672
3242
2659
4466
1223
363
1645
3959
1725
2518
2296
5391
1751
5131
3879
2228
5736
2332
2032
4432
6488
984
75
1012
6842
4641
4145
6902
2753
816
1862
1917
3250
3914
2431
4918
2738
3447
6551
4514
997
535
6895
2447
6446
2498
3990
1870
1003
5449
6829
6786
5796
678
286
2786
1605
5454
370
3940
88
1882
4596
379
739
831
4860
6898
6152
6137
6229
6601
2042
2233
3749
3592
547
2545
2635
5597
1981
1322
3200
2296
3566
5416
2129
4573
4514
5743
4713
6758
6712
6827
6918
6891
684
3220
6953
2981
679
2595
6935
3487
3905
5954
4380
5622
4783
1142
1526
2621
19
6229
3093
3732
2236
5793
3852
5778
5449
2934
202
6613
1938
3261
6363
6685
3623
1732
1460
6917
1727
2338
4084
1440
938
3311
5534
2083
1872
2920
5406
1542
259
1742
1151
3009
468
6947
5324
5626
530
2486
3503
1828
2028
1624
911
5954
1857
758
305
2619
775
65
3384
2751
2345
4720
4080
5844
1831
733
5670
6743
4994
6300
422
4290
3933
3676
4101
6721
3126
2459
1720
4250
3930
2847
4560
546
6629
5645
5466
4166
4405
2171
1992
4750
4960
1572
732
5093
3169
2377
6074
561
6164
6589
4531
117
5536
1970
2210
5241
5716
4574
4347
5068
2557
3760
6191
2323
1045
670
3334
1555
3503
5186
6734
1325
170
4600
6742
6043
1237
2928
1057
780
3955
3950
3475
3487
1671
4412
3154
1112
924
6167
5073
2735
2978
1302
891
5848
1582
3880
5389
5858
4626
4126
6589
418
316
2660
3853
1944
4254
3729
679
6154
6368
4345
757
338
6825
6030
5871
3568
6892
3536
3415
3338
2699
3063
6652
4101
3657
3197
3939
5930
4400
6626
6614
5563
2709
701
1070
3314
4395
2565
1857
103
2791
2604
5444
4142
119
3587
2731
929
3790
3905
2890
64
2580
5801
2725
6703
6377
4120
1830
2709
2700
4926
657
478
940
4256
5002
3252
4807
5001
2195
5930
5268
1937
5365
1243
5296
5653
1278
11
1284
6394
6282
4565
768
638
6876
6564
1516
1847
102
3368
5861
4703
3321
1374
5745
6948
2986
6652
5194
2363
630
1740
14
3735
849
2317
3537
2853
6124
6880
2247
4327
2970
477
5562
248
6426
1344
1169
4437
3351
3299
3034
2110
2365
2262
2973
2357
5584
2420
5983
3159
5777
1843
5793
4197
1657
4119
4921
5654
3612
3749
2985
6710
2565
1870
3968
3268
4538
6079
5373
4778
5714
5962
565
4326
3460
524
69
3116
773
2865
1789
4780
4969
4683
5764
1635
5752
863
2764
2059
3949
3498
4298
3211
6671
2989
588
6183
3040
1758
1527
3460
5632
2330
5250
1641
1158
6819
694
2842
5513
3466
5779
1087
5686
605
2879
4624
4019
4688
2031
5434
4589
5649
5557
6426
2359
4627
3060
254
3075
3798
979
1348
2861
2850
6880
4449
3432
886
362
4156
4412
4273
3015
526
300
5167
315
4939
5862
1943
3695
856
1668
6160
399
3410
4158
5244
3780
6059
3425
5952
1759
1276
3685
1551
557
5157
2364
3426
6120
577
3260
820
6667
170
3563
4065
2022
4847
4961
1100
4777
2492
2767
565
1671
6865
5156
3248
352
776
5704
5498
665
1511
4942
3642
6564
4416
1912
4218
833
4283
1687
2499
5601
1848
728
4112
469
1536
1345
1283
503
3614
2376
6443
3528
6234
5389
3396
6404
3204
6909
6812
5875
1140
2490
2475
169
2430
2632
3612
6306
2431
3380
3324
2550
4095
719
5223
5644
2061
1633
4983
4392
558
6871
6097
4316
1592
942
1008
6651
2050
882
963
3750
6856
4722
3985
3620
4630
6390
4857
2560
733
3015
4249
6373
696
3822
1492
3620
2666
6379
6939
4449
3549
6289
1243
2556
249
433
995
2321
2119
2865
3590
4697
2307
2822
6670
6656
602
5801
1691
5678
5676
1608
2628
1560
6244
403
6725
5798
4606
5132
282
2244
4881
6155
661
2876
6007
2994
725
2085
2888
44
5770
1714
5929
2829
5221
1033
4090
6768
3860
3403
4159
829
134
3645
517
475
2268
3776
3025
580
6913
2899
3485
3603
3369
1909
419
5798
5768
6208
681
3013
6731
6378
1575
6803
6729
6180
2415
5501
590
4219
879
66
3435
3410
4074
5539
5955
352
5134
6924
5352
2230
2918
2412
715
5211
763
5575
6638
866
3804
5789
4435
3089
2399
164
2500
2848
1866
5259
3770
5328
3123
6692
2290
2348
5616
4405
5737
2288
834
2746
991
851
154
2698
2777
3594
6192
3718
2946
3261
3900
2583
5599
6615
3259
1586
1723
3048
6307
5505
4797
3447
6650
6536
1818
2690
2596
1093
5621
2500
5764
5693
79
1189
3217
3498
3389
4131
2277
3934
3969
3807
6769
3027
5237
5981
1585
4216
981
2354
6590
1525
6587
187
1148
5071
5758
1681
91
6668
5643
80
1221
4931
726
6206
6870
2573
4225
5597
6205
6597
3246
4912
5086
4280
944
5401
3691
6785
5487
395
6012
4819
2910
1394
445
4912
3587
3928
3868
4565
2629
2076
981
2684
805
473
528
551
4424
1066
3642
56
2138
3945
2630
944
3461
27
3087
1310
2346
2439
2140
6938
4107
5
639
5908
30
2095
6363
6684
2312
3965
6614
3803
1271
6771
3933
3728
276
664
1470
2829
370
677
3255
3187
2669
3627
1267
2710
5053
408
6654
6207
1289
4428
2733
4256
3822
25
2074
5801
4178
5264
3149
5014
1591
2350
1395
167
4625
6623
5355
443
1511
4030
3326
6455
3744
2977
2835
6317
632
859
4839
136
1821
6904
209
5131
2045
1081
3751
1219
2099
2673
6083
5453
940
3543
5966
3416
1464
385
1675
6870
1424
3335
5121
2653
1200
1632
1954
945
6708
4558
4593
354
2780
1007
3890
4822
2948
3320
256
5990
6419
5660
2947
2194
190
6382
6608
6017
4477
3247
6573
4197
4966
4175
1612
297
4762
2316
3607
6450
6553
2258
6547
2715
5114
4548
3728
2528
2837
6841
3539
1800
1528
3846
5960
1584
255
3836
4192
3304
5346
1774
3259
4096
1744
2384
6415
2102
3871
4740
4272
4006
5986
1302
454
4464
3605
5392
5885
2880
6847
3741
5453
1518
5075
3281
313
4571
394
5656
2964
1301
6089
205
4174
6268
1210
1560
333
5394
1140
2061
5857
5629
3929
3621
3238
4013
1922
4701
6461
1503
2130
3008
6543
2319
323
2863
4485
208
4697
1877
987
2687
3369
6697
3404
5225
5080
3183
1037
2390
2474
2559
6204
2764
485
6753
4384
1952
4430
6844
557
5625
258
1281
166
3452
1935
3880
5064
708
6279
635
925
2808
4079
4770
1316
4591
2531
327
5758
5649
3640
3609
3917
280
2925
4847
1677
1435
6292
6613
3669
1592
5769
6398
917
1663
749
6165
3052
3234
3961
98
2485
3095
6025
801
3455
2927
3484
1709
139
2708
4215
1557
5268
2084
1817
5950
1586
6653
1089
3083
3757
6562
851
1501
2583
4543
6727
1455
3877
4721
6316
6564
2637
5724
6767
4988
2997
4972
5353
2938
572
524
5369
6248
3757
4766
673
2945
6411
2641
1318
3358
1783
4829
3788
3209
5953
6228
3131
1216
3113
3199
880
3244
1089
4519
88
2661
6718
958
1110
2352
1738
2984
5606
4187
6589
5884
2622
471
865
1557
831
4223
6100
2527
2032
5041
3870
3948
363
1308
2555
1016
565
3552
6835
425
5823
4073
5282
5531
5544
4443
106
4395
5611
2310
6576
6813
6955
1405
6221
2528
889
6300
1155
2709
2511
5422
3690
1827
5593
5026
976
1110
442
5357
6928
1396
1183
2128
1595
6333
2381
6214
108
4004
2563
2935
1955
767
5609
3267
3716
3868
4962
4960
5483
3197
4907
4091
913
1833
6321
2683
3713
1813
5367
690
4641
1837
2465
1063
398
3306
2687
4619
672
384
6557
414
2142
23
6368
4270
3611
5846
3862
1252
39
3259
4940
4449
5950
2653
6553
2318
3454
6767
3182
4548
3143
1865
3873
6481
790
6699
640
675
5797
2827
2680
2061
5149
1708
1046
3464
5815
1906
3819
51
3210
5984
6339
3753
2094
6
4475
3562
4103
6226
5785
3895
2233
6174
2796
1205
5021
1220
6873
6509
4679
2815
2670
6212
3536
1446
1306
2819
2628
5380
3886
509
137
3760
4392
1735
112
2535
4570
3956
2433
2731
281
1362
1635
5548
1654
245
1748
6188
3980
4957
6202
1249
1980
739
1574
190
3646
6171
23
3260
6465
3474
6836
3847
5431
656
4702
3954
3231
2470
3323
6799
5406
2923
4693
5677
3603
2302
6464
4041
6957
2424
4234
3241
5393
2830
4561
3359
5848
297
440
1002
1022
2106
1464
2510
3602
4344
204
994
5356
4497
823
1165
5617
4123
3431
3834
4966
5704
2784
5514
4513
941
2392
3494
5338
2729
5726
2091
5351
5994
3444
4182
3827
4403
3506
5030
4599
6156
1852
3692
4231
6457
686
6864
762
6919
1979
6307
3952
3328
6291
3872
242
4118
2141
2102
368
3992
4674
6683
4001
577
1952
4289
5009
5851
4664
6167
4235
1249
2962
5034
1654
3050
5045
5039
2034
5942
490
2264
862
842
2931
2314
4534
4587
1962
2365
5854
3768
2073
4469
1535
4893
5664
1090
5982
368
6068
2182
5585
5214
1215
5394
564
148
3079
5165
499
5197
1665
1629
6809
3693
495
6546
5076
5815
3717
480
6533
5345
2958
725
6448
3078
4429
5091
4444
3517
2988
4311
6490
1173
975
5437
1725
3703
6186
275
3426
3578
1095
699
319
3284
4032
1934
2075
956
5799
6732
389
328
5489
4343
2867
6069
2942
6749
1606
6342
85
770
5515
5316
4946
2792
5844
2339
4770
656
960
370
3951
580
5627
1613
3684
2692
5606
3331
3613
298
1334
4766
5304
2003
4100
6379
2278
4761
6799
1692
1220
5284
25
1884
6915
2322
2821
6729
6494
1682
3936
5032
3680
3964
6861
3125
480
1268
5254
2647
3248
4319
1735
2058
5841
30
5989
2093
2424
146
748
2216
159
5746
1784
5
6116
2002
911
519
1521
4551
4171
774
4952
1756
1302
1369
6552
5103
6861
3802
6686
1163
6235
4368
2332
2529
5888
1983
5163
5636
5606
1613
5702
2930
1683
2464
3066
940
6248
5628
2562
6426
2101
4573
5886
4703
5723
6069
1853
2631
4116
425
6911
1830
5576
4452
769
1418
2796
5796
1518
65
4703
5565
1741
3001
4777
786
2318
1111
2454
2069
173
2879
1883
1782
6566
314
1191
1440
5285
3105
2158
2291
4000
1379
2460
2204
4820
4672
5759
1732
791
3567
5317
6022
321
3945
2846
6362
1048
321
2787
6479
6555
1732
6880
340
591
1604
1044
882
2444
5018
3289
5061
6462
3555
2997
6946
3773
6413
3744
3036
6660
1947
6001
1836
5692
6878
3258
2199
4140
2067
4278
304
5728
2258
5815
6543
1993
76
872
2247
1869
395
977
887
1413
4798
2651
6523
1569
975
5488
5975
6451
6063
2790
2325
3187
2317
5818
5038
6488
75
3449
6845
4136
581
6584
3552
4805
6024
357
4958
6441
3436
5778
3860
2322
5499
3149
3515
3704
4088
6201
2497
6853
4141
2042
1712
534
4202
1862
5977
6117
4421
5239
3711
4150
2661
6485
2061
6668
6657
5019
1092
5450
6671
5322
2858
4289
4483
1147
4549
827
1715
1606
1473
5973
916
4271
1714
3671
1491
4409
1497
821
3900
1788
2530
2429
5550
4763
6640
6543
2748
4874
895
5167
5040
3602
2122
4483
5061
5281
6951
6827
18
1380
5878
3507
1407
2093
419
1130
440
4566
5880
3494
2569
3257
1926
6129
1616
1372
3167
816
87
1426
647
5914
4305
6789
6183
4842
5580
2483
6134
2638
5624
5386
2463
6099
6948
472
4829
6240
629
1462
4253
4951
4826
6915
6255
5306
4970
4963
4625
4394
3258
376
2035
3291
6701
2458
5274
6273
5038
1486
1381
2963
2241
2314
2114
4818
647
3277
47
4960
67
6252
1305
662
6595
262
4781
2382
5441
6600
4503
4014
109
2018
2654
4634
2396
3190
6624
4533
1448
3696
3754
6279
1546
6676
4733
5546
4917
4039
5844
1629
2138
3555
4348
3765
5863
2448
1415
4962
4574
322
1049
3316
3647
1265
6034
5029
2474
293
1320
6532
1949
5532
1622
5023
1377
5635
4871
421
883
6721
6213
4825
4934
2905
1201
1101
230
5075
3357
2967
4467
1087
4783
2004
6907
2881
2458
70
3577
3842
2250
6817
5076
2022
5929
5137
830
2041
5394
2714
2718
6843
3480
1383
4022
4542
5066
3499
1690
1975
5262
5910
5246
3562
141
6783
6351
6507
4374
1948
2889
5325
223
2492
3590
6173
2165
1236
275
4141
5463
3346
6609
190
539
2324
21
1353
5165
2391
3927
168
2201
2060
373
1897
3911
285
2942
1538
4100
3448
2324
4579
5671
2471
3698
6644
6797
2345
3337
5159
4644
903
5767
4453
2796
4088
1627
4478
644
5726
2040
2837
2386
1284
3597
2977
989
6931
188
1303
95
1194
3772
2323
6522
1691
1884
1068
4206
1278
3316
695
2295
1849
4153
3018
6344
791
5519
4602
5393
5978
2304
5678
858
5069
3478
2951
1130
1381
6854
47
5750
6061
4355
4000
3224
140
2580
2597
5593
626
4713
4447
6573
2648
4853
2215
6528
6764
6550
5886
6463
369
3084
1826
2293
2545
4338
4541
658
767
1454
717
2993
4092
3821
1466
6421
5719
2619
350
732
5376
3591
1944
1674
2840
6519
3426
4859
3580
4542
3983
4274
3351
4825
5493
5146
1005
1759
2972
3914
1022
2190
1797
6208
1488
3613
3917
2591
3632
3054
624
5471
6536
1238
1727
952
83
5058
1937
4578
5761
5834
6082
2439
6409
1436
637
5889
2831
991
2249
2779
781
6420
3201
3562
1440
856
634
1177
2633
1114
585
4127
3985
4328
3947
2777
3769
3280
2769
2003
6066
5803
3322
4323
2685
1744
23
4254
1155
2033
2795
6675
3416
2124
2290
6334
579
1135
834
6526
34
3563
2481
6661
5429
1782
5374
6545
5639
4775
5716
3572
1471
1738
758
6308
1970
3219
3023
3814
4887
5437
3618
5163
6369
5399
6010
1495
5607
6877
3284
5549
835
5203
1328
3226
2223
1593
3055
2214
6747
2505
2562
258
3662
5992
4560
2118
4607
5626
1397
5393
5969
553
896
1561
6284
3416
3446
5252
5515
3598
2870
4152
6853
1344
1231
6528
5460
3722
577
0
5454
1127
6179
396
4618
6763
4579
2565
1706
2267
4810
3027
6559
5889
6231
6816
5686
6788
95
4031
4773
6053
4798
4846
6
1860
4414
864
6332
6330
2946
1627
5910
4191
4777
4357
956
212
600
5652
2892
6312
1052
567
112
6646
5183
5299
6068
5088
1030
1342
2391
1364
3815
6350
3983
6159
1642
3243
43
1194
1587
4334
6851
6704
5043
4897
1405
4934
188
88
4645
6492
5979
1431
5480
3014
2180
5630
4837
2693
1929
92
2543
6576
477
1409
4851
495
902
5821
6396
1353
1518
1419
5126
3039
2001
218
5828
3668
4750
4761
4009
3998
6772
3409
4049
4051
5144
111
6000
5750
4303
3701
4607
6848
1882
4748
542
3767
6006
500
3025
5317
1164
1179
1936
6077
4603
5035
3603
2456
249
2558
3554
1052
6532
554
2598
4191
891
6887
2089
586
4605
1213
4261
724
4978
3443
3466
6441
1551
4800
6075
3245
4754
6428
5581
3441
2362
6294
6482
2653
5182
1038
4391
3721
1889
2863
6756
165
3283
5625
4551
4491
2103
5781
5719
6796
4288
5700
3272
5001
1868
992
1522
2519
977
4937
4484
1253
1000
5123
69
1904
484
1949
6724
6736
273
1292
2370
5410
6920
2277
1685
4285
8
5470
2466
4900
6603
3604
5977
6700
1132
2568
4424
6373
752
4126
2501
1756
779
4581
4465
2328
1374
4604
3122
1670
1561
4072
1298
2650
2700
6627
1986
4409
2411
3229
1222
6461
6479
6400
1533
3677
2702
5124
3172
3183
64
3505
3944
6849
2626
5925
896
2518
5876
2108
1444
6862
1484
6817
20
408
2876
4687
4638
2386
3437
5246
4184
4100
5344
3341
2239
3123
1019
4152
2408
3745
842
5233
4810
4416
5902
3477
6715
3812
4364
6848
4672
3284
4213
5050
3050
6012
1191
2209
5042
478
5836
4600
4552
2933
229
6784
4685
4259
3829
6877
4261
2080
5584
5187
3190
6106
612
6731
1743
1437
4452
3413
4973
641
3807
4579
3840
3599
3940
2231
2076
2489
2777
412
4943
16
2359
6313
4299
2431
1279
526
2452
3125
3093
2900
866
2251
6203
4190
4940
5206
3585
4014
4420
2833
5538
6170
1956
3756
4988
2502
5739
335
2464
4024
4917
602
6139
6341
5266
4385
1637
6485
6683
623
4508
6252
4464
1250
3904
232
6386
6579
3109
3257
2321
1490
5687
1976
633
2595
1043
1824
6529
937
4608
6879
5303
2396
495
6793
6393
5786
5781
5029
5086
2663
1028
5229
1899
5370
228
4621
5346
715
119
6121
4078
5943
5127
2720
1535
6283
4715
6588
3005
4033
6837
4955
1821
144
2273
1463
3208
831
4052
747
4687
887
2291
1491
4386
4091
3496
5108
6045
2467
1434
832
2877
5947
603
4696
690
5814
2294
6689
2004
1173
4795
3981
942
1920
1201
2632
223
4039
3570
2739
4908
928
6349
1631
1919
5527
3198
2872
5737
1554
5281
2365
3264
6240
3610
14
6019
243
2971
4997
5325
4914
5360
6731
6627
2379
2299
3064
1438
2678
6304
1665
6652
6083
549
1988
5887
3356
3895
6343
2865
3965
4363
3866
4812
4646
4577
4059
2576
2542
4257
2093
4622
6307
4472
2896
6005
6919
5659
1937
2732
628
2004
3699
3825
3274
5765
1279
4476
6282
6607
5936
2952
4828
477
1431
2446
3431
1973
4956
1933
5288
4105
1351
1999
3094
1812
6028
662
4112
233
1492
5418
3482
2431
2964
1407
2532
4160
2200
3367
906
415
1391
429
2259
6879
4730
2138
5960
744
608
96
6410
4004
4659
5644
5203
2961
1730
5481
4099
1583
6474
589
3957
5443
4705
5399
3899
183
5839
1232
4438
5236
2997
2871
6329
2963
6437
6609
1858
4455
4520
3923
839
2801
4673
3875
6868
4446
5482
6869
1808
387
4345
1780
4517
2444
804
3501
2662
2464
1729
4201
1550
2794
6071
3879
2673
3975
791
3651
6901
325
1243
6277
6090
2193
2644
6776
3733
1401
2039
5256
1166
3473
5190
3600
6328
2144
2257
6176
2167
6298
2394
3615
369
743
6528
3735
1570
3056
2545
60
2119
4645
5488
6430
5369
4211
2346
1213
1573
4727
4875
600
4389
2780
6670
3121
4849
1292
2207
6954
1672
5933
3664
3142
4952
358
2016
3988
5613
5612
729
3705
3594
653
2911
3264
577
861
5449
3531
835
5292
6822
3492
1829
279
4078
6195
4463
3896
3599
499
1407
6828
4902
3418
4160
1104
6164
6068
6864
5287
2828
6514
2531
5975
3619
2225
6802
6529
1965
560
4498
3605
2585
3998
5859
1005
6615
1531
1164
2573
2060
5827
5757
63
946
4364
2234
256
321
3259
3394
514
5596
5235
5984
3502
4033
3943
5951
4226
4217
1903
4060
1156
2472
3592
1772
5018
1215
4418
1454
1120
1750
1418
1626
1559
2996
3900
2809
5469
6141
6811
1993
4001
1760
4278
2892
64
4207
704
3878
2227
6665
5747
5695
5929
1739
1911
2579
3160
5311
3952
4573
3809
6013
5582
5170
2584
2433
5420
4387
1405
5899
2658
737
6412
4736
384
116
1889
273
5545
2763
3836
6622
3233
1353
967
6032
3100
3389
6432
6802
3589
1843
4202
143
4649
4398
4827
6389
3509
5270
6078
2360
1507
4654
2989
2052
6827
6079
5713
2245
2392
6841
6090
2100
288
2691
5997
4216
6512
2684
3394
671
1035
6399
1294
5534
4617
2702
3351
113
3648
5220
247
6736
468
2321
3949
4391
6515
6520
1282
383
3022
1878
769
898
2280
5337
4369
5416
1849
1081
4383
621
4284
5320
5942
1760
4659
2703
860
6957
928
5642
6013
992
3418
3296
6816
1567
4564
1212
4812
6538
1009
2958
2194
4858
6239
2496
3055
789
1459
188
5289
2040
1365
224
6367
2680
5652
6780
4663
1255
2581
3475
3597
6734
3496
4287
1880
3059
4983
4597
419
1688
2743
5293
2111
2687
2194
4315
4678
128
1439
309
2224
2988
2794
5396
5230
6215
2117
2937
4857
4864
3171
4249
4036
5816
5361
260
4518
889
2168
6444
5570
1006
2428
4276
104
5021
1441
2024
6891
1400
1470
4272
1136
6436
2940
5091
634
1791
1905
760
6484
2326
3057
652
5885
2549
3779
6234
1211
4119
453
1225
4137
2558
5310
3814
2329
3812
1142
4699
6139
1700
1905
5297
1928
5116
819
4595
945
3344
4045
1555
535
903
4438
4200
2613
3576
5140
5598
5971
1631
1551
4925
5959
6339
989
332
1330
5496
3244
5340
1254
308
4463
2621
948
3307
3411
6486
73
2017
5540
3359
6143
300
273
1328
1455
5629
4878
6322
5079
4994
6256
1453
2286
4421
2171
1550
5732
6618
6714
3163
3367
2383
694
1974
4607
6938
1148
2119
471
3693
3387
146
3767
2016
6051
1867
6053
944
6478
6215
4307
3454
5657
682
3156
6127
6842
1380
3508
526
229
6367
2770
2159
6162
3539
1358
547
4482
2132
3325
920
4278
6207
4021
133
6057
3652
466
2085
3734
2697
960
1241
344
6435
691
121
862
5837
2195
1153
2942
6403
3800
710
2388
2047
5739
49
1285
574
4773
563
995
1352
3649
3049
5644
1297
4905
5193
1784
2521
2344
4265
5973
309
1405
6224
2612
2265
3650
6109
4365
3990
415
3710
2590
4519
2675
4190
5690
3669
766
6585
5179
1688
5598
6076
6141
6288
1556
1315
2825
2516
4486
1620
6622
2109
4982
3947
5395
3694
5381
6292
753
1175
655
3650
6874
3647
5666
2691
4653
1131
4313
2925
3422
2423
5597
23
6764
5712
4435
6939
1362
1836
3987
2615
6826
1405
1080
4641
396
2520
3091
4102
4686
2108
2253
6200
2124
848
3381
5931
717
3286
6443
5577
6612
5551
1943
5818
5392
3598
5056
3696
2756
6321
5153
4411
2543
5204
2917
301
3848
604
2690
3352
5021
1313
549
2390
5690
1895
5825
1103
3875
1003
712
864
3872
209
5849
6289
3545
3977
1444
6904
122
4293
4960
4492
5838
5149
111
1312
2368
4366
1235
6780
3517
485
3398
1605
1737
6177
1098
6653
3160
6383
6946
933
4779
1749
4991
3869
878
2461
4270
4203
2776
1372
3974
83
6610
4768
1117
3812
468
4822
6917
6875
3919
2215
2940
6507
8
1987
1505
469
2222
230
2092
426
6685
6344
6719
1759
2055
6877
625
5084
744
1808
1441
2980
4787
6924
3848
562
4772
6029
4030
3510
3475
6228
4866
30
968
3679
2952
2394
4472
2994
4449
6663
5804
3658
1066
4166
1943
2508
5807
3398
1052
2096
413
5163
5943
4539
1753
5932
1933
6644
1005
3279
4779
1607
6057
1115
6039
6894
375
6571
1689
5051
4513
621
4935
2289
1643
4417
4703
799
2305
2974
2825
3914
6087
1260
2611
1968
1496
1772
3364
3449
5561
575
3209
2660
3234
5431
3552
114
1362
1868
5334
3625
655
4595
1512
2274
6129
2873
175
4946
5681
5425
5270
6822
6618
1936
6369
5746
4409
983
2640
1133
2761
1585
4172
6863
1355
1873
6910
3017
2067
3868
1033
2086
1550
120
782
4147
6177
4706
2206
1365
3249
6951
5895
6838
939
4953
6687
5383
1187
1745
47
6438
4566
2313
1731
6492
5212
6551
3433
86
1649
3110
1262
173
151
6775
225
4383
1862
3468
3890
2241
3881
3910
4687
5462
4227
4621
6953
2686
6644
2454
1264
2420
3184
4007
756
840
2219
4985
5654
4391
2351
718
6281
5479
599
6678
4624
2517
4497
5839
3543
5264
3848
1363
2565
1581
1193
1596
1204
4876
5564
690
6844
4568
6585
1805
6843
5314
6646
1722
189
6952
3942
5843
270
299
633
6884
2585
5013
2071
4252
3774
1342
2560
2419
5791
5549
1582
2047
1846
5520
2038
3547
495
1241
5047
6190
5059
710
2216
2002
4790
5037
1538
3233
1054
3497
3080
2174
1112
5276
3074
70
5881
2694
3978
1094
6757
4157
4264
3335
6916
6875
5376
2924
2036
2053
467
5115
5357
564
6440
6778
4468
6304
2231
5551
4324
3530
464
487
6341
19
5800
269
1661
2297
2852
140
416
4555
2027
321
9
1991
3350
3475
6870
1454
3513
2093
5460
5985
5814
6016
4442
5372
821
2688
1570
3162
2610
6207
3863
3920
4398
3611
6734
3056
4932
6008
6653
348
6723
2391
2181
6457
6689
4511
166
126
6542
3222
5779
5785
1856
5259
6343
1246
4052
6749
746
5413
1822
1787
647
5403
3589
3327
2080
6132
1036
1673
5370
3656
138
1486
1046
264
6090
1448
5750
2123
5324
6317
6345
1698
3361
5208
4398
5552
6149
6129
3071
648
4531
4698
4705
2188
2341
6015
1739
225
3564
141
1955
1295
1582
3266
1365
3403
730
2040
5654
6848
2300
2560
3893
4218
2946
178
680
5142
1823
3976
5680
5348
3134
4125
5337
5087
6498
1653
3463
5808
2737
3352
3920
6575
5973
4811
1305
6045
3590
1969
5391
290
16
5617
2379
5315
2621
3733
629
3921
6840
2469
6044
3516
669
4224
3380
4373
1736
6019
6176
2597
3000
5822
5708
3475
4363
3938
5386
5711
3537
6858
6797
6454
1597
6942
1233
958
3751
3161
2872
6522
793
6063
2201
3333
3541
5276
3904
6787
1304
4505
4949
3689
987
470
6042
500
5732
3268
620
1253
1442
5453
885
322
2306
2482
5566
3621
1918
1803
6894
3490
6320
6590
1269
6040
953
1867
4581
1827
3453
5583
2362
1461
4553
2747
6273
6276
6505
3450
2642
4065
3857
4837
2885
1315
5611
4000
324
2494
2133
5111
621
375
752
1776
383
3578
4447
1076
4648
6355
1115
5851
6914
3300
1793
1645
3180
2750
4452
590
4297
3835
4480
227
1422
5879
4481
922
653
6557
4940
1522
3946
400
4711
1467
5246
2250
2823
5403
1976
2701
6319
5544
6337
1294
3833
828
2571
905
2649
212
4834
6702
5259
6500
2894
254
836
3598
3570
1462
2996
2636
2353
2887
4661
1108
1406
1408
1469
423
2525
5675
569
1862
4470
5478
5884
6732
2774
5961
570
6300
6184
4567
580
2287
5358
493
2009
5144
2612
5430
5848
4046
1083
1340
4243
4022
6245
1070
3020
4206
5833
3427
1852
2725
19
6729
3198
6467
1727
1766
3434
3394
5511
3746
2287
1355
3403
1554
6668
1424
3485
4981
6603
5651
1351
6891
6198
1942
2043
6107
462
2155
5000
2029
3148
3919
3716
4962
4788
4967
5497
1501
6553
367
6117
1839
1129
5200
5882
2613
3413
4350
419
1191
1452
4621
2087
1796
6579
4482
810
5569
3039
4061
4043
1113
6186
1553
2218
1005
5212
5219
3229
5210
216
6959
2517
3896
4491
4601
736
5878
558
6903
3602
6956
1769
1442
4649
1061
2362
6760
5422
3106
1752
5803
1544
6523
2721
5256
3991
637
4814
1866
437
5278
6853
213
3738
5846
393
4279
668
1200
3629
2580
5926
3545
5813
2983
733
342
3411
5745
1624
3435
5345
5049
483
2051
2682
4032
909
4515
2451
2772
6308
3828
2890
4369
130
6444
2007
2875
4483
3142
6531
623
5996
2925
4706
2807
5657
6824
1967
6800
6053
6282
2423
5673
141
2884
5324
1394
4446
4430
2967
4698
2229
5604
3515
4509
5854
6136
6101
1010
444
515
5457
2449
1826
5429
494
3513
4079
3276
6688
3891
5590
2613
171
3265
2461
372
4138
5719
1125
5874
5173
6065
2920
2380
6636
3350
5978
6233
4900
2502
6574
650
2593
4088
2814
2783
4387
904
3410
1753
6112
2536
2320
1973
6318
1819
1890
1630
674
5576
3288
370
688
100
2072
4764
3777
1983
3778
6763
4009
3368
3473
4248
5029
1930
2665
1237
3958
1319
1381
2675
6146
6446
3448
3276
1138
2648
2811
4005
4634
1839
636
5885
4524
432
2808
5143
101
5591
5239
3186
813
2842
4450
3970
2087
149
4583
1790
3636
740
6732
1281
6458
3752
3423
1764
335
2709
5858
6852
2378
3234
6215
1666
2126
6169
2768
5246
3250
5490
5171
2189
1806
2168
3726
6813
6872
6230
3238
55
1891
2616
2243
3181
6286
499
1885
1573
1401
4726
512
3908
235
6442
4937
2988
2188
2606
4834
4410
1301
6562
1077
2201
4998
3156
4455
2817
4525
1728
6604
324
1496
2778
5687
3511
1647
2028
3536
5936
3007
2173
6555
5997
6668
5001
3552
3125
1812
6174
2063
3646
5178
3065
5372
2382
2012
3285
6496
6320
2620
1648
4973
5584
4428
5223
5817
2488
540
1386
5045
6310
5229
3454
5390
3774
6381
1472
4475
6884
4684
123
2947
564
1267
1847
3294
4950
3816
1345
867
4242
5511
542
5951
6554
4885
1165
4770
53
6089
1281
480
2818
2268
4041
277
3185
3999
2198
3231
2366
5978
858
102
6961
5112
6409
423
5662
1783
91
3072
3783
2958
2855
2540
1074
3854
5156
776
5570
1289
3576
2983
1391
1090
5909
4859
3119
6630
6315
1625
6302
6587
1081
3995
6858
5109
6089
2434
2336
901
5165
1913
4677
3332
459
147
5031
1616
4944
6608
3051
2891
5003
2113
6157
2104
5514
4205
1338
1588
4558
3924
3922
3702
2195
3455
4406
6046
3409
3295
3043
2131
355
4466
3085
2274
6873
3815
4776
6562
2374
2006
1923
2366
6325
74
6801
4792
6824
5663
2259
1428
4335
3571
6536
2246
898
5089
2889
231
781
950
3607
2383
1895
5503
5271
969
5002
2252
1562
4008
6797
2452
620
3183
1374
5911
2602
3721
5600
4611
614
3712
5216
1907
3006
4844
6411
2234
616
535
6916
4783
2380
2241
5924
3985
4095
3308
4603
1291
2956
3628
5770
4108
5326
3018
3913
4264
913
6891
514
3329
1261
6161
905
20
99
1521
4929
3438
3024
2360
4863
4454
3985
2947
4032
2965
5964
6037
81
1958
3842
2225
1264
6648
500
2050
2512
4606
4010
3105
2519
2479
969
6382
5566
4563
3591
6456
3397
4503
2229
2425
5551
5396
5655
1062
260
2177
3420
6944
3376
2431
5119
4702
6263
3381
2777
2905
673
5207
2803
4000
4375
2102
6234
1549
85
6290
5786
6800
6211
2939
51
3714
6351
6586
6153
309
6907
970
2924
3567
4783
3051
4925
3889
3052
2187
5227
5696
3905
771
4334
5637
5306
3301
3592
5151
69
927
6260
3935
103
4975
1905
5340
2558
4877
1249
6795
1770
1406
761
1076
4646
4570
4575
2177
6819
1121
5064
5036
2831
4135
3195
4005
2172
534
3282
2147
2261
3777
4484
3383
2102
4352
5604
1996
5615
5921
6352
2152
1312
1418
1014
3908
724
366
292
3244
4329
2725
334
5948
1684
4813
5842
4247
4591
3661
6768
3370
450
4401
5223
1034
6167
6588
4287
342
3268
3567
4403
4051
2025
4190
4776
1265
5614
4992
3392
1761
2368
1968
6959
1793
4646
4708
2973
5693
4714
5737
4936
5062
1447
2633
267
2458
4819
4755
4920
4083
2548
1087
3720
5322
1925
4592
4741
5003
2738
5411
4785
35
236
4196
2979
3819
146
6659
222
6622
6649
5410
3587
6857
4267
2401
6704
2306
2453
6500
3770
742
2428
2145
3639
6877
6106
403
2227
5747
6301
2091
869
4403
1851
292
5901
3016
5350
423
2171
1477
2533
944
885
4570
5322
4928
4325
6357
6734
3729
1322
614
4749
5135
609
6871
2394
1452
3679
3170
84
6028
3686
946
3606
6625
4241
2836
2081
5448
6284
224
5330
3670
4844
2000
807
259
4302
3559
5135
1565
3960
433
3486
3809
5195
1971
2531
57
4994
159
5381
2904
1048
5391
3725
2466
2475
54
5548
2550
2029
925
5002
6449
5191
1526
5571
3314
6604
6070
1764
914
6034
1005
178
4822
5683
5581
4729
4584
5882
1412
1683
4945
3933
1893
1126
5339
3775
2180
6725
6755
3218
2697
4082
3720
2018
3890
4615
3059
5147
2671
2372
768
662
3616
2089
6712
3445
3626
1183
4512
5890
3145
4186
3736
5634
1485
2771
4163
6296
5422
3461
562
821
852
2232
3717
1842
1785
4155
6681
5376
6465
4528
4408
1697
1648
3618
3389
2479
4349
2436
6315
4315
2343
1974
3982
4982
5569
2895
5162
5424
4156
1319
5875
6149
3303
5135
5792
2166
5218
2612
2275
4425
2097
6762
2449
135
665
3250
2477
657
2005
1090
3645
3699
2487
155
1669
4586
825
5472
3774
5302
1384
5990
1103
6020
3259
5566
1601
1957
3840
2916
6725
1293
3561
4942
1997
3524
2261
4650
1344
2402
1563
3393
4120
548
3743
4700
3189
3939
103
4980
3326
5968
6434
1709
3659
4929
489
142
1059
2048
2284
3273
4923
3905
4514
396
2822
6084
3212
5749
270
2962
1764
3115
6062
3016
1324
5841
5494
3950
4142
4904
3206
770
824
5797
4777
2891
1193
1548
5819
5539
5902
1078
4196
417
5318
6238
4158
5051
2579
439
2338
1680
885
6274
1150
6354
3227
1620
1799
3016
2438
2780
2541
4281
5154
5943
203
5569
4798
6115
1702
5658
4738
3206
3968
6226
2235
4219
6199
4062
1008
3972
1203
2470
6043
4150
4217
6074
1610
6514
5444
1897
6036
6258
5779
6193
3008
2353
6247
4824
6894
4510
3300
3229
2605
1763
6630
967
2068
5472
3000
687
3842
3325
2754
5964
5145
1715
342
4439
5141
1682
3138
126
6908
4664
421
2975
5906
613
2976
3593
2485
295
580
5745
1723
6683
887
3236
2695
1400
3103
5214
3018
3177
5832
5938
219
6573
2813
5947
6563
6460
5347
416
1110
6554
316
3796
3683
3692
5189
3457
2014
4879
389
3594
623
6641
2729
4981
3591
4067
4667
25
1864
1726
5015
402
2275
4867
5434
4295
2226
3439
905
273
420
3626
236
2646
5596
5098
4380
6090
1062
1788
2148
1815
2216
2984
1953
349
5643
5258
4406
6839
1197
3065
1703
6533
4288
556
4115
3889
5683
1703
1232
1445
147
6664
6081
3702
4751
3648
1351
6203
3115
56
4196
5646
1743
1173
4277
5672
2165
3713
6403
5483
3786
4685
3488
5262
4987
413
5877
3236
5892
1514
4329
138
3243
5678
2082
5776
773
2260
3044
6675
4069
6820
432
4584
3802
5575
4122
311
4128
6255
1492
5956
3401
4096
1422
423
6545
6759
4034
6493
1774
4493
4430
6616
2709
4914
6870
6160
2176
3389
5838
5589
924
1212
6475
3268
5402
3615
1207
3958
3607
2512
5481
3799
4911
1928
4279
5094
528
3787
6728
1524
5457
1447
2998
6091
921
3736
6739
499
5181
182
5109
6744
180
4312
205
6216
4215
6742
6088
4468
1908
2971
1096
2428
1762
2188
6528
203
2192
6062
2360
3537
5673
6321
344
5251
5679
4338
5060
5213
3516
6475
6540
3454
5932
3059
470
6504
5495
2083
6237
3374
4133
2631
6204
186
632
5327
5969
3694
6028
5525
3433
2339
3001
4695
6405
1404
2240
4176
2472
5659
4323
6695
6886
2377
1106
3160
3992
5284
817
5936
3446
5757
1504
171
5692
247
523
875
4306
3641
6170
4046
3240
819
6137
1613
6144
3813
5158
3518
5811
4435
6372
2135
2748
102
3252
1837
5412
2582
5720
6811
5882
6690
3521
6859
5697
436
6890
2552
1285
4876
3156
2196
6335
3655
1893
65
3514
6607
2816
2124
2474
4554
6722
3786
1893
5217
5060
5025
2231
2411
2105
3118
1806
4969
6736
952
4643
2387
935
2451
1788
5255
5351
1404
2854
673
3298
2200
6730
4636
6326
5743
3888
4238
5874
3711
3023
6586
6456
2557
2936
6039
526
5640
4062
3490
1989
274
1671
1203
3600
2906
3722
1467
1497
1316
4974
5731
5578
1510
2794
3656
4287
5754
5524
4712
3776
6660
2289
5143
3915
2652
4242
3728
4272
2148
3223
1411
2059
6289
6243
2569
71
1923
3432
1555
3338
1328
6909
5468
141
6386
4262
2841
391
3511
903
5882
473
174
65
3340
2322
2553
5478
2657
6793
3607
3693
5594
6444
4072
6130
6264
3709
6654
6004
6784
3657
6016
2141
6538
74
675
908
3837
4283
5431
2246
6211
3989
614
2959
1261
3879
897
2705
3755
2487
4114
6695
3430
684
6309
3684
3115
2726
2713
3914
5956
783
3461
764
5609
102
4477
91
4618
1823
239
6230
1883
4521
4709
44
2603
5481
3933
3878
2209
2754
1903
4103
3643
6631
5545
3925
1536
6486
3939
3908
6282
5429
4634
758
6356
6140
2571
3013
2986
4366
3884
1234
5485
4574
2034
4252
568
4305
6935
5856
5087
2178
6360
1953
6748
6242
5456
561
109
5852
5603
4951
546
5977
2718
1660
1254
1589
873
987
4127
4245
4955
2515
3274
6508
6264
4974
127
6052
630
4303
4636
5643
5535
2315
4160
3130
2344
3365
4728
3186
2434
6430
3259
3706
5278
1170
4423
3185
5661
5407
2574
5513
2528
6445
4956
870
2677
5817
5005
6493
6882
5798
6553
1487
96
6233
4325
3073
554
5614
4441
1326
4194
4297
6523
6338
3999
1922
3349
43
335
754
4482
4823
5268
6448
4597
1312
4546
490
601
5312
5240
1611
4967
2425
965
1465
5402
2697
5820
195
250
423
6794
404
3897
3019
2082
3134
6710
2589
1030
2943
6756
1007
1606
3258
5021
1189
5626
4085
5165
872
5695
5752
4150
3808
321
424
4020
4569
2191
4828
1483
6523
3654
5534
6337
6849
441
5994
6232
4965
2415
1178
2437
6841
1965
5138
3950
6403
3621
2078
873
873
5691
1255
1003
5665
1874
1950
2796
985
2261
4312
4347
4220
4939
5834
5220
3304
6131
288
3672
1276
3583
6729
3362
1343
1966
3003
5633
4442
3530
5564
6259
450
148
6712
4337
1157
5507
5627
2777
865
4223
4979
3680
4798
306
5928
1283
3689
254
4817
6596
2466
6214
4693
1355
1035
2040
4872
4628
1761
5491
5565
4001
2357
968
4057
6404
4456
3744
5783
1634
6841
3570
139
5454
5396
5842
3352
5894
254
4637
395
3249
6015
5742
1709
5190
3630
4248
3111
18
4841
5898
1937
356
333
2717
5067
1618
5415
4275
2680
6914
341
2541
6960
2012
3266
3135
804
2000
5946
3566
4063
3950
2661
3577
3660
4568
4023
2286
3629
143
2783
1525
741
1757
1178
6132
4629
3051
838
5033
3476
6628
4788
725
1097
939
2165
4221
3846
4044
6741
599
6298
3431
6886
1134
2367
3524
1313
3601
2673
1307
133
5616
6914
5088
847
1899
6937
1586
1134
1906
1726
4413
5319
1787
5665
2989
5698
1553
6362
82
6730
3631
3074
1204
4239
238
6156
6090
6439
6095
5485
4321
3824
458
2758
881
4129
2865
5623
2459
1735
2269
499
5074
5280
679
5139
4266
6836
6248
2575
634
5464
488
2882
5428
2266
3211
111
4843
3523
5736
1891
2695
472
5830
4019
3907
3448
581
3225
3564
5407
3534
6563
5924
2359
4730
4603
2238
5485
6940
3653
5607
3619
2141
5444
802
6431
2520
4633
476
6745
6276
1670
2247
5205
367
293
1837
71
5797
4402
4388
4236
292
3459
4321
6854
5313
533
1993
6779
5172
4229
1524
5802
4355
1354
2705
4876
1071
5652
5763
3696
4632
2662
5390
814
2912
2595
288
2465
6273
1760
5926
6569
1158
3249
2138
153
6804
5557
235
1079
4992
2455
322
824
1891
3136
611
6748
6319
172
3329
1667
6494
173
930
5116
5870
5421
5767
5552
4860
4585
4261
901
1368
1245
4411
1282
2330
2670
2767
2644
1255
4974
4436
713
6031
509
6839
2200
3196
3253
6616
2659
4920
4620
5881
4357
1575
2909
1607
2723
4411
4911
4292
737
1077
1314
1923
3560
6621
6038
6689
1900
6466
5815
807
6213
3523
787
5023
3906
3379
6663
1614
5257
5168
5909
2315
464
1939
3543
3310
1741
3987
4353
4847
5951
5752
3046
2602
4551
6479
778
1144
4623
5447
3851
4915
5046
484
888
4575
45
2308
6416
1964
1494
1816
3762
4255
1532
6613
2639
402
4296
2581
2090
2375
553
4092
3620
576
1494
3661
5724
4008
2925
4564
2002
582
2560
2589
3009
5360
3433
3544
97
6011
3824
6888
1463
6210
2584
4106
516
5789
110
597
857
5825
1084
5263
4158
4528
5310
3258
717
2325
6105
4203
416
1851
6429
5685
6924
486
5281
1313
4126
3378
4382
5640
3053
992
2916
2832
3344
2745
266
482
4279
2126
4600
310
5920
6515
1327
3891
3575
2507
3721
2180
5672
6881
6456
6349
1692
1726
5844
4155
492
2949
6856
4634
3158
476
4342
5544
5109
1113
6160
3773
1641
2839
3848
615
5639
2193
5256
4413
187
4573
102
2129
1150
6577
6612
1369
3026
1659
6764
1167
1537
2987
1327
2663
3444
3256
4473
1023
786
2021
3734
4856
2799
224
1931
155
1422
5048
4349
3185
6370
2935
5380
2049
6842
2142
2716
5761
3251
306
4224
3638
2076
4130
453
6835
612
3535
5414
3639
6754
825
181
3324
2617
4012
5953
235
6592
2399
1551
6024
5412
561
3526
2914
2276
5352
3357
3213
4034
534
2501
3533
6742
1056
3081
6098
2847
5660
5798
4143
1951
4994
3201
2225
2490
2716
1831
834
5593
1673
1999
1428
5900
3862
3907
3708
876
4085
3165
2619
5971
5925
1838
4959
5849
5970
2570
2677
1077
1549
4860
6474
3853
1368
3814
3519
6837
4553
6352
1051
771
4908
754
5326
1661
146
1104
951
1192
396
1815
1013
5212
2427
3485
3337
2821
1087
1649
1621
1978
6125
3878
4300
5398
4593
778
1207
2206
599
5510
4995
5349
4045
5651
511
4892
2986
6260
324
6371
4964
4678
2482
2887
729
704
6313
1010
2470
5642
6389
1633
6384
6060
1060
3040
2311
5947
5150
3345
956
6510
3797
2241
2806
488
2084
2937
3552
4807
1854
4003
4137
13
177
1460
5650
1399
5737
6382
1660
6184
1641
2778
3175
5224
5915
1161
3681
104
6503
4038
2557
1871
147
5834
6244
2308
6887
1583
5280
6568
5537
4888
6160
2876
583
5571
2136
1724
240
2172
5694
4555
3198
1550
4028
2155
5538
803
5343
2068
5535
3871
726
3065
4640
5311
603
2246
6700
4548
6678
6346
6123
5275
6533
6133
3847
1893
5706
2623
3020
4266
523
2132
2461
1052
1777
1181
6163
286
3980
5238
373
3478
1273
2408
6152
555
4718
2245
1618
5548
3696
466
1335
2117
1756
1658
594
3161
5196
1788
3730
1482
5170
2976
3973
1344
207
6408
5115
2803
3743
6267
4642
5284
4605
919
3490
6398
2113
5104
2791
1322
946
5063
2058
1450
2671
4206
6863
5750
973
6803
6435
6268
1630
4550
1201
6777
368
1455
1544
105
4308
4303
2949
4773
4228
247
5279
5100
307
4119
5108
6432
4897
3967
6194
3438
5075
1320
5706
2733
20
4501
2133
113
3735
1574
6622
5669
4574
3033
4911
4198
1695
6126
1470
3411
461
2867
3254
439
4049
2277
2209
2543
3671
4852
497
6231
2577
5141
4563
584
2750
4546
512
1453
4710
5605
4468
956
5488
6745
6824
1340
2972
5590
3788
3692
1184
4819
4699
4064
3926
6558
5528
5025
3372
5671
1567
99
6692
4772
5324
5360
5097
542
1017
239
3281
6082
3195
2827
1866
1811
2743
4644
4799
6064
3935
6146
5084
4201
4965
1921
532
1431
452
6199
3456
4098
5758
1375
6511
4071
6944
6291
1946
213
5401
2558
6075
6574
3009
182
3873
1025
1683
2800
6843
6153
6175
5043
1240
1765
5792
3530
6410
3129
4970
3997
2647
127
5366
654
3497
3349
6368
3887
4943
2870
2685
2474
1361
5332
4547
1406
1299
6607
1702
346
6923
1511
2990
3823
1633
4920
2374
458
1877
2659
3483
371
5162
6462
6378
126
4870
5928
2151
5051
4525
2269
4488
5858
4329
6332
4053
914
5258
6587
968
5941
2732
2504
5409
4872
2690
6245
5261
2448
5336
4599
2901
1149
3524
455
2396
2365
1490
4569
2144
5981
3177
5462
3246
4846
3140
278
6698
2657
523
2915
1099
5053
4556
1934
923
3289
1394
2076
151
1250
4023
4978
1593
3124
368
6552
660
5837
5791
2859
5523
6288
1841
1055
810
3046
1991
3758
4663
928
6870
1918
5275
4553
1647
5418
3709
1706
1529
260
6359
6530
1459
1348
6484
6565
1046
4741
1833
5651
631
1404
5670
6811
243
2620
1242
304
3979
5130
5554
2529
1008
4910
4800
3540
3112
4420
5081
1928
1219
2864
1146
1021
4861
428
3149
1834
1515
3515
6040
6702
1057
5277
3849
2144
2245
3293
6404
6867
6610
1379
6148
1311
5059
3067
6096
5547
4552
2526
496
2848
5734
863
4527
1636
5359
466
5573
1272
5597
4700
640
6250
5354
6529
6394
5296
1772
6751
6322
1676
2623
5354
1402
4026
2757
5563
6569
109
4856
6130
123
75
3059
6948
1432
6461
1919
4419
3996
2963
4044
4389
3555
2186
3759
4134
2258
1552
4804
4220
1435
1150
4287
5093
1942
4056
5375
5652
6525
2924
6832
773
3600
408
1406
4559
6162
518
6741
3541
2899
5402
6353
4587
3547
6295
4049
3481
5953
1890
231
426
5066
2158
1079
5423
6525
3357
3758
479
867
1260
3026
1679
6450
4782
6599
1595
666
133
3038
4896
5278
2222
1669
383
414
5261
6052
3363
3726
3136
2771
5490
78
1011
3122
549
5600
2236
1169
6358
2894
4526
4406
3726
5006
3951
5096
1450
5791
2060
6036
2538
4400
1990
891
5478
4655
2895
3172
6230
888
6435
6563
5950
6784
2072
6702
1932
4289
1852
3830
6330
2919
6768
6765
3283
5298
5455
4047
874
3688
1176
981
3617
6441
5778
6269
5058
4122
6128
3838
2904
3335
401
2853
3865
4136
5783
3301
1054
2135
1739
1980
5214
5081
6226
539
5072
2788
1293
774
438
4620
1202
5221
6146
762
643
2105
767
4786
3196
4481
1474
2626
1563
6049
3462
3928
6817
2421
3217
3443
861
1042
893
5184
2915
6842
340
3107
6477
18
6898
6617
3216
2534
1648
2251
5368
1753
4603
739
6425
4652
5072
3818
2098
3956
5177
3806
3511
5353
3970
6348
4438
6526
3161
4014
5395
2650
4848
5911
1767
5543
5037
4116
859
2145
1779
861
3197
1128
6837
38
1477
1023
2819
2438
6385
2309
3974
4556
2064
6615
2290
211
6356
2977
5309
6247
6563
706
6544
5577
4253
1066
252
2211
880
35
4481
5741
1787
3277
129
6138
1047
3106
5498
6904
6497
317
4239
4013
6201
5592
3363
6610
1390
5024
4117
3941
3798
169
1960
737
2334
3468
5051
6738
6646
5560
6733
5026
3157
1766
2428
5171
2002
2440
5855
6629
237
4202
6483
1327
1159
4767
6252
2596
5788
1517
2834
3342
3967
1521
4594
3039
10
1124
5458
2268
2338
5295
2480
1653
605
5623
4889
6227
5193
1192
1522
6165
2957
0
6649
6688
4153
2008
3819
4851
1194
4944
3117
5137
5369
3087
5228
5321
5123
2005
6393
5243
482
6161
4755
6790
5559
890
1155
2592
2875
6517
6208
1390
4923
6812
2177
4047
641
5605
2361
3133
1534
4896
4165
3311
88
1574
1200
1171
3061
2690
610
1096
952
832
3876
2844
4343
305
4074
3295
505
3586
4788
3083
885
3556
3976
3360
513
3924
1843
4480
4181
5838
2395
2998
5949
5154
3705
3327
4656
6512
5249
5738
4618
2557
2554
5862
2088
2930
4730
4805
689
1785
154
1539
5407
6062
1027
4553
234
5292
5579
6545
5384
2291
2312
3926
5853
6488
2507
19
3379
180
3685
4173
4621
6884
1131
3649
199
6695
2927
6753
4422
5191
6130
6552
1619
556
2655
4148
583
3257
4086
354
1975
1800
1235
576
736
2089
1805
5464
5256
6666
3551
6318
6496
3280
5385
5795
696
4560
1609
1081
223
2948
6361
5368
2901
569
4770
2924
275
4936
6650
6331
6798
2740
4069
1613
2219
3500
695
5331
4778
3573
5849
3107
2650
5040
2160
5247
4448
6953
6183
4592
1995
784
4836
6742
5254
4719
4885
3780
4419
198
4002
4107
5037
1520
4485
5164
5872
307
780
5160
3474
6845
5810
4107
3109
5866
5594
5197
550
1190
6814
1764
3992
4616
655
3788
1150
2997
4855
5578
4248
5766
1491
2406
3665
2505
6647
4535
5772
6067
591
3791
571
2909
2582
4835
1135
6446
5866
6770
6927
1972
2654
362
1563
4549
607
1716
121
908
6132
2873
139
5964
1292
6947
1508
1537
1554
6469
615
5729
4057
333
6862
38
343
4455
3180
1205
745
4204
1619
929
4749
659
486
1979
6099
4654
2142
5115
2213
2011
529
6138
1316
823
5373
6255
6414
4532
3098
2868
5163
3096
6451
3312
5739
2773
4828
3233
891
4016
2092
1976
6846
4881
1193
6199
1783
620
227
1696
3731
6429
857
6126
1780
5428
6790
6580
1463
840
485
1542
5502
1814
6592
4050
1358
5133
3003
6318
6588
4786
6071
1832
5188
4821
6124
2789
5042
1022
6631
5753
524
455
3805
5294
4959
910
6494
1557
6343
4360
3092
6914
4734
4050
1492
4134
2362
2592
3393
1836
6953
4860
2010
5986
1850
6058
3462
5273
6696
3845
2782
1405
5520
2437
4779
6204
3642
384
5860
3966
3320
398
2426
1472
1092
1432
6149
2205
5752
2146
6893
1673
427
3654
3461
6061
1774
5582
5278
3448
4774
5452
6479
764
1302
5143
5336
5274
5892
909
6164
6503
2207
4277
4234
6818
1109
4053
3367
2217
1133
5612
3917
107
5331
1419
224
2768
1045
5508
5674
4163
1565
6026
2724
1460
6763
5064
5938
5984
3408
5516
1964
4163
103
3716
6733
1872
4988
3525
4047
4388
3915
3956
1676
1546
4483
532
352
3156
321
2672
4509
882
4353
5070
2631
1641
2912
6701
4984
2755
1387
5441
3178
5899
2347
4498
2933
4038
3503
3332
6526
4543
1691
744
1064
510
6471
1894
2096
5637
2111
3501
5563
5044
3664
2954
3702
5802
924
2537
552
4423
3053
308
1836
4573
3544
5289
312
6435
3712
5486
2026
572
4365
6620
2295
3041
3226
1334
2223
5771
5839
3846
2931
877
5795
1142
2294
6112
2394
6305
4278
3571
4273
2667
3639
1035
463
5126
988
2165
5055
1266
5918
6928
2650
2050
6429
6043
373
5281
3596
2138
4836
5101
5427
6548
3874
2141
6530
4662
6099
3775
5589
1987
694
299
6400
2356
3800
1297
4184
5278
4694
6155
6606
5030
5439
5573
1520
10
5400
6328
4611
2533
5807
5916
6308
887
220
6634
6867
2461
6828
2399
5720
867
3303
3328
6097
6163
6600
4784
3147
4722
4557
2677
399
1250
1819
1765
35
2548
3195
336
1380
2564
6438
5941
623
6103
3031
998
1577
4979
5209
2706
430
6245
2393
2254
4481
5466
4225
4026
73
5844
4035
2454
6652
4043
5706
4425
6173
217
4586
749
1417
2232
6680
4756
6677
5949
1367
2265
1832
6338
2316
2909
6298
5436
3535
3347
6534
2596
6356
4026
5500
4247
5311
3619
620
2745
3102
3184
2395
3750
1979
4937
1867
1616
598
84
4040
702
4105
1806
3203
2944
3386
3447
5372
2643
6594
1662
5098
2898
6858
2259
4385
3109
1307
5418
252
4850
1088
643
5685
3200
2521
421
3669
2949
3772
4344
3395
353
968
840
3946
4363
460
498
1717
6882
1552
2985
491
229
1427
3098
5172
6006
6723
2531
2580
221
83
1810
6542
5045
6194
2593
5220
1011
110
1426
6917
143
3809
878
6535
488
4816
5648
2480
5484
2567
3434
5446
5750
2350
5400
3735
6641
6587
87
5618
2086
1226
570
5771
4209
6301
5459
3759
4899
6011
4476
1961
5896
3390
2718
1193
2694
2346
750
5937
4676
1953
6570
2666
1655
6771
1610
1272
1954
4413
5972
3933
1320
104
3775
568
232
6271
1672
2
3665
3410
5601
6887
1825
2255
6644
6078
2213
6701
3281
3667
5064
3996
4017
5670
1063
1101
2980
4658
5025
4182
1966
24
5214
4364
4852
3058
4341
6058
863
2569
4778
4290
1805
3100
174
3549
6691
1996
887
6547
5171
4895
3206
5129
126
3661
833
4459
786
3057
5715
2235
2128
302
1231
3007
4651
6673
2641
6071
5137
6718
2378
4302
2271
5301
6166
1421
4040
2432
5666
2369
6218
3168
153
3960
2721
1795
1286
2406
1136
6660
2408
3309
1493
5338
6574
5441
3846
4180
4949
406
5826
6628
275
3637
5429
2976
2828
649
581
1733
67
1989
4851
5763
450
4500
3696
4793
2106
4802
1571
5405
2965
184
6698
1845
1695
3386
3435
4625
1148
685
83
1277
215
5910
3637
1250
3851
1804
2027
2566
4925
2805
4001
1968
6222
4208
6379
3684
6066
3729
4894
5104
5731
3775
183
6625
780
4916
6118
4132
5221
5899
4787
1458
1628
4458
2018
5409
3347
1980
1637
5861
218
3420
3177
1314
2808
8
1388
3867
1777
5646
4706
6340
3724
1056
4833
116
5950
545
1650
521
3351
3757
2268
1889
5630
2041
1652
4903
4216
1807
2603
4211
3213
3225
2219
3842
4901
2056
1928
4502
2674
6560
6699
4252
2420
616
5555
197
6373
6524
759
4017
4757
4028
2866
3928
5744
6436
3298
54
6219
4452
4007
2421
4886
330
5349
4142
5042
4433
3619
4726
5413
5059
5253
4225
2103
4891
395
552
6054
2651
5701
6504
5440
1037
2961
1082
3005
3575
2806
4317
5147
3261
5012
3063
6577
3148
131
6149
4458
6221
3374
1863
3210
6960
5194
6705
1860
5491
5837
5944
305
5839
6801
2608
3210
4413
3894
2036
6676
6677
409
6695
2043
3442
1295
5340
3909
1373
3612
6824
6122
3489
6176
1191
991
3808
1269
1886
6139
5846
3764
5622
2315
6846
844
4043
6009
5404
1523
5864
721
3691
3943
249
6568
4695
4144
1593
652
195
4530
6547
5461
5779
1039
5721
5395
6294
4863
5818
1708
611
4157
2253
6168
303
5532
3702
6729
953
1223
6720
439
3782
2995
807
3922
6086
3966
4047
3361
3630
1526
4186
2253
2133
752
3999
4545
518
5253
5897
57
4339
6393
4900
6567
5000
305
5409
6694
2033
4489
3360
63
6121
5169
5247
4416
3109
3148
1587
131
1512
2324
5393
3519
2571
2110
305
4081
261
6108
1028
5639
5103
5801
1280
3805
818
2941
6188
295
5917
755
5242
5759
4556
1221
5693
5533
3994
4598
2281
5211
1303
1768
1489
2659
4088
2541
3560
1163
1540
4099
5893
6350
879
397
4203
3458
3290
3193
1273
5184
6699
6503
1691
6196
4892
1672
1769
4557
557
3295
985
6408
5204
3692
6141
4200
3373
2309
1260
6852
1457
239
1513
310
1157
6450
2049
5925
870
125
1681
5365
6603
2136
1790
394
4421
1153
381
5674
5013
4561
6169
536
889
88
1787
4824
67
6849
1695
6601
1098
5916
1274
3720
2491
6795
1500
6685
6749
1772
3969
1862
2021
6268
5802
5287
245
164
1815
5010
375
2641
3547
4497
5963
6208
3937
4526
4188
2862
5245
3729
4311
4424
5357
4522
3760
5755
699
722
3499
4832
2935
1393
584
5145
698
5055
4015
2559
3012
85
2293
6211
4586
6510
3840
6199
2498
1452
1590
3582
2806
1789
3971
932
1485
6181
356
1998
113
5657
2279
5201
4088
1003
5201
1816
420
6723
229
1323
6811
397
3580
577
4704
3080
5244
3602
4615
3055
3046
6112
3636
1597
547
1871
4255
6878
4624
6671
2355
3310
6602
5299
3826
1685
1166
3343
6292
6774
2481
4005
3764
2898
639
2629
4444
216
2495
6607
3084
1620
4370
3561
4233
474
3072
1591
5530
5666
6026
2572
5735
2703
897
5955
3100
4773
3881
2661
4193
5860
2053
2554
728
3793
2663
2817
638
685
2134
2465
3852
2171
5617
2362
5850
1679
6029
5134
5509
5032
4102
4658
4026
641
2635
1280
6683
691
2108
5576
1388
2223
1549
1069
5894
4953
1808
2441
4258
898
467
3019
4139
106
1668
1256
3587
3638
2408
6525
6103
4818
6716
2264
5596
3384
1899
2424
5161
6539
5023
161
6775
416
2539
4330
4759
3973
6939
4675
4791
4376
4480
4025
4473
4712
3513
3776
3124
255
69
2379
2407
5469
1967
210
298
5098
2045
401
1856
1141
6311
3783
1797
4608
5702
2795
6939
3838
1656
2807
1332
5973
5219
5261
1167
904
6309
4369
3927
454
6747
795
2145
1370
5019
5383
6797
2467
3945
2098
2128
3662
1901
4020
3350
6076
1825
900
2025
4677
6375
1161
4867
54
2565
5859
2192
6777
5380
5937
2928
6520
6221
1947
1296
5152
1743
3524
3931
6170
1652
6140
792
6878
5507
1582
5304
4514
1975
358
2010
3338
6064
4870
2991
4708
1388
4264
370
233
5676
2088
3724
5634
5975
64
5333
1320
5643
2090
3222
5386
6074
5132
420
5130
4070
6480
980
5431
1886
3709
4710
6361
3438
170
143
4324
4664
616
5862
6334
6185
6737
5156
1306
6890
877
4628
5334
1733
2676
5221
1043
1533
3903
3349
6417
4991
2608
5057
4080
3375
1500
4666
5072
1027
5210
6821
1648
4477
5388
2286
4337
782
3555
3720
1842
1537
1157
5286
1209
5055
3995
1219
473
6219
2355
3172
4083
3397
1958
2861
3451
6611
3436
5134
2708
4995
2091
6473
6083
713
1261
5471
3937
1038
332
1967
4006
286
6876
4616
6761
6755
5418
1318
4381
1924
3681
5423
6293
3371
5228
2714
1626
783
6583
1778
5234
443
5033
6774
393
4738
3402
2791
4390
2239
2966
2001
6751
1727
5406
5359
3465
578
482
1670
1685
5262
4866
899
1823
2110
1992
3247
6664
3741
3869
4071
4863
2014
6054
6651
890
1322
4381
3589
2377
32
1642
3793
5650
1528
6749
907
991
3043
915
6052
793
2769
953
314
2254
5192
4792
3613
3702
2618
816
4192
4267
5068
5869
4527
1454
1604
560
3467
3885
1336
5953
3196
6331
626
6302
5645
3796
55
5739
6354
3572
380
2299
5672
4537
640
193
3768
3913
4122
4912
4362
3672
6580
2970
854
4233
4336
486
3792
1164
783
204
6104
3044
4546
6232
680
371
4556
4555
4227
4990
4187
3170
150
1553
5596
1520
579
511
1885
2699
3174
683
2790
6265
5685
5477
6607
4037
1422
3168
534
6156
2537
5226
3159
3227
2632
6273
3908
3449
1694
6754
6392
5938
1680
3017
1793
2695
4905
3640
2719
3262
6356
2389
1560
3080
3133
2579
1155
4039
5740
451
2978
1167
4413
3164
5026
4548
2724
1953
291
4607
5236
2776
84
2509
3331
5396
6916
1119
1840
6460
447
2170
6715
3674
5230
2191
6334
842
2302
323
3432
5638
1151
3882
5173
5407
2137
3683
2252
3102
2667
6809
1891
3645
215
1359
2062
2916
2749
6861
1722
735
2675
2097
769
566
3208
465
5420
2097
4284
5073
3688
6895
6762
5346
5870
1717
3756
3133
6690
799
557
140
2217
1545
6769
5343
5110
5669
3414
4282
4244
6527
3494
683
5280
4048
6602
6703
4735
2640
3505
5671
3124
3249
3676
6292
2333
1776
1285
1930
2739
1313
4317
2068
3878
4019
1948
1
4880
315
2865
2153
3211
4302
792
1392
2458
3814
1718
4531
4757
3622
4444
5006
1494
1029
6112
3218
5500
6073
4223
5264
1695
6578
4539
6359
3510
3733
4720
5419
2341
3994
18
5203
6940
4984
1147
2014
87
5677
1760
890
2596
2325
4471
4327
2346
5858
3502
3790
2257
4304
3145
803
772
5663
5635
4350
2482
5723
6159
294
1129
6447
923
6578
5921
6905
5135
2391
5708
5339
274
4889
1125
3363
3090
6593
6848
667
4686
3232
759
6696
4280
6838
2065
4950
5305
1844
1782
3812
122
182
1049
3505
757
5678
1458
2661
3648
2655
6111
1683
5411
1548
1644
1945
5380
883
798
1989
3025
1794
3955
329
2641
319
6020
1329
1820
6424
4094
4466
6958
88
2121
5041
3564
637
1033
6336
3521
2457
5997
5555
3205
1545
1616
6102
3219
5018
2350
1267
266
6297
60
4271
6780
3614
2290
3120
3360
1726
1564
5169
1008
483
4814
2200
3950
4841
4310
6775
4817
538
5471
5355
4801
5077
1317
2145
6688
5308
2413
4846
3333
179
2935
2238
114
4519
2995
6075
4705
6829
2822
5314
4195
3334
6773
4489
6903
4943
5107
5682
1988
1510
1051
6745
731
4054
839
3636
1068
6886
2142
5368
333
2022
190
5236
4961
6135
4675
3260
6877
6597
317
5481
589
2237
5200
4964
4494
5171
2261
71
6913
438
2085
3710
3665
1641
2383
989
4426
5506
6936
68
2871
4551
1576
4859
4576
3185
4167
5241
763
4671
2745
3736
4926
32
4931
4908
4742
556
4370
1193
5166
3722
207
4970
5261
6043
3501
6124
4537
390
5437
6231
6233
946
5039
1731
2535
4986
195
2601
1092
3624
3554
3084
5726
632
5387
6196
437
5176
5602
5251
3640
2428
2112
2021
3885
5863
1272
3676
3573
5849
1142
6233
4269
5611
1573
2275
1267
3567
5282
4592
5730
2776
2386
1868
4183
1067
298
2069
2293
6713
5288
5082
386
352
5388
515
1159
3965
2611
6498
1721
226
3441
5125
1727
3965
1173
2985
2937
4933
2938
2916
5035
2631
4779
2198
1667
693
4276
3357
2150
1083
2044
239
4667
2478
1019
6384
4702
4378
4838
6834
3515
2410
14
1120
3139
477
83
154
4164
3635
5978
3336
3126
1148
1174
6650
6806
1023
4226
1477
999
5442
2963
3387
4635
1220
4063
5276
1205
6599
2279
3536
3158
4878
5557
532
5134
1605
1267
4893
406
2504
6651
5599
3702
5744
699
6294
6735
5419
5689
3073
2014
4599
200
5812
2426
5253
6148
4319
1728
3191
6445
2491
4226
2648
2914
4437
5174
2827
4852
3764
6496
39
4011
6382
5466
1194
411
6221
577
5499
1678
2883
1044
105
1537
6147
5885
2141
2560
4216
3966
1780
3887
2906
4559
646
149
1981
4095
3488
6673
358
4409
143
720
6453
2713
2564
6946
3453
2779
3047
2544
3921
5598
4017
63
6949
4591
6869
2761
3158
1692
6925
3058
2633
6803
2862
778
794
1735
6418
1950
3639
5308
3463
4568
4848
6651
1310
5961
1908
5648
3037
5421
2367
2193
6783
5794
2482
1497
1394
6796
5452
6400
2303
5048
3231
979
1116
6697
3031
4589
51
5207
6580
5439
3758
6393
1260
6119
4016
934
5742
525
3896
6042
874
1828
2415
2243
2554
6940
5022
1073
235
5497
6635
5690
4763
2201
1129
2605
6499
5519
6732
5523
3882
336
1277
701
3520
4393
2438
6320
5539
1869
3043
4989
4663
2186
1974
4257
2549
497
1273
6902
4459
2488
1044
2654
4785
5101
906
3655
3441
1684
264
4219
4464
2388
1370
4320
6646
1981
1850
1212
4506
1624
4555
2999
2880
2078
1025
4610
1063
6772
6552
5695
2678
5212
3719
6467
4291
1379
4782
3660
5934
1693
1936
4560
4377
281
6778
5654
6245
3809
13
2951
1992
538
1698
3166
485
4706
3490
198
2607
1670
3738
5483
6187
603
4313
5695
3355
2467
1920
1709
2242
5106
6795
6441
3008
3283
669
952
4944
3045
858
731
1411
353
3637
6789
3723
6377
6166
4807
4930
1301
1532
4431
5439
4344
2685
2773
4871
2279
1823
2635
41
6456
766
4148
2426
4752
5292
3317
2283
1065
5047
5083
1314
1413
3391
5768
3970
2550
3660
5745
5323
3842
5578
5309
5992
4441
3027
2993
3357
5040
6012
4969
4619
1116
1265
1638
4428
1361
3274
210
1026
1133
5209
4018
5609
2824
6431
4138
573
5202
2228
1606
2396
3224
5977
492
3672
6759
960
219
6567
6330
2884
2514
402
3255
1007
4750
6128
4171
2530
4208
313
3112
4380
4022
6527
5095
3088
6310
1881
1898
1326
1585
1884
4771
754
1265
688
1909
4542
939
5459
3137
665
1926
5497
1363
758
6047
5515
4090
5668
6501
5228
1078
6487
1028
2450
4537
850
5993
3375
1340
4561
4765
278
2601
1094
1086
986
6894
336
3455
2401
4304
3860
536
6782
3218
4933
593
661
6500
4178
730
2011
6540
2118
5463
5858
3710
3484
5376
1106
949
3713
4562
2628
1400
975
4306
1021
4577
5615
168
1780
2761
4446
175
493
2112
3991
1639
6241
984
4499
3668
1145
5500
4121
3001
6667
6315
6698
5212
6367
4416
4234
4663
5726
1527
6929
4074
6506
748
6108
850
6744
1535
1357
1577
3469
2547
999
472
2477
1378
1911
1676
5985
4221
1505
5060
3798
4788
963
1117
2933
4143
6106
4787
4059
1883
2451
4375
5926
410
4240
3841
808
1599
3593
669
3090
5629
4721
379
1346
3820
6402
6718
3617
1879
5809
2473
5070
942
2953
1871
6519
1473
39
4728
3253
955
4859
3055
1457
4034
6722
3757
5048
5471
4139
1336
6274
2416
3028
6594
6450
2819
69
5183
6933
3070
5903
6859
5440
593
691
4707
1507
1699
4579
4613
2326
5285
3698
5145
5905
5869
5071
541
1404
283
4343
3472
630
5378
2517
339
2053
4699
208
189
3486
5937
4027
4572
4883
124
2935
3370
4370
1188
4843
4995
6755
3020
4952
4669
3970
5740
6093
4224
6534
3784
6579
874
3486
1906
5522
393
2177
4179
1068
5840
168
1265
1833
1050
4244
982
5675
2912
2761
510
1468
2108
542
895
2734
4945
4676
3491
3734
4402
6263
3302
2357
852
5990
2062
2498
2186
3042
274
1187
3482
5435
6144
4446
5494
675
5873
1021
6826
5979
1137
1123
4725
6790
3593
5638
128
3767
6727
6473
2576
1708
1114
1250
4449
3428
2149
4984
6708
1097
6947
4437
500
993
4718
4292
733
3647
2765
1893
6709
6806
4099
918
3853
1597
2246
485
3570
3777
2383
172
875
294
5825
4057
6343
5518
3452
3424
3165
1891
2247
4173
5587
5037
4250
812
1156
806
5620
5412
5441
4134
1014
5715
364
1697
6810
5187
519
150
5262
82
5465
3913
87
6566
6840
2572
4604
4533
4461
3858
3635
5020
4391
3887
5601
5217
857
2830
4458
2218
3953
3881
909
3203
3088
2500
450
6375
670
4077
6728
5763
2207
1559
6007
4728
1932
664
4240
4130
1139
1682
1716
94
1206
2221
2033
6415
1208
4721
6374
6290
5528
252
6413
3755
1023
5191
5402
5504
5186
3577
6433
4440
4928
5065
5952
4299
6108
6706
820
4778
6288
4099
5568
6298
796
4370
664
4267
1564
3250
1139
500
2288
4214
2
6609
48
5427
271
5646
4354
2127
5015
3495
1011
1108
3303
180
1031
303
2282
3962
704
178
5093
3423
3583
6852
5659
2639
5048
3127
6104
3591
4000
755
6246
1124
2754
584
4701
3490
3806
3767
5658
5959
3287
5163
567
3067
3104
1544
951
6470
4356
5598
5241
3279
4101
1651
4209
2319
2786
464
4437
5314
5043
723
6390
3149
17
3833
843
6751
4666
6142
1210
597
6571
5775
5417
2590
2515
3696
2534
4627
5140
6697
4596
2344
4474
1510
6786
5086
30
2457
4092
1396
2508
2066
4057
4756
2710
6770
1239
3191
3845
2130
2367
5346
5224
6669
6475
6782
3689
5674
4959
1300
2534
318
5828
5603
5118
5618
413
1815
827
1232
2596
325
2587
2537
1665
5457
2119
2176
3679
3972
2416
156
3194
2956
21
756
6941
1637
1846
5796
2944
3372
6660
5463
199
3365
3750
6449
1951
1349
4214
2771
2237
2813
6413
935
655
3803
4146
6333
6253
5105
5628
5821
3781
918
5592
6602
6
6526
1712
5270
3117
2116
2364
280
1764
6063
4971
1661
2212
1880
3325
2672
414
1325
2612
1088
889
2187
177
2961
2608
1710
4498
2999
5102
1966
3693
1330
2665
2949
3251
6788
3557
6366
3566
391
4010
2450
4014
2358
1837
4997
2588
4502
2075
28
3101
5419
5410
828
2416
3247
4193
4529
4486
5431
2310
265
1388
1060
3400
4605
5300
3526
4514
6322
2325
6544
3051
6922
209
5188
6434
3159
1110
657
1322
1095
2970
4414
954
5043
3439
3377
5446
3654
1001
5411
2440
448
40
3822
718
328
5417
6270
5229
4265
5199
658
1612
457
3494
2734
4131
896
5952
2804
6438
6164
4716
2428
5606
6957
3115
897
3242
1533
939
5627
3975
1550
1490
238
6792
6686
2469
6322
5094
5110
3481
6087
4442
5891
4809
677
6746
2958
6727
284
3817
4261
6791
5973
6290
3412
1654
2200
4646
2914
5968
1216
2312
4529
1875
1834
615
2323
1369
5286
4825
5642
1923
770
3097
1875
1285
547
6035
546
5666
285
3676
4898
6328
2152
4835
2788
4072
2956
5619
527
526
6158
5282
821
3968
5074
5804
1618
5032
2833
734
1058
5543
789
6856
2367
6477
3632
948
3170
6951
3385
5519
6281
5200
6253
1478
4249
2553
5621
4528
4313
2783
470
6166
4213
3181
2080
6401
5464
1105
2354
4532
1492
160
2166
6597
3662
4346
3401
2205
602
2232
1794
5357
4997
4020
5585
689
3554
2303
3004
1845
4461
502
122
5346
2903
5054
1487
4514
4836
5901
6510
160
376
6937
4071
6484
3825
3294
249
5139
982
2736
2345
2432
3404
6693
3985
727
965
3231
5446
716
483
914
702
5272
6534
5925
4031
4853
980
4138
289
2859
6077
4811
4647
399
5091
5364
3255
3578
3439
5295
2649
5633
5646
3422
6661
816
5188
5082
1765
4752
25
3855
1769
2517
5457
1342
1574
851
4105
6807
6715
4699
4034
184
6413
1479
3003
3158
918
1141
3610
2771
5553
3615
3780
1482
1814
4723
4320
4618
4989
3192
4041
6314
4868
3325
4190
6290
879
1359
6944
4381
153
6610
5722
5684
6250
6574
529
6673
5980
5149
2243
6466
6311
4279
4453
5591
3486
6016
5219
5869
5890
4558
4609
4234
5361
29
5745
1080
2178
436
6779
1432
311
5069
4484
2348
775
658
5622
4530
187
1526
2305
3096
4058
6155
330
6337
6531
4478
2518
4561
5778
145
4515
6339
44
5168
5440
2897
6105
3140
6010
558
6664
5103
5128
4541
4880
5832
735
6016
3330
2893
2618
663
938
5351
1758
2871
2311
1849
1960
3886
2671
3806
3621
1107
4050
3347
5552
5698
2023
1888
446
6772
1817
5922
2414
3436
22
1908
846
447
5423
4938
6711
5022
258
5045
901
5878
2950
420
5129
3262
4875
3813
15
2885
6545
4806
2494
4743
1830
1741
5743
3409
5159
2739
4137
2477
5760
5875
678
4661
3837
5787
3507
6717
3554
3180
6400
3969
459
4202
2730
42
3162
4125
6075
2713
5697
4910
3995
2844
5914
1697
6662
513
5641
1487
1102
257
5889
1804
4261
135
6554
4711
5820
6374
4406
1051
5144
1257
2309
3215
3859
3286
4713
2987
4317
4146
6781
2823
4115
5790
2728
3923
5468
389
4380
575
4937
437
6068
3417
2519
5550
2875
937
5518
4944
6048
6680
1792
6388
3911
3335
3150
5413
947
4639
2174
5806
4647
5248
6383
5749
6205
4939
5137
6907
5998
3589
839
2342
5210
1877
6813
1891
6268
3320
2792
6185
941
3179
4284
6746
6525
3182
2912
3435
2226
216
1990
2699
3962
6827
3522
137
2512
6596
598
6204
4573
76
900
3386
182
2199
5962
3315
4238
2146
1653
6481
1997
3364
1921
1658
1270
1566
1934
748
3100
1969
5065
3392
5374
6133
1645
2164
217
3384
5151
4615
6678
6815
859
2773
6463
757
631
4688
3453
980
5894
1464
963
705
1293
620
4163
147
5369
3601
6845
3679
6302
4502
2535
3536
4225
4464
5804
5008
5034
3123
1140
6208
4551
2968
1244
508
444
2801
2953
1186
3500
5208
5019
6593
2488
4518
5050
393
2331
6775
4856
667
853
2094
5255
2669
840
2446
5354
4414
4680
567
3254
958
2908
5951
6919
5712
6902
3449
3829
4965
1532
1192
4920
2107
4765
717
3004
5239
1897
923
3387
939
682
6893
2124
1615
6420
5898
5538
6624
1296
4568
6358
1343
6178
2822
1583
2806
607
5098
170
4499
1398
2509
175
938
3821
6347
6019
4274
4644
2977
2634
2698
1120
3606
2476
3624
3808
121
4040
3430
4575
194
927
6889
4003
2930
5690
3354
395
4272
4573
3720
1372
839
6286
5877
1534
1195
1157
651
4694
5815
6480
6401
2690
358
4113
484
1966
2025
2429
1382
3059
2253
2087
1339
3874
392
3867
6649
4032
2640
6640
1327
2036
716
5483
800
6102
6180
5307
283
5394
3843
4628
654
340
496
4799
6562
105
6212
2321
341
1734
6228
2062
6171
3631
4728
2916
83
4092
400
6714
650
5775
3476
2484
6889
3920
6289
4670
2712
2247
5195
3056
2807
1744
5585
192
5780
431
4238
437
1621
5238
1152
3089
3454
5438
6520
5983
2649
6706
5134
6384
4756
2488
2287
1794
1226
4492
1965
3726
2803
5179
2014
702
3403
4715
3789
5623
1416
3619
5050
4109
620
5168
3642
81
4145
5321
5645
5031
1407
4122
2863
4756
319
1059
4054
6504
2701
207
4927
4877
935
5168
6750
4878
1079
2834
3661
5901
6550
5267
2606
2466
223
1487
2490
4416
6931
5301
597
1013
4322
2345
4408
3972
3586
6759
6050
3967
4853
2610
5578
3742
2599
115
4825
2714
5858
2156
4869
270
3724
2886
4616
5711
1787
4111
6707
1019
4198
3684
3127
2967
3626
5024
4404
1199
604
3624
4694
573
6920
3810
1100
3459
1857
3935
5405
4888
300
2533
4536
1360
388
5363
4847
380
6272
4007
864
5331
4689
2839
6506
708
1211
1145
1292
5748
6055
2266
2961
608
1665
5478
2059
4198
59
418
5133
1395
2103
5863
6730
510
5241
2763
572
827
6905
4356
3388
4863
5810
4050
6834
4516
2693
3295
1629
5068
1099
4884
4672
6228
2811
4231
3428
5391
2940
5114
3290
531
473
6365
1368
405
4822
5716
2143
147
5042
5473
3012
1900
1400
297
5985
1817
5636
4255
495
1229
3947
1082
1651
97
1298
4458
1508
3748
2312
3680
3628
1751
4681
1929
2768
435
3166
3664
6596
1959
828
1139
6604
2682
6683
3093
1588
3162
3393
761
2893
4767
2536
3565
3372
2388
4026
410
5772
5748
2097
6040
617
5626
2857
2464
654
3521
2876
1945
3093
3745
4277
3576
810
228
4636
1467
328
803
5713
1188
3663
4583
900
6159
5081
6944
2039
4104
4785
1378
3029
1665
734
3673
2114
1462
3272
646
1933
2049
2288
52
2097
1206
1202
5307
3484
5503
2456
4622
6160
3876
3686
2592
4891
1654
5219
2443
1521
1235
1489
1094
4521
1368
6882
6745
4086
3112
2065
2496
3440
5605
4959
2556
3909
3682
221
601
6021
1561
6767
5032
5251
4752
1932
1360
3929
3346
319
6489
3558
3795
5020
4849
4220
3465
881
1231
5572
6399
5624
1409
3191
3662
4204
3090
1172
3624
670
5080
627
3083
1865
3384
3063
3748
4421
4258
727
250
6535
5231
6179
6925
2490
99
2124
253
4724
3184
427
5243
892
3574
1616
6772
3725
5513
1979
5999
4055
4771
6426
31
6227
4780
6949
5677
4496
2472
5564
6814
5831
4425
2079
460
6555
3191
650
4799
1262
6178
3431
1190
301
2920
4662
1439
777
6318
2652
1540
4136
2219
4176
1211
5482
4897
3479
1855
5396
1494
904
2676
5840
3120
6225
5374
3108
4826
3223
5974
3299
3877
3305
4740
4403
6070
3120
2317
5637
1737
6895
3065
3950
4473
5042
798
5683
5443
1995
6797
4199
5140
1336
4278
2739
3746
5344
247
880
3829
1952
2322
4868
4675
2020
6335
3966
631
2480
1593
6838
4683
3596
1903
5333
5583
5932
5948
1690
3555
3565
6515
4404
6689
86
3372
1151
4067
2244
2982
4055
4009
6020
3770
1931
6075
4506
538
2897
2171
1683
4709
5199
1321
4946
5788
2997
899
609
6772
587
4306
5417
1958
801
135
6436
5979
4821
5187
4341
1474
3561
4084
1279
95
5257
6460
5785
1490
5666
37
3903
5129
3044
6231
5416
4500
2150
3643
3850
1324
5717
761
2515
6339
6926
2525
1600
3215
492
3868
6948
934
2129
1254
2283
3939
6795
4474
4434
1540
3414
1977
3625
4356
226
6238
6861
3708
2019
2737
5240
5347
5784
2941
1485
974
4745
993
2971
2684
3024
3406
1574
826
4588
5088
5152
5564
1619
5065
594
1412
575
1465
1589
1475
2485
2845
6949
5608
4348
276
3538
5675
3107
3892
4854
5989
5429
5644
2539
2241
4083
6013
6434
4446
2476
39
3889
5458
929
2128
6225
859
6259
1855
4835
2719
6613
1421
138
5623
4061
1130
2516
3924
1692
1006
3866
5708
141
637
5089
6085
4815
544
5399
4641
3117
5820
4186
4137
5705
5167
866
6067
2415
4058
1337
4987
4747
6444
1113
3183
595
4467
5143
2381
4348
4456
6036
5105
6105
682
3763
3917
2222
4857
2810
6619
2439
1162
6441
4740
6072
4634
267
3342
2878
5385
5308
994
4951
5957
1379
948
5847
5302
6031
2173
1334
4469
5110
176
5074
6294
4251
565
4183
4638
2106
3084
5890
6428
5297
1145
2170
3294
6191
3113
4225
5464
2071
3379
1166
4956
6657
295
1790
798
78
1445
4668
6042
2869
1650
618
5627
3863
3667
744
5957
6774
1405
1045
5443
5887
6588
449
1597
929
234
6347
1684
2758
4757
444
2729
686
5971
1645
5151
6125
1224
2924
371
1300
1851
3695
3222
3162
613
3243
2352
3915
1337
4841
26
2118
6256
692
3315
6250
1345
5426
5321
4136
5458
6342
6925
4438
5531
6162
5955
1115
3503
1009
2143
4466
3283
5217
4143
4360
448
1262
2537
3201
4359
3324
4946
4699
129
1990
1164
2546
5314
5033
5754
697
2699
554
2899
3667
2215
4120
6505
1329
5074
875
3852
6280
1754
1720
524
6020
1156
6446
1479
6217
6815
3814
2422
6831
3627
577
1543
2558
4878
6744
3901
4834
3930
4811
2993
1827
4424
3569
3874
4746
5497
5298
2786
1258
2142
962
5725
1529
6152
2705
220
1803
499
6258
6884
3909
4202
5142
5280
2552
5618
934
2701
1710
359
1831
1488
4696
6400
13
999
1797
1136
2854
704
421
2717
5913
1343
3853
3704
3471
6667
5142
4087
1343
2383
3217
1401
2197
2628
4081
3820
1797
584
2388
5809
2422
4369
2479
3104
3601
3512
5012
3550
410
6432
2717
1693
1657
2543
2742
2331
4098
5673
1689
3459
781
4614
1434
2114
3256
3978
2524
207
1372
494
2215
2272
5591
1463
5531
5800
2208
2229
2821
5843
1326
6090
936
2674
5138
1885
2552
5468
3967
347
4457
1623
408
3573
2233
712
3245
398
4553
2199
3280
943
5676
797
4875
3699
3220
6061
2654
5534
6197
6189
2108
5204
5935
728
4917
1697
6440
5189
5725
31
1738
1431
3290
756
6241
4263
1104
2567
5836
6320
470
4848
3935
6887
1822
612
6676
1071
6493
747
3057
1324
3600
203
5830
4149
5868
3877
2415
1991
5620
409
1601
2758
5900
3994
5477
1247
427
5009
1277
593
3042
5342
3769
5359
6234
3536
2295
4593
3773
2024
4534
3829
3219
4506
4587
5624
6765
1484
2659
5231
4426
6086
477
5222
6890
2619
2161
3203
5850
411
6582
6474
3897
3905
1339
4098
6165
35
5329
1258
5988
2768
3416
1994
5334
1109
2360
2268
5653
3492
4527
3119
6266
3196
3322
5428
6726
4750
3256
186
5360
306
49
3048
4084
6216
1459
6236
6584
3882
4910
828
4773
5744
3801
152
1930
3142
960
4709
632
4503
1041
6718
3664
3581
1408
6283
5155
1419
2878
4928
379
2609
159
6662
3598
550
192
