40000
4018
3324
3071
379
162
4191
4374
456
446
1087
2585
3093
1229
1090
178
301
3156
4535
624
165
301
2668
692
4528
713
2266
2374
1599
831
2016
3398
2551
2930
2840
3830
577
2322
1458
2621
4774
387
3531
868
4360
934
1063
2379
3577
4912
3027
3079
3169
4651
3689
3715
1511
1150
3202
1243
3638
1726
4628
2260
2324
4226
685
2698
2055
2961
4413
1670
2054
610
2129
3954
3544
3298
1057
234
2077
3943
3687
4164
4105
3197
2300
2977
2592
3473
1656
4398
3441
1686
959
4951
58
1545
1153
666
3793
2124
2605
3390
3626
555
3228
2885
1223
3837
4946
3169
4999
1575
259
237
793
4164
4068
2256
4315
3780
3989
72
1288
581
4588
1153
1152
1176
1129
1096
2907
1754
3814
2490
1490
1300
2081
4010
4619
1841
3241
2081
2113
4997
380
3309
4351
1942
2544
3244
4646
36
2223
195
1682
31
4009
2701
2308
610
2825
3671
4041
4593
1044
751
1300
925
3917
4524
3185
2825
2631
518
3646
4254
2888
2208
2769
450
2607
3621
2920
3954
1221
4871
4197
793
1594
3029
1891
639
2849
4451
1156
3077
2529
3240
2243
2560
2338
3682
2941
1751
4919
55
1767
1538
1451
4365
3707
2417
2404
1035
3321
1527
771
535
554
3023
2944
3081
2528
3017
4417
1353
2496
1125
1241
3730
265
1963
4952
1021
1354
4891
4449
981
2669
768
969
2696
1159
4566
3574
3326
1923
4693
4901
3011
3811
2194
2976
196
3464
4336
620
1557
2690
3782
3186
4379
4036
2343
1322
2261
8
1888
607
3212
740
3760
364
3298
2584
1076
4298
2299
1360
3772
1685
2446
4062
2932
3381
2698
3247
1216
1092
3644
3341
1084
2806
2751
2372
4434
897
963
763
98
3599
4904
4479
1929
3425
2719
251
2615
1925
2816
2703
3020
1106
953
383
1224
2282
4951
784
1154
847
214
2519
1296
1272
18
71
4323
621
2565
4379
1515
3775
912
588
4652
2723
3543
2802
975
756
4526
1581
4463
3330
297
2821
92
4656
2998
3664
4848
4815
2849
2624
3646
65
1979
4667
1412
4254
4215
2433
1982
1074
4156
2188
4244
1110
4759
2416
2025
985
4666
1186
2759
1579
1913
4022
4315
2062
657
1906
2477
2209
4703
3953
302
377
1286
3317
2275
3159
4586
1339
2426
605
2248
2696
1095
2763
4702
4637
1284
2349
4588
4111
4885
2514
908
1828
2518
4186
2259
1117
2323
3685
3741
4491
3298
764
1020
3615
823
708
4207
64
2830
2803
755
355
53
58
3326
4396
391
3654
38
4265
2368
3141
3552
546
2522
497
204
3738
2065
405
1820
822
4289
3195
1480
278
850
309
3249
4163
4987
3209
553
4539
2549
3559
2104
4277
795
1198
1320
1286
1702
1390
3939
2312
4853
1876
4058
1471
3119
4597
4578
1799
1865
1065
2574
3596
1079
4681
4962
1795
2745
1210
3656
3265
3349
1495
273
4081
2009
3760
4542
4875
4611
2236
3778
4706
1516
4827
2260
3087
4055
1942
1003
4772
2268
1964
324
1810
4149
3795
70
224
2487
3756
440
4120
725
2752
3841
1529
4717
3541
1825
2014
4539
715
1013
1449
3897
2056
263
2629
911
2112
2157
4720
1136
308
1314
281
646
763
268
714
2523
1861
4710
2773
1661
4565
3844
930
4290
1035
820
1117
4255
1602
2298
2578
4701
3736
2953
1390
4285
4970
3056
3579
1703
3207
1298
1580
274
4104
4978
2914
4532
4372
3220
4617
957
3082
582
1399
416
1985
3064
4078
1985
4268
610
3733
145
3604
1505
923
312
737
2701
2789
3091
2650
178
2424
2959
1539
4529
2084
322
445
3371
1382
310
2096
2866
4770
4400
2715
3979
153
368
3930
1383
4102
640
3824
1550
1536
2075
403
2247
1044
2305
4427
985
4990
1575
805
3617
3275
4311
2991
1530
4241
988
909
2684
1949
924
66
782
3529
579
3325
1599
1675
1588
1298
3513
3140
1744
4690
580
4295
518
3646
4212
837
819
3455
3340
1611
4200
2291
408
830
4916
2647
1498
4480
4478
2194
3641
334
389
2930
1430
4463
4656
1435
1582
1900
1012
1269
4718
4950
2711
3596
2446
1824
3312
1839
2407
3670
4169
986
450
1254
4479
3140
4326
2557
331
1423
2276
790
105
2476
124
1444
3069
4868
202
3378
1768
4099
4433
52
4171
4972
1872
549
4280
4282
4397
3282
1106
1008
2762
778
3472
513
3396
1029
2618
4737
219
3399
4181
1877
4025
3713
2402
2870
1334
1328
3128
4835
1454
391
4524
991
1648
3970
926
2319
1762
1808
3790
1243
4476
2772
422
2086
2958
3085
3463
2221
4948
473
3117
1698
4204
2155
1215
2760
1143
3429
2643
4188
2079
609
3332
4097
251
2064
4938
2536
2746
2464
4008
2612
87
1616
3036
1570
4714
2812
3355
4203
1516
423
3337
1788
3733
3090
3312
4020
1261
2646
339
3702
1717
3512
3437
3334
4708
4624
820
4837
304
4710
4108
2931
370
1437
1365
1945
2894
1188
4221
2749
2456
2061
2680
594
3242
3784
4744
2583
4232
4991
2602
4379
4672
1598
2187
150
3375
699
3048
3005
2846
1185
3132
2102
3709
3445
2863
3305
652
1705
2624
4958
325
3114
2403
2962
1290
3865
406
3817
538
2728
2718
4102
4008
2041
3505
20
4316
3159
3273
3051
500
4246
4212
4975
1048
3121
1603
2040
2140
3947
431
1883
2590
4592
2668
44
4042
3103
2571
3368
1049
2916
682
1673
514
4612
966
17
2037
1255
4317
3622
1411
4031
4529
509
2472
3003
3471
145
322
2583
3665
106
2760
3123
1424
2861
4969
4521
4517
3712
1827
289
1197
2669
516
4302
1340
1312
205
2519
2749
511
611
4593
4664
2005
3050
4148
744
376
2384
2946
4080
3773
2075
3327
2091
4202
4923
2910
3974
1871
1719
2911
1753
695
3981
4289
2907
3495
2911
2171
3610
2364
2144
2880
3164
2260
4257
3433
3410
2440
3372
1384
1025
1842
1774
3128
2399
1096
2726
1652
9
116
1223
2333
1555
2259
4965
2311
3717
1517
1714
1418
4112
705
3432
2820
911
1850
295
778
1556
2384
4503
1753
2581
4984
896
263
95
3096
1722
2624
1053
2559
1003
3971
3388
1571
1922
4055
3668
2744
612
1731
869
2211
2697
1574
2262
4351
1779
3364
3646
3846
2798
1766
199
2951
3083
3340
295
4549
4297
3458
3526
2700
452
1763
2467
4287
1144
58
4546
385
933
4941
4174
785
2640
2563
2344
278
3745
953
1537
1910
4944
3174
3471
957
2842
4193
4856
415
3474
2050
3601
3591
3978
118
2811
4373
1276
3773
3708
583
2886
805
4322
2978
4716
2384
1685
1615
3177
4602
4778
465
1340
2780
780
4745
2857
1034
3975
2106
3498
447
2660
210
4267
1658
3289
46
2314
4178
3495
4508
3721
3125
1215
1165
4387
4711
1426
2180
4570
4082
3940
577
1515
4437
2830
172
746
1427
949
3168
3021
898
1412
1524
3437
1381
153
224
2785
2164
2084
848
504
2679
4990
4085
4331
3052
942
1207
2750
2873
933
4546
4361
2411
1067
3773
3969
4142
2266
2828
282
4478
2579
1029
2255
3618
2953
536
2020
3945
1625
497
3131
2373
943
174
2387
1544
941
326
4914
1420
4513
4882
1132
1002
480
1973
1318
3352
679
454
3668
3775
479
3858
3762
4501
4107
4946
1595
163
1432
2407
235
1413
3035
2400
4709
2081
3334
2878
1282
367
1493
1003
1633
2485
4972
2107
2023
2612
3385
1913
4214
2289
4791
3164
742
3459
908
4117
3439
2129
3390
4489
3658
3829
1377
1569
2767
3671
3809
734
2779
2393
4863
3163
1549
1711
2931
3559
4613
3142
863
4523
1998
2964
1146
1840
1696
1291
1451
3332
1897
852
3597
1707
636
674
609
497
2663
743
3538
3784
4586
3710
3727
4382
4513
4299
916
72
677
868
60
3276
4470
772
3194
3213
101
1913
1867
1306
3674
3410
4594
84
4726
1400
4190
4905
3223
510
1551
4381
4160
4397
538
3639
3176
382
4292
4778
4632
1023
936
1023
368
569
2227
2375
2860
1335
4720
404
1438
1048
2887
1882
402
2887
1709
4857
1103
828
2131
2105
3716
96
175
3900
3698
28
3429
1134
3715
1422
1833
1354
1595
366
2334
4565
2715
4171
2942
2603
39
4218
1308
722
2044
4121
3207
281
4207
3593
1137
4824
1883
1275
1374
4084
245
1640
1261
1078
248
74
719
4874
1119
1890
4889
937
1584
1521
4326
1907
442
1823
28
2491
759
4897
2226
166
2578
633
1798
9
1840
266
1388
2283
1068
4017
192
1250
4773
84
4651
785
3952
226
2788
3803
4488
4623
569
3646
3268
4920
999
1447
4262
3325
4371
2874
1194
3875
4421
732
4505
3298
2631
2059
3153
216
987
729
3227
4387
1266
2479
1107
2610
4388
1230
419
713
4314
3605
3303
3299
1291
3832
1274
782
2459
4395
2348
4382
76
2798
2606
1491
4811
202
1112
342
2522
2793
3545
3671
2799
4617
622
1895
3857
4763
2742
204
3368
3079
1531
2202
2476
1735
1814
235
2159
218
2397
2724
1770
4370
2012
3319
663
1574
238
4380
3221
584
3642
2985
4605
2238
3411
1155
3832
1783
3379
3248
1986
3171
3273
426
3669
1138
1661
4369
510
251
1202
3231
1198
1753
1875
2545
4865
4473
3368
3927
2857
2273
4276
3507
1048
4974
1937
368
4903
459
3202
3804
2905
1992
4544
992
381
423
4646
1168
9
4796
1032
3124
376
818
1973
646
3099
1916
553
532
3582
3896
4242
4147
2248
4980
2371
1787
2412
2934
596
3361
1632
497
4923
1621
3492
825
4754
2553
4979
4883
3246
3949
2838
4786
2550
348
318
1309
3406
775
3277
4825
3590
2926
180
3100
2780
1148
2092
4353
4515
1555
2141
871
2814
3682
2231
4135
727
3203
2561
4264
3800
444
258
1882
762
136
2449
867
606
3362
630
3527
2941
702
4671
1753
4863
2711
4579
4660
4062
1509
293
726
3721
3987
2259
4143
83
1572
4317
552
2827
4780
3189
3297
4408
3736
3054
3204
3188
1860
168
1318
1537
3692
3593
908
2881
1870
2660
1229
2161
2433
3747
2251
2099
748
3879
3109
1453
600
4706
1335
646
3288
312
4187
1692
297
1451
4515
1736
4573
638
2850
3871
2181
2552
4970
2145
3036
1407
2669
489
934
2635
2366
4471
282
4521
4126
2426
107
4718
2825
2809
1002
3150
989
3922
26
2549
2959
847
3649
4349
2681
2177
4397
4041
4092
1757
80
2085
4743
976
4720
129
2601
3804
4977
2756
3140
3554
4219
1078
1646
3606
2056
2654
4597
164
572
4273
4511
32
2541
4699
3758
1448
1122
4585
888
357
236
2052
3981
4034
1264
824
260
2983
2028
1335
3496
574
3401
3876
2122
1885
427
424
2509
2118
1207
2575
3675
2006
4144
95
625
2344
1368
2653
3432
2720
1671
4916
1785
2827
1351
1973
1555
4061
3175
1067
2230
2754
3943
3761
4423
4383
3966
4698
1931
3549
3307
19
288
1501
4103
4047
1895
2977
1786
1475
3069
462
4983
1400
4939
1861
4529
609
2760
2461
3291
2940
4431
1646
3330
3181
4964
71
4405
4428
1062
4331
2778
4153
3026
4785
406
4782
2823
1057
230
4006
4723
4104
3443
629
1249
3195
4268
3727
1823
1804
4169
1625
412
188
1898
3365
889
1616
2567
4358
1151
1047
4481
1160
2936
4312
4102
1004
3208
1563
2244
154
1717
2124
3544
682
3573
2675
2351
1845
3539
670
4661
81
3303
828
1170
4662
1707
4528
1106
1678
4441
4771
1209
2985
4445
4541
4615
1527
541
2448
1785
120
3452
991
4290
3977
1206
4996
2799
3005
2461
2632
3484
3551
4057
4888
664
226
4977
1229
1158
1960
3841
1166
2795
1604
146
2511
975
4977
2976
2346
42
707
3314
4350
3667
1061
4623
256
4551
3601
4466
1938
3789
1667
1531
1768
1443
788
248
4489
3479
2100
3910
2399
4738
2987
1408
1802
4654
3735
484
4689
4908
2419
1039
3981
3732
1556
2173
722
1008
519
300
3134
1659
1089
3889
1312
3062
1075
1508
4741
476
3116
1126
1180
792
3342
786
91
693
1008
4335
3546
3770
2631
2050
578
1568
1413
3180
1439
3946
1887
4225
3027
1725
4553
357
2156
4328
3652
2418
3816
1055
3624
3337
979
786
557
3978
3929
3275
2365
4752
4526
250
2650
3120
2734
763
1741
3766
4830
1161
1472
4118
3122
676
3788
3381
887
1438
4074
1794
2517
611
3145
729
291
2125
2300
2896
1778
4275
2279
2081
1382
2915
3405
4799
4514
4606
3551
1585
3944
1534
1371
2705
974
1412
1328
1263
2017
871
3075
1483
1169
114
3233
2235
273
4804
2285
3377
249
3550
465
2562
4956
2851
4618
2130
4126
1511
2459
990
1566
2173
1916
2508
1442
3467
4827
925
2892
3328
2634
229
2639
4943
2307
594
1897
4687
4734
619
100
3480
727
338
1803
3071
1641
1923
1958
3460
4485
3146
1195
3802
4868
1675
2556
4476
3957
2896
2740
1147
3846
2587
1071
3062
4701
1873
889
2573
3316
30
1110
1362
4552
2672
2031
434
1265
4098
1259
1830
3828
3337
3840
3640
3341
3113
2331
405
1441
3809
4968
3621
4520
4169
1491
3589
3604
2517
2922
3129
751
2895
3220
3111
2795
3494
1220
3181
4395
228
4494
1967
2259
3667
990
1990
2207
4037
3940
520
2904
4033
4062
720
2453
4183
314
4455
1631
3914
800
1295
2406
1407
4701
2343
3019
2150
1409
4282
2351
4126
57
3449
1319
3921
2463
4425
2200
2236
4526
3529
4000
275
13
3105
2197
2465
962
3918
904
3207
4217
660
77
4648
479
1500
2476
1522
1007
2211
3003
719
2800
4766
1462
1853
3507
4332
4275
1709
2792
2635
1747
3387
3130
2024
4127
3130
3722
2632
3781
808
4291
2309
3406
1130
4269
626
1180
2384
2323
3939
512
3338
4369
2144
3522
3714
3024
1924
3176
200
2689
2342
4242
92
919
1793
1149
1726
1111
3437
2359
4517
4858
2917
1280
3885
1158
1766
2313
4182
2686
1956
4385
473
3161
4180
3539
323
3713
4552
340
2094
1793
3431
3356
2204
2999
827
616
1420
2696
2777
911
4447
2970
493
103
4838
4561
1392
1626
321
4225
537
4552
4502
2123
2447
3889
4673
3366
152
1670
1119
1209
2022
3930
2811
1316
561
4313
3761
726
2352
288
3185
4705
1903
4328
4896
1486
1900
3123
3343
541
3437
3874
680
4813
1375
3987
1398
3041
3344
4244
20
4555
584
1587
1979
3136
38
4901
2923
3277
926
2168
4756
1683
361
658
428
4507
1096
473
1727
2503
2206
2634
1383
4700
2239
2803
2364
1536
193
1106
1251
4626
333
1378
3112
2245
3031
3485
420
819
3866
1470
1447
1196
2037
3983
292
4016
3994
2138
2349
2822
1325
3801
2458
62
4449
1562
4577
3661
641
3079
3677
2946
3031
1902
324
834
4703
790
2419
3991
1322
1550
2135
1572
4279
2458
4427
4837
2249
2319
1442
2447
3225
507
2227
1994
3873
2362
203
4480
1987
1475
4623
625
4158
3040
49
1840
3782
1054
3457
2509
191
1559
2077
3988
794
4033
3949
422
4471
1425
1743
945
3781
645
4949
371
4259
3360
2762
365
4785
4863
1797
2291
1680
827
927
3455
703
4928
1894
740
3474
4343
2519
4865
4692
2919
1857
4641
4421
2127
4497
1988
1408
4825
2710
487
1275
4783
4080
2560
147
1792
3572
4713
98
4509
3013
1163
4442
4723
506
3038
828
660
3386
1777
3801
3765
1308
3528
2862
3147
4286
4834
4575
4726
894
631
2665
2514
3803
1549
1484
1666
2828
4096
3020
2962
1645
2348
2390
1763
4401
3025
4667
3647
3985
3341
3817
2459
3868
4019
4861
369
2607
41
306
4038
2898
3290
3802
284
1957
4135
2640
1063
3367
1467
4271
2820
561
1342
4041
2171
36
1768
191
3282
4141
1693
354
4284
661
3745
4191
4346
289
648
3686
4889
4456
1233
1691
3111
3147
2055
3735
3809
2222
1901
4833
2307
3271
1054
3121
1954
1199
3625
4104
77
4742
790
4230
4805
3776
63
2912
2762
3571
2977
1136
2361
2080
2808
953
4609
1584
1228
2237
1516
266
2487
1483
3582
4519
4956
4664
1347
4970
1853
440
4322
1506
3789
4724
595
1055
4384
268
4998
1956
1715
742
3588
3159
1977
1937
1065
3920
4912
4149
4808
3386
3288
3489
4944
567
2753
4368
1985
4997
2058
3234
689
4764
2026
4638
2298
1556
2496
1115
866
3924
4705
3904
853
381
654
1869
4297
2972
859
1806
1006
56
3313
1536
1530
2606
78
2439
3920
2137
3993
3823
270
4436
2046
2588
2003
2985
4607
2189
3106
1177
3207
2100
4700
4672
3672
4841
2450
4558
4180
4959
3503
2494
3941
1792
4216
3317
3809
4065
1706
4680
1795
4472
3389
2996
2199
4776
2638
4023
2040
1805
2274
1279
2288
1325
1861
3013
4839
4686
1551
3341
2503
1779
2582
1213
498
3200
1278
2174
4724
2273
791
4469
3474
2297
4334
3437
607
3143
4162
2701
4232
4765
3087
4554
1631
4237
3964
3728
182
3376
4372
658
2960
4183
1814
4784
2836
3153
1173
2983
1822
3995
3680
3392
2889
1825
4271
1702
3838
1403
4945
3153
3814
4420
416
1787
2684
573
3945
2695
1995
3141
1452
2382
105
1162
3672
98
374
1509
2326
4122
2545
61
424
804
3960
2356
3177
3656
3872
3683
3117
1855
1444
50
1133
2285
2259
4238
4587
2852
1361
2952
733
941
157
3600
267
379
3069
2814
1947
4218
2029
4237
4378
3805
3527
2644
127
2302
2914
3456
3721
4398
958
385
4096
2241
4272
3707
199
3492
3408
4605
234
4479
597
4254
4603
647
1724
282
4569
1807
1428
3350
3746
2307
737
1336
1056
4697
2184
4045
3836
1422
4486
4693
2518
3112
3769
3551
2522
4785
4853
143
4853
1523
3206
3977
2301
1859
2327
3850
108
44
3744
3041
539
3178
4033
2869
2121
586
615
4058
3234
784
3694
4569
3475
3543
2121
3651
3348
77
125
4128
3697
1749
1890
2068
1787
2127
2876
902
1480
3187
3746
1029
3615
2403
1784
23
2502
849
3560
861
1411
1068
3723
2156
2637
2272
3276
4046
4105
3860
3162
4206
2112
3653
2054
2722
4608
577
562
1462
1756
1120
4075
468
1689
1524
4268
3339
4632
4719
4509
1712
3800
3467
2844
4532
0
4336
1313
4100
1335
1087
3749
3861
3093
1157
2333
1835
4737
4356
626
458
2741
4146
1130
1685
4756
4040
4780
2394
4318
789
2117
51
2526
3645
4335
3524
4968
4369
3746
2335
1612
4313
912
3311
4823
2565
801
2245
3037
1930
4025
1191
2829
4036
30
2757
3996
467
2402
3095
3600
2649
1570
404
2349
2326
773
3209
1445
3358
1312
2269
2889
2042
658
108
71
2038
335
319
3187
236
277
151
690
4051
1941
2735
281
806
662
2995
2723
1537
54
3691
2128
4019
1511
4300
2198
2980
1862
3757
1051
2324
462
4476
1570
3210
2112
3912
4084
3418
643
4289
4020
3251
956
1139
3123
4682
2405
558
834
1908
4605
32
3743
1166
2712
1638
4950
3936
4091
4653
3065
4297
4798
4633
926
676
2046
1415
4195
3097
1045
1098
1040
2377
3992
1001
4419
4401
4032
3295
1325
160
2933
4997
289
1222
1092
301
4509
562
4342
4925
2678
3811
2761
604
3857
3111
3849
3605
2824
2204
142
420
544
3918
3166
4096
4084
3891
801
4473
758
4094
2841
441
4164
1587
1595
1833
4103
4924
3378
4290
536
4034
3026
1407
4679
4614
3728
2321
4269
3427
2601
1949
191
1548
843
348
1028
3396
3722
3081
3536
397
1991
344
815
4957
2032
2459
357
212
4628
4430
3751
4348
1848
4554
3399
1679
1772
2528
4688
2565
1708
3053
3319
914
2686
3545
3801
415
3196
3374
1180
3448
4335
2244
2175
3880
3664
2538
1372
1012
3107
1730
2564
1603
3248
3983
2546
2464
1394
398
4657
3864
2167
4057
1479
170
59
3997
3748
3171
990
2566
851
2768
2876
4866
3491
261
1262
2527
632
2002
2826
1317
3715
2889
3681
4853
545
2503
1695
2929
4351
2421
4573
2922
503
3004
1882
3235
2616
494
3187
2914
2707
3217
4272
2218
1285
2367
3946
4900
166
3696
4821
2221
1315
4592
1974
2728
2336
1728
4259
2918
967
4211
4575
1613
4455
2477
4921
3556
2448
2363
2314
4757
4274
4923
589
2971
4046
2954
1816
4338
2081
4642
4220
3325
3228
4436
2063
1800
3159
1008
3387
1918
513
2082
1519
3827
3893
2386
3881
360
2569
1326
3029
2964
3496
2489
1264
326
3826
1621
2675
2472
4956
3656
4757
3094
3775
4419
236
15
2170
4112
1601
1274
282
1489
3653
1652
1761
4987
772
349
4573
1949
4620
384
3476
3123
4535
301
3389
3195
3389
1846
3409
4696
795
3646
3945
463
3598
1604
1784
3995
879
1815
3985
1573
3768
4189
573
4820
4757
2648
600
2615
3522
138
1156
4303
653
2917
4334
1230
2614
3047
2718
1261
1704
766
1480
1094
38
2246
4134
3892
3152
2416
4320
3600
2417
4073
4960
1526
2628
3789
1140
1773
1187
3935
2992
4864
1544
3038
825
2883
3559
2520
1304
1133
697
139
4257
630
1101
3133
3699
175
340
829
440
4484
2589
3412
3938
3718
1767
4932
3633
3059
2016
2916
1892
2732
2558
226
4824
3314
2470
3327
3409
2231
3434
2534
2219
4860
2941
2560
3090
579
907
4506
2085
3692
869
2937
1248
1864
3304
1920
572
144
217
3607
678
428
729
1654
3953
3642
3901
2265
3010
2738
2815
1091
2493
3046
224
1643
503
1180
759
3606
4934
3962
4067
4716
4487
4494
3442
2115
4588
3797
755
3666
1542
2447
1932
1176
2775
1393
4148
586
3183
1879
3680
3822
4408
848
1680
1177
2896
3683
4642
1194
635
816
148
1085
2255
2946
3308
2593
1965
2430
3336
4686
3117
3261
1899
2287
2576
2544
1629
4776
1419
3518
2841
2847
1589
2955
3681
3201
41
1547
245
1566
598
3141
1801
2983
2178
1776
716
371
2417
3011
291
2300
4309
4041
973
3786
492
2391
2185
526
1146
865
2515
1897
436
691
1621
4186
1064
3719
19
2103
1703
1081
3366
3450
4715
715
4343
1961
1832
1590
3880
4437
194
2400
4039
4134
3215
3670
926
21
385
1392
4503
1851
1142
2139
3183
632
4793
304
4571
3123
4130
3618
3987
4988
1027
4360
761
4142
572
1835
241
2074
3657
3265
3435
807
993
3677
1380
4458
4966
2345
3462
3879
4701
377
3661
3881
3171
2044
2786
3369
4182
599
4309
4358
483
3902
1110
1049
2254
144
4926
372
4217
3826
21
1790
1820
570
4598
3827
3665
4454
1776
1861
2190
2066
4571
3735
2248
3091
619
2877
4224
3060
416
880
2220
2837
1004
2654
2338
2153
2848
4193
2484
787
79
2048
4531
2557
3163
2531
324
1135
3381
2107
598
2503
4938
2189
3261
4746
2483
180
1758
581
4662
1426
3210
328
1211
1004
2703
2280
1975
2105
1851
59
2668
4273
1215
844
2477
4034
4898
3233
931
3686
573
2389
3323
446
4533
652
468
4295
3229
3618
686
4970
4034
1168
4748
2865
3870
4903
531
3493
4755
620
4572
3708
1589
4783
623
1827
677
852
141
1993
710
1011
528
339
3093
2346
4926
3073
4781
1749
4488
3565
122
2219
4825
2554
3811
4090
1009
3636
324
1249
622
2685
1925
4762
587
259
4302
4196
4246
1692
556
1805
2636
715
2479
3372
207
3372
4544
3626
3742
917
1443
3645
2666
3737
3266
2009
2131
1125
2027
1350
2740
2713
3409
3644
2971
2755
4447
1749
304
3571
1583
1376
4398
1129
434
1176
1734
1387
733
1903
4753
958
3954
3280
2555
691
4964
3426
28
1547
303
822
3952
3618
1302
2882
1582
468
643
4658
3584
1219
4642
956
937
2438
55
3007
1052
2965
2224
2643
1676
816
1988
4718
893
3701
2365
3860
4024
3911
2883
3821
2419
873
631
463
2791
4121
377
547
2943
3256
67
1718
4293
3941
3839
2921
4223
1286
2960
833
4669
4416
3618
813
4945
4073
1792
3085
2598
1063
3262
1371
2315
79
4239
510
890
2754
2849
196
3986
3945
2759
1756
1314
3650
551
932
4558
1466
573
1784
3588
608
1957
1561
3444
4954
4210
1291
536
2270
1905
1462
3509
2085
4918
3489
4576
3306
1885
779
3817
3442
2368
1325
2724
4495
4460
3611
2288
1071
1450
3085
1741
3511
2435
379
2449
3068
3620
2708
4608
3424
2338
2398
3539
2220
3190
1316
3933
3264
1221
1913
773
152
549
3418
1897
4906
2061
3091
3975
2251
1986
265
4998
1647
1441
2095
3270
2195
1238
1258
2604
1186
4648
875
1184
4942
2376
1392
2923
4450
346
938
1434
859
2080
3502
3612
1712
4412
4530
3134
106
4164
3115
688
1916
4022
663
1271
1980
3042
2725
4774
4864
1291
1229
1545
599
2381
2213
153
4301
4659
2818
2287
3598
3904
2459
769
4219
3014
2795
216
3777
4209
358
6
1989
55
1200
2111
1971
2582
2909
4963
4252
1317
4199
4517
593
1512
67
2306
4812
2071
349
3541
3104
811
4197
2838
1673
286
362
1860
2236
126
4640
4160
4822
1865
4657
4042
4813
4017
2575
362
991
3177
1810
4087
128
3924
2218
3641
4751
4953
1235
4554
3070
3838
1227
2271
3060
696
34
748
1698
2215
300
4823
854
1850
252
105
3431
3309
4328
4172
215
54
3357
1984
521
1053
3424
282
352
4254
1325
1557
1111
1811
2127
2876
818
3318
2360
2930
4271
2675
504
2549
3705
4770
2046
1093
1885
2807
526
3537
3340
3620
2550
2051
3911
3799
4604
1572
359
1431
2347
1590
4981
1452
3126
1960
2113
4329
651
3901
3689
4164
4662
1289
528
4882
204
2323
2867
245
2855
4038
4965
4181
2673
4096
4998
3844
3593
3510
4094
781
261
1145
1385
1287
2106
3199
1329
567
529
649
4972
4411
1022
3249
3627
543
2389
4538
1630
3783
2436
2403
421
12
2806
2922
3479
3074
838
865
2771
2501
584
4566
3358
3561
1585
3345
4127
1555
2998
4722
2900
884
2627
3604
4985
2408
3731
1179
2328
1457
2860
1258
3865
3259
454
1149
3933
4294
4854
394
1545
589
262
2339
1247
780
646
4000
3135
4363
1116
3138
4861
953
1807
3990
1215
150
4659
943
1254
4749
1543
3234
4521
4575
1999
3924
2684
3950
2014
845
4436
180
3009
3505
1345
3917
389
3427
2186
2597
155
734
477
4136
3519
3424
1271
1372
3957
772
1214
4752
2952
1431
787
3223
876
3896
1536
2893
3631
4098
3964
2189
2812
1670
3989
147
771
4188
4737
2800
2203
3231
2872
1714
852
801
3925
3293
917
4996
4518
4180
396
3195
1179
66
2453
3561
1258
4907
297
4309
1623
1886
4769
3774
1621
4707
3424
3927
1742
994
44
818
3213
3441
3270
4409
2119
4091
2586
1706
3632
354
4703
3956
3037
4992
129
12
4573
4071
2756
4131
3281
2152
215
2751
4277
2225
2323
4977
4688
4814
4661
566
2608
1137
2749
330
4901
844
4296
317
688
4634
2460
481
929
2684
1134
4602
3585
4160
760
4794
1544
3528
4539
1758
3228
392
2878
1093
1927
3203
3892
2596
3579
2429
159
4635
1919
502
4873
2968
2196
787
1881
2369
1438
1212
3853
3689
2431
154
3858
342
3406
2487
362
2672
1199
1442
487
2352
2038
2974
4512
504
615
23
3005
1662
2791
1363
1220
2682
1020
2437
3366
1319
3275
3432
2214
1305
2746
2098
4712
1528
1423
4865
3920
4827
3669
1805
157
2515
3346
2945
3170
4438
1173
3700
3543
3098
1955
1137
3593
2387
176
1104
3687
2244
3746
914
3704
3485
2907
4067
1977
2294
413
4355
3712
3308
1910
1298
979
752
4264
883
1188
1683
2380
4407
2204
3094
3507
3749
3466
3175
557
3947
1071
2238
4954
4461
3379
650
892
2986
4896
4545
3636
1420
2098
4341
1988
2918
843
973
4868
1302
511
3180
4931
2462
4499
4720
563
1402
2190
1992
337
1223
4114
407
1809
3669
3810
4185
4603
4601
2016
2566
782
4917
1579
2062
69
216
662
296
1767
1084
2042
2855
1619
413
3480
3018
1721
1953
541
2539
1465
1079
1173
4626
3660
1055
3650
1718
2519
3796
4798
1849
2564
818
2340
4874
3978
3479
1896
1198
1112
4963
1203
1896
4920
4147
655
2973
257
3553
4211
3578
3344
1078
3386
2526
2996
3593
1731
2723
826
642
2848
862
4353
3
4958
4307
2575
2496
4150
17
3182
1849
3908
4978
104
1021
1046
4650
1570
3932
1367
1155
3605
2502
671
598
791
4719
1039
4754
1252
2598
2442
3912
3914
1938
1756
4076
2239
2867
4423
4336
1742
3766
4846
1710
3023
3930
3633
3964
4945
4027
4829
4962
3579
4349
4085
1087
3111
565
3660
719
2014
2909
1468
1608
1769
3317
3520
2109
1498
169
3967
1075
3689
322
839
4026
240
1038
2021
4516
4879
964
88
2044
4210
4644
4484
3054
762
1238
3444
1528
1424
117
2870
2695
3349
4691
4222
305
565
4437
2430
1242
864
110
758
4094
3653
1998
2366
2691
3720
778
1871
1879
4208
1429
3555
3827
1050
4735
1290
4330
2316
3729
2803
478
4331
183
4886
2978
3647
777
3603
1171
4186
3371
4262
2780
1019
758
2548
615
3584
4458
213
4485
2755
3953
3217
3272
4166
3306
4007
4719
1476
710
750
1397
4743
4246
4477
4659
3261
4751
1148
2535
2903
1219
591
565
1509
15
83
3603
2944
3147
935
4441
592
1697
3568
39
1072
1686
1523
1369
270
3614
91
2217
1059
3896
1944
142
989
4068
2867
3210
1114
2316
4189
3287
1059
4201
4772
3503
4812
1289
212
3796
4466
45
4992
1791
4964
4600
2399
4791
4352
2160
2388
344
4855
4553
2436
2631
731
927
910
2240
1697
1678
4627
1282
85
1132
1435
4613
2093
147
4719
3710
4355
3524
2788
1192
2298
3571
4271
2563
3894
1541
4452
3255
4169
4272
204
4391
1726
2154
4650
4967
4982
1434
4601
819
2522
0
3938
4986
390
4371
2027
1516
1172
4237
1891
2329
3717
2617
3602
4777
905
4370
3965
962
4375
437
3243
4908
4090
1400
690
1587
3503
3518
761
4503
2263
1532
178
1534
3543
3604
1814
2213
379
2924
2311
590
3822
968
3080
1778
1626
1061
977
4429
2743
3791
300
4623
1661
2354
3107
2999
3098
1544
1031
4892
4865
4855
2623
3064
1452
1809
430
1383
4032
4817
780
904
1715
2510
1
4110
1582
1634
3544
174
2672
3726
3309
1968
2805
3063
2732
748
907
3994
4919
1185
1730
2361
1389
1067
1853
656
3353
4483
4895
1247
1602
1025
3363
2453
4035
1142
2082
2896
684
3802
1283
4201
2421
4383
2644
2991
1066
3040
3090
963
2224
1612
3513
1638
205
4906
61
4828
3244
4792
318
3057
416
3430
4165
2401
3295
1088
1330
3982
2168
1822
2225
123
715
3260
4557
4339
4662
971
3155
3209
1949
4440
1550
2210
2045
3336
4988
753
744
3943
3581
1819
811
4097
4864
2297
4911
2625
276
2635
2678
1003
4355
4166
2487
2358
1904
4118
541
3115
3497
2773
773
1192
3748
4532
2634
2963
2167
2779
1694
4332
4415
1211
4954
3049
2311
3947
4465
2983
4154
706
3891
4555
893
3141
1934
1412
2133
2462
2570
2553
4975
2173
888
960
3869
632
1460
432
2360
1140
853
2426
4984
2827
1558
2601
1054
3951
4910
4108
45
1421
213
102
2091
173
3336
4998
2795
3873
2938
2591
1532
3442
1595
1938
3282
1038
304
4115
1735
989
2651
3976
3771
3985
661
2386
827
735
2767
2076
187
927
2380
390
3055
720
1011
621
4284
1735
151
2443
3808
4103
841
1839
924
1747
4927
1532
4801
1413
1755
3128
430
3099
3292
1436
3733
4140
617
4438
4200
1110
876
4831
1126
3258
2713
2659
4130
3762
1560
4792
2617
3934
1379
2223
345
4631
3715
3098
839
96
2252
3722
2802
2654
2388
1530
2024
4025
4851
3164
1848
1121
1088
3224
2303
4037
2094
2389
280
1164
3576
2904
2539
4028
4559
4990
4755
2620
895
3720
1538
269
3183
4009
1545
3214
4127
3501
1746
287
1874
853
4635
3210
4610
3602
207
355
1565
3587
119
1233
1111
3160
1999
1602
2749
4649
336
4203
811
4675
4695
2874
4460
410
2320
2982
262
462
697
1130
764
1194
555
1783
425
1024
1581
575
1481
3750
627
1116
3289
659
1978
3362
3321
306
3567
2112
1176
786
3658
1695
3251
2852
3622
479
4294
2499
546
515
2879
2479
585
2242
1790
3419
2444
3881
1684
2025
2237
4386
3283
410
50
2837
2831
2402
4683
3775
1990
2774
3860
4139
3114
3449
675
4613
2954
3324
1822
1008
2567
1162
2652
165
885
4274
4671
774
4299
4939
3630
1498
2854
3708
4762
4107
3767
1045
1712
2063
4469
109
4021
151
2042
2680
2530
4245
3186
310
2004
2497
993
972
3928
4766
3513
4670
1534
2
2879
2064
4003
3752
2456
20
417
3592
4912
2050
1587
3524
637
1566
1425
1966
2652
4478
254
921
26
466
2167
2602
2693
3775
1827
3367
1389
3911
3676
4687
2791
1110
3227
4710
233
4928
4353
3030
4759
35
190
4827
2243
377
3209
3962
1898
4596
1402
2148
4651
2043
3815
405
3995
1888
1157
1136
3340
2851
1481
4534
1615
707
4565
2815
2570
1086
2424
4577
18
1197
2974
1932
247
1248
2864
141
775
1903
1321
2292
2709
849
3656
3118
4348
3808
2698
4891
3446
4188
4470
1709
1785
1432
923
2518
538
4616
218
2175
778
135
952
2552
147
1283
2820
23
926
1750
1467
3769
3485
3868
3167
910
3396
619
4370
372
2321
4087
4077
3770
4801
334
1546
1007
650
2250
2432
101
3864
4669
3315
597
4381
4533
1674
3536
361
2934
1050
2632
2398
4448
1579
4588
2139
2826
2464
3435
986
2747
2716
3753
4704
3718
2153
2112
2349
110
4323
554
2845
260
2928
2664
2547
1342
4174
1355
3023
2690
3278
4919
2373
4392
4930
2986
2755
4400
373
3192
954
4619
2070
1235
825
2989
3693
1972
3583
4380
3808
3862
2404
1185
1866
3264
4913
1740
3758
3670
1001
2654
2219
680
3751
4866
1520
10
3510
4488
1184
3887
3509
510
1311
187
4358
2276
4833
4571
1637
1147
1732
2431
3174
549
1594
4959
2845
1760
1706
1824
652
2658
1031
1101
4819
4932
3944
3484
965
4434
3754
2971
3121
800
1148
4769
3265
531
4582
949
1414
2833
4357
156
2242
4644
2051
2132
4749
3268
2846
1692
2292
4490
4231
2419
1533
4936
194
2013
1683
3276
183
4028
2034
1586
4386
43
2172
1297
4940
1898
85
3012
2500
869
2546
3276
3037
4939
2624
2992
3322
2812
3592
4864
2093
3397
2676
2530
1028
1416
2173
3025
575
4538
4319
807
3019
3185
4825
4846
4862
790
3455
3553
4342
3060
863
2759
2151
3674
1368
3679
4391
783
3800
1389
4000
4433
4478
4293
4810
1399
1517
1905
4816
2440
2317
2141
2497
3855
4732
2233
1397
57
4598
2427
1103
35
682
4201
2422
1300
22
4173
2269
510
3338
939
519
1037
4811
3577
4053
597
2783
362
1010
2475
2371
2029
4634
1114
2243
2324
414
3478
1774
1432
293
3995
1281
3812
1220
4528
4764
3877
1269
2158
3193
3660
2643
4181
2351
3104
1748
4663
2471
3259
2289
3523
4694
3955
2804
1504
1695
2174
1139
1706
1426
3459
343
4237
1813
4409
2963
3181
521
1029
4023
3049
2172
3513
877
111
3430
3998
1772
3595
4807
4466
968
3043
2817
171
1792
1245
1434
2065
3019
1077
2724
507
4610
1368
1872
2161
1342
4193
3868
4116
4416
4808
2059
527
1235
2655
2398
3835
937
1585
4266
774
1005
1915
3021
3217
2047
4739
772
508
813
3851
1064
2166
3049
1936
925
2963
1358
306
3910
4198
4120
854
4612
2853
356
3732
4087
3061
2757
4498
4950
2903
4523
2563
2444
1577
1615
4491
2663
2052
4509
135
68
3109
1151
2106
4693
2508
734
857
4219
4839
4753
2309
1423
4388
614
1193
2161
4116
4979
4111
3162
918
143
2911
4620
3315
4555
2138
2102
4570
2312
2245
1564
4851
2637
1041
2807
2053
1713
1232
497
2534
4191
2419
637
4264
1866
1600
3476
121
510
964
3806
4152
3142
1187
2911
3078
3025
3385
87
3931
4800
3215
1540
902
2186
2902
3039
1770
3780
3383
3274
23
3797
1854
2453
3205
4419
1814
3136
4927
4733
2146
1134
3394
4378
498
1528
63
3032
4236
3915
3578
3796
2774
4548
3894
593
1878
2654
1320
1299
3783
272
164
2653
2257
3136
1577
3126
2049
3955
2092
4835
3662
2862
1111
547
2838
2142
4205
4984
1695
3596
1409
864
2110
3657
816
2626
4746
2848
3821
3570
4729
4675
4955
4943
3829
879
4772
2403
1803
4574
4402
4158
4143
1737
1351
2712
2830
4795
3750
3575
1678
4696
3002
3890
298
4907
3771
3752
2076
95
1552
1708
652
487
3081
3059
3864
4156
1720
3919
3707
208
1245
2572
4786
3163
1924
4636
3426
47
1102
742
4102
3937
3709
616
2188
4524
1347
4268
4468
2952
1566
161
1011
2154
4844
3921
2309
4170
3291
4993
1806
4739
342
1546
4228
597
4579
971
99
4073
4641
1016
2990
1719
1297
757
332
550
1615
1580
2735
2379
3142
3200
1120
3187
3282
3292
4946
4836
3651
4206
1863
234
209
1703
1510
898
160
1168
2633
2876
3901
808
752
2120
3980
3001
2044
2529
2591
4951
2718
4207
2117
3782
2932
931
2441
1549
4285
777
873
2582
4504
1241
1242
1210
1879
1960
2681
3609
1580
2742
2472
2208
306
1100
3884
1079
3654
78
3148
2427
4927
3220
1468
3870
1050
4848
1715
650
1069
1112
3463
1971
3970
1024
614
2816
394
4374
4711
2605
3401
344
1893
386
3944
2813
1916
4623
2494
2144
4902
3078
4354
2878
1608
452
4189
2475
2203
4096
1124
3797
4065
3240
4826
220
3630
2874
4906
4282
290
2793
531
2881
4507
422
3228
8
4054
280
493
724
2440
2409
3527
773
3360
4121
4958
1182
3739
3978
33
3328
3131
557
3903
1830
1300
1651
1260
3944
3858
4134
4887
2909
226
3017
1668
4709
969
411
2465
3475
2896
4973
3820
101
3146
4037
4604
1800
2262
1072
1172
1852
4743
290
3894
3861
2641
4008
2489
999
1732
2289
4539
710
1507
2226
3262
3686
775
4961
2507
1456
4129
1161
3008
2908
4802
3020
2761
1287
1479
2866
1875
434
929
1914
3560
4113
3392
3150
2911
3701
4630
2454
2294
702
585
4050
1774
3082
3951
2127
2743
1056
1885
3018
4822
2200
2752
1193
3067
4631
3152
2287
213
4815
373
1019
328
342
3545
7
3916
266
3469
4847
4221
3351
4482
3025
4193
1585
1717
351
3981
376
4653
4027
4275
1539
3269
1451
3071
4981
639
1474
3777
1069
3463
3423
955
4068
4021
2917
2906
2798
2000
95
832
864
182
4562
3636
4694
2717
2510
461
3835
3531
2177
138
3520
2250
430
1067
1251
4136
3030
2219
2704
4471
4833
4240
3530
329
4514
3458
1913
2645
194
2147
416
2765
626
1596
981
1222
946
4796
4670
486
499
3394
3603
1664
1422
1852
3355
4679
799
238
40
4704
3280
120
2355
214
3613
4604
936
356
4683
3044
1096
2290
4340
4593
1501
4492
4819
4234
1921
4693
4873
1554
1269
3915
1088
3499
1301
2466
4437
3651
4410
3299
1171
3515
1454
3638
4310
3563
689
2024
4310
4130
3030
1960
2020
1577
1698
3851
3377
751
378
3678
2205
4238
2652
3811
3229
2323
1935
4588
4884
2245
1491
1716
2507
3494
2849
70
3876
8
3216
2299
323
3785
1320
1476
1732
1750
1907
489
664
1182
1907
513
736
4404
3312
1358
2415
2535
4651
2300
1289
344
4909
3562
2498
3484
3705
2780
369
2010
4779
1709
2200
2578
3782
3829
1697
3076
1490
3745
1019
3753
3310
3756
1077
2165
1996
4261
53
3074
317
1115
2869
2342
325
1187
1054
3032
2610
2191
2819
4784
2101
2745
1397
2687
3652
3952
3451
4845
925
95
1316
827
3434
1347
1929
4621
2107
1384
4459
2771
4536
4087
1664
1036
2426
1285
326
1496
2339
1237
2940
922
4973
8
3815
2893
4295
4110
1170
4209
1506
3104
3331
2134
4598
280
1249
2479
1667
1478
4626
3227
1657
3846
3019
1159
4333
2110
3930
1898
1867
2434
2526
445
2527
2700
1002
4944
1039
1739
654
236
4734
2994
3781
1813
3210
3359
856
3412
4981
183
191
211
2233
3932
323
3490
4453
833
4242
593
2421
74
4893
4843
179
279
4424
2462
2907
2715
2359
1848
2140
3195
1404
11
2756
4694
837
2537
3697
1047
893
3538
3126
3763
494
17
938
2132
68
886
3584
2178
4716
4630
1474
4310
3117
3478
4202
3344
4098
2897
987
32
3211
1176
4117
575
448
3284
3304
499
167
2318
791
393
2854
2149
35
314
1153
3351
1161
1909
4869
4741
510
1883
1880
2919
835
2820
1601
4210
4961
3281
4157
1821
1127
1581
4112
3707
3082
1996
97
779
1189
4027
574
3470
1874
2310
670
2556
942
3543
3247
1632
4585
3566
3726
3258
2393
3233
788
2148
1367
3365
3665
2352
113
190
4510
1169
4144
1068
2494
462
4207
4999
1942
1168
2184
4169
1187
4938
4714
633
4209
4708
4401
2433
4453
3155
4801
4489
1700
373
4359
4744
1752
2633
4873
443
906
1398
82
2358
580
501
1835
732
4118
1033
3710
3238
4991
26
3882
93
3861
3887
1345
441
951
1583
4735
1047
4352
2108
2182
4236
679
4221
4857
1969
323
4831
3390
1051
1238
1160
406
321
820
3504
2256
3151
3487
4522
3161
2846
4488
1205
2579
4996
928
3830
3644
4859
564
2352
3100
1799
2713
4542
1386
2621
2370
3732
3977
2255
2021
2357
1424
603
3243
317
3098
2907
828
3952
1970
4779
1082
3192
817
4339
3112
401
2407
1946
3085
1082
1025
4474
4576
1466
227
386
497
1381
1808
4496
4021
2750
2450
4516
3747
1205
2850
4367
1281
1246
1443
4935
3423
1167
683
3606
4030
2008
341
55
4208
3644
2428
880
832
2644
3931
3499
4795
1997
1253
551
193
1945
3283
809
3527
1669
765
2586
1326
4557
2400
2297
3087
2403
89
2402
2401
338
1180
3386
4707
3935
3849
2773
1640
1416
1823
4122
3146
928
2692
1171
4424
1389
1679
3963
159
1156
2333
4817
3997
976
429
4461
2513
4810
2294
3300
3801
3783
378
812
1952
102
1558
3380
2717
3578
89
2608
2930
166
3185
1584
4763
4202
1349
2942
501
411
705
3621
244
4239
1742
2464
4549
4809
2704
3926
4217
2761
125
3455
3484
3042
946
3959
1463
4796
1654
1049
4905
1615
4321
1540
4538
1345
4450
2757
4806
1694
1332
3457
3097
426
998
2827
4359
3191
2963
388
1009
1164
2608
4731
3948
2914
1545
228
4841
482
1766
1583
3967
1341
1486
363
208
550
4333
4803
1773
951
2089
2813
1745
3315
4184
1141
2304
867
862
1482
4583
2578
2367
776
696
4453
914
745
4330
639
747
582
877
741
3939
4398
2420
3693
635
4260
4503
4975
4989
3789
4493
1828
1571
1816
1491
848
2824
87
4141
1875
4201
1302
1526
870
4171
4632
3623
3972
1520
1299
712
721
1623
1905
4690
2018
2014
2506
2884
1060
1497
3594
3740
4986
3882
4285
2193
194
1568
3087
4868
4512
4059
4797
4674
1647
880
2638
136
4658
1719
1233
2466
1694
1237
661
1600
628
2274
1247
4964
1298
4756
48
1508
3397
2986
3532
380
3995
3574
4845
1082
4200
1980
2480
1402
1461
65
4183
1508
493
1477
1732
1756
539
1597
2444
3983
1290
4867
2607
4959
978
1212
3818
1981
4438
954
4673
2195
3781
4549
245
444
4482
3938
3853
3676
2028
2617
4014
532
882
3844
810
139
4439
2312
4403
2712
2705
2424
3274
3310
2408
2986
1337
4829
718
2730
2119
858
1838
1746
4040
3440
4967
4808
2909
2229
1857
2282
2148
1943
1951
97
1148
4418
4183
1495
2366
4603
993
655
1207
1774
3964
1277
1796
4064
2384
3343
2873
4581
2916
1216
648
1949
3785
2542
2334
3110
1295
2286
318
4550
4677
4310
1264
4756
473
1210
676
111
4955
3905
1982
3973
2933
3287
485
982
317
4531
4814
1770
736
2201
412
1915
4373
4204
4587
1078
176
344
449
3458
593
3014
1558
2741
3310
1390
1595
604
752
1035
366
4668
269
1508
4207
2491
2833
3674
2474
1720
303
26
4244
2570
4717
4870
1190
771
1049
4054
3511
2706
3285
1171
471
2752
4016
458
1065
130
4887
4459
999
1782
3225
240
3504
2506
4896
4778
2061
2474
4841
3591
2489
1386
2261
1151
2494
662
998
2372
728
4885
1819
3651
870
3354
2289
643
2019
1623
2597
2368
4007
4450
248
1296
3465
4654
2670
1202
1153
533
2026
3864
487
2921
4649
2957
600
4724
3546
3770
3817
2577
1154
3121
3162
3106
1367
4403
4670
3514
1214
486
4836
673
3250
3295
848
3134
4858
982
1529
1
2780
2421
3978
4932
2473
4883
1080
3328
1988
829
2308
572
1244
996
4319
1397
3347
4979
4097
4402
773
2321
3668
3898
2011
1514
1647
113
2187
180
3079
556
2584
673
2706
3470
196
4610
4963
4760
276
3489
3109
1321
3505
2644
4522
4588
1377
1345
27
4058
6
2741
3416
4811
889
3730
1669
4305
3866
2324
4060
2932
2891
2668
1822
819
703
2960
3921
2880
1749
3984
1227
4474
4353
2668
3847
4221
4228
4744
4052
4850
627
2192
1263
3836
4319
1388
1438
1711
4877
2516
2302
2175
1711
683
3779
2544
2983
1347
1651
2813
731
3993
4375
3446
2428
3150
4082
1672
3937
1341
4241
1317
1217
3093
81
3158
4266
2805
3552
2259
49
3344
3125
1472
1455
2568
2111
4658
17
2980
4352
846
848
898
808
2870
11
3650
2784
4953
4488
3181
72
4657
1693
329
773
4405
1948
2262
2555
4114
3744
1919
2413
386
324
483
3545
2543
2420
3363
2090
4364
134
2093
972
3362
3625
1887
1420
1283
2001
1911
1520
755
690
3238
840
4889
4671
767
4992
4900
4794
4275
742
2848
2031
744
2465
1884
1070
467
534
3286
3289
2581
3544
3320
2948
3440
1017
4619
4500
3351
1331
1624
720
2279
1276
4305
3042
3696
3516
2662
4715
4384
3307
3252
4032
4911
235
4831
1939
2222
209
1205
2619
4609
2385
2006
2237
325
687
1965
4
4773
2211
700
2321
2610
3101
4549
370
1079
4537
959
1031
1630
100
2822
4747
1765
2240
456
1997
1126
3177
68
2890
1344
4598
2833
3701
1532
2198
3124
3939
1725
552
4585
1632
3189
4161
330
145
1240
2109
3108
4800
3616
4977
4643
3149
4379
1943
2446
2277
1117
4677
1756
674
2281
677
3071
4721
4568
2364
293
415
2469
4051
334
4325
1986
4357
921
1000
535
2829
2641
1457
872
4895
2359
3769
3165
728
4004
909
4964
2492
2128
2288
4643
1791
3648
3687
3245
2254
4101
3765
4279
4959
1326
1917
1028
934
1976
3077
2240
3505
4292
1992
3273
1340
3630
3462
672
1823
298
4967
1777
4022
255
2339
2097
2255
2574
797
4591
2749
3783
4864
502
3546
1630
4508
3116
2988
1887
3712
2915
3526
2407
3436
1578
4285
3059
4745
955
4097
4695
2337
2192
296
18
4268
4993
1094
255
2412
3189
4889
4394
435
1033
3400
3342
3259
4140
4414
1314
2903
3169
4218
2310
3799
3104
249
1028
1598
2225
3695
4144
1739
2173
2902
4590
1275
3653
3557
2949
3272
3887
3732
537
3888
2192
3089
2493
3014
1419
647
4343
2959
3792
4304
4406
4839
313
1627
3935
4053
463
2171
444
579
4482
561
1118
1144
4589
4127
4147
3661
1940
2867
2360
3633
4273
4013
765
501
4490
2712
251
2015
1696
2318
3984
3493
4163
4867
762
3118
1133
2947
1419
1172
1791
2860
1589
239
4844
4740
623
4139
4221
316
3396
4869
1606
4843
1546
4964
4262
2548
3807
283
4330
4507
1846
453
3289
4749
3749
2729
860
4009
753
1457
4552
2674
3582
220
2001
3510
1466
1001
3964
3135
1978
2964
1084
4635
3292
1046
3400
3841
4741
1499
3405
920
2626
2636
2480
4817
4730
3949
3979
3030
3611
2309
3414
3958
2282
2423
4625
4801
491
4547
4932
3528
4329
3161
3345
1729
3362
14
1679
3919
3227
1339
1253
2116
2951
396
1090
2953
1836
565
4690
3701
2703
4650
3410
1476
2376
1792
2126
854
3615
2500
3984
2929
900
4667
2006
4217
4995
2395
4872
2533
3152
737
2737
1859
2269
3303
1182
4941
3008
3637
2923
4997
2908
502
3214
1455
1168
2256
3823
273
3907
493
15
3934
3701
1826
3909
1985
478
1841
4444
2228
1081
2261
552
4397
3140
2738
3913
4441
1130
1495
1032
4329
2382
1947
3483
4525
4233
2497
977
2892
339
2189
3623
3906
3754
1223
3273
2101
1734
2101
2962
3151
1803
27
2584
3864
2426
1588
836
217
3218
1645
1062
66
2218
4171
1122
1224
826
1512
2150
643
3959
1081
297
1957
3938
3582
2273
2035
4693
1542
4638
2513
3961
793
3403
1423
3936
812
2762
1385
4136
4027
3587
3957
4759
1756
4619
165
4701
2903
4246
4660
2511
2353
2406
718
2597
1559
3387
3750
3059
4409
181
3881
2150
1001
1253
4367
1227
420
4013
1995
321
4692
1750
961
3556
4947
135
3723
400
4281
4722
307
4353
875
3102
938
3438
1763
866
192
149
4278
2580
1237
3330
1425
206
1952
2695
3239
1732
1761
3347
1718
3592
1254
662
4214
205
109
1089
1527
4498
55
3311
1652
4912
4844
2474
378
1164
4369
1900
978
709
4781
3230
3050
1337
4847
3477
1995
300
3867
3845
3642
4569
4925
4307
1699
377
3045
215
3285
623
4500
1983
4551
2287
1408
1491
2080
1022
3441
4324
4193
1594
3105
2710
3764
1613
3110
4491
2015
67
2677
1197
4481
1823
831
2187
2749
2000
302
4609
3579
856
22
1079
62
1905
458
1831
3291
3636
1077
4166
4574
4784
2446
394
1016
2897
1042
421
2984
3440
1966
385
1495
2000
4312
2468
4884
945
2075
1985
3101
1909
3581
2243
2477
1912
1125
1993
686
4709
2309
403
3822
1272
1687
3646
3117
1061
3140
1235
2517
50
1743
1063
2854
2255
2384
4036
4593
2166
582
4422
1699
2640
3846
1796
2041
2566
4443
1479
4785
247
4383
4507
2185
2649
1269
1131
1011
1539
4920
2611
421
902
1472
984
3342
2081
4039
1635
3673
4101
935
3085
1722
2818
1896
3348
687
2948
3019
1865
4174
4480
847
291
227
3282
3021
4168
815
4264
1960
2315
21
4502
4582
1040
3691
2111
602
542
1091
4942
4472
2843
4812
2750
3359
3360
4299
563
3844
3895
1987
2123
3512
2312
1136
667
3299
2758
1636
4556
2865
2705
1577
722
2670
426
95
3443
1554
436
1008
2501
3669
3468
1905
2253
1094
401
3034
1905
1354
2093
4708
199
3480
2096
2112
4167
2808
1635
2393
1752
2310
1768
2058
1753
4894
2925
1939
84
3410
3505
3088
3338
2834
1295
290
1000
4232
726
936
4251
838
663
1741
2477
1779
991
1695
1911
2249
3194
1681
1994
1826
4924
3975
2734
2058
4750
3176
4601
1183
4267
1385
3703
2013
1991
3094
4154
1669
1602
4570
3280
3804
85
1500
1703
4334
96
4870
4542
2584
1485
3044
2036
1982
721
106
4894
1757
1483
3254
956
2372
1917
1396
128
4237
3553
639
1232
2857
3842
4175
4850
3029
2134
1676
455
1400
2217
1420
3653
3338
4563
3976
2757
1585
4269
2910
772
1218
3317
525
4656
3037
338
739
508
2949
550
2543
1290
2099
3163
44
1429
4362
3630
4664
2651
4029
869
3444
4974
1740
705
978
991
4673
2266
2070
1631
3502
4021
3549
73
4543
3884
1594
218
1700
4432
408
4213
3404
2676
4110
3352
2696
4740
3815
1363
3467
1816
1187
839
1237
1341
2741
2723
1786
1526
2371
4172
1668
2994
2155
417
891
1493
905
133
119
4125
2842
3652
3674
4833
4143
1812
2387
2982
3525
458
556
3581
2291
377
576
4243
2335
113
1505
3088
4578
1261
1971
2599
934
145
4771
2767
1143
1261
4522
2146
2793
660
111
3599
1376
4934
1361
1242
678
3454
2670
131
948
4653
3022
188
1504
686
3547
3567
2107
57
4777
1658
1946
3022
4777
2893
739
359
2250
913
344
3926
506
1194
3879
433
958
2825
1897
305
2500
2734
3887
1826
2736
1039
2910
905
2687
3281
4968
2220
2845
4480
4312
928
4591
1200
358
2554
3944
2733
869
3246
833
822
4220
2751
2757
496
506
4323
358
845
4462
905
2981
1080
3965
4587
2648
2936
1589
4868
1021
1614
1773
2726
1790
1656
1396
1376
3544
4008
1285
1805
53
1497
1147
3317
2726
722
3233
163
534
1179
1774
2339
1524
1525
3766
3695
2480
1571
1144
2012
3474
2883
1603
600
80
242
4978
3530
1011
2083
1907
2328
3594
4860
3662
3548
1829
4366
2753
384
3488
4354
588
4685
3798
589
4438
1395
2079
2663
4704
2433
3526
2937
3965
785
4308
2630
1508
4426
4331
1270
221
1761
2209
2369
149
3427
2091
252
4489
2914
1302
4297
1407
1943
1083
2294
1593
4800
288
1965
1962
1662
2810
4361
3306
1559
4738
2948
3178
2031
3051
2708
318
3947
935
507
3393
1264
292
1368
2904
4296
656
2443
1490
3394
942
2393
2984
1144
3953
4822
4466
858
2298
1226
398
1700
4291
4764
1250
1305
1914
307
800
4153
1837
3184
3423
361
187
1109
2504
4294
4380
3446
2861
1030
3399
4261
2358
3225
2989
3397
1135
4463
4428
4400
461
4953
597
226
4560
557
2188
1304
1919
1208
1738
3846
3134
4194
2586
4722
2189
1588
4982
125
3634
4313
1661
2921
4648
4327
1111
2018
2823
3538
4960
2471
4534
3548
3
4821
1
3207
377
700
4670
3376
3485
3137
70
3053
802
3795
774
4499
2219
1373
2614
3800
2233
2530
2339
4838
1234
4613
2689
945
2920
4182
3535
1582
583
4231
3283
802
3395
1791
2814
4055
1241
575
72
4734
4023
863
1442
2378
399
912
1543
1240
2232
715
2495
1817
2995
477
4016
2027
4259
3226
2638
2302
3771
126
710
2192
3888
2691
656
1638
211
352
112
2078
652
3334
1085
4655
3819
1744
2667
1946
914
1041
2592
4992
3332
2868
831
4499
514
3817
661
637
422
1448
442
4219
2626
4754
4904
2238
4958
1264
1647
381
2603
755
3293
4235
1268
3146
1377
2047
1995
3255
257
4248
1162
4074
3237
4681
2151
2325
864
2580
4794
1878
2598
727
1684
2016
1361
4140
3741
4922
2938
3601
1604
2492
3223
4993
4208
844
1946
52
3707
2797
374
832
324
73
1859
4475
1592
3168
1559
4077
794
1848
3221
3455
1417
3673
1958
2352
4034
4830
3380
2697
989
3122
941
18
633
2138
1935
2229
260
2187
2010
1759
3827
152
1146
3119
3835
2267
2678
1546
3513
3514
2665
2107
3116
2479
2770
895
3235
3496
1017
2656
2439
3147
3725
1234
4184
223
1642
3351
2158
3991
4087
4336
2780
2351
3932
3048
2725
338
3130
1021
3606
747
203
2113
2583
1543
965
2383
684
3861
234
1070
2823
4867
1431
1855
3162
356
2204
4219
889
2116
537
2797
262
2183
3168
1949
3699
1176
3381
435
1391
3731
3666
4979
1983
4673
4659
44
3436
4000
2077
386
3312
1284
1804
4132
1554
1673
3992
2002
4628
154
2407
2052
4777
410
2956
3443
1043
2040
4837
4527
659
2694
3174
1811
4597
995
3004
1834
1081
4639
883
1481
665
3398
35
2719
254
617
2958
3059
760
1262
1215
2333
1652
4500
1466
3355
1190
110
4756
1502
2698
1057
630
3481
1291
2295
397
382
3509
1644
1607
1492
2666
2768
82
4783
1117
3384
1569
620
303
1645
3525
256
632
1499
4497
1515
3941
1395
2789
2041
4119
4934
4595
4685
2341
4190
371
456
1811
3778
1468
3032
3759
1142
3757
1883
988
2863
4607
1188
68
4014
4807
10
1926
4119
973
2317
59
1896
1306
1526
4486
1757
2037
3723
2597
2962
449
414
4276
1178
1287
111
3873
4248
4917
2013
3459
52
2556
1852
3592
2567
4337
837
692
3614
4943
85
1399
1005
4241
759
3742
2581
1154
3460
1328
1429
559
2622
4653
4334
1244
4630
1448
2961
290
1408
1204
4843
50
665
3685
1786
229
758
4789
522
4060
4341
1238
4911
3961
4168
4003
4413
4485
3311
1894
4920
1703
2905
2868
1674
1311
1882
4098
2345
2233
4923
4165
3864
3395
2034
271
1670
3880
3151
1001
3755
2651
1143
4123
2139
3971
4180
674
4572
1452
4845
4897
495
94
4544
2645
2523
168
1765
619
2648
4621
3347
2764
492
539
855
4928
3103
3890
4913
4849
940
4164
1321
3189
233
3299
3439
728
882
3241
2242
2884
1136
1431
1855
906
3011
3907
2261
4004
4525
4717
363
3321
26
1440
1937
93
112
4692
4811
2596
1059
3160
1394
3364
3486
3984
1614
135
3650
3501
781
3078
2443
4925
2781
2725
3427
4538
2982
3935
4685
3904
1436
2129
4415
3803
1818
1271
1010
413
1917
3447
1923
3856
1834
4705
4053
2783
847
3696
1583
717
3913
3333
416
219
444
3024
1846
1939
1230
3544
4043
2280
4577
3807
1409
4319
1479
4885
3803
4364
2610
2687
86
2836
2453
2688
2086
373
2166
4327
3161
2943
264
1548
2992
4976
1005
4163
3223
2549
3551
3023
287
784
1027
1168
1872
398
3378
1788
80
1968
899
3591
4799
4851
985
2215
3629
1782
4341
129
3429
80
3925
3515
4163
3492
835
3335
3202
672
460
2584
691
2625
2079
2818
629
1380
4011
1463
4110
2605
1395
1157
2937
4753
482
4536
994
2547
2301
1859
3712
3176
3442
2196
3231
3447
2305
3506
2648
2949
2925
3807
3933
2158
3990
14
4855
3026
3781
1583
1273
2159
3369
4985
4561
973
1224
4906
884
4134
1824
897
2400
2793
4618
109
2895
3440
2298
3702
4042
3102
1992
272
367
2801
815
3524
1052
758
3029
3119
3830
1222
1191
3181
1455
2180
3513
4188
2777
3609
490
3420
981
1730
3888
319
4437
2207
4805
995
4108
1242
1544
1437
1499
59
1045
4215
2197
45
769
1360
3592
1359
2522
2227
3626
1370
181
1724
2790
3632
850
4059
347
4960
1044
1421
4877
3556
3235
4432
2146
2626
2800
4884
4971
4415
4970
634
2152
1348
4328
1293
1414
4708
3969
4347
1079
4240
4768
4920
2518
84
3418
3924
4070
1211
2101
1227
922
3043
3452
3300
4743
2904
678
27
4989
2487
1981
2042
3297
3839
3972
4918
2337
2971
3949
2122
4230
70
4100
3536
1697
2297
340
4377
840
3375
2781
1041
4227
1803
1485
4135
1253
132
459
3909
3844
4442
2666
4042
473
2181
3558
1396
172
3562
1444
1503
4234
2868
774
4053
4350
2483
2636
1284
1103
3311
4287
1361
4290
592
4546
1547
47
3558
4493
1292
2326
3151
1578
4739
3909
2729
861
21
804
284
4288
1971
3731
2163
2858
1009
3588
3236
384
2030
4016
3190
3249
2105
3388
947
1330
285
3302
1272
1275
3280
1417
475
41
1434
4411
143
1609
1529
1964
140
3693
2416
4107
3027
4417
479
1169
533
85
2648
1988
3277
3157
24
116
517
1387
1807
2045
1193
1619
4265
774
1218
3980
2703
3715
1463
375
1512
639
4892
3641
4088
3378
2071
970
1406
2114
4095
2437
4551
2729
2807
3771
1817
3540
3456
1922
1797
3642
1685
1843
461
4906
1860
4662
482
1487
1373
298
3774
2755
2067
1874
522
2621
4464
334
229
4851
3931
429
4944
2695
3704
471
2686
1334
176
33
1342
4910
1015
3780
364
1783
2215
738
2623
1037
2359
1891
4500
3369
1428
1251
3882
1722
3395
4039
4599
2964
4422
3571
936
2507
2038
1657
1255
43
3621
894
3435
4166
2896
3081
131
3655
4141
4349
2731
4430
3218
4401
3746
867
2661
527
2888
3520
1698
3845
4973
722
1550
136
1086
3454
2319
2535
4586
469
546
2580
2127
129
628
1896
1830
3234
3410
1160
3668
2020
1098
3510
962
3361
3930
51
553
328
398
3941
968
4375
3286
2378
3084
2567
60
1752
4329
2295
1399
2109
1061
3981
2887
3642
2525
40
2526
2735
2691
3854
3872
4300
2123
1705
3492
4396
602
987
314
3548
331
1239
822
2902
4947
2600
3113
4971
4497
781
1032
3797
1207
3370
2158
436
264
1521
2002
311
1025
2794
1253
4088
412
2587
826
519
3561
608
4559
1569
1181
2591
4468
4409
4134
1532
2155
3274
815
4280
3204
1891
1184
4564
3689
3546
4680
3737
1573
3335
2696
244
26
3704
4322
4510
2345
4871
2748
768
4061
4434
90
1956
2067
3881
1228
3425
596
1662
669
3280
2181
4442
1101
2361
1259
3671
4581
140
2769
3650
3182
3852
2502
3064
3725
4622
174
1651
3943
3643
4298
3752
411
2289
3671
2769
2097
3322
4703
4195
907
591
3131
1821
4832
563
122
2810
2492
1349
3625
345
2093
3920
575
4380
2361
49
4957
1302
1699
3849
2317
790
1981
4366
4376
66
1997
2621
3682
4339
3222
1221
743
1128
4588
4337
275
1892
4334
3634
2645
2059
1738
61
1327
2398
1872
4840
3007
1114
1690
4401
3202
3188
1668
1183
915
1086
3883
2740
4557
3980
1169
2758
3419
3451
4259
4263
1872
725
3370
3751
2391
3648
1929
3432
3402
351
2415
4884
656
3361
934
3004
1680
2632
4809
532
2695
1793
3340
1261
4810
4530
2901
3542
3002
1766
1359
4699
679
2898
2374
1723
681
4846
71
4685
3946
4791
4313
3862
1439
1391
267
4780
606
1145
2796
765
210
4393
1410
822
2751
3073
753
970
2790
1053
4260
4106
3137
3605
4688
89
2727
4070
529
1174
236
673
453
3389
4625
1486
1922
3859
2101
2432
2617
884
2777
3010
2735
465
1099
2327
1377
598
1147
3979
4069
3250
144
3303
90
3575
3951
3376
2201
3425
3497
2715
2616
1576
3217
4178
3903
4757
2339
2851
4044
2041
4460
1836
2806
2519
1365
3563
3798
3492
1190
3867
2188
2431
2568
1726
1010
668
726
592
1704
582
4125
365
2784
1123
4341
1443
1797
4489
4312
3927
3260
2657
3237
1250
900
1728
237
2029
4755
4672
1048
4338
1893
185
3242
2891
2440
1295
533
3688
1279
961
779
158
2550
1507
2455
4796
512
4843
3197
914
1570
3354
176
3320
1597
1141
2650
2011
1010
2485
3280
1828
424
877
4513
4226
2953
4744
1764
2335
4712
4157
2051
792
1455
3549
3986
3471
1884
2341
1655
4494
3663
797
1058
4619
4418
3930
4498
2619
4946
4950
1622
2441
2715
2754
1496
1516
1266
4321
3286
3452
4738
4817
257
4925
3586
3905
4888
3967
2890
838
4409
2960
2407
4175
951
2607
123
2750
4069
700
542
4698
4467
4793
517
3300
0
721
341
3454
1851
1331
3779
1230
194
2383
2381
3937
1680
3074
1398
1014
2913
1879
3475
4738
3254
3895
2138
4420
3423
444
1361
2074
2883
1118
2785
793
449
1955
4412
653
4541
4857
1610
2552
551
3127
2915
4774
2340
511
239
1675
4324
750
2140
2212
952
2710
13
647
1603
2619
4142
924
1069
4182
433
4711
2450
2399
4417
2315
3099
2947
2355
4631
4445
1060
4618
1483
2485
2663
2824
1799
3499
2653
3033
3597
1815
4179
3100
4158
615
1288
1005
3595
3629
4665
2651
3800
293
994
3584
783
4561
375
648
3174
3643
807
3267
821
4365
4018
367
2841
18
3398
796
2599
3183
2545
1213
4688
992
1776
4105
1178
571
4001
3451
2819
2074
2697
620
2337
971
3319
1962
4611
1447
873
1675
3458
4641
2516
2198
3167
3593
93
3404
4932
1804
342
3793
75
2979
2816
1462
3885
3557
2533
797
3180
1600
1673
3724
1752
2579
1285
4384
3204
1061
2218
4632
4802
3934
315
4773
1870
3277
2673
2149
1474
4582
4159
1071
521
997
3385
4394
4956
2516
4662
1072
4674
2277
867
4347
2536
345
1398
3637
3929
143
3548
2945
2428
4975
2975
3868
813
6
2828
908
1363
689
4829
4639
1962
4046
4420
4251
2019
2924
467
2679
4900
2594
3752
3659
67
2192
3092
2969
2849
3344
4821
3671
1702
2879
644
305
2954
2180
3189
3043
4854
2096
3807
1496
660
1902
2444
3798
2907
4292
2592
525
2938
4560
3393
1161
2026
1059
2350
3364
618
3083
669
996
2319
3501
4672
4932
4003
231
754
4546
2246
387
1196
3385
4571
1131
335
228
1188
3092
2618
4992
4304
1432
451
4302
245
1864
2195
2203
3134
291
3931
335
622
4813
4780
2565
4299
2096
2365
1282
749
3767
2826
2765
1
3559
1418
1697
2594
70
2589
3777
1990
1004
578
3528
2011
1182
2635
2697
3016
713
2785
1613
1642
1605
4108
886
437
1266
172
3150
4259
4985
3631
1492
3391
4040
3688
2988
4078
3485
3028
1020
3249
3787
2535
4425
3342
3905
2521
4113
761
4517
2721
1903
3868
3360
1003
3256
1757
40
4153
438
4546
482
4640
3582
3785
747
1502
2444
3523
2910
4385
2853
373
4999
1569
3344
4177
3662
3640
1941
3989
2032
4442
1837
2979
159
1665
1534
4943
2582
1956
2861
1117
1413
946
3119
2967
4772
1826
224
2606
2839
2750
218
2516
4297
164
468
505
271
2863
511
2520
3411
140
1809
1878
2545
583
1053
2631
4889
562
3602
359
1808
429
1372
4977
1218
3598
1967
976
160
4594
3002
4662
2581
409
4649
1580
1249
3965
3850
358
3517
2766
2658
2
708
422
940
1569
568
2548
1560
3679
398
3796
4564
3828
2451
94
2039
1476
3709
2062
3813
2124
2366
1519
2742
2125
2214
4658
1773
3204
3033
1644
4685
2182
1054
458
4022
1303
286
614
1240
3890
1652
4240
1272
1834
232
3675
1022
579
2611
189
4084
1566
4151
4340
4974
1052
782
967
830
3312
1969
2591
1914
1433
2122
4072
1537
4378
1930
3126
1912
3502
2577
3719
4586
1561
2996
4990
2190
4380
1092
103
2829
88
3560
4177
4259
2085
3012
197
2552
2529
3481
361
218
4461
2293
3404
2964
997
3530
4798
590
3799
766
4019
4009
3572
268
1650
650
4055
4663
3040
1387
2018
3296
803
2560
3979
2726
492
2164
4615
3317
466
2401
3101
4038
222
4395
3188
2824
2118
340
4712
4186
4123
614
3045
1492
1670
2191
4802
1435
484
2224
2968
4267
1688
1861
4529
3294
3776
1383
2215
1895
1808
1873
4941
1344
3929
1433
227
1368
2589
1856
4077
1712
4456
1737
2600
4820
2035
4077
3764
2577
2372
4389
2512
4576
2975
4108
770
1340
2415
502
1800
3381
3772
2737
95
3002
744
465
4256
2889
2336
1568
987
3274
979
3143
4192
3469
1003
601
2328
2920
4272
1591
888
390
1179
1175
4627
2929
1610
3150
2570
756
2801
4597
4278
310
4364
2727
4654
4401
3884
1380
2043
1070
3691
479
567
4933
969
1456
4151
1836
2136
3130
2471
2575
4452
915
146
1687
1541
2978
3706
4757
301
2473
4501
4646
3479
702
983
231
46
3323
4910
823
3005
2701
248
716
2363
3095
2406
3230
4518
701
1513
4105
1297
104
3358
2965
4672
480
1124
3805
3080
4815
3058
1181
177
1160
4086
1373
4614
1465
537
2779
1158
1470
4590
570
3736
1229
3883
4321
2215
4763
3786
4223
1866
3379
2279
3840
567
2376
3982
453
1726
4694
1863
3912
810
2513
3863
1672
4917
4903
2788
2166
3926
2788
2965
4314
4631
1250
1380
4722
2622
276
2714
3845
3372
2762
3579
3173
4498
4962
4972
1978
97
1924
428
3710
24
3378
2066
3288
3480
4067
975
2186
1129
3411
4122
3627
3059
31
1586
3731
322
2821
2028
1995
3240
132
4444
2077
2367
222
3487
4607
2542
3347
819
3311
4495
502
4570
4462
171
2930
3436
4925
1687
4584
1056
4072
4540
1596
2251
2302
1087
3421
2927
697
4152
696
2189
726
2487
2828
2221
2106
4725
4390
2866
977
4482
1888
795
4570
4476
4789
2449
3432
767
2901
1440
791
939
43
3012
3576
2092
4381
1322
189
3631
4921
2500
1839
798
852
4093
4536
4336
4721
2282
3983
2253
3639
2030
835
1407
3735
4458
4126
4406
435
2205
4965
3548
2488
2693
874
4297
3413
2593
3133
2380
4637
2245
3449
1933
1696
386
2794
3452
2286
2681
3591
1683
2826
4690
613
1979
2972
2442
3105
3320
2718
1509
4888
3619
4886
3012
3884
4070
4393
1588
4820
715
3541
4040
2645
4884
468
1213
1108
2881
2344
608
4821
3692
2489
4806
3565
3293
3301
1919
4279
675
2076
3733
130
526
1352
4541
3439
3506
1985
3015
23
2314
1223
3451
380
38
4942
2410
2806
3031
3246
631
4559
4893
184
4262
3122
4359
4250
1126
1837
2051
285
525
3791
4987
3111
2015
481
4123
1142
4344
265
389
4833
2720
184
3490
1880
3608
3198
4707
3853
1977
2504
1609
2467
2970
2431
4464
4999
1593
256
3474
4188
4907
702
1572
1762
671
4086
2498
1568
4866
3948
3496
3179
1303
3989
1658
430
4775
64
3842
1385
592
2955
4782
419
3204
3741
457
215
2055
59
1012
1432
4339
1720
3165
1330
2660
4915
3477
796
918
3419
4285
2402
818
990
4082
3764
3369
1540
3676
1819
4316
1789
1356
2486
3327
1998
3266
1899
3701
1903
2652
214
95
4665
1375
3066
896
3377
3764
4532
1716
1076
2700
315
1738
3014
2539
2311
811
3518
370
4128
4938
253
2616
131
4043
2729
1118
3889
4063
4919
4316
283
913
2390
4832
813
4459
4155
2766
4927
2880
2109
3728
2604
1900
2123
3316
3292
823
3580
4886
1323
1954
4550
1099
583
106
4
2450
1175
1209
3955
3996
958
4650
3473
3016
3861
3958
4729
1503
3444
336
3297
1370
219
1331
3410
879
2351
1727
1344
2683
4817
4541
3750
933
189
2432
4581
1647
938
894
3632
4787
637
1909
3244
1098
4030
1719
645
3542
3362
125
2095
1571
4224
3330
1246
1368
4715
3746
3988
2365
2946
2589
1613
2688
1615
1751
4441
1117
2618
1602
1202
4258
3229
3813
4871
4314
4406
3716
1062
629
4486
4727
3318
4590
286
1418
369
544
3447
2121
2605
2790
1713
2352
920
2347
119
443
860
2809
1073
3546
1149
450
2264
557
1641
3397
3899
1419
3029
3110
2216
903
4075
2980
4576
4270
4914
3854
2657
3436
3905
4717
2749
2088
3986
1633
1449
1034
3422
4518
4565
740
2516
1690
3583
1323
4624
2308
3691
4477
3253
2117
3377
2534
354
3679
1083
4252
3357
1755
2837
279
233
1869
3788
515
3977
3564
1338
3788
86
3877
4766
2409
4616
4222
2246
1409
3911
2336
2823
1499
221
3522
2570
2940
27
1960
1572
4014
2792
995
465
466
4502
4683
4804
2774
1142
300
1982
1202
60
4466
1815
2069
4710
911
2230
2007
2423
4561
1547
1084
3810
4794
1754
4304
4109
2626
4140
2635
1306
234
4922
1418
1874
4232
1087
621
3550
2284
617
2107
1191
3482
3588
4955
2801
4028
206
2042
187
4792
4933
4991
1424
235
1876
2832
2002
4128
108
556
3994
3033
3316
2886
4699
0
1880
3936
4261
183
1464
1429
4062
3107
2846
2093
1774
4692
304
944
3291
803
1463
3232
420
3090
2949
211
1017
1926
2618
4249
3699
1666
1833
1643
2951
3788
3326
996
4629
2838
1192
2474
1113
1568
3154
538
2871
1620
2780
4296
3966
2002
3539
738
307
2753
1013
2171
3154
4483
455
1430
223
3302
1242
4416
3498
321
2464
2353
517
426
3205
3383
1410
1405
1679
2512
2214
3876
1994
4645
2930
841
2318
3537
989
1562
1878
1585
4860
1143
2585
4765
2361
2404
2125
2943
4470
2634
739
16
4876
2629
495
4236
4069
1451
3215
153
1536
4735
3966
1853
2157
1353
4081
4804
4193
1642
1465
3434
2592
223
4126
400
3175
1475
1426
2689
1101
4199
3725
803
664
1713
298
3910
2680
3908
177
399
2877
1443
2983
3486
753
3689
2969
3205
514
3065
54
1669
3177
83
1702
1148
3304
4875
516
4342
2343
30
1386
4988
4421
1195
2422
2452
565
3907
4505
2833
1497
4036
1257
3801
314
4364
513
3243
3245
3120
4764
3346
2158
4185
453
4402
3010
3406
873
2906
3722
2903
1564
283
1326
2225
1644
263
1908
4703
342
2795
3521
948
642
2948
4858
1759
1666
1701
1083
2371
3214
3028
766
417
3676
998
4809
1672
1560
2397
2121
2434
858
1065
3407
1222
3637
960
3814
693
1049
4490
1357
3331
4406
4378
4831
140
3502
717
2147
3793
1033
4689
523
4264
4016
4167
1030
4760
1456
4911
1466
1474
1395
3542
1996
900
3601
2377
2758
3659
2340
1943
2369
807
2633
3816
4943
1113
3208
698
2655
2897
2392
3227
3667
208
3648
3242
3461
506
1996
3880
1781
4506
2915
1425
989
4489
1533
3191
2178
2977
4620
2835
2341
450
4439
2210
891
513
2193
2762
409
2302
2493
3056
764
2682
2831
405
934
2637
4685
4045
2736
3576
739
823
2231
4708
1567
4238
4727
104
3616
4376
2606
4603
2115
3643
3350
1694
4308
4608
1744
3824
2993
3586
2737
2067
2836
1900
3723
2169
1458
4215
4557
3602
2148
1594
4714
2570
870
2997
3745
2515
4675
38
3909
4528
2035
4226
2763
3835
4265
4748
3768
2629
3251
2598
886
850
3970
3620
2685
4540
2104
4796
2405
3934
4086
2190
363
2765
43
3083
4131
3614
4283
4736
2600
3848
4394
844
4019
1049
872
2083
46
3251
566
100
3325
4854
555
468
3672
1648
1800
4302
4172
4189
1628
1216
4191
2942
4154
3532
3781
1141
1665
1320
2150
4354
2898
4058
2551
4642
1860
3173
2304
1736
2711
986
3743
4966
3182
4775
1909
308
3176
698
2135
145
3184
2616
3294
3120
544
1255
754
3426
2851
2307
829
3670
4138
2560
2649
820
4315
1740
3267
2497
2360
78
2861
4836
2008
3726
2072
699
3256
4270
1654
1840
740
3607
2441
2265
4667
4044
4699
2019
3682
1845
738
2934
4517
1299
4232
2203
3373
2755
4520
4413
3252
2210
3642
1171
942
1759
4576
961
1761
158
4149
1578
1039
304
2437
4324
4890
2797
218
1717
2148
1132
228
894
491
4029
1570
3639
2719
178
3307
2262
1267
3352
2108
777
3089
779
4971
2472
3619
1478
2035
1603
308
1990
648
4061
2405
4076
2986
3569
2797
350
2612
4259
4668
4367
3238
1401
4491
1713
320
1379
2509
2895
1916
3738
2508
752
2655
1550
3964
2249
2153
1482
4935
4640
4722
2445
3466
470
1787
194
2650
887
1231
1411
759
3290
4060
1355
4942
981
3634
487
3923
4229
4215
4893
1946
3794
4453
2191
3204
1593
3184
1087
930
2080
4814
3838
2773
3910
260
3346
701
2668
2459
1546
4574
3547
1640
759
1718
4596
2366
467
4475
1104
4099
1469
3706
3271
1646
4014
2041
1844
3815
580
1287
1658
4763
1362
3432
1637
3135
1282
1165
3054
573
3957
3471
4005
1856
743
1794
3214
192
1772
3056
3046
1405
4211
3631
3415
227
327
4083
1211
4873
4541
3840
2990
4279
2420
2053
1635
120
4350
951
1905
260
1728
4125
2031
1706
4492
1069
1639
1027
2136
589
2831
904
4556
4798
2882
4559
876
1534
4746
825
1309
3964
3931
1359
3996
316
4988
1741
408
628
1950
2831
4598
4644
2302
2015
4071
843
3006
626
2934
2187
1280
3385
3436
552
881
435
2551
3035
2171
4250
462
4940
2892
4670
2711
2931
4565
889
96
2190
2396
3376
3822
3816
3200
4244
73
4965
4654
4659
640
4194
4661
3808
214
2821
3431
4599
3088
4232
3015
1289
388
2524
2950
1870
754
4008
4468
476
2220
868
3560
1784
2913
3732
1565
1503
2315
353
3748
814
3398
1958
4326
2388
2694
4643
1786
3836
4306
3519
483
3353
2603
1457
4627
1634
1648
2868
1055
2145
543
225
4622
2874
813
2101
2823
3633
547
3307
3160
1125
572
1090
2867
3377
331
2861
1525
4099
3440
4213
2707
2972
4008
2897
2961
4411
1305
2317
1549
3507
4675
60
3844
979
1531
1763
4627
3248
88
3919
1941
2225
4234
2901
3839
4210
2170
4646
3198
3166
4954
2370
887
3909
3400
3762
2046
4064
4643
2693
1109
4170
279
4720
1573
3458
4041
4080
4647
1186
4895
817
1977
1814
384
470
901
2243
2382
2457
122
31
4547
3596
425
2200
3232
3125
849
285
928
144
3403
137
429
954
2314
1467
2358
3519
604
2894
7
3153
1513
3667
2524
249
534
1234
1464
1134
3740
4937
2503
20
4423
1026
3585
42
671
4199
1956
3486
4126
2156
1128
4260
3506
4918
2312
1006
157
1462
782
4935
2924
2153
2401
219
2847
4878
684
58
881
1417
659
2884
268
3450
738
3193
1464
1220
3422
1372
4788
262
4293
3906
3823
2330
174
2396
1004
1405
3348
3654
4372
1495
3320
4963
1231
4866
1993
952
1268
331
2053
4207
4422
4896
3965
4179
82
2191
349
813
4594
4481
725
302
2715
4927
983
3511
6
1944
4970
4943
1912
4901
4278
3093
3563
4425
797
433
12
3765
492
2150
4179
1159
1707
4253
4566
2498
1474
1619
117
3633
1778
3437
2379
1553
1935
4939
3869
4912
4883
1754
906
1594
1026
1614
3408
3393
4464
4860
2045
4305
4918
4075
3708
4550
721
2781
4584
249
242
965
3195
153
1885
3436
4050
4711
4343
900
134
1188
3671
39
114
4903
772
481
4050
2905
820
351
2284
3847
902
3309
1330
460
4528
1550
894
383
4418
4015
4965
4340
875
4710
2198
1164
305
2223
3270
3037
232
939
990
1175
2095
4505
4209
3691
4220
4098
2652
4242
292
4383
2940
3988
4898
4933
4042
3356
3457
1438
1812
3152
1225
4018
1700
1845
1219
2337
3979
465
196
4332
4867
4617
933
4858
658
3630
4326
183
2819
3585
2129
2675
369
2094
4060
2912
3068
170
2144
2160
4187
4553
3928
909
1626
255
4837
1264
1073
1933
4249
1120
117
2912
1895
2042
626
3009
4018
3308
993
953
3964
1831
2410
634
4007
2086
4926
1699
4490
3980
1681
2693
2623
3890
2126
2730
1256
4960
959
2252
2654
2348
1461
4648
3011
4253
2147
2461
1423
253
1932
1810
559
4477
2910
3422
720
2275
42
3243
2634
634
1174
3599
562
4732
1970
3942
1203
4655
1904
1098
3006
4315
2063
3407
4308
3016
3888
1502
2469
4091
241
2451
980
2002
712
2590
3005
4727
3845
4048
1965
1975
4647
2165
354
4203
107
3571
188
1535
4493
4582
4404
3702
734
2781
1791
599
4368
2967
2274
401
425
4078
1214
3685
4065
4836
3892
4523
1650
1501
37
3132
304
3754
34
1013
2894
1437
3004
1339
1476
2981
2225
4229
3834
2873
167
4514
193
2906
4903
2366
3010
4532
365
4225
2902
259
2995
3966
2932
1857
2145
419
1159
1230
2918
3822
1542
2814
4043
1220
3322
3700
2261
1890
4913
3341
3346
472
1445
3287
2595
3923
760
484
4508
4152
2010
1740
3003
3880
4398
1099
1552
1886
3852
2182
3428
1521
2216
2057
3013
478
4044
2696
3007
3088
4571
3683
3577
3294
1770
1459
4032
2816
103
3912
1050
1762
1642
3551
775
1836
3718
2196
4358
339
2716
3004
377
3920
1401
3938
261
1590
1469
2483
2994
4431
4469
2167
1461
462
1958
4911
501
3644
3347
3526
4430
4045
3316
4231
3745
1560
3353
1551
2871
4568
424
4391
2647
320
4999
3672
3364
570
1816
1148
4508
1927
908
2925
4647
1019
611
4654
2782
855
4288
27
1831
1497
2989
2757
2955
3650
1354
1873
2899
3416
4846
2999
4506
1721
4724
3047
3381
4337
3987
3288
3563
187
3813
3873
706
1973
3729
798
4511
4830
4025
1548
2432
956
756
603
138
3913
2712
4810
3483
830
2109
570
792
2214
3317
4355
2205
1678
2427
3349
3718
691
824
4319
3055
3769
1065
860
4585
3599
4414
2
657
3794
4377
2779
3531
1917
2553
1578
3805
1603
1699
1841
763
2752
2309
4316
2729
308
3716
166
455
1671
528
809
759
737
4473
1247
1335
1389
302
1798
2689
3927
3340
2844
4790
4149
1953
1506
1265
1787
581
1694
1940
2793
3939
4160
2032
3523
2087
2922
3009
3132
773
1091
4806
1347
2895
1962
1397
337
1927
2399
3405
2300
1730
434
3812
1068
2004
348
611
3708
2992
621
1963
4172
691
3684
2870
736
4687
720
4675
981
2947
4342
4978
3072
171
4419
3733
4389
1469
4521
3129
4452
4944
3201
582
643
3556
2143
3467
2748
294
4747
4447
2784
4803
381
3534
1320
1555
4815
620
3042
2422
3090
3603
3943
2788
744
633
1587
3619
2584
1097
326
2237
3077
1312
4479
1380
4320
4237
1120
2842
2037
926
4535
1983
651
1062
109
4222
2516
1346
2176
1133
2412
2931
3925
4584
4272
3677
3446
1477
2386
1134
3744
3686
875
2296
2223
4994
4395
1525
529
3457
168
4347
63
3895
798
4922
678
364
3562
4887
1047
2149
3690
663
1631
2957
1599
4831
4586
1768
707
366
532
2537
3149
4581
3382
642
3045
2873
2870
4795
1786
1327
212
1494
343
3786
4550
2920
3105
1754
1772
2587
4849
3404
3465
4852
428
1046
2654
278
1295
3820
530
3211
2002
4751
195
4079
543
2766
892
4328
2912
302
1492
4790
1041
273
2021
2561
4560
2571
2413
1275
2170
1659
1021
1286
4819
2256
1695
4842
884
301
2239
2490
1629
1988
4497
4040
464
4206
199
4438
3296
2443
3578
4562
3778
1465
2378
4434
4826
353
3879
113
1831
4647
704
1723
269
398
2005
3666
3655
271
1853
2840
2661
2312
372
4916
188
185
2196
1133
138
3027
1728
3087
2049
1668
2689
1738
1535
4949
3622
1893
1038
2864
4973
3226
4288
2011
1286
4316
2162
11
896
505
4407
2921
3360
639
3631
727
214
906
2188
4605
3859
4721
112
1931
2525
3917
3018
3587
3543
2651
2562
1867
1832
840
588
117
2007
3625
1015
3142
1014
1366
2249
1523
4176
2401
1985
1518
3989
1477
78
4394
1120
4197
4881
3710
1502
976
4694
154
1850
2405
3704
3952
1194
1679
3271
3190
4179
2811
1918
512
893
1724
1127
501
1187
136
2972
4780
1984
4951
836
4303
3605
1481
2429
4358
4931
3649
3026
3554
3808
3655
106
1641
2039
3206
3913
1197
866
2409
3717
4219
1124
3179
163
3072
2779
2935
2981
4752
815
1110
1228
2894
3926
1406
4443
3903
3681
3440
3249
3076
1305
3392
4581
1788
2721
1968
426
1859
1882
4355
2000
2041
3633
4954
4041
1478
2230
2222
2559
3070
2850
4896
650
4264
2185
1563
3259
4513
3675
1961
2733
449
2811
2929
20
2261
4872
1233
4190
2892
2464
3540
2363
1017
1550
4571
3192
3914
4735
635
2499
1597
4493
4057
1233
3764
1925
34
11
2528
8
2927
1224
2253
1830
730
4948
3578
935
2280
4853
3274
1342
2967
636
2362
4196
4751
1374
2893
2339
3647
1548
4618
3417
1926
4521
586
2898
4594
1592
1653
2739
3766
504
1567
306
3164
2933
2770
163
3069
4265
4471
2546
4963
605
950
1381
2096
4792
1296
3318
1584
2748
742
2961
2221
2095
2805
580
3382
3167
3150
3445
3899
1747
1775
4304
295
189
352
2956
4078
3172
2099
4545
4351
3305
636
2810
2396
4445
4091
2671
4591
4825
2396
2984
3877
1660
355
4260
3350
2852
2194
2114
4972
2597
521
4286
864
1054
1438
1917
4046
4995
450
568
3962
227
974
2106
2078
4007
3337
4236
2498
1322
4083
2622
559
1089
968
3334
3853
3962
2741
957
1643
932
1907
4365
1996
1388
1390
3558
1305
604
2670
1019
1256
4951
222
1754
1912
1626
3299
4462
4209
4350
1785
3648
4824
4359
203
4589
2007
2310
1966
3855
2481
4218
4091
1771
446
3154
2358
1950
3713
2164
4935
2381
2791
1877
2412
2886
2933
2300
64
4995
3711
3538
3641
3364
3170
845
1669
4125
3319
2678
3708
3453
4429
3943
1833
4057
35
2015
2437
2264
2500
1129
265
4329
2251
446
2714
2875
2331
1014
3466
92
1381
2113
1210
3289
4454
3439
4787
2249
3370
3869
637
2636
3653
4133
594
3572
76
3364
2226
2651
4410
2716
1608
805
4909
4917
2939
2429
4534
2405
204
4902
4471
4597
2501
2315
2432
2945
339
552
3074
4844
1352
1881
1599
4465
403
2251
3908
1405
3926
1673
4335
4692
630
1068
4818
1885
1042
659
4017
1906
1163
3423
4223
443
97
3897
2772
1756
1914
242
1339
3906
4663
2070
4024
249
2181
3567
3480
1915
3176
520
2009
2374
2813
3113
4189
2495
562
560
4840
4130
2987
4748
1137
494
1469
4083
2431
118
972
3785
3904
2671
2956
4698
1400
1060
552
4994
2964
898
1470
3790
4286
3599
4959
2348
3058
52
4074
2534
2902
3446
790
2036
3186
17
4105
1711
4974
3277
4406
3962
4096
369
1343
2355
1723
3018
1575
1995
2155
2739
2083
1710
3695
1937
247
3558
2769
2889
3994
4758
735
3962
1745
1622
3805
2563
4948
2139
1348
64
4740
4101
1302
3607
2711
153
1642
2368
4947
2966
806
2390
4466
1620
1741
4581
4047
164
820
1788
3348
81
4849
4836
1759
2893
28
3177
1520
4301
4408
2967
3531
2930
3916
3151
1101
3084
3629
3939
2294
2364
3314
1327
472
4976
3563
2592
3529
3202
1102
402
4153
4384
2886
4940
1203
4329
4376
3586
1147
2879
4140
3711
4780
3774
1337
4500
3624
4181
1774
3393
2509
5
2076
917
1981
4116
2266
2031
866
856
3786
2281
636
2747
786
3275
2709
1962
4090
2285
4595
1222
2001
3595
2278
582
4528
56
1108
281
4179
3794
3607
1625
3922
1576
4056
4137
1307
2027
1472
4089
878
1152
2974
4288
4656
683
2607
2859
755
4313
3140
589
242
2819
1760
2679
3438
2504
3196
2505
4097
1700
507
2470
2386
4974
4936
4796
4233
1601
1271
2200
4491
1932
2089
1797
3839
240
22
2103
810
871
1884
3718
257
168
431
2687
974
2125
4084
596
1196
4086
4167
564
3721
2225
410
2979
2442
4422
4468
3588
4666
3617
4834
2060
2710
2508
1964
1130
2
3130
2151
4908
4898
3056
250
1973
3705
4462
724
1539
2132
2310
3442
2781
395
4094
675
4591
2877
171
1500
2436
2548
2538
3379
3798
637
1310
4198
263
3576
4949
276
150
3876
4359
922
1786
1447
872
988
2963
611
877
3501
1362
3752
4878
1356
4224
3465
1080
4346
2601
1970
1794
2526
4934
1747
3987
777
1163
498
220
3281
443
812
4001
882
179
892
88
4387
1383
3899
2211
2178
1678
1237
3776
4363
2036
2840
1257
4947
3898
3545
1621
1383
4818
4113
3445
2596
2408
4273
4216
2451
3634
1449
891
2550
1132
2008
3232
1666
3230
4701
1512
944
1561
4042
2865
129
4467
3206
4336
436
2126
904
4476
2013
4500
2128
4023
4846
2507
1189
4157
2991
3730
3100
4996
3512
451
1384
1492
2540
3395
3739
3885
4955
4080
2012
980
781
45
1698
2629
2027
2452
655
3639
1508
3020
543
2767
435
4787
855
2226
2320
1044
4456
3847
4862
3928
1986
2704
1384
984
4852
1023
3065
3457
2089
1660
4568
627
3660
1065
2865
3539
3417
908
3054
432
1365
1900
1091
3156
4757
712
3741
2917
3102
522
3204
480
2965
3844
1040
4986
2632
2452
484
2314
702
1010
4099
139
504
398
3963
2515
4124
3993
1443
4376
1719
1184
1511
609
4002
2180
74
3091
3629
4489
2569
2625
3054
585
1783
3473
1931
499
2571
2743
1369
2986
2265
1762
4532
3328
2342
2761
2677
1044
4530
56
4658
2163
3491
4394
3497
478
4461
709
888
2837
3408
3293
1831
712
1810
3839
1389
4936
2820
3239
1655
3868
2398
2736
2504
1831
2358
2098
1127
3062
3341
610
3252
2527
1977
104
4404
3138
1008
1969
1933
1353
2878
408
1139
2463
3402
501
2788
3451
4088
3215
2024
4246
3875
3067
2349
4925
692
4094
4258
1884
1698
1266
1358
4455
4347
4705
1514
3387
3399
4792
189
2663
564
474
3075
2281
4425
4880
1235
3512
4212
3240
1001
3569
789
3639
3235
835
1470
4166
785
767
1240
2636
4177
4563
1879
1091
1665
1167
4905
4098
4976
1827
3211
3961
370
2528
2180
2871
2577
1465
4980
1837
3931
2527
1729
394
4207
3812
4788
2072
1750
3997
1667
1839
2345
3965
3828
826
3718
1263
4666
877
1533
3640
2469
871
445
3137
4895
1425
4165
4473
4572
3296
3690
1681
1429
4227
1052
1359
2913
4402
116
4152
2437
3940
797
1914
2580
3327
1643
2613
126
4718
3045
174
946
2044
805
4359
4699
4903
1579
858
1835
3427
4440
1610
4322
4324
3094
2208
4419
3518
4118
2641
181
2372
757
744
4579
2158
185
12
119
1796
3702
1664
2674
4706
3315
1307
2999
2809
1420
4262
2094
1737
2937
1406
2492
3994
1252
3151
3094
1779
1323
587
447
3429
2855
2083
1182
554
4875
1869
4092
4347
2288
3309
2121
4793
1181
1334
4648
997
1886
795
4806
826
318
4706
3792
4374
1621
2869
2606
1295
602
3158
2568
97
1914
253
3072
4
1630
1636
289
1131
2272
3093
2161
2183
2094
2717
4170
3411
2055
4649
3640
3738
1251
4782
1552
2293
3233
4762
4162
1031
2141
1041
4830
2236
3072
1459
2062
2944
1073
3491
2987
1482
1199
2538
1894
4198
2933
1357
1990
4745
4023
4008
3977
944
2452
312
417
4326
500
1308
4002
3167
549
4064
4118
3789
4302
1046
3050
4704
1007
256
1560
3530
4276
3760
1708
603
969
4876
4494
968
2163
4291
1177
4781
2670
1146
3464
3442
4386
2519
3502
3917
1967
3031
4667
775
3658
1665
4512
3313
4159
2756
2708
3675
3610
1769
353
1171
1676
2168
1416
1826
2833
3754
3288
4032
4562
1507
4400
1046
4207
433
3366
1049
2358
4388
448
1445
1439
652
3824
1253
2269
274
4195
3225
1466
2576
1201
2404
2157
1348
1066
2511
516
965
4689
1827
3778
963
3678
1025
1653
927
2303
1433
2067
865
1927
1119
3193
1991
4157
2481
1760
2326
729
1872
1094
42
803
3668
768
2842
4485
130
3767
1195
4121
664
2704
321
4668
3285
3955
3180
1165
2148
2447
4482
200
746
4164
1758
2747
1487
4870
2106
4102
1597
728
3719
2512
1889
1854
4090
2476
2431
2162
2757
520
1655
4250
2561
4648
1767
3917
4936
330
3636
2334
1392
803
1911
3703
4542
414
2422
518
3638
3860
4607
2737
3092
4185
3057
4950
3125
2284
54
3313
2639
4711
4596
3721
185
1406
4379
948
4322
1122
4497
4856
4254
4546
845
1363
1094
4063
2247
623
4388
1014
2592
2937
862
4431
16
3852
2463
4013
4805
4962
639
2679
3796
747
4464
3916
3001
4145
2462
4778
3581
4916
3180
4939
2609
4095
1892
4982
1771
2446
777
1533
289
3230
4203
3222
405
1758
3655
4054
4775
867
2979
1464
2342
3504
3068
2457
2525
447
4124
477
4125
3909
4664
1075
3175
1505
1517
2064
2552
2572
3533
4766
263
4120
4266
4761
4092
3064
3129
1293
2662
4225
2746
4139
423
1577
843
4831
1349
2308
1329
2961
3901
3935
3319
689
155
3508
2119
3988
577
2274
4175
1295
748
4785
2873
4637
787
167
3972
3052
2440
4471
25
620
4745
3453
1274
559
3973
3613
1037
2087
3996
2962
3842
1400
319
1804
2803
4257
1085
4690
4553
3292
427
2429
1146
4085
2139
976
3293
185
4557
1935
284
1103
4890
3705
1940
2721
3812
528
3384
4161
2028
2537
2143
2990
4729
4934
692
766
2298
4026
2619
2846
1432
4320
2455
4623
655
1642
3968
961
1985
4952
4063
3476
999
29
2849
3573
4033
2042
4052
2414
3284
2055
2627
4849
3365
4968
4451
1624
1427
4002
2130
4733
843
3700
1605
1099
1668
1925
1202
1577
446
544
2870
2162
424
1529
1028
4394
1646
4035
4967
3894
4539
1562
3170
622
1835
1103
2562
896
1387
1555
2985
1714
527
644
3224
4567
1948
3436
756
4652
943
3876
2332
2146
2156
1602
2408
2372
3720
4258
1317
3028
1426
2262
3951
3872
1640
507
4361
595
1765
636
2726
4723
4900
859
781
490
208
2758
4739
2195
4961
3046
2270
3511
922
299
3069
4009
2664
2260
2130
3756
1196
825
2721
949
2896
3765
4303
4149
711
1680
4741
2856
154
551
2623
3833
3752
3813
1839
3013
3164
4604
492
1863
3884
3022
2141
2017
4714
4025
4149
246
1597
853
575
2692
2839
3053
4357
771
5
928
1223
1862
1469
4683
3560
1056
4963
1133
2702
4666
2576
2905
3348
390
4309
4243
2556
1963
1562
3767
4823
2324
3026
4138
67
2442
2638
723
4756
4640
2806
3336
436
4183
542
4679
2097
1007
450
251
4660
3943
2659
1306
2417
3745
601
2258
1208
3388
1410
1682
1619
1817
791
2019
774
509
3751
3543
1425
1517
1593
393
991
1627
4504
2944
920
3266
3841
4701
714
3980
4793
1935
2013
1359
2618
1
2990
625
2950
1343
1425
4616
3188
2254
2619
3286
714
2412
421
2735
4407
221
883
1758
4422
7
4876
4778
1998
2216
3411
2627
3627
3369
613
2806
4047
4679
1947
3503
3684
4000
531
1296
2538
133
2887
349
4355
3679
4647
2709
4815
3021
1571
4296
3058
813
3106
2885
4846
437
1999
2137
4052
1132
3411
442
3325
1261
136
79
4868
1461
4383
1521
4951
4728
2747
4584
4205
4872
4137
3319
281
2139
3528
1437
1287
4247
175
457
2731
795
3419
4338
491
4218
3329
2066
3167
203
1911
576
907
221
2460
2996
727
1764
1554
650
664
3960
2280
4021
311
668
1743
788
162
3558
3222
2802
1370
3550
1356
4217
3038
1063
2701
765
1231
669
4922
3023
2131
1169
1340
958
2459
3821
2959
1836
2597
4887
111
2195
1897
4961
1058
2223
4626
2611
2197
4307
4154
846
4269
1501
3651
3932
3009
1708
292
2964
2527
4448
3594
4469
4118
2179
922
4251
1959
3034
1663
388
2969
3506
476
576
2862
2156
2845
2273
1186
3080
163
4999
186
4139
132
357
4955
1107
4606
128
4210
3933
1948
4374
4907
2474
4707
3744
1252
4792
4240
368
255
1381
1596
2890
4438
2907
4902
2021
1806
2720
2182
3971
1740
80
3148
10
1702
3415
4018
1617
1214
3190
4032
2296
4848
494
3310
4964
4989
2978
2844
1483
3508
2211
3696
1405
397
3326
4413
901
1395
4694
382
541
2084
253
2122
3177
2242
636
1631
2409
3375
2208
1436
3965
2674
1155
1334
1452
3473
3345
1937
632
3323
3988
4250
2768
4570
3532
2680
1270
2890
1790
766
1750
1542
4338
4994
3136
1516
843
14
3107
1719
676
487
3425
3597
2305
1204
2088
564
2489
2682
1934
3632
933
2669
72
4263
1109
1047
2353
3866
1925
3864
1934
2940
787
1279
1403
3001
745
3132
1236
3548
3639
4066
3819
1719
1567
4450
852
4872
2804
2664
140
4435
1157
3314
4362
4537
2843
2993
3285
3037
205
1823
3934
1105
4689
3986
4647
4123
730
4265
800
149
4769
617
1090
2878
1548
3192
2403
4923
1854
2275
2688
4076
2981
302
2031
485
4775
4878
1713
2587
341
279
3124
978
688
2301
1000
192
1333
1509
3192
2103
4789
4621
1331
1002
2209
1119
2034
271
1611
201
2753
2675
446
1724
3502
3825
2830
668
3128
3154
4670
17
1693
33
1124
2974
4303
4233
2773
4271
4874
3116
3349
4366
2627
2203
477
114
4306
1871
449
872
3188
2968
2698
3077
2984
1006
3773
2071
930
3256
4927
3763
711
2698
2071
3245
3576
3158
4892
2462
3066
4600
898
560
542
645
1123
2233
4368
4746
3826
3519
1003
4024
622
4763
1250
1365
294
1966
3203
2561
2936
776
1757
1723
2265
3997
2123
1343
4427
2476
2136
4159
2997
1342
2089
946
2007
4681
3438
100
4369
1015
3713
2267
2733
4481
1474
500
110
881
1424
1906
2509
423
156
2144
130
780
3495
2210
884
3470
776
2045
3725
958
1401
829
4648
2391
496
3186
2618
3692
278
4523
200
436
3558
1755
267
2292
2998
1556
2373
735
879
413
4200
4904
2452
829
2270
772
3476
3947
3251
723
1892
1374
1852
2261
1936
2804
2531
2510
3139
2692
4227
2004
945
4617
4192
3487
3
2325
3902
3395
3323
1663
4701
3694
2733
745
4371
2596
679
1617
1915
607
4464
883
3086
248
4233
4027
1924
877
4503
1818
786
3920
1401
2158
416
2115
1389
3663
4799
2169
1535
3975
1278
1653
75
2413
779
47
4357
3870
2274
78
2639
950
2376
2376
1346
3524
821
2698
4929
3150
2125
2391
4052
3220
584
4826
1717
3619
2022
3209
3566
2886
1283
3784
4791
4119
1713
4755
4333
1430
998
1205
2086
3629
3494
831
4307
689
3755
4255
4446
3389
4332
4083
2760
4112
477
4062
608
1238
3097
172
1968
3580
482
4836
1711
509
2949
2098
3851
280
141
1108
48
2630
1701
4263
144
4151
4905
4584
107
4064
3213
768
761
447
2488
4117
3217
3837
4105
3462
2753
1931
2724
3870
689
2777
1977
4219
3329
649
4392
2671
2539
55
4255
1687
4439
2805
1514
2878
2428
1632
3468
2901
265
418
4845
2589
86
254
883
4322
1494
4092
2467
1793
3350
1743
3431
3459
1521
4142
536
4127
4440
4782
2894
2962
955
565
941
2864
1975
4257
4717
213
3665
3824
2800
3033
4774
649
2550
4361
111
3834
1246
36
1669
4346
54
1312
741
2838
647
1449
3333
2011
2354
1700
2704
4860
2375
4888
2843
2776
3035
2338
1844
3433
2183
2812
4160
386
3925
2770
3099
3618
4697
1896
4535
2612
4118
937
1488
1770
3655
2775
2545
4802
404
292
4786
3722
3834
2835
1033
3727
942
2724
2996
3763
2394
3226
411
313
2662
974
2551
1196
3697
1212
4087
4615
508
562
3285
3886
4371
2438
2683
2555
1492
4580
4753
2608
4155
4601
3797
1841
1445
4002
4799
160
4114
3270
864
3869
4664
4501
1132
517
2654
3915
1796
2826
3126
1359
113
587
2483
2681
2276
440
1790
1828
2607
1762
4827
2185
879
3928
4120
1208
4587
4399
4592
2152
1128
3654
1048
2413
848
166
1082
2938
3887
2072
2206
2200
1093
930
3200
4180
4235
407
4883
2974
4744
4853
4669
3647
1200
1634
3210
2392
4196
672
1808
3595
4072
4299
4966
347
3091
30
4296
2143
574
1877
780
4932
452
2302
412
3758
1871
1815
2689
4144
3587
395
2761
3793
158
3483
3821
387
1464
1055
4660
2875
62
3157
823
451
643
514
3790
4781
1106
1016
1716
4162
2573
513
3084
1893
1733
4416
3535
3706
3371
2234
1306
913
2135
1606
2528
4707
2208
110
1856
2491
2253
644
4814
2512
3456
2268
4038
3709
3706
4636
3747
2969
976
4599
202
944
969
2875
107
1745
2356
535
2853
4403
840
614
4124
533
4260
4342
4877
2934
1501
2818
1416
1679
246
1107
1629
139
116
4468
3458
1482
2060
2344
2279
3448
4392
2198
3160
4082
4742
2613
845
391
4963
4104
3963
4182
4393
4248
4734
1172
2981
1326
2843
3056
4822
1815
2043
3495
4389
159
1311
2880
3577
2304
2450
1577
3310
1138
2831
4019
3665
2073
4755
399
1090
4443
4810
3761
4341
4697
3692
1972
1319
4348
3514
2093
2535
330
258
3301
743
3616
2228
2037
4069
3826
1902
2727
3611
2828
3126
601
4724
3933
2556
2842
530
4011
1730
929
935
498
1445
1394
1605
4256
2168
448
2495
3738
3997
2266
103
1254
1377
3756
1285
4505
4081
4719
1865
3407
1617
10
4715
523
3121
1145
4437
4391
4178
3429
554
2984
4862
1752
2951
2985
3611
2006
2434
772
2457
112
3448
3063
562
319
500
1027
918
2541
142
3950
960
2863
4056
1234
2136
1236
2177
2180
2163
1123
2362
3746
2513
3537
4410
4621
635
3974
3410
4350
607
3573
4794
3477
2520
1358
3556
2984
4899
3373
3071
3619
3269
441
1833
4945
4526
301
4610
1088
532
1455
2815
2089
4115
3293
1893
3724
1743
3948
3857
3810
4308
2187
3361
2256
2477
785
1705
2049
1916
4041
4214
2655
73
1157
2666
1234
2399
4634
3073
2999
1659
3051
3601
3990
4747
1633
3772
4131
595
723
3221
495
391
621
992
3288
4690
1222
3829
3271
3697
1071
4457
321
1888
1267
1292
4144
1553
429
4945
438
952
4586
593
698
3206
1326
414
3826
3680
840
1308
4676
2682
2379
2359
3740
1998
842
2116
284
1417
4029
1707
2008
407
3246
4190
4122
1382
540
2065
3916
305
383
2889
3757
785
3427
3479
3088
3954
2993
361
1324
3570
3293
2950
1935
4995
3089
809
1154
1922
1974
4721
3673
3464
766
3620
3000
3249
4554
3935
1199
1702
1504
1553
2153
3384
3770
4377
1193
1705
2192
423
1211
2593
4337
4129
4363
4241
4759
361
1527
1794
4436
3408
1664
3791
1867
4196
1044
1840
1410
2445
4387
1504
205
4589
2362
2080
3909
1869
1942
2946
4621
963
1693
1631
4092
3829
1699
677
1215
168
3655
1706
1493
3333
4469
4403
4447
2321
2721
1963
4767
4340
2518
4813
4855
1333
2739
857
857
571
1706
191
4414
353
887
1465
4393
137
2657
1524
4398
3700
518
4320
4600
4867
340
1851
1541
4686
4604
2771
3941
1970
1551
2439
137
3802
4211
2050
1918
2629
1316
4896
3960
4531
3044
4897
2099
3058
3168
3031
972
3933
2537
2032
1560
2876
593
3483
770
495
1727
3524
889
3124
2186
1961
4303
1829
3355
1423
3720
1184
4150
4555
3624
1382
50
2018
3037
4531
2817
1115
2069
4408
2199
3144
1670
2823
2890
1967
4182
1322
4863
1309
1427
1990
2108
1921
84
2982
1271
3995
3902
222
3231
2481
2037
4099
654
3734
4907
1891
2595
2458
4871
4404
2035
4529
4157
3202
91
2003
4996
4227
4165
4419
1331
293
3545
3790
3720
1518
4448
56
112
2518
1388
502
3878
3875
208
1121
2677
4854
3720
971
182
3007
3334
3136
1174
3554
3910
3223
543
937
1651
2717
1772
1659
903
2567
2396
3305
4620
4432
2139
3937
2653
927
3804
2765
2796
4508
2109
1072
3906
1429
4966
4874
1364
1378
3453
2381
2416
846
86
1230
838
1541
2010
1214
117
3057
3293
4075
232
4715
2917
2481
1346
2102
1192
65
1373
579
1307
1411
940
1785
1120
2717
2113
2215
2603
3030
1609
988
3213
121
4631
859
4826
2154
3960
3718
2284
4515
2470
149
631
1346
133
3153
2167
4614
4283
3838
1821
4073
2954
1260
3854
4505
1688
3819
4401
1378
1328
4580
4450
92
29
474
2123
4036
3177
3953
2390
4544
4816
4284
799
2509
3641
522
1873
1728
3363
520
4178
927
1966
4486
3694
1404
153
3878
1573
2658
1867
49
3525
3049
560
1223
2238
2142
4993
3942
4400
121
4522
447
1428
2126
1896
393
4770
376
1842
4668
4400
4492
3279
3315
384
4414
1115
4456
118
527
531
3291
2985
2366
4770
2047
1268
545
3638
4560
2435
1974
3001
4612
3278
628
760
2190
2722
1789
2823
2579
3152
2293
1710
745
680
2851
33
198
4564
2706
427
2424
3589
3276
629
2405
3947
2384
531
54
678
685
2702
2055
4326
1894
1868
3691
1316
4459
912
4
528
4918
1636
4700
1641
4910
525
2320
3952
3445
1244
4384
4002
782
3314
3234
1709
917
978
1650
4672
248
4117
3250
1349
2448
1481
805
4776
4427
2001
581
3901
1177
1376
4097
3286
1558
4971
524
336
2028
2201
120
2043
583
3160
2454
499
2888
756
3044
1809
3845
150
1865
1070
440
361
4414
4170
270
1378
3390
4873
2994
722
1031
4558
1020
4927
1380
881
2438
996
3847
1068
519
4215
133
3504
4687
3843
3747
4311
2162
982
3622
401
2572
3695
4807
636
1736
1080
2767
1815
413
3187
2742
4638
4790
730
4730
2296
4315
4088
3388
3433
704
1583
4344
3914
2484
4203
1119
2010
4066
1205
271
1793
2859
2876
731
4742
1918
3583
3298
4561
1899
1377
1395
1226
2906
2708
2624
2378
1726
1026
2738
375
3887
3681
4460
1142
4768
1355
1192
2239
4266
348
875
3389
4752
2829
3776
3856
1519
2553
1772
2411
358
1684
3784
828
907
2071
1374
750
2856
4446
4135
380
4610
966
4249
3083
776
2458
2808
1660
1424
4850
62
2792
3407
4654
4255
3274
2592
911
3806
2210
3318
4377
1525
1136
426
1036
3357
4745
1644
4921
1065
2869
2957
4986
2558
2938
3093
3108
585
557
3216
2076
3191
1690
20
3141
3554
2739
4122
4983
346
2105
1027
2728
1272
445
2882
1952
4821
2859
3804
2025
4001
3102
1777
3573
3754
834
4416
801
4251
2179
3805
162
982
121
4563
1634
801
2266
698
4928
4966
4666
2846
4045
1689
601
4991
1170
2797
169
3211
1617
2053
1406
837
4467
4942
3104
2455
3959
2261
3142
4924
1581
2340
3612
1914
3058
2780
2583
360
4272
4107
1488
2627
4047
3230
2699
180
3272
842
4458
3659
1166
791
2170
3070
4156
2985
1649
244
2316
4838
1034
897
724
238
4549
4952
4730
586
2669
3417
3869
4972
366
1893
207
1102
1580
60
328
2428
3558
3985
2852
4501
569
4688
4018
176
3905
2057
3114
10
1893
3271
2045
2921
2990
158
274
3092
1350
3453
4276
1833
1514
4241
2640
320
2098
3922
633
1956
4659
2424
1102
4837
3211
36
1412
297
278
3199
3431
3590
3067
332
931
198
564
357
3865
3654
4972
2135
2932
2638
2883
815
2240
3191
1057
4418
4346
4218
1880
441
3074
94
3310
3883
1714
1612
3734
959
963
3405
2149
431
1461
1863
2378
2080
609
3166
4052
2448
2007
3908
4515
2272
1786
1499
115
3979
4711
4617
716
1444
3699
1494
2338
686
482
1668
1834
2768
1653
4067
4404
4581
3250
1367
2278
434
184
257
156
2770
491
3219
4093
3729
4705
4738
3399
4750
1973
3561
1321
2264
3017
1122
2822
3635
3302
4309
3206
2212
3225
2327
3776
4790
1125
96
3728
866
3374
3960
1872
4448
3206
118
4643
2903
2039
3375
4050
891
1145
4711
2303
4027
2990
454
230
4859
1596
4517
4916
1354
1657
17
4776
2935
839
71
1026
4584
1035
1047
2962
3862
2932
4502
3961
2662
1825
2866
4204
6
3070
799
1983
24
1217
4512
2846
2791
1588
2018
4177
2575
4073
3026
3780
2180
2819
616
824
317
2231
348
3232
2969
1075
1634
531
1731
2360
3627
285
4061
347
3598
3956
4170
131
2640
3270
156
1252
824
1043
4104
576
1636
802
4419
3889
1337
4420
1441
704
789
2967
2885
2269
3229
3534
124
2130
588
2558
2454
2206
719
4501
4569
4399
4159
4381
3678
3750
4828
3816
3705
4912
3521
1234
4810
3358
728
2078
3005
3623
1454
30
3509
2201
3616
2880
1557
2017
1576
1802
3539
1919
98
337
227
1225
416
3577
4220
2745
2235
919
2429
4712
1080
1816
1293
4542
1662
1993
449
2798
494
3147
4446
2174
1548
3850
3886
1080
352
2702
4382
3854
895
466
250
178
4896
2050
1651
1411
3394
2885
4475
4746
2533
3601
2412
2265
2770
2057
2422
3253
4793
4818
4454
97
4243
1081
899
2790
2287
3657
3883
299
1901
4987
3055
1874
1902
3607
4803
1544
767
1213
4128
3717
707
119
3092
3710
1847
3131
1928
4301
4842
2264
4299
2132
1297
2336
2164
2616
581
2893
514
2944
1821
1307
1353
3382
3752
3174
3433
3858
1531
3258
4556
4142
1596
3211
209
1561
845
2955
1173
70
80
3953
3143
2528
2436
24
4247
2410
1880
1137
3078
1961
2506
4061
200
3278
1171
874
2987
3028
3866
2623
2072
3742
2103
2531
3352
3778
3186
3357
170
448
3025
847
4378
2895
82
4194
4627
2900
709
4364
3215
1606
1663
515
2109
375
714
3265
197
2671
732
4877
3568
1537
2787
452
282
1363
3586
1976
1512
1324
2604
1357
1536
3581
2593
613
3318
2118
1484
2838
3161
2760
34
4173
3838
2817
673
546
4835
493
676
808
270
250
2731
1978
3509
3755
2856
4377
1372
1088
1278
2702
2003
3366
1455
3117
3770
1422
4134
2702
3647
2352
3118
1387
3780
1811
4747
3797
4652
873
4813
3126
1734
4729
3153
1129
812
948
1547
2187
3439
1600
1162
1279
4446
4102
2726
1024
1356
2650
992
229
3677
4881
3353
4639
1814
3912
2734
2781
1878
2652
3636
1142
1523
3793
4167
1228
4249
4197
534
1327
784
3243
991
4743
3115
2566
4877
3560
4359
4006
1535
4004
454
2864
2612
1450
913
3859
1920
2371
2744
2175
1103
4458
4890
115
72
1936
273
4406
1789
4276
3635
3168
526
3155
1735
1310
4945
2154
3644
1181
3394
1423
690
4344
3368
4615
4261
4154
4224
3564
1342
467
1144
3911
4956
1894
2657
258
625
3139
1930
2856
587
208
4595
385
2958
3146
794
1574
1058
1766
2010
2446
3797
4943
2772
3905
3133
912
46
3916
4689
1653
547
3403
2599
2277
3599
365
786
14
223
1497
101
1290
1406
488
4252
2247
794
3148
1133
4405
387
4632
3438
3668
593
3608
1780
4957
3493
3237
768
882
4510
2727
3570
1472
3143
1393
4937
1721
1205
3659
3006
272
3927
2108
2460
1336
1972
2381
2411
3218
3509
2120
3923
2379
1771
4166
4531
2511
3172
2270
187
3198
4729
4392
774
2167
4911
4764
1887
4405
4645
3253
4013
3954
1681
646
3590
1079
4587
2397
395
2475
4373
4834
2992
4375
3843
1204
2076
3043
4158
2735
1752
229
4602
3942
3998
2857
4479
1196
2832
4017
1376
3786
1865
4809
1740
1584
1518
2356
743
3105
4345
1657
2578
1637
4717
3287
1195
2147
4220
2602
1801
4424
2611
1779
4361
916
1393
1811
981
3194
663
1278
2745
4676
2608
2770
4316
3530
2951
3284
2609
2081
4254
1105
3812
2374
3569
4068
4610
681
3725
720
3501
4709
2305
2216
4327
4970
4258
2615
279
4725
295
1209
1352
3762
1662
4511
4487
3911
4544
1838
1514
4882
2035
4934
1292
4797
1157
2711
3194
2819
749
3032
3227
2485
4513
414
1829
1515
2908
4471
16
4178
3785
341
3255
4950
4577
86
3466
4905
4893
141
4310
2066
4395
354
933
4882
4908
3532
4641
2264
1173
3870
809
1638
2008
2430
1519
4031
3502
3726
4479
3578
4470
516
2868
861
1640
154
2691
2787
292
964
4789
2931
1837
1755
1286
3096
3511
1356
3813
59
1662
2684
3335
729
4552
2746
3767
4216
2690
2325
3884
96
4823
4137
274
1940
4759
3184
4553
4940
4727
3409
1868
2507
1523
4711
2727
3005
2263
2562
4928
953
4156
4899
3533
512
3873
2513
3874
924
3781
3741
2085
1597
2102
4534
4798
600
4537
2099
4110
1868
1293
4463
1904
203
1375
3700
456
4852
2804
2568
4640
2207
2230
4107
994
2756
4425
671
4684
2861
2480
1810
2299
4179
1510
3690
3766
1178
3989
602
4071
3
4153
1458
3910
1302
2470
3255
4317
584
3559
3461
4111
1150
3859
628
3482
4612
690
2517
1760
546
4808
347
2661
3980
3265
1899
4659
3984
2849
3240
2957
105
4309
1338
817
3773
3564
1563
1710
4703
2865
2622
3974
4165
921
1786
2831
3073
400
2565
2881
3113
4857
276
962
3163
697
2505
698
4409
2731
2790
2256
4172
3691
1283
2419
4987
4031
1685
2764
4558
1777
2659
69
4111
4345
2457
4415
1602
4341
2242
3899
1018
3131
165
3730
3547
3931
2390
1952
69
805
4998
1422
4563
2347
2504
3867
1314
1591
4448
2585
4078
1805
4670
3201
180
2426
214
3493
4984
1682
4557
2922
2548
523
1891
411
4102
3454
916
4332
3035
2800
2541
384
1329
4815
2184
3567
3835
2993
1459
857
3205
1955
2752
3110
924
1183
1159
1217
555
4421
4726
2400
2411
177
4443
4650
419
2068
1048
4298
4622
3744
1442
1769
4019
1033
3544
737
3127
851
890
3442
2383
4370
1069
4196
1830
3228
1236
3605
871
3857
1113
2661
1748
4961
2957
3075
2495
1005
4420
1868
4836
1936
704
836
4324
4981
961
2950
3401
451
1441
1066
872
203
525
2041
2526
515
1410
3946
317
4337
838
3541
929
2773
562
3450
1657
4288
1777
3320
4056
2818
2283
2899
3199
3216
2231
1719
3404
4658
326
4130
130
586
2169
4747
3978
2828
3639
1581
3102
3967
471
2329
794
3829
2679
2743
512
3388
2549
4846
4215
2727
4724
2682
623
1658
152
3321
1608
1637
3897
2571
1517
1364
3856
4799
4507
3456
634
2435
210
1726
4826
73
761
1209
871
2063
233
666
4801
2072
4842
191
2836
32
2763
1789
3935
3940
2114
19
2425
827
930
2864
3636
3015
3771
3803
3013
2682
3573
2881
1979
764
4712
3191
590
4729
4251
4459
4225
4368
757
2044
1880
4095
2541
4620
1090
3228
4253
681
618
2872
4177
4520
2363
3132
1660
3658
2990
4394
3053
4275
2994
3610
1602
3930
33
2025
327
4973
519
4362
4258
4082
767
1575
4060
3321
1965
3927
945
2886
1576
1427
4786
2423
4031
4289
347
2600
3245
3118
2171
1273
3375
1557
3340
2569
505
3109
3533
3179
1130
3087
2122
2034
4887
3535
2491
1931
804
3584
2031
1204
4161
2101
3817
2064
2169
1447
1945
1499
4104
1141
4942
2170
792
880
717
3675
1527
4132
630
1287
1241
3411
4218
865
2193
4286
1776
395
3357
1922
889
2290
3825
66
2320
4629
4230
314
1236
277
3802
1052
4680
4802
1320
4601
3814
3925
4187
1032
2970
3575
2165
3158
1858
1023
968
2832
3822
2461
2300
2631
1077
1525
1555
401
1889
4602
3529
4769
4079
2507
4176
985
1396
4372
303
147
1763
1761
795
4784
4441
2095
1700
3236
3393
2195
2014
4562
4760
592
3991
751
671
3937
503
1613
3457
2560
3996
2537
3736
2535
981
4244
4660
4223
4691
849
4074
4663
1820
786
298
453
2707
1299
3835
4091
535
4128
1748
1006
1577
4547
2874
4858
3118
1410
1755
474
4563
3170
1721
1824
1305
1159
3771
2330
2561
861
835
2206
4652
2967
2838
1362
1623
2142
4859
705
4210
488
4320
2556
2939
2910
4051
4482
2177
2786
4089
2264
1801
3662
4473
3195
1461
3622
2130
3819
1057
281
2011
2722
2098
4161
4560
1246
1601
3078
695
2187
3138
4968
3974
4478
3326
3252
1655
2205
4119
4156
4712
3891
3027
1672
3903
1991
1974
4135
1704
3088
4696
3133
3384
2466
3535
2116
3531
4282
1845
4589
886
1228
2026
1593
4568
1751
388
1780
1341
1310
4008
645
1911
3002
2065
480
2101
2594
1336
1838
3446
2063
4951
4442
4345
876
1672
1757
1755
1059
1183
2199
3719
3820
2051
3297
1540
99
2713
3870
3339
3530
4138
2564
3510
1116
2968
1722
858
4569
3031
2857
4016
2279
2745
2462
1291
1446
1460
910
1226
3535
4089
4
4600
1305
4631
2644
1224
4914
2860
509
641
3359
439
2521
7
878
2867
3682
2411
1620
2207
1607
264
3320
2985
4890
4820
329
4481
1404
2469
3297
2065
4919
305
1057
1291
4502
1455
3115
3811
3351
2544
4646
2299
4208
1708
4935
2039
1426
1428
1875
1176
654
2951
3339
4738
3279
3266
1619
4494
2274
4906
110
3743
1725
2811
3359
3026
2784
3949
508
2851
2244
2566
2121
1814
3898
3762
1207
4614
1591
3071
3665
3123
645
4653
2226
673
3598
786
68
445
3003
3548
3262
3741
2375
1037
1722
4843
1027
2582
640
1170
1248
1737
1872
1806
3263
3434
219
4692
4153
4995
202
2014
4248
1375
523
4842
475
2448
3220
4232
2852
1704
3863
2083
4700
4736
1618
1631
2316
4788
913
1611
3272
350
1884
4832
1332
1045
1682
3517
4413
1373
2130
1111
3924
3380
4101
1942
4472
1256
4059
2594
4196
3241
13
2102
48
2017
2774
628
4287
3265
3803
4517
2665
4572
3904
4452
2389
2708
4192
2317
4971
3224
4955
2157
1266
3913
336
2906
1487
4533
329
2365
2539
519
2782
3244
1804
1141
3804
2454
39
640
79
660
3987
114
1439
4957
4368
2014
371
438
2472
318
792
4800
4522
4287
929
4306
1357
3594
2846
3748
1455
1712
4916
3190
77
1229
3147
592
1779
2404
3347
329
2302
3450
4480
4195
1551
537
128
924
4372
2272
3667
4788
1107
1462
3314
1245
4653
534
112
4847
4077
4908
3077
1969
2766
2212
2117
4403
1446
3225
1593
2754
4317
2281
4986
1691
1030
1897
10
2263
4281
364
3999
228
2249
4360
1369
2313
873
552
3291
715
3208
2460
4073
3413
3902
2024
616
3862
4071
3716
1057
216
4212
414
64
4472
299
1965
3784
270
766
3752
2423
4344
3337
3920
3681
1506
1522
4154
2694
231
3659
1354
4250
295
238
675
3508
1665
3320
3736
2357
2738
1269
3892
4328
2267
761
1503
42
4750
2461
2348
971
2064
3984
2036
554
4197
4537
2321
2505
3036
3813
1186
2478
4485
1817
3894
1868
1629
1750
3042
1409
3758
2079
2626
3704
2307
718
670
1243
4029
596
2157
2697
1383
1197
3135
258
1481
918
2616
335
3742
3993
3048
867
2656
1379
1000
2092
3150
1986
3527
4933
405
4615
4003
4746
1347
432
2496
1730
4671
4123
1439
1482
2025
1289
2056
4285
3839
4573
2382
2092
2504
359
4340
3975
2558
4432
1499
4080
3614
4861
663
830
2576
4506
2418
1525
1591
558
3998
1741
1556
623
294
4971
2824
4721
4229
718
2829
1141
452
2213
1586
4530
1371
2122
2914
860
4620
1376
4694
2700
4520
2332
4605
3529
612
2033
2826
877
717
4788
3300
4804
1064
3185
1578
2110
4436
2928
4961
2238
2699
4977
2734
1919
1281
397
312
2902
702
4522
1151
239
4492
2096
717
1433
2085
1693
1073
1780
1190
3872
90
4913
4175
3260
2493
3498
3732
3978
36
495
4318
3580
1226
1721
907
331
956
121
3401
3962
3377
3193
2539
1191
3216
1971
3255
4930
4071
152
4657
2262
2085
1622
4298
2197
2469
1346
3501
2786
1454
1762
2543
2927
4450
3763
2935
4101
3801
2313
1000
3551
3379
1212
36
3884
1478
1279
3351
774
2029
4812
3014
2788
4171
1100
2696
1085
3756
2794
4214
1005
1377
1819
1395
2488
603
3479
1996
856
1321
880
3990
1535
2404
4146
4902
3906
2346
1749
2676
3661
2250
4321
4029
4734
2172
150
1234
2337
1504
178
4647
3901
548
2275
3254
1372
1725
34
353
742
4021
4834
1313
3778
2808
4221
1299
385
3647
2613
215
1855
1608
1094
2812
3855
3531
1825
3948
3559
3690
2702
3575
4798
4133
3462
3001
310
388
4167
4614
1754
4123
684
3118
845
81
350
181
4513
4429
2138
457
421
2514
3409
4981
1486
3415
2553
843
4393
2367
341
650
4515
2491
1835
4848
412
4765
2662
1406
1251
2860
4558
3950
2482
4941
4405
3135
4360
2664
554
2290
3149
2067
3036
1525
3700
1064
922
401
3770
380
1961
315
4426
3477
612
3222
1500
4066
3129
3007
2645
614
4339
2321
4424
4005
4302
1563
3751
657
3806
3171
1802
3061
1246
2903
3577
2782
2991
2128
3555
4471
3616
3897
2770
2360
2284
3540
619
1458
2995
3645
572
2789
3324
3854
857
1148
1902
1138
2989
55
4270
2086
3082
750
76
3851
3060
2329
4617
1280
2067
1900
3103
4715
2008
3999
1042
2575
3827
149
1445
2117
1414
1169
1182
2308
3517
1511
3800
4287
2529
93
4505
2120
1644
3516
1204
2388
2009
3934
4235
3391
876
259
2191
921
3278
4427
237
4032
4922
2847
2481
2068
4744
4227
1994
2862
2183
3580
3640
409
4519
4294
2066
2656
273
2505
3670
719
2562
4877
2825
28
850
489
7
4298
1514
3338
1369
3281
2690
2539
1286
1062
4141
1730
632
651
4157
4866
3503
4830
1972
332
2573
1243
4957
2610
4131
4987
3029
4989
3349
3988
1453
3776
2775
975
1917
473
716
2675
4206
58
2308
2740
561
4204
4079
4897
3519
1877
372
4211
139
1708
1399
1040
3240
2383
4816
1972
4553
796
2214
435
1484
195
2911
3202
3345
2766
3506
2535
4114
3801
2051
4618
4245
3733
3723
3159
3092
3756
4432
4571
379
4589
1864
4998
4465
4260
4024
2777
3103
3429
3336
4740
2919
3354
1892
1418
1119
592
4151
1060
1031
4013
3775
4661
1518
2973
3482
894
1313
1542
4583
1513
1143
2467
679
1564
71
4226
49
3813
1710
2037
11
4283
2000
399
3470
1082
124
4485
2470
3181
457
982
3851
2572
1959
1928
822
439
3208
1015
2258
3468
1881
3400
3316
421
627
1038
2060
4748
3391
801
3775
4290
163
4413
3024
4426
1547
4414
464
2578
2751
3956
3892
1100
3562
1391
107
2445
99
1693
4704
4257
4022
4423
4353
4585
2683
4088
4213
3305
244
2646
3615
1328
60
816
1125
3555
417
1772
948
3137
1684
1842
827
4736
4872
4865
3209
2805
2709
109
1415
92
643
3108
1347
3243
2590
77
824
2129
2253
3119
624
120
3053
4976
169
406
53
1528
3110
1274
1191
1379
701
1200
758
4893
1321
2392
4554
2356
3094
1968
100
4486
1260
3664
738
3837
927
4454
1747
3448
4199
1085
4752
293
3954
612
313
1970
4037
125
4475
3906
4314
566
2160
1754
808
2920
1177
2131
3199
327
681
4785
1957
240
4128
260
1552
402
4176
258
688
4235
4460
3945
2862
1151
833
3454
3569
641
2355
2638
2721
386
978
3244
1285
1016
4300
1935
2380
1159
460
495
1390
3402
1536
76
3626
1014
2397
4017
4136
220
2864
4898
1876
3421
2198
335
4076
4006
1727
4547
33
392
597
2487
590
4309
4693
1228
1908
4537
4089
2993
4917
3794
3688
3886
2633
2863
1342
3692
2574
2146
1963
2485
4445
1928
2550
1899
86
698
4567
531
3625
1426
3166
3695
2712
3378
1988
4214
2982
4803
2468
655
647
1284
1839
600
193
2353
3358
99
971
2567
1614
1118
1838
3441
2908
2142
4137
4805
1670
3372
603
1476
4731
4734
1665
4136
606
3858
200
759
588
4847
817
2586
4781
1485
1534
4365
1695
4736
2296
1561
4069
4525
2842
2529
4799
2952
964
1989
3848
2271
657
3147
4433
1707
3275
2340
2036
4045
3061
4822
1253
3036
1343
2376
2764
2639
1650
2909
4291
867
101
3848
133
4950
4370
1366
1813
586
2291
1035
364
2239
712
104
4604
2950
3437
3586
2809
4651
1468
1888
3472
1400
674
2774
4716
2102
1604
3470
1683
570
4548
260
2343
2241
2286
3557
3192
452
114
1301
731
4663
745
1819
1127
2834
4768
4723
457
4490
865
4936
3827
464
3321
3996
4737
3537
3035
153
4028
2347
865
2435
771
2389
1536
4459
2636
2363
1385
3521
3992
4557
329
1473
1652
1116
2637
2020
4007
1330
1158
3279
1397
1094
4282
1800
1537
4786
4371
233
700
4434
1746
3798
1086
1345
2714
3766
373
1393
4119
2905
4963
2091
3066
4788
4099
2638
4651
619
2156
4283
4346
676
2079
4736
132
1135
2276
2131
1456
3584
2802
2203
2684
4902
1358
1113
2447
3834
954
4971
3112
4803
203
2724
4081
4332
4393
813
4622
4712
883
508
2217
3313
3396
3342
3959
4593
4196
1099
4350
765
1818
1422
779
975
1450
4071
4070
2074
1937
3658
916
2410
4011
4671
4251
3859
4357
282
2535
4737
852
632
3958
1712
1812
901
979
3525
964
985
3635
1454
2214
4842
3399
3212
1729
1470
3833
3024
720
4393
2559
2343
121
4384
3885
3104
4721
4477
1083
1197
2033
2836
2876
4017
2732
4005
2229
666
2035
3358
1447
466
1522
1157
2609
3443
4895
1693
81
666
51
4769
2536
919
2673
1745
295
327
238
1593
1249
4650
2091
3958
1325
683
1673
237
1259
3574
1034
1530
179
3040
2699
395
4856
518
1226
3626
4678
2363
4030
4637
2588
1716
1600
1149
2416
127
168
3556
4284
2345
2844
1208
1089
4607
3799
1798
3793
399
2865
2633
2306
1537
711
1140
4610
4465
145
1235
2328
94
750
4006
2048
2296
4093
4151
922
4849
683
22
892
3003
951
316
1158
32
2505
700
162
4832
340
1578
4827
3924
674
3405
1493
1608
98
840
1203
700
2154
251
261
1579
4237
4392
3798
4392
1976
1832
1598
4365
1265
731
2965
2573
272
3961
2877
2484
3561
3839
2524
1439
2136
471
1729
1463
2650
3073
118
1520
2543
1582
3178
634
4526
2560
2625
3675
2053
2160
240
4807
3491
2239
4405
4732
2530
4090
4710
3370
3613
4147
229
2829
4249
680
808
2057
4837
1907
647
257
4197
2555
229
3745
3086
4281
4138
1205
320
2752
670
4385
4139
1727
1469
219
791
225
296
817
2842
1530
803
4756
1626
2374
25
1239
2370
609
3440
1569
1301
34
2950
4678
437
3300
1565
4552
4035
2525
2397
3650
1686
3074
138
785
2142
585
4074
1496
1049
4878
3334
2165
4487
1833
4026
994
4813
3814
3872
3425
2269
4214
447
1976
2385
1360
4292
4761
1926
724
1705
149
4529
1198
1746
2429
1059
2740
3011
3894
3628
1378
3822
4852
457
241
463
775
1780
4524
357
2645
2020
2738
3517
2553
1383
4325
2920
591
1840
2779
3882
3366
2379
932
2473
945
1507
1618
3462
3314
2945
4354
1216
787
1725
2296
3405
4197
4466
3518
2000
566
626
2199
286
4523
4913
4294
2112
1311
680
205
451
4257
3583
2953
2925
2488
2916
1972
1981
2615
378
3673
3262
2539
645
1257
1821
3768
2333
2306
3089
180
312
2454
89
986
1315
3685
2744
2170
4789
2331
1931
2772
388
4914
4560
69
4677
3681
1343
1871
1921
1421
4318
455
1105
4702
3238
4787
830
887
896
4732
1614
1942
2778
3159
721
2832
2237
937
4267
1904
1462
1112
2091
3361
1198
844
4609
2891
4597
3453
2628
4124
3922
3497
1737
1354
3836
3052
2464
629
811
489
831
828
4148
463
3759
1448
2198
3040
545
1980
3820
3922
4386
2469
3958
1218
3198
1796
3246
4801
1364
2204
4948
232
112
2294
4193
4222
1701
2944
814
1823
3447
264
3782
4511
4592
2299
2898
694
56
2621
1316
3306
2257
2027
819
272
4915
2018
2920
103
602
4962
968
1095
3806
3508
3969
1946
2330
4290
2723
4585
2100
4838
3445
3053
893
2884
4022
4827
4530
122
3541
418
3247
2610
4534
4133
1237
4853
1571
4832
83
4274
151
2264
2282
676
3146
3624
3332
2973
4068
2665
1273
423
2480
2703
1024
2547
4440
2157
3300
2097
1270
2140
1668
3462
3017
4202
1243
567
61
4973
4043
1487
1162
2905
590
1411
3778
217
2348
2847
2452
4352
1127
738
1947
1633
2609
4396
3238
956
3649
134
2457
1184
1267
2034
2606
2365
2874
4652
3407
4545
1262
3459
2175
1516
4109
3220
431
3897
3592
1627
1243
3750
1232
2656
4974
2877
1782
2786
4256
4631
2211
393
3235
131
1686
126
392
3248
4849
3216
2466
651
908
150
3991
2443
1529
807
218
3921
4992
2386
2452
1012
4629
4399
2022
3528
1489
2992
3143
195
4428
2188
2435
3222
4351
4435
3663
691
1454
4434
4216
699
628
2506
3645
4633
442
3171
3565
1968
4789
556
1860
4814
4509
198
4085
1803
4893
2425
2049
1801
4086
1809
515
4055
995
4291
2306
1157
160
3187
2144
2184
1190
238
4994
4296
646
3997
2391
2518
1729
62
148
4788
4394
3271
323
4737
345
127
3936
349
3032
3383
309
4052
3503
3789
4673
2546
3315
1714
4278
3786
486
1372
2775
3977
4891
4372
201
4248
731
52
582
4788
1338
1607
300
731
4233
1928
2274
1924
1268
4815
1996
1895
3331
4519
237
1715
2771
172
346
3354
2950
3915
288
2495
523
3186
4668
2272
1016
4136
4737
870
4184
1784
1699
4696
1324
1580
4383
3871
2435
2569
2423
3506
3663
4329
1235
3343
230
2833
1376
2117
4130
1446
4741
1245
4439
819
3304
885
2463
2015
2103
3724
1318
142
3239
4776
4431
4518
4999
3518
1236
4375
2723
2588
4955
2069
3435
3916
1628
2068
3572
2802
3069
1639
1391
3082
1070
3450
3079
868
1927
1467
2672
3060
1962
4371
885
3644
1954
3209
3574
2659
4110
648
499
3624
281
3767
3918
2673
3855
4075
3787
3567
1818
4589
2798
476
2179
773
41
1801
944
4398
3349
1790
2266
954
3648
710
4930
1266
3876
4093
1388
1762
734
14
4759
3755
1240
794
4533
2754
1688
2510
1018
4340
3449
1203
2605
4596
1605
2427
224
4308
1336
1910
4568
3000
4682
47
1307
3731
4298
2541
2497
334
973
3706
4877
1488
4693
984
3206
311
576
3445
4018
4558
1184
3466
3281
4049
558
1265
665
302
4472
2277
1197
853
3488
4850
452
3169
4131
1850
3817
947
2660
3420
3832
2449
4983
4993
2004
806
2856
1007
1711
4177
3933
1101
4449
590
3523
4620
778
456
1269
4024
2744
4544
4656
4533
4980
4121
1034
3522
2385
313
171
4574
4273
3361
736
3740
935
4881
4406
394
1398
1671
2362
986
1606
2869
4551
4435
3712
4653
499
15
4367
2596
3552
2820
4285
2521
1289
4578
3524
1755
4623
3145
3208
2108
4250
3488
1105
4235
4586
4146
1176
1019
2716
1210
2343
3662
4416
543
4926
4676
2061
155
4463
3973
3281
704
1257
2633
4636
1690
752
2496
1559
1098
3175
4782
3523
3945
1296
298
4784
2871
2326
1678
631
1969
244
4768
4043
3329
3875
3983
4741
2615
2887
1081
4982
2228
1178
4612
825
2482
2067
875
2082
1794
2818
4227
392
2708
2137
2328
1886
1132
3807
3250
4288
4635
3814
3838
4604
511
1710
43
3393
947
4415
3094
1343
1228
527
362
4267
2787
1097
2078
605
3289
2231
1257
1739
3536
139
2875
3804
1794
4247
108
2087
4206
4514
1614
4497
1043
1596
464
540
2349
2858
725
57
4521
582
2490
572
2715
1314
1472
4405
1324
2234
2502
3873
4954
1494
87
1688
2151
2122
4356
341
1579
704
3479
4342
1109
3440
606
4679
3900
1456
4359
1524
3585
970
4415
3301
2227
4983
2728
4081
2495
4081
2137
3810
3048
1114
522
934
4216
467
236
355
861
3716
1820
4492
1257
4542
2254
1124
2547
2336
1268
2456
3312
3207
2292
1839
3145
1920
4787
3698
295
2111
132
3711
2168
987
739
4067
3272
814
321
3296
1517
3951
3095
1618
2043
3149
2948
2092
3521
3034
2232
1824
4919
3546
3925
1842
169
2445
1485
520
393
1808
1858
4305
726
1667
2802
4532
3096
4248
1802
3061
0
3626
2449
2357
4070
2737
1262
3899
3731
4699
947
1255
4480
2741
3231
3865
4647
4877
128
1736
1667
338
2658
3114
275
4750
2555
1613
2347
4689
2490
339
3999
10
2666
2383
2669
3572
2611
42
3837
3169
3603
1113
3716
2724
1152
2240
3212
4776
1301
931
3218
4358
2004
4952
933
3635
2506
4205
4994
4193
222
4519
4674
2200
3504
484
1623
114
2448
2133
1829
4163
4444
1663
3409
4710
2816
4724
4280
4316
476
2111
2676
635
1671
1904
599
621
1875
3532
5
3236
1616
2694
139
1174
3959
618
3652
3471
4678
842
3082
343
1338
2697
3587
4000
3879
1813
2436
2277
558
2188
2128
3075
2625
3422
3963
3376
3186
363
3058
2761
1876
1701
380
3267
972
3557
4131
2181
4273
287
3387
1241
3355
971
4237
2161
4323
2482
667
1095
1998
3380
3661
4544
2296
3930
1813
126
3504
190
3562
1953
4766
630
1890
1427
390
193
1067
4282
805
397
2271
4814
3247
4191
994
2860
1013
415
2090
4620
671
3335
998
1842
4109
3121
3727
2655
1966
1927
642
3955
3091
1736
1992
2998
4482
3820
858
3180
1961
4628
848
4331
4634
2792
2439
3098
646
2763
1933
2572
296
2614
3117
4650
1924
125
223
1582
4980
1070
4001
2948
525
3485
4938
1767
4978
2152
2577
4212
323
1181
4046
3902
2364
3604
3713
2486
2884
1932
4747
4153
3529
1659
4985
4607
2630
4625
4321
3291
743
25
4856
3711
389
4461
3500
2423
177
1923
3055
2512
159
94
1002
415
3109
3856
4639
3713
418
3301
4665
758
37
73
1485
1260
1845
1723
2603
2748
425
1696
4870
1704
1050
312
1473
2647
3433
2421
2344
3809
4429
1206
3420
899
4275
756
3857
2962
3070
4596
1737
4056
2223
2332
2090
237
638
2170
1366
198
4953
3686
800
2725
2953
4874
3107
1884
334
776
2502
769
1768
234
2637
1093
4874
3518
1296
3877
1220
4762
1066
4951
4231
755
1339
980
3268
3354
2325
3874
2879
714
3099
2596
1598
2821
1303
2792
2116
53
882
676
428
1981
1465
675
569
2032
3737
1177
4051
1903
2590
1024
3591
1340
943
1827
1380
1360
488
3716
4707
2530
389
1832
3606
2351
3416
1878
4743
3356
3490
445
1618
518
1890
383
4774
4971
2114
3076
3856
4238
3747
2145
2280
671
3414
4279
4010
2921
3383
835
1033
1608
4785
3575
3857
4026
1788
3627
2279
576
667
3601
4930
3699
2258
27
4905
2917
3804
1376
986
4377
855
4691
781
1564
4478
2023
1323
1064
1514
1278
778
2039
4823
4769
3414
1104
3851
3080
2534
3706
4531
2611
3849
3437
1945
3041
4976
335
262
1439
885
4579
3148
4198
1009
4723
920
2291
4300
4095
333
4311
3225
4113
1289
4769
1538
1167
4329
2365
3588
2816
1797
3109
4420
2071
1559
3214
3068
1281
559
3052
2858
2685
1418
591
4407
2499
2796
1300
2248
4731
900
296
2547
2350
549
4875
2059
3976
3402
4855
4957
1592
2758
1975
25
2418
3616
2318
890
3488
3782
2002
613
1454
3867
4616
2058
1618
840
2948
4253
1126
2082
4167
2277
3887
3966
3618
4793
632
920
2517
2478
4600
1676
1160
2835
4407
642
2177
3141
1313
2790
1364
4069
3371
1484
3996
1166
3565
1185
4611
992
585
4808
3290
4280
3367
2555
2445
2124
1898
2003
352
2533
1437
365
2597
3199
3515
4890
1351
1997
2929
1558
733
382
2121
243
3608
4287
687
3062
356
3630
4446
3028
2594
4760
4015
4085
1393
4499
2591
4924
3566
2784
2105
29
2966
4104
693
3573
4695
4095
2984
4330
4109
3542
4376
2601
4390
4772
3842
4123
1083
4168
2033
1372
606
2538
312
1942
3302
1201
2837
542
1964
1029
634
1027
4731
1904
459
4372
3619
1350
3196
899
347
1075
1388
1467
3959
2324
918
4231
1361
3311
13
2272
4519
4732
2222
1068
1450
820
3520
1854
2748
4349
4529
456
2931
367
3627
2202
2897
4578
325
2234
473
4826
1546
3836
1606
3510
4562
2835
1789
3025
430
1956
2491
895
765
2523
1502
258
3468
931
2703
816
148
1211
3298
5
2257
4316
3321
1243
4530
3760
912
918
3852
20
2881
4808
3194
2319
355
2305
2958
4821
2532
2482
1993
3203
3812
1794
4230
4312
3396
175
2647
4063
4713
732
2454
4230
3460
1752
3698
2702
1505
2740
3932
3256
309
1036
4918
3337
4168
4333
1431
1760
641
2371
1404
4573
2664
333
1586
917
633
2131
1313
1856
4787
4566
3368
1318
2394
4534
1563
2428
4588
2657
4083
1501
4899
1903
4344
735
413
3100
114
2268
2066
4929
4199
3128
1550
1148
1273
2272
2765
2730
3272
3693
67
3408
4563
4213
3629
1751
2335
4994
4188
2737
3444
2464
4981
534
3764
3567
1692
3874
2659
776
4244
1591
1275
3085
1919
4311
2561
2071
3138
186
2331
4750
1318
4333
4981
3069
141
4550
649
106
1039
191
3439
4045
783
2126
2521
2933
2099
4604
4492
3245
2250
83
1878
1677
402
1518
115
363
4307
2926
4142
4198
1474
725
4186
3895
3425
2100
200
233
1174
451
3845
4657
3623
2681
2526
1311
3946
2142
3240
4662
1837
2924
2708
3612
4944
1490
418
1091
3285
4784
4895
3702
2499
3098
321
1238
4798
2343
4828
483
863
997
4060
2411
3589
2167
4052
1362
3330
2087
4370
3464
3740
2138
4611
4775
1276
1660
723
3993
2373
2939
535
692
2394
2544
2201
3472
4396
4714
594
4242
2023
3210
518
1265
1130
1769
2807
4760
1828
2395
4847
2621
903
3422
2068
709
268
3772
3083
2155
4709
2051
941
2613
2020
740
3584
2778
2023
2475
1088
4056
3900
3738
58
4458
4994
3501
2297
3893
3538
1143
3034
403
1437
872
4320
4404
3256
1903
4262
801
4264
1564
2750
2291
2228
1749
253
3704
3062
2620
4178
352
2478
4071
4506
270
4293
520
571
2392
1112
4705
3243
980
3841
1950
1122
3906
1036
3842
3567
1616
3483
4749
4434
2706
171
2147
1188
890
61
2334
3787
61
149
1373
1042
2732
102
4454
104
3136
453
2089
2094
1135
199
4096
3830
2709
3869
3201
243
3970
780
3474
3304
1323
863
438
2739
438
2925
1460
2017
1735
4833
3344
4426
1116
2052
3233
120
3520
484
2656
3642
3493
13
1155
4418
2332
940
2234
7
3388
1788
2796
859
2287
544
4684
3517
3283
4504
1292
2975
2076
2301
3311
802
2412
2357
2226
3900
3052
4409
1021
2062
1436
2313
1150
4347
1181
2039
2760
694
2801
4948
4851
1349
2845
4280
4608
3075
4351
1115
1292
2531
3491
421
2205
2528
3739
4585
1818
4801
1650
213
1821
3486
969
1822
982
2858
3443
641
957
1409
3516
438
4637
2664
4278
4496
4035
4483
1280
2494
3508
4555
2557
606
4713
4702
1977
3791
4252
1269
2676
1330
4937
899
1870
1639
2763
2338
3306
2394
4247
886
3032
4786
3499
3633
687
1976
79
1710
360
1954
929
3864
4044
1821
4627
3554
3686
693
218
213
3084
1135
762
3002
4241
4838
1489
1922
500
823
4453
2856
830
2791
3950
2841
320
1190
4003
2729
3917
564
1970
129
3570
3833
4524
4727
2243
2042
540
1309
1004
1459
4066
2082
2649
2311
444
1239
554
1270
3175
1952
2039
4192
2701
1708
2704
932
4130
3108
3132
2786
1758
3067
1452
3714
2452
4270
3617
3063
638
2613
4762
1030
801
3299
2639
3336
2951
2438
3107
3499
2486
1276
3057
2433
3544
3307
2151
3855
1852
2235
4611
30
4573
990
41
983
1787
2698
269
2305
4703
526
1637
1860
2183
224
48
142
3941
2525
4854
3339
3744
681
931
2868
1578
2509
3220
804
4812
1783
1544
3771
1611
275
344
2001
1371
1520
1610
2497
2480
640
2483
3632
696
1940
3756
286
2474
190
507
1040
3459
308
1746
660
1304
4695
2591
1000
4661
383
2661
3031
307
3236
3777
1452
3113
3816
4277
4761
1370
336
4655
2714
1639
654
4466
439
4311
2278
3182
406
2588
3294
3709
3373
1097
4171
2100
1149
2616
4485
15
1958
2327
1443
4538
1144
2486
3582
2839
4141
571
1438
3327
36
3754
4722
4835
3113
1599
1479
2436
2382
3163
4899
695
2971
4931
469
259
4928
4230
898
1504
37
3798
1889
2928
1854
317
920
1111
3925
2525
3266
1524
3982
1823
553
996
3362
862
212
4899
1504
2213
692
1073
866
841
1122
408
4173
409
3979
199
1421
1283
4807
3973
1591
3522
1891
4856
3274
1680
4174
4301
1036
2952
1896
4465
956
2174
4619
4166
2609
4956
539
527
33
310
4496
3133
4618
714
3435
3123
3871
2183
4655
3875
3002
622
392
9
4449
4921
2544
4350
3063
3666
3415
1271
3483
2263
3557
1822
3982
3422
1676
2285
4049
2680
1624
637
67
1440
4898
2422
1164
1767
3898
19
1610
627
220
2260
3155
284
2357
4357
3734
4245
3426
4259
4763
236
4165
3585
884
276
1503
4534
443
728
3850
2768
1686
1674
156
4582
2460
4093
113
3741
3451
2675
3899
1258
2444
1564
4456
3466
4388
51
3429
2253
381
4175
219
1167
2259
3794
4135
929
607
4050
4608
4439
1251
3436
488
3504
1138
4304
3534
4962
3568
3081
523
4421
3971
2532
1682
706
580
4239
1018
4119
594
2463
966
1116
4924
2171
3641
540
4444
1487
2908
2514
2915
2244
3947
223
3634
993
1058
2872
1991
4137
3604
1744
4468
2450
2265
45
3122
3532
721
940
3495
42
2057
3295
1930
4133
959
383
2220
4543
2352
962
448
972
4175
3893
3507
4687
4440
2779
716
3496
4725
661
1298
555
4976
4103
4327
496
2893
246
3395
2398
1972
1986
3192
3696
3372
1212
3282
472
3790
693
4090
1175
505
3390
4958
2192
4545
1727
1661
4891
3241
331
596
3413
2462
4609
2075
3419
1795
4007
2999
2972
1916
4708
640
1749
77
3088
235
1641
3080
462
1939
4497
3735
1731
4428
3569
545
4526
4153
2005
4893
4913
2719
838
4888
4168
541
100
2276
395
2415
4848
2806
893
1549
962
4339
4579
525
3824
1569
682
2218
2016
1384
1060
3545
3279
2839
479
3663
736
3072
3712
638
2027
4728
420
1681
4470
366
1788
1015
3303
604
3350
4216
2576
4295
2079
1352
3139
4373
2909
3200
2430
1622
858
267
3472
2568
652
3332
1572
4894
4880
51
3055
35
2487
950
167
2119
2664
4445
227
3184
134
1002
2969
3768
1874
4562
4601
3747
1997
138
1682
4639
4211
3786
4678
3481
2617
2636
3070
1118
2216
3065
2969
3998
3122
2596
524
3443
406
1886
3060
1745
1927
2229
1615
2920
4753
3663
4003
178
3743
921
3182
4099
3246
4839
4145
1717
396
3350
226
4010
668
2628
2800
1628
4965
3565
3338
2572
3398
201
4536
4473
4689
493
548
984
268
1910
119
4771
161
4700
3292
4032
4729
4463
3965
2131
4949
4483
1359
693
1648
171
2862
1356
2875
2630
1382
4680
4594
3275
3359
81
325
1561
4809
4222
1036
319
2567
1388
3761
167
2968
3594
3248
4543
2968
4767
192
4736
1834
4063
2409
84
591
2692
1449
3216
4484
3346
2890
3894
4674
1818
1987
3416
3324
374
4018
2943
2332
1963
491
1964
4783
4363
1977
1685
4691
3969
2848
161
3823
2003
4781
1068
2973
4834
4162
1433
3540
4012
2499
2291
4497
692
662
4298
4403
4255
3336
1835
4421
231
255
4488
437
2620
1262
702
329
4148
3466
696
63
1816
834
1352
2393
2013
29
2013
2367
92
123
1202
3546
4700
2125
821
3489
3373
2246
1458
1020
2794
175
2446
2558
1651
2947
4503
568
4103
4254
4842
2867
4229
1638
3921
3415
4541
2598
3261
2961
4684
796
1248
4890
4602
4635
3743
3947
4257
2836
3907
997
1696
2242
1542
577
2276
2595
3267
4846
4804
3871
778
1647
3907
3036
2247
3918
2961
4915
4503
4733
4642
187
3353
1590
3011
40
403
4781
1795
1441
740
4684
1518
4222
1982
427
2955
4910
4063
4005
3969
4309
3928
158
1217
574
4753
2441
32
4015
2954
1844
1800
4226
741
977
1963
4412
3461
793
2468
561
2421
1543
2317
2859
4630
4812
1036
4127
2838
4633
2657
1677
568
3376
890
2992
4115
2670
2040
4856
102
2970
2003
2188
1026
4639
1957
1746
4669
3001
1533
708
993
1170
310
183
1971
1519
3404
2047
4258
2710
4099
3441
2834
3015
3952
4878
770
1560
1918
4189
3910
3533
3231
483
3830
1515
1844
2427
283
3138
1195
3600
181
2662
827
1282
3145
2716
4736
2124
1334
600
3331
3693
3789
1373
875
3526
4509
4123
1293
1687
1072
4682
1046
458
3576
3087
87
4524
2536
3907
4982
123
4426
1135
4858
1753
3986
4146
4106
277
3020
4201
610
762
4486
4025
2775
3217
1037
4905
1892
4004
4048
455
2410
4607
1570
403
4014
3165
2484
4906
1248
3276
164
2141
4584
379
3644
4655
3843
1812
2853
138
4078
2150
2069
2795
2141
1093
1704
3205
471
2325
2755
3999
2768
2891
4616
4508
3568
1692
81
939
1200
1936
3721
3421
3402
4355
277
4150
4455
4543
2812
2717
3578
4871
2457
3900
3346
1855
3860
1281
279
3329
2885
4800
4868
3542
3925
4534
4417
3012
2928
2406
2267
2073
4108
1259
1543
3984
4564
3469
2599
1879
3969
1728
3067
376
1866
3454
2079
3650
538
68
4780
3079
1358
3074
2362
2914
4840
2811
2520
4835
703
1690
4390
898
2857
2797
3279
2424
4333
3072
2848
3901
4985
1616
4556
609
730
4982
3900
1887
207
2979
1662
3734
3477
2391
3264
48
2293
4697
247
1369
4789
3669
4771
2882
2531
4556
3564
3563
3514
4475
2949
1476
2963
3783
1496
2288
1662
3478
2086
4594
1691
567
2871
96
569
1959
653
4469
1428
3181
4048
3607
3384
688
3816
18
2092
4799
4070
1677
2887
1208
4290
2285
1103
1063
4751
776
3502
3976
2173
549
4516
808
2689
839
4591
4475
3388
1832
3232
3
4684
1146
49
3701
4892
2174
2364
464
912
2813
3237
3914
170
4256
2730
1458
3408
248
2776
3116
3960
240
145
4243
650
2142
4012
3803
392
2317
1193
4637
1849
441
2737
995
4107
1558
1366
862
1819
2158
3083
526
1158
4681
1729
4304
2532
2390
4474
2866
2635
2341
891
2922
3698
4114
2542
1042
966
1901
4879
2899
2340
2311
2069
1588
4095
883
4666
1153
1348
4449
415
348
3491
2223
108
412
62
3891
2709
2745
1768
3826
4295
3475
2176
649
274
4053
4335
1248
2321
4271
1987
2901
2053
1742
2386
854
4551
1151
1587
4386
2730
3354
1207
4587
1020
128
2966
2561
3213
1200
4679
2241
3095
1223
4636
1416
545
2832
616
4456
1718
3727
2579
1906
4682
1468
3299
4241
13
2097
3344
3452
3536
795
4612
3623
18
82
2488
1846
4238
3331
3728
1518
4484
669
4038
4717
1178
3685
4302
338
3654
1110
1920
3010
3156
1277
4880
2636
4546
2703
2839
942
2940
1856
4560
3621
3507
1630
2194
1847
1290
1168
3661
932
878
4240
2022
2782
1530
1764
1548
3886
4434
2425
4646
2966
2213
1286
824
1160
1042
1984
4566
1391
2171
4326
1967
1743
2129
599
1858
2019
1054
3061
1238
3201
1758
3358
7
2511
360
4440
206
626
1793
2001
1980
1410
4041
841
3139
4127
585
1865
2786
1217
4291
4148
3322
2492
1131
1592
574
4892
2110
1489
3703
2825
1556
2210
3024
246
3585
1626
1278
1853
1480
857
974
3950
4220
4637
4983
1477
263
4985
3543
3319
536
4494
4527
769
319
1734
3783
3508
4831
4030
4969
591
4124
165
2627
197
938
1333
2935
2294
4459
1807
501
328
4020
3392
2144
1870
1610
1471
2642
4469
4885
209
4795
2268
1131
1086
2164
4509
511
1743
253
2696
2489
4626
1906
185
2773
4621
4824
4461
167
2843
709
4015
3652
2390
3142
3637
165
3472
3732
3378
1658
3946
4011
2616
4181
3782
3426
4274
2008
1770
4014
714
3439
4923
152
2337
4609
950
441
2224
2077
4115
2686
899
2430
3724
726
2468
4189
4321
4038
3482
3268
2054
2979
3213
2121
436
3217
1121
3491
723
4677
712
433
4086
4005
146
3625
3107
276
3708
2683
1926
2986
1561
3784
3743
1442
921
1326
892
2229
613
3847
3678
4454
2241
2405
3519
2813
2344
1761
2029
4493
4306
4916
2835
4740
1806
4812
3743
2522
4503
2089
2677
76
1226
1806
2557
2762
4344
2913
1644
3367
674
4080
324
3981
2620
375
3992
4457
1263
1074
1848
381
1241
4797
1869
789
812
1472
4279
2209
3589
3234
2498
1194
1944
4732
3387
746
3224
4696
93
449
415
201
4176
2624
4238
3083
4675
976
4143
2052
1447
4607
2891
581
2784
2336
2641
651
2303
1816
1841
3923
4109
2957
2441
175
1048
4432
2798
3766
4367
771
1069
3287
1412
2994
3680
599
1932
1350
1979
4841
3239
116
1216
2892
1196
252
629
1229
277
3496
998
137
2977
4580
1129
522
30
615
1050
1987
1497
4188
1622
4817
197
2077
2030
1553
4387
2994
3416
4281
768
812
2493
4704
1952
4206
1761
4791
602
2683
4397
3492
1610
2866
2960
1126
4126
1733
3047
3525
1992
2898
915
4458
3388
244
3391
4349
4214
1168
4521
2236
1624
3846
2706
1178
3122
1245
4636
4171
2499
3430
1716
277
1041
770
828
3620
4023
4645
1216
1231
2653
3922
807
2966
1240
77
4625
2414
2914
2087
1944
2926
4071
2168
2858
467
3011
3727
2415
1723
3554
4282
4155
272
4499
1072
3122
3535
3520
141
4563
3323
536
3173
4814
2853
3352
3409
4479
2991
2005
2601
2956
134
2348
2927
1101
63
1471
3669
1645
3919
3081
2114
1364
3595
4381
2237
2830
294
3333
4779
2301
2212
2357
2493
2524
3029
4053
1106
759
810
4937
4795
3765
1230
3054
686
892
2998
2484
1974
751
3021
882
744
2250
3661
160
1898
3670
14
2822
4494
2720
1273
226
4723
4441
610
2577
2934
166
3258
2734
1098
3120
1890
3448
2824
217
4879
3099
2541
2040
1385
1167
2885
2646
3991
664
4894
1654
57
2293
1336
316
695
335
3791
4228
551
2603
2389
4246
1344
3564
1575
1689
3396
2604
4100
4606
916
2193
923
994
3893
2837
4182
2319
1256
2489
4244
585
4539
4863
4314
3353
141
4112
4994
190
3329
201
262
4707
1414
969
3106
1320
1118
1252
696
90
3154
4128
1987
2882
3801
1787
102
1518
2918
1392
1661
3927
3394
754
3805
851
4913
3894
3074
3381
3237
3258
3915
4438
4338
72
1194
4420
2762
1444
2064
4725
4027
1683
3176
4946
76
2443
1341
4234
2880
1851
2021
2864
4039
2128
159
1012
3638
4143
299
4013
3355
3876
1807
670
2020
2454
1097
1198
2451
1694
4504
2855
1348
4072
4320
3121
4089
3825
3989
2034
1365
2955
4694
211
1461
4570
37
995
2316
409
3666
2979
408
4448
2811
3945
2463
2142
4173
1191
595
4315
2001
4652
4468
439
4577
3059
411
1460
2145
1745
3318
548
3154
2380
2997
2746
1641
3896
983
3898
3630
98
1306
2160
230
3492
4158
1940
209
2260
1600
610
3514
2325
1999
3072
414
4835
1421
546
3046
231
2128
3364
663
594
4173
2661
913
3514
4084
4451
3153
923
3553
3037
4656
3994
561
4806
2680
3413
993
1201
1037
3464
1580
3163
3571
4709
3110
1589
3018
2574
4514
192
243
151
1181
4385
2377
73
131
4270
4086
2502
3484
2164
1271
4144
3346
4046
955
2956
1978
2111
75
4184
2894
1163
1272
4284
4074
4266
3790
946
4511
311
3719
3111
3413
1128
2584
832
2208
2084
4614
1280
1211
563
4161
440
3688
4989
922
1271
541
419
578
2975
1828
3549
600
202
1018
490
366
2564
1552
4000
919
1097
441
3050
2488
3306
1628
3877
1901
2798
3200
158
3043
3332
509
1918
261
784
2946
1029
3710
1622
4941
115
1315
4527
1843
1496
228
3761
3638
1405
1853
1374
2109
511
2024
3130
3133
3188
4771
2755
870
3560
2756
2537
4340
4725
4209
4146
4327
105
4114
4960
350
929
992
1893
3221
2685
379
4665
159
4883
3034
363
855
3794
1263
4253
3324
1445
224
3066
3431
686
311
814
2094
3893
4933
1214
3968
619
1707
979
4950
3617
844
2209
2866
2963
2491
4745
4900
1771
2668
4223
2714
4958
3304
3594
3686
1639
4155
1503
2524
3138
1955
233
3923
1968
3753
3415
3352
3781
1107
3825
3219
4773
3651
4160
16
4646
2408
486
4174
3479
3837
1502
4244
3550
577
4598
78
4567
4426
3322
1056
1353
970
1296
2506
1020
2088
3992
341
1094
4967
4213
2278
1134
4907
2667
2322
1954
4902
1611
1290
969
2872
567
3188
4173
4068
242
1598
539
282
3172
4091
2844
1258
4564
4967
2746
2096
3505
1308
2366
3391
3608
51
3331
1188
4919
56
1111
4591
3617
1989
1440
481
2753
3261
1689
1607
3449
1118
860
1849
4956
4867
3647
441
4831
2350
4470
817
2791
4391
4422
1731
3386
1934
4582
230
4984
1656
814
3574
1780
2575
635
2857
235
2036
372
37
3487
1813
534
4010
1435
1532
4028
409
3796
3949
1742
4426
2545
2054
298
769
3863
592
4713
3283
3165
1473
2149
3369
4452
3649
551
302
4472
988
1310
2628
2429
4812
2775
992
2894
2716
3264
4627
2805
556
2385
183
1201
3224
2807
3759
3696
1313
3163
1624
4947
3183
4373
2416
4116
538
4056
677
909
1804
4457
3614
3971
3025
1058
995
3961
3828
2585
4368
2316
625
1859
3259
465
911
2800
2514
565
2343
1217
988
2607
1419
2564
4819
950
4959
4493
902
3986
275
4791
727
2720
1989
1811
3494
1075
1478
1781
4890
4331
1297
2797
1612
2850
4462
1055
4390
3537
1916
216
2493
1933
1972
2500
970
3539
1547
3035
3418
1549
1255
2017
2456
4556
1530
1451
1581
2283
4094
1862
1741
697
3547
3744
4884
438
2935
662
2569
47
833
1979
4469
2406
3174
1241
621
853
2049
1929
3954
1909
2862
2774
4548
856
2825
2946
3016
4885
3027
4106
2926
3292
3888
2672
1930
2542
911
2555
2454
4132
4574
3482
5
3715
543
2019
294
2876
3486
3308
289
2527
1779
2431
4376
1106
4968
1718
1252
1808
542
231
1649
2919
413
719
4160
2387
1013
1691
1677
2278
2484
2577
4506
3331
1863
1987
3725
3151
1288
4870
2935
3267
3976
4061
583
4882
3700
1217
3130
738
4685
2886
949
2945
957
1790
2798
3575
315
3284
823
1309
3906
69
3505
3042
706
3810
3244
1035
3432
2074
1885
1493
1980
4299
4173
802
2623
3018
1247
488
4284
2571
4592
4660
2072
3416
1494
2392
4194
4728
2346
2497
3397
4258
1676
4740
4235
275
3568
1052
1448
963
4705
2205
547
3473
1645
4436
1323
1263
4076
1486
3194
1116
2273
1009
1402
3872
1813
3008
1499
1866
662
346
2613
1414
2242
3242
3291
3393
4698
3294
4267
3924
1337
2087
3838
4883
3719
267
1990
693
4822
127
429
482
2594
3383
4844
3862
4668
3973
4999
19
4300
3832
2183
1812
857
3272
3264
4633
3258
171
3257
3639
1165
4928
3841
3105
2421
4308
3715
4132
3178
2282
3480
3307
580
4934
4170
1368
4719
4770
4293
658
4263
3019
3151
1489
2719
563
4418
1620
178
3703
4356
1030
4290
2094
3141
1725
2764
1113
1871
431
3251
2563
3276
4443
1221
2609
123
3374
790
1338
4813
1392
3742
4337
2801
333
804
2338
1803
1677
1747
3834
1720
4651
3265
2771
4655
1969
4010
3740
4323
915
4593
1524
3342
4707
3791
2854
4903
2929
3288
1594
3218
1538
365
3117
3626
3338
4886
2055
3611
1469
1005
3310
4445
4649
3408
482
1225
3908
1061
3208
157
2677
4556
1551
1649
967
2973
4794
4271
1945
4849
3426
2083
2980
2916
1141
550
1559
3897
4923
2009
1126
1490
468
2784
3352
254
2566
669
4145
4218
560
2835
4885
2785
4390
148
2015
1920
2001
247
3337
1824
4116
3178
4492
4545
285
1576
259
263
1611
3843
4411
3694
3372
4228
2229
3950
725
1198
2286
3883
796
287
4392
769
4820
2237
3523
544
4015
16
3365
2587
1984
4909
2988
459
4156
2827
2759
4136
4038
3807
3860
1656
2292
236
2148
516
1769
3914
4961
374
138
2579
300
3819
819
4728
4462
951
1935
193
1488
1812
4348
479
631
2177
3348
3218
2682
2548
3488
1847
891
2536
3313
4379
3112
411
2322
998
688
2417
3139
4881
3120
4561
4760
2306
3142
4352
2012
667
1433
3384
172
540
315
4288
1132
4779
3821
4378
1050
1948
3738
319
4628
1978
1239
3568
1260
3700
4210
4655
2980
3279
2938
1906
2409
418
3456
3157
3932
432
2189
3085
3128
2010
4322
4325
2307
2284
3142
3972
1084
1171
390
2410
3205
1637
361
3572
1591
4270
455
2420
760
1899
3277
4483
706
661
330
2533
3269
4404
4473
1933
4530
2776
4003
1204
1860
3194
1259
4625
4147
214
1124
435
3568
3583
4773
2585
1819
3687
2756
4716
3955
1424
4366
1742
2028
642
4347
3333
2733
1239
2197
1825
3266
4379
906
1320
1851
2879
336
2299
3284
1475
4536
674
4467
3273
2310
1293
908
1869
4335
928
3540
206
4195
3785
2356
2145
2164
1643
2431
21
4098
3247
295
1339
1149
4820
3335
4754
3748
4535
2246
4522
4881
4389
1119
3197
2525
4076
3699
2975
597
1227
4395
3983
4899
1482
3973
2895
1890
4884
919
4940
4489
69
2974
1384
2128
3506
4436
3670
3678
1674
527
2278
2738
3257
2461
2505
1513
3979
2980
3831
4758
1183
3729
1222
499
3682
2537
627
3007
1752
1257
2213
1410
31
1458
162
3168
3385
2573
2690
1554
4015
3392
4578
94
1165
1923
3873
2554
460
4364
1147
1124
1870
832
1607
2328
2399
4567
3095
1428
1507
2417
4673
644
3889
4822
3892
615
2124
3068
2542
2290
4422
1904
927
1125
2553
2450
39
4744
3843
1909
3169
209
2449
1394
16
3733
3372
3304
2115
4586
633
1948
4501
4028
973
3435
228
1822
90
995
3160
4291
1237
427
147
1301
4273
2070
574
2144
4878
1735
3722
1055
859
1790
1244
3895
316
2582
351
641
3921
4063
4034
646
1739
2320
2705
3253
2960
2456
1251
1051
3235
375
3928
245
3658
1273
2807
3179
3580
4851
1299
2360
39
1348
4716
3418
1520
173
1201
1776
3882
2676
3014
1369
173
4017
1408
210
3525
3958
2834
2676
332
4678
1448
617
3252
4127
3882
4478
4511
2877
2351
2217
2440
4668
2115
656
4039
3325
964
4852
2571
901
4935
2518
3711
4579
1387
921
2184
136
1582
4319
754
1976
1395
3708
4955
3360
1819
2129
4625
3101
1895
516
4741
2722
902
2425
3000
425
1734
2692
3500
2647
4231
133
727
2634
1333
2617
2923
3301
4393
4663
1415
3538
3690
2936
1402
3018
3312
1156
4958
2210
4964
4298
883
4818
2318
2090
1473
226
507
196
1461
472
3156
746
4363
1870
3821
1914
3871
939
402
3648
1067
4327
4368
1938
3550
3631
3774
362
1437
3950
3852
631
2498
4598
4103
2887
4613
222
15
3795
327
849
1329
4750
4630
2489
370
1753
830
2947
242
1770
4112
2442
1093
3498
2889
1005
3687
201
3103
2595
2678
3885
2132
3707
781
514
2482
206
4784
3769
4069
4645
1857
4461
432
4517
1539
1415
856
3877
634
3512
3060
2908
1613
3328
367
1019
4748
2869
1778
324
1799
4168
228
1775
1097
885
4324
234
4324
3850
902
2115
3525
4761
1771
4447
3449
4095
4483
4825
4074
29
4771
4675
4656
4307
937
38
1121
1085
1908
4880
4265
2935
151
9
71
1140
2886
1174
43
601
2430
267
3597
3084
3193
4081
4314
3645
4714
4021
1265
2354
4840
2955
4065
3065
554
4716
1692
1848
2053
690
2764
3672
701
259
3422
2100
1337
3714
4164
3258
2397
4229
132
1310
4791
1624
2059
4197
3481
2307
2050
314
1468
1760
2806
736
3127
2627
3609
2628
4098
2052
1827
478
2301
356
1029
4072
4829
783
3912
2456
3838
4681
26
268
810
2480
4751
2041
916
4970
1306
4569
2542
2104
1924
3257
2007
3325
1626
4451
246
2395
4187
2550
970
777
1194
1711
4875
3981
1030
1686
1489
4380
3129
57
2623
4228
2746
4871
3051
48
488
2356
1391
1586
421
3363
4584
3259
1629
1527
3792
489
476
4005
4988
4551
4281
1724
179
0
668
1178
2373
903
12
799
4838
3029
367
3478
1569
4125
2686
1006
252
943
2795
4217
1294
2799
4201
326
453
506
254
1424
2719
4811
1911
470
3672
169
4590
2367
180
4360
915
3486
3564
2943
1526
4879
1427
1975
3968
4793
1894
4204
480
1321
2353
2069
2771
3633
630
3096
4490
4886
2472
4481
2425
960
1301
495
4177
2322
788
3983
3550
2169
4722
3290
4060
1052
2742
1852
2898
863
1150
4210
2816
2901
3424
1279
3231
811
310
3675
287
1366
3956
4558
2442
2186
3931
980
2497
3737
901
2010
454
1450
2586
2515
4804
1729
3348
3198
1702
284
3844
2814
1258
3834
3961
596
4261
71
4037
1643
2769
2588
1538
1058
2168
3262
1505
176
1276
59
2137
4278
283
2538
3603
4277
1392
3213
914
1606
3379
2136
3061
1207
3016
1482
4305
1498
277
4764
3418
2860
3585
3051
870
2221
3077
2602
4597
862
4865
876
4925
3755
4106
1861
1570
2965
2767
1668
4870
4022
177
878
1906
2097
1604
2614
4296
4374
3811
4311
350
2114
4767
119
961
4297
2429
2276
4616
122
3730
486
915
4334
2235
1991
4242
708
4483
2840
3536
3423
2032
372
3156
3990
2382
3470
150
2149
3416
841
1584
550
1173
3064
4902
4399
4463
856
2176
924
4916
3412
194
1690
1947
3842
3196
4220
3156
245
2425
4425
4005
3174
3742
2003
2394
2163
3378
4040
3635
1500
280
3162
4064
1093
4001
4726
1585
3285
3515
4878
2665
2835
4369
2266
1535
471
2190
252
306
3406
3477
629
1034
3923
431
4966
1955
4997
3374
4103
4790
2354
3259
4841
3398
1215
1567
155
2601
4501
3695
3918
2334
3242
831
3116
2722
4880
685
784
2342
1155
2088
1864
2346
1017
749
897
2809
4656
4894
4840
2077
2383
493
1085
4734
4380
1689
1322
1589
4549
1077
3908
2815
4356
1628
255
1557
4569
42
2705
2576
2440
4983
3170
783
757
2619
2303
2133
3640
3080
4524
2970
4069
4983
1615
3589
1776
1836
4380
890
4729
743
4455
4863
79
921
1458
4805
4406
1506
4576
1884
1856
3517
2458
1744
2945
4828
1836
4643
412
903
462
4682
346
2613
3169
1016
3281
2060
4755
2704
1184
4145
2832
2446
1552
3090
2088
705
2733
18
1938
337
572
481
2332
2222
266
4533
2236
3922
3619
1755
2976
393
3580
3937
716
3849
1193
2154
463
4330
3157
454
2769
4430
4081
1866
570
2730
1959
3253
1818
4575
997
2747
1267
4287
4155
1920
3102
3832
4163
542
210
4914
4695
3724
4280
2840
2590
4735
2443
1186
209
1738
1526
1865
2669
3954
2747
1877
1214
3728
4763
871
2481
2299
4315
1696
4435
4668
4933
4381
1901
2830
596
3039
115
1878
161
485
2629
2467
2996
2184
4702
1018
1432
3052
859
940
48
471
2922
747
657
673
1296
4096
706
2416
4328
4491
4733
3632
3727
4216
4274
4886
3298
4293
1736
2394
2235
3201
3475
126
1727
4266
2971
1951
3613
3837
1236
752
2155
3591
2341
2673
4820
2044
1027
717
1394
3034
2549
1430
2137
3355
966
3523
412
1140
269
274
2162
3504
1549
333
2496
4780
3673
1772
3462
4002
273
1677
4667
2359
4749
2058
75
1691
4229
3738
2825
4456
2029
1625
2634
3991
4499
3555
1051
4766
3774
2134
110
2119
2082
3805
4234
4786
168
1608
4864
4537
1883
1495
534
3036
1460
4292
4411
503
3959
4984
2647
2105
2855
1317
1128
1866
1656
2580
983
173
3497
1686
3009
1620
3299
3224
3482
1430
1298
2110
1172
4310
4402
2700
94
3500
4870
3216
2003
1046
4866
820
3714
2679
3588
1318
365
2267
3512
1018
2627
481
1702
3581
65
151
2440
2005
4327
2396
4391
2470
427
3611
1849
4512
4897
1791
2942
1083
2943
1594
943
4548
722
1280
3785
2030
1470
780
700
4664
4101
74
563
4427
4940
2178
4937
3982
2672
3300
4924
1469
2318
1636
3753
2026
734
1844
2575
3645
4614
3771
3084
1635
1725
4642
2096
4039
3829
2309
3973
2076
4643
1346
3316
3878
2425
4158
2399
338
4154
514
3503
389
1415
1131
2161
3837
3833
3897
1004
3978
1634
1645
126
3322
4554
3244
953
1838
2716
4980
2731
4249
2348
3747
3315
740
601
2532
189
760
856
3164
1417
2106
2981
1453
3407
669
2958
3874
3765
3830
1436
605
3656
3078
3500
3521
4684
1771
4030
4213
2899
2182
1329
4543
723
2990
4283
4641
1361
1507
1355
4276
1554
1656
4378
251
4691
4615
1356
949
2564
4758
3103
4638
685
185
724
3592
1539
4696
1379
3143
3656
835
4361
2934
4400
4826
3613
2891
3247
2742
675
1618
3697
108
1907
868
3815
4733
2731
2373
1330
4538
1672
2202
2126
1915
1832
4509
4676
90
4543
487
695
804
4892
878
152
3773
4119
3597
2140
716
1241
1590
4716
2199
1638
2159
1995
1219
4068
1543
396
4301
422
687
79
653
1480
1406
2683
4636
1505
3267
3748
1605
66
1071
2792
4382
3001
428
2141
1446
1690
1501
1229
1701
1951
2054
143
4019
3528
4109
1255
1551
2372
2752
3841
3077
4580
4227
4031
4487
3994
1687
4763
2287
4390
1334
2794
9
890
713
821
1641
1699
2789
2385
307
757
4921
1473
2785
1416
303
4804
1725
157
1026
4435
4
2104
483
3127
2364
80
3805
2534
2690
998
536
3148
1636
4452
2354
3428
2298
2940
4866
3444
478
4389
239
4435
2252
3638
4374
2108
3327
150
303
3082
3065
3294
1433
4317
906
3405
4969
1344
1986
2604
2219
2965
2178
792
4596
2252
3990
2942
3657
910
211
1542
1690
3634
1351
4695
3831
1619
1720
4887
1283
1370
3929
1173
4697
703
3137
4208
3818
1959
239
2860
2098
3387
1528
466
2601
1775
2997
910
3637
2778
2589
2307
3760
3026
903
656
1633
3849
4723
4214
3643
4477
1185
3264
3081
3788
3703
1434
693
3500
1959
861
3034
858
1889
2133
2155
1278
2033
1114
3144
296
2808
4229
1200
2122
3623
91
3253
4930
690
4573
4743
4361
3010
3013
988
3361
4293
4764
3115
956
4338
1544
3953
35
3970
3956
566
2162
1481
2694
1446
1980
1868
120
434
3149
3674
3929
4385
490
91
408
2561
2235
1817
1739
752
2830
4270
4946
3101
2078
4438
709
366
4908
130
4235
3858
2804
4477
2325
3114
23
3380
4562
4777
2476
3456
4050
3139
419
3581
622
2613
2673
184
2699
1144
3398
4554
2900
1599
74
3086
3008
4895
3763
3828
1146
4496
863
4433
4698
2255
3223
197
4112
1705
1723
266
4618
2338
4150
3424
187
2328
2524
1493
2197
3041
2414
88
2163
4941
1529
4774
2330
2481
2785
3656
1138
2625
4323
3605
323
1715
2694
3322
4777
4708
1948
2204
2551
360
4733
4750
2070
3076
352
2249
269
1121
982
4145
2068
4923
987
3820
1304
2533
165
4449
2688
4603
393
2322
4013
4540
4344
1879
4910
396
2888
2048
223
2271
4256
980
4079
1246
1108
356
2792
2906
2899
3772
4592
3880
4024
2401
4168
1764
1692
4269
1764
999
1466
1614
1723
4632
1859
4600
2006
4137
1768
3463
4058
109
1250
2149
3284
1475
3749
252
2004
2632
3212
1778
4262
3450
3238
3577
4528
450
4362
707
3679
1782
346
1340
2936
1531
533
4929
3724
2199
3525
3912
833
1531
3848
1007
382
2901
69
1809
2622
4633
252
3415
2471
802
1254
2465
3039
3156
1332
645
4306
4606
2743
1161
2403
1349
2966
2181
335
1304
2759
593
265
1073
2057
4833
2970
62
524
3690
411
492
1843
4616
4837
3877
4433
4772
2023
21
4514
3490
177
877
4860
434
4797
1845
54
4892
4397
2273
1649
3535
817
4638
4192
4430
3643
1775
2476
1259
4460
4498
2900
1671
380
257
2559
4732
704
2299
2232
2718
1510
3431
2713
1051
1047
785
3302
3520
3351
3682
1484
4766
3038
1092
2959
3111
3563
485
4983
3746
1292
1681
4487
2453
1203
1375
144
3674
1627
4550
2219
2941
1635
2441
2768
4965
4730
4261
659
4115
2105
4279
1795
2217
4444
1993
1473
3840
3066
974
1324
4457
825
3158
2819
3039
1154
1332
1918
721
4986
1468
1515
3692
1667
936
1954
841
147
2408
3815
2257
3213
728
4669
2789
705
4915
1580
413
3038
408
1074
4872
4428
2710
3652
4772
3270
4304
1964
2921
3086
196
1698
3085
2882
3753
4819
2540
1052
3066
1217
1077
3833
3137
2283
4641
225
2969
1319
247
2178
3451
2954
3972
4226
3011
140
2941
938
3402
2595
1074
4385
2540
1871
947
1422
748
496
4236
4863
3624
703
3720
3863
3179
1364
4191
3823
4664
2844
1890
4935
4745
3899
640
1247
798
4390
476
2854
730
3555
3549
793
4474
1361
673
809
2975
3514
2327
884
2334
3749
4952
3115
348
1816
2478
2330
1262
3613
2255
4824
3995
4803
1208
1955
1232
3833
1834
3723
2050
3023
2640
4502
3426
3461
2577
3230
3
159
1844
2938
4891
3360
1724
3677
1573
3418
2688
2662
2185
3219
1073
3434
2277
2202
3380
3343
3156
431
4059
2939
4444
121
3047
2189
4002
4527
4553
4739
4385
3445
1333
2602
3697
4582
2818
684
2782
4124
4353
4513
2455
2808
3974
3582
4163
13
4730
1105
2718
1630
2995
3485
607
1775
4059
1134
2242
2996
906
4901
967
2533
3090
1428
444
802
1427
4652
58
4300
4583
2694
2418
4855
3420
2028
3709
4007
3363
880
61
851
4895
2349
4280
4865
90
392
232
2610
1454
1091
760
478
2045
2976
4907
548
339
2116
2090
3442
4243
3883
3896
4080
2465
1912
4899
410
2330
1186
3021
173
1529
1811
3290
839
4065
2456
2163
4900
2176
1392
117
3161
824
657
4654
3784
199
4347
1261
2280
313
1633
4496
2118
127
2870
383
2271
624
4677
3609
2786
4754
2247
4929
1796
179
3471
3827
1659
4917
3729
4106
4922
516
1463
3886
1312
4337
4183
3570
3290
1487
3464
2688
3878
3102
4514
2439
457
3414
3236
901
1165
4876
3155
2114
3719
3736
1498
4505
1862
3590
1832
3112
196
2691
515
1166
996
1975
677
3713
3764
2853
961
2570
4239
3269
439
285
3938
1329
1051
764
3589
4446
3282
1259
4086
3443
4958
291
3988
500
1686
4782
957
4748
4580
4382
4162
4602
1950
4366
1035
3993
1113
4048
4194
868
2662
4515
1845
2350
4603
4187
3968
2794
551
3881
4639
770
1303
2740
2580
1427
2774
3712
2815
1742
2580
899
1799
389
3427
587
1273
70
3356
2375
292
3248
1110
3157
3760
3823
3333
814
3054
1467
919
3428
864
2758
1605
1522
1495
792
1453
1806
4331
2880
4642
4525
2665
4630
743
2620
1386
2019
3657
504
3095
3417
4930
1659
2872
37
2591
2140
2117
846
2960
2441
3635
2415
612
4116
4688
3987
3313
1949
4562
4944
2919
1546
2758
137
935
1617
3662
4742
434
2615
1830
1849
1571
186
63
3239
1153
3211
1221
4794
925
837
4407
2164
3015
1720
2387
3918
3052
3420
804
3974
3967
3994
537
73
2978
696
447
1315
327
2197
401
211
4572
544
933
4339
4463
3453
3183
505
2722
4399
4495
944
2660
1429
3166
4976
3245
2051
2572
3307
3878
477
4240
3081
3620
1999
4699
4621
456
3083
3471
4536
1610
2881
3631
4246
498
3886
4583
156
3850
1386
4838
3067
25
3005
258
1390
4996
1757
2091
3305
4009
1199
823
3369
4147
3854
2209
2624
4036
1268
2333
2897
1620
573
4759
2471
2540
4334
2547
1390
4629
3413
4820
831
1938
221
2976
4224
4138
2878
1864
2312
4692
1739
893
2368
4816
4006
3286
2267
2590
3143
3688
4415
2823
862
1603
4809
1315
1189
4157
4847
1252
3862
3400
186
4407
3161
2089
3883
3256
3173
4979
829
2540
3877
3736
3676
1601
3795
2344
4396
2185
475
4948
2444
4848
2760
3867
1782
50
4109
2684
1957
1862
4085
1632
1880
4495
1199
4412
3886
3537
3224
3073
4477
4949
4077
3008
1467
4311
2095
2683
624
4276
4674
3196
938
14
3680
1887
272
2418
443
2331
4985
2956
1807
4172
491
1325
3272
3191
2036
4671
2727
173
2690
1958
4969
4749
2955
4269
2127
4456
4429
2022
3863
517
1115
1688
4823
433
425
1909
3985
4816
4921
1381
2822
4640
4487
3919
2852
811
1302
3714
2165
4062
404
3261
2959
3595
410
1950
591
2200
3115
1635
4982
2506
2202
2154
2817
836
1616
3006
3036
354
2207
286
3890
3516
4619
2532
1203
1506
1145
2904
1334
2393
1818
2145
3578
424
3541
4898
3607
1277
365
2020
2732
1113
53
1378
1849
3762
679
1625
4909
3342
4443
1011
2485
4170
2883
2066
3869
274
3356
3406
4978
1660
430
2753
4226
1605
4448
2103
275
653
2316
343
1652
2612
2545
353
2322
4759
687
2222
2646
3227
3730
3624
1643
4644
3463
697
2578
2275
690
1607
2919
3874
320
2390
2751
28
1492
4683
3219
4217
1381
4377
1228
3622
1705
1453
4591
644
2417
871
2874
3127
2369
2948
4012
2381
4318
3703
1232
2222
3572
3279
3855
1498
2272
1979
44
3168
3172
4113
3428
4606
3808
1053
2028
2854
886
125
1017
2767
540
4181
896
1933
3595
4057
1357
4187
4382
4238
2597
1165
3143
2013
1284
2574
1164
4728
1867
849
4912
3097
608
1942
2378
3137
1172
1028
291
2120
2937
192
2398
2752
4067
124
2012
2809
3497
851
2379
231
2160
2728
2009
950
3301
3395
4190
4829
1967
1140
3739
3923
319
3477
2044
1915
2483
1022
4518
745
259
6
4980
1357
4769
3039
1847
1831
1640
2989
1338
3461
2304
1278
3939
3041
1100
1367
1442
1961
1966
2938
3394
420
459
687
4767
3850
1731
2107
1074
89
4765
4477
1910
2928
613
4498
1044
3221
1930
2103
116
569
3583
2915
4095
977
2521
470
4245
3159
2776
1718
2843
4381
1167
2345
3670
977
3167
4501
3884
2315
1781
2186
1590
874
1039
4130
4261
2743
2754
1522
682
3
1510
653
2241
4561
2871
4904
3602
3239
293
2921
3867
1293
2718
4959
3591
1498
909
2630
2721
590
249
2156
3613
4984
550
1352
756
2161
3817
1648
3986
3893
2859
1497
2922
1355
4088
3896
315
3384
3855
4854
1237
3118
22
3490
2801
2856
1953
1121
2849
1170
2194
387
624
3903
2349
4531
1983
1206
2137
1282
2385
4102
1715
4365
3684
2764
4528
760
3975
2892
2259
2593
4110
419
2900
2442
2226
2400
3478
3024
710
484
3694
1778
3758
3412
1784
4881
1139
983
4731
1440
2733
1324
1573
4139
4718
2253
2084
3093
2609
1994
2720
3297
1647
647
3648
1874
966
69
3706
4626
4461
1751
2863
2801
3200
2778
566
672
3688
1343
87
954
2271
2005
2038
739
1210
404
4333
4840
3353
1592
1889
4684
4549
3967
2490
1082
1096
4583
2032
4143
4201
1150
3397
2395
446
1215
2058
4613
2004
2333
653
1675
4172
3561
3147
843
4240
4283
654
2703
2695
2182
4726
3003
3683
3609
3001
770
2091
2980
179
155
3991
2943
4161
3767
1360
425
895
1689
216
1882
2671
244
1307
2396
2719
3829
4149
713
3368
3421
2100
2033
4211
1934
2401
4555
3973
3257
2919
3792
915
2578
225
474
3014
3830
4525
2501
4735
1399
3494
2764
2466
3189
2048
2479
4049
1494
3968
602
1748
3510
1128
3936
3620
3407
3109
2021
1513
3363
2606
385
1192
4276
4633
1905
4384
332
1965
3006
464
2165
1921
2394
3684
2151
1175
3035
1911
4730
3828
4371
3371
1637
1434
1123
4989
3982
3764
1490
2221
3749
2207
4761
4059
129
3967
2861
2810
1989
3889
1511
1579
3729
3521
2927
4465
1131
4876
2763
1034
1970
870
4404
4881
1798
4191
1067
3455
1857
4455
2883
2499
1539
1737
4092
313
2799
1511
2056
3263
331
3840
1981
2327
4429
436
4353
3492
1360
2802
2428
2596
4408
3826
1100
561
4115
825
2785
1208
4043
1167
1926
4085
1379
1462
4089
3487
2622
4228
4888
1043
2220
4047
3857
3178
1599
3047
3587
4779
1666
3847
2060
914
3951
3891
4779
3262
982
1348
2040
2573
1386
4849
4129
133
2382
2494
2342
460
1129
3144
3448
2230
2644
4582
2207
3028
4720
814
249
3549
294
4676
1358
1653
2810
3590
135
2176
4684
374
28
2252
611
3004
3625
2845
4680
4079
3068
3702
1081
3214
1352
4605
2576
2992
1962
4391
3596
2904
4969
286
4934
4622
4045
4523
4423
931
2459
1521
3383
2479
1796
836
4061
1084
887
493
1285
1922
2007
560
3400
359
2777
1232
2776
2414
2593
2320
3733
162
1107
3135
3904
4612
3022
2895
1657
3722
3507
2686
1846
1656
4897
2605
3537
3575
279
4567
3956
4019
2649
4470
4624
3795
4767
3773
1798
123
1859
917
3751
2677
4657
1274
1038
3789
246
3108
767
118
1064
2038
2645
303
1
537
4991
2252
140
3762
1840
530
2573
4900
1336
1348
4901
769
2501
4978
1436
867
2060
2033
332
1578
5
504
2208
1980
4507
1082
3615
132
898
4595
1522
4572
1152
2120
1346
2219
4761
4204
1792
4132
4372
2262
2228
264
1218
4480
2097
2927
472
2808
3267
4034
2304
318
2542
926
3184
4167
195
2741
1328
1086
1393
4321
2290
684
2319
1139
3287
1256
1716
732
3368
4007
735
842
8
102
3212
3655
3320
2926
3903
3647
1515
2324
701
1593
1413
3992
3496
1993
2468
2715
4442
4561
4252
1137
3974
910
2805
3723
4091
1254
4535
1646
1085
2232
4706
1294
2167
44
3189
3541
3205
4358
3788
599
601
3405
4397
4412
1797
4181
3056
2203
1328
2714
3135
337
539
4247
2312
637
1360
3152
285
2533
1624
1153
885
2810
3651
2113
1012
2807
182
3820
1793
1543
980
3659
309
4187
2254
240
2968
1884
2558
3119
1252
1825
1408
670
4998
4762
1954
4037
3046
2486
4067
3482
4263
3865
3487
880
2851
3051
402
4929
3089
603
2423
4232
3759
779
4206
745
4713
2500
4042
418
2557
2000
4318
3497
156
2560
2472
1010
3099
3276
868
3103
2604
3044
2205
734
4236
2090
105
235
214
4209
1704
3775
3065
1487
2295
4055
4247
1099
181
4986
3779
137
4617
2695
2855
3016
1912
4249
4205
846
4869
2447
2549
1033
2734
4526
3087
2070
2046
2461
3532
492
2196
293
428
925
3928
4495
1711
1785
480
179
262
3570
4574
3017
2687
2571
2030
916
2712
417
4388
314
4633
371
4520
619
210
3044
4345
3872
2600
3375
533
6
2466
689
2257
942
121
308
43
677
3160
2681
4606
1543
1024
142
283
3836
4948
2875
524
4728
1043
4516
1783
2631
3777
1281
1369
1895
472
3992
604
806
4806
16
2134
2827
4084
2303
829
2469
947
1166
4144
4319
2227
4634
3977
2720
3496
836
1120
1810
288
1350
3229
4175
1480
2123
4840
2767
1475
4044
4330
654
3386
4428
855
3369
2418
459
4500
2061
557
394
81
1225
1267
978
2685
45
82
994
2270
4042
2174
3852
371
75
1899
333
2463
466
2565
3380
831
3890
4192
1769
2831
1588
3857
1637
1928
113
4660
1523
2098
1139
1149
3288
2884
1858
2469
2179
3841
3770
876
1545
4355
237
1705
3912
3597
2346
844
3861
2648
4797
1521
754
1733
1515
3563
2790
3473
1337
3463
355
2246
1931
4115
2681
3290
925
494
3795
170
4158
1761
3086
1350
4206
4274
243
4736
3593
1173
948
2912
4670
1829
448
2216
2083
3637
4793
2631
1703
4354
230
1700
4605
4101
1368
851
597
4295
4424
4978
75
1627
4488
283
3114
2570
984
4002
337
4949
31
3027
1353
2476
640
3257
4065
1073
1126
4881
4939
1629
3350
919
4451
2213
2465
232
2250
4624
2012
1586
4749
3942
1780
3886
3975
1477
378
4751
4435
4861
3345
3457
3065
1516
3583
87
3576
2442
1220
1584
360
1263
4117
2268
275
2274
212
34
1721
221
3957
3066
3304
2231
3183
1151
4421
3659
2942
4776
1509
2928
3615
3171
1826
205
4174
2796
4385
4959
2781
2130
1040
1276
656
3909
3019
1104
2229
3178
3628
256
1076
2509
1112
3464
3668
4559
1341
2667
4992
1798
1888
1225
4190
3846
478
3737
3956
724
390
4383
984
3934
4155
3114
2707
1460
2016
1192
2356
2458
2063
3374
2111
184
3345
4026
2619
4597
3155
3439
2468
3460
3396
2692
46
957
3519
913
2750
1512
3248
1329
3355
603
3792
1998
2532
1506
3614
341
267
2651
665
4175
4615
2772
3549
2968
576
2941
1415
3934
1128
4128
2759
417
4968
1413
3763
2143
1933
1365
371
4677
4457
2118
4022
4017
46
3660
1038
741
4514
4757
1855
2373
4059
2879
1239
4260
4142
1077
2656
1021
872
1653
3375
1721
3025
3474
3023
2166
4176
3073
3185
181
4809
741
65
25
3413
798
1108
2070
1875
3737
2034
4487
2912
580
571
4467
2378
3468
2185
2621
2506
4458
1951
4056
2478
3595
327
1687
507
1621
705
4364
2646
1225
2815
395
4842
288
3697
185
3166
3041
1849
1648
3526
481
4634
598
837
1479
1953
3702
623
3797
4708
467
1817
2404
4702
1513
2900
3070
315
664
1963
4045
2078
340
3428
1019
1031
588
439
4212
2671
3111
4811
1534
2877
4898
1759
575
342
617
3278
2821
52
2588
4944
2295
3891
4841
672
4267
3209
1745
477
1078
2304
868
204
485
707
4165
3751
78
2783
1230
362
731
170
345
1244
2434
2935
1040
3197
3527
2700
161
287
911
2901
2555
2240
2523
4360
3096
4450
2905
3377
2289
807
3871
1829
3572
4510
4859
1311
3417
3428
3131
895
2651
342
2674
4243
4536
419
1240
3945
1279
1611
1919
1104
1541
1678
4281
2584
4842
926
1982
1436
3648
3590
2839
3707
2977
605
3129
76
3056
211
4067
2953
4129
3951
83
3676
4474
2326
872
2544
2204
3591
2114
1472
1415
505
2481
4058
1892
4536
2677
2834
2194
2818
3009
2873
4131
3175
652
1444
1927
850
2492
4993
954
2723
1680
556
627
1471
3040
2766
4761
3069
4044
3375
3044
1806
1249
1333
1192
2165
458
4868
4510
4818
3382
4023
489
2738
3374
1866
4192
2194
4299
2873
1359
932
3327
1943
3158
846
509
2191
299
2323
260
2892
628
4565
2732
1435
589
3651
2377
2660
4066
3054
3681
4241
3649
1863
426
3138
215
1163
4858
723
3547
51
2983
3569
2065
853
364
3370
2529
486
4321
3365
4762
261
1375
1802
1037
4410
4075
2499
1413
520
1624
247
584
1076
674
2977
4076
968
2136
3600
2060
250
4060
2717
4520
2525
4483
3734
3735
3922
769
3974
3819
2915
4001
1852
3403
313
2599
1630
3017
1601
439
3199
3831
3481
4263
3674
3178
3483
243
958
684
2448
4345
3993
2755
4253
3800
3759
2865
1227
3821
1364
4614
3367
506
1654
3125
3600
1557
221
4727
2374
950
4331
93
2265
4683
1494
1586
2754
1401
3038
2232
1331
2958
2359
4824
4428
4625
4603
3260
900
12
4345
103
4082
983
765
4426
3602
4407
3260
2776
3096
1122
4758
3879
2110
3758
4024
2475
561
2389
2813
1274
169
3628
930
2405
4075
2939
1352
3421
2822
1280
3170
4726
4396
170
3941
2707
4993
3739
735
4613
4665
744
3028
4366
4362
2989
4403
2022
2092
4192
4457
4057
834
565
3165
2904
4215
3328
2172
4904
4266
3519
2031
1160
278
4341
1174
1622
4425
1015
4382
2069
3887
3463
1155
4048
587
306
3373
4499
29
4775
328
828
3549
2211
4655
2385
4857
3853
1599
1801
3632
200
4424
3175
4031
4806
1007
2451
4502
3167
1428
763
1117
7
4029
267
343
40
3843
3196
3757
4348
1770
548
4564
2897
1067
850
1292
1746
124
1848
516
4613
4801
1541
4108
3608
1401
136
1189
3483
4800
1388
103
2234
4370
4938
3392
1928
1338
2322
127
2482
1380
4541
3985
1404
1960
2554
4645
3949
2907
4083
1374
4004
3520
1080
2850
2116
4803
80
3475
4962
1827
3255
967
1889
4105
1491
4320
1720
1801
4073
4025
4516
3972
57
3833
4845
4940
3799
1649
4111
2104
2621
2929
4543
2966
4366
2073
130
670
3754
4564
3450
176
3581
4306
3717
1858
2357
2693
1999
1270
1446
4768
2673
2176
4148
3190
717
1294
4113
29
2131
2593
3391
3008
4047
3287
1527
1573
3390
4125
3664
1389
1268
4845
1944
1212
3936
1301
2740
177
1597
1449
281
4731
3763
2645
1145
3568
2072
1279
751
3571
4875
3836
2147
1456
3550
3889
941
657
2834
3830
2967
3417
3809
4049
241
17
573
3596
615
2414
1391
1509
972
1238
1114
2424
1846
2565
2492
659
3090
3694
852
424
188
4624
3121
837
580
328
4990
502
246
120
3815
458
2694
2976
3498
3392
4143
1086
3226
22
212
2047
1820
4288
1198
255
403
751
1213
2330
3880
2032
2450
2025
461
1107
1609
3999
2699
4472
1715
105
4120
2765
909
4103
3469
2015
3340
2414
2075
965
666
3621
2345
1590
4914
4139
4070
878
200
3929
1287
4974
3417
370
1310
3629
356
215
3162
2220
2326
3763
1121
1014
1750
1486
469
3555
4386
1982
3661
4150
1974
528
396
2336
1733
3779
3333
4575
2293
2332
1407
1652
297
713
2140
4993
2385
1805
90
2883
3263
4498
682
3632
4011
3782
1911
710
2641
2777
2776
3021
2787
2046
1318
2875
3526
1398
4180
2952
4146
1059
4422
1648
3613
2840
1156
2247
974
3701
4674
2588
4162
3095
874
4361
4653
3516
2751
161
4120
3131
3816
1306
2811
1636
4752
2132
4547
2568
1002
3824
3176
487
2736
3528
19
4617
2286
4855
3062
3699
2583
1104
4778
4051
3500
2952
2295
943
3630
2502
4212
1063
3049
2954
491
1812
3000
4425
3710
164
216
1504
183
874
315
2987
4965
2437
583
2174
4632
4843
1931
2169
3878
3198
1249
3244
3488
594
3048
2529
4980
1138
1722
2090
1858
3835
2602
947
3371
4686
1185
4390
4242
1845
3444
4410
4533
1257
977
742
1167
3662
3984
3604
4050
1430
4563
4575
1076
1195
1219
4827
4568
1453
1627
3799
3420
2465
2065
2796
4417
578
4349
399
4363
2837
699
2933
3137
1956
2054
2029
4867
1984
2531
3955
1531
2538
3902
1407
3275
2217
4602
1394
4859
2103
93
3324
699
271
1568
3459
189
1527
3515
4537
2614
2839
401
1170
4781
4168
4079
2862
2026
1614
2587
4747
2069
4714
4991
1953
502
1987
2463
4810
3693
1097
4639
1778
3397
1393
4686
1853
347
1248
4878
2598
973
1654
4046
3226
3068
4388
1857
630
2851
3097
1363
397
2110
3157
4399
790
1481
1532
85
406
2335
1974
3779
4979
2958
869
1962
3753
2300
3488
1874
4124
4830
1185
3245
4706
1403
1362
4101
3617
811
2833
2987
2583
3438
3408
4462
1953
3055
2988
3260
4020
3534
2468
4936
4843
2569
1087
3598
1093
2397
1350
3966
4129
1297
1136
1984
3219
1798
1143
2254
2882
3902
333
1843
4356
3714
1100
2449
2541
1242
2870
114
3968
2975
3570
1165
2617
4183
0
4418
4676
1663
216
3102
2257
3768
3328
135
4421
4147
4585
85
2761
4220
1898
1390
1917
2602
778
4733
213
4082
1471
112
4982
3428
4389
3585
3421
3240
499
4039
2153
4012
3155
3553
4064
2046
1922
2430
3582
1412
4581
59
2782
1266
1335
586
681
4638
682
152
2594
3465
4713
2608
627
4165
3303
290
4292
3695
546
1365
4281
4622
4094
2135
1992
4343
638
2029
264
2050
2132
4245
1012
143
307
1738
1269
4988
2732
4555
3047
881
4991
552
4305
2195
2108
326
1676
3028
3136
2422
729
2402
4450
351
409
3004
4967
4762
4569
4126
1162
2738
4286
1150
3697
3000
965
3509
3586
1310
1288
4040
3374
1999
1844
1796
2451
1616
1129
3099
1243
1802
430
869
1204
1209
2292
821
4666
118
1440
2445
2519
579
806
344
1457
1370
3346
3769
1992
4595
2707
2233
3915
4550
1683
3615
1338
1060
4734
3717
3358
2320
3742
4732
3308
3970
1014
48
1838
1510
577
3345
2173
2501
3957
222
3675
1414
1633
280
2725
999
4035
9
2924
3075
3030
4541
2021
1984
3940
4122
3330
2941
1369
4268
1478
1858
559
4047
1722
1511
4721
2784
1345
1655
2125
3466
3687
1661
1943
3875
3472
3612
2369
3022
2913
3161
803
1120
3251
393
2513
2500
3262
2040
903
208
4352
3207
1189
2386
2235
1303
1928
4564
3765
3339
2595
4770
4579
950
3490
1418
3238
3045
4408
1150
3445
2871
3316
2536
3839
124
4537
3717
1219
3473
1016
3914
2402
439
2351
161
2817
2917
37
2665
2180
3802
997
332
4055
4374
404
2815
1733
2324
1733
3022
4856
3368
1317
4308
1451
1502
1645
2997
1381
191
4712
3048
3219
1298
1649
176
2080
3705
4543
1335
3634
4659
2350
1510
3807
1568
1033
4200
4583
1396
84
550
1939
4770
783
4145
2319
368
3793
1377
796
1189
1568
2915
151
617
3606
1102
4499
3062
2309
2574
3149
1233
2573
4709
3714
2540
2350
3890
1576
3446
1953
3679
613
1807
4628
1994
4208
193
2863
1174
2629
1969
4854
4611
1519
3411
667
4117
2917
79
2022
2090
2012
3858
2380
2858
1817
2672
2848
2345
4661
4134
2832
3149
1592
4737
4818
1102
3709
3999
4270
4151
1303
372
1366
454
3326
1734
2857
3212
364
2581
2902
910
4839
2064
988
3840
4545
475
2777
4608
3551
4196
4760
1244
879
381
2203
3560
4256
3521
3908
1623
3325
343
3555
2480
506
3385
392
750
410
2859
1425
3452
4418
764
1420
3064
2295
2049
2285
635
3761
4879
1838
826
115
4436
3114
3063
283
1776
4664
3256
1714
3447
231
4777
4179
2603
549
325
4375
4286
2783
3866
4819
1632
952
1682
1437
4933
4360
1948
4470
1609
4790
2341
3612
2520
3609
2370
2553
359
70
2642
3171
1960
1670
1850
2944
1955
1513
4981
4286
2211
1748
503
2433
960
3075
4770
3832
251
1029
213
167
1751
1371
1999
1431
417
4063
1929
442
2012
1941
156
3046
1803
1251
1275
2263
230
4072
1484
3532
190
2133
2581
665
330
495
3157
3097
1983
4590
1056
3465
3768
3495
2485
2294
4028
2678
2796
673
1724
1440
1561
4381
2925
2438
186
3057
2546
862
3296
2132
1512
2956
2688
4743
39
3565
3916
139
4646
2987
3367
1669
2033
1843
1064
2192
4065
3942
4953
1991
3517
3500
3834
3975
4661
3571
4516
1860
3966
688
4890
4930
1563
3063
1318
3535
4727
4010
1102
3698
4234
2686
4024
4374
2383
2218
3687
3339
299
1339
465
4062
1043
1287
2439
4815
2
1826
3929
4
1212
470
2435
1018
746
4121
1332
1089
1446
418
305
3348
4910
4830
521
647
3269
615
50
2559
1807
1075
1315
1612
2817
3913
472
2824
3317
3067
3522
3185
1096
848
227
783
2252
2997
127
1510
3022
1799
2329
903
4198
4185
2370
3745
2900
4275
3881
4798
3047
2282
709
3170
1795
2100
2991
4547
4663
4502
1074
2674
4947
1224
2419
975
1795
2543
4012
1191
3305
1851
3792
2707
4039
1834
4092
4629
2606
2206
3218
1059
3006
4879
3159
4146
3204
1041
1485
2215
626
1500
4926
2960
1267
4725
4387
4713
2810
3416
4920
3366
4969
3622
3038
3270
2776
3891
3545
1340
3755
2534
1304
533
1503
1937
1692
137
4869
3061
201
2842
480
1156
984
3728
160
4911
2988
330
2712
2906
2604
2813
1341
4323
1226
558
2586
1789
3494
3009
1451
2769
4755
2676
1759
2973
3694
1829
697
2934
1771
248
4030
3652
4100
1928
3779
30
1013
4460
4368
2527
3547
2404
4841
3425
2826
566
3811
2610
3948
905
3612
1726
1467
1739
1018
2685
1464
3589
4524
4417
885
3254
4424
3133
1775
2947
1646
1618
3533
4484
3313
2070
3721
4624
1440
3157
660
1334
3737
3089
1119
3684
3955
3757
3553
3286
3072
3638
3084
1175
2529
2576
3041
589
24
1214
2659
2929
3193
1643
3758
505
2558
3266
4510
1312
4156
3913
4651
3822
4239
1879
698
809
3406
4176
2226
1382
4152
4910
4918
3469
3318
2599
4721
4050
4364
3696
1760
1782
3740
1294
523
4897
2731
4873
68
2775
266
3705
2432
2510
4108
1140
2579
1937
1312
3424
3245
2501
2974
840
2859
2151
1862
3469
370
3845
3219
2361
607
471
1642
2661
4540
895
2313
3158
2249
162
4202
4144
3792
5
1254
3714
4829
1339
1373
3215
2017
2290
965
1850
40
3110
2759
252
1891
4713
3952
4462
916
1571
1016
798
2843
4194
491
2667
3488
2306
3120
698
3522
3853
262
1070
2058
2913
3414
4988
2130
3292
1685
1277
2783
1
4388
4787
1609
4665
1358
1566
4915
327
3976
212
3154
1221
1767
1957
88
2006
2407
4779
3491
1632
4995
1685
2388
1006
2736
2618
1408
3657
4184
879
173
1673
1642
1053
4710
4515
168
3628
3289
4882
814
43
2492
1603
2054
4525
3236
145
3413
2208
4105
1311
3646
440
3030
2713
2263
1496
4602
941
4362
4680
4066
2110
2648
4969
559
2433
2127
970
642
2169
886
860
2646
1172
2419
4474
2420
144
2709
3819
1442
3527
4599
878
1592
4834
4718
3868
2765
1195
1675
2704
2434
2199
4939
1959
4154
2837
3577
4527
1459
2323
3171
3799
1923
309
4396
521
4167
2949
515
2466
1526
4077
1001
3331
1375
540
919
2725
1663
1057
2592
2281
109
4531
4445
263
2358
2747
3654
3253
3080
325
2556
3596
2520
457
824
2244
918
1839
2493
1179
2372
4768
1421
4909
2156
4312
1701
2135
1607
4725
3433
3423
3438
4839
2123
4417
678
2244
3490
547
3506
1605
4324
3190
3918
4205
2281
799
1267
4720
1557
4807
3721
2370
2643
539
425
1394
1333
1335
1189
812
4681
3612
2963
806
1263
2515
4696
3144
850
3508
3469
398
770
2903
775
2011
2289
851
3702
2873
4075
2841
3680
4169
3343
965
2552
4702
2269
4765
3524
3885
1793
353
1881
1138
2256
3242
3992
2165
3131
2792
1529
378
207
1202
1417
3738
578
2871
2086
3100
3673
1528
918
2852
1181
4692
3153
897
3421
4578
2640
4943
568
4486
2125
2949
624
1650
1219
2874
49
101
970
4274
3683
4953
978
518
4828
2398
3414
906
909
2891
3960
3079
4967
2263
1565
1709
3854
1745
2026
873
2172
718
1611
3735
2484
2722
155
490
4618
726
1873
4678
3126
946
49
1162
1206
2692
2304
1514
24
1355
547
3420
3201
2532
4213
1923
4223
1183
2139
2620
2590
2458
3033
1124
2924
4539
3086
429
4600
3951
2541
203
60
3688
708
1912
792
2658
4667
4208
3843
1163
452
4097
3511
2630
11
3295
101
3305
902
4505
364
3119
677
1936
2523
2987
1205
3020
4132
878
1828
375
2582
2855
1688
4954
2159
2393
2288
1944
3703
4397
4065
4187
3821
311
3486
2733
2074
2467
4973
490
4676
605
239
3780
4030
900
286
4601
3016
2633
4084
4464
1808
3897
175
485
3888
255
4681
589
3203
3963
1587
1396
2612
1717
1483
2422
4222
4566
3170
2547
3904
623
3807
4718
4510
3888
3734
2711
294
4519
1291
4183
3252
608
3776
3277
4
1180
3664
1089
1532
3403
3316
4821
4836
4795
56
2789
4411
3652
2238
2251
4698
4580
723
349
1986
923
320
2585
3552
799
1821
3695
4279
4035
3694
948
4089
2268
3172
4464
3315
1277
3295
1009
787
3736
559
147
3513
188
2073
2722
2885
3996
665
4188
2585
1431
4697
4841
3092
4148
2674
3969
4676
797
4690
1889
1995
2567
644
697
163
3300
1765
3812
1674
4758
4131
694
270
273
225
4177
3871
2045
272
928
3419
3462
3729
4758
3309
33
197
2661
2223
2824
3553
3698
3162
816
1797
4150
2827
4567
2599
53
3981
1285
4883
2642
2108
2074
3058
2611
74
75
1940
1026
374
4201
4443
4828
594
3505
4082
86
2556
1066
2629
351
3944
2847
2691
4401
3653
1750
3498
387
4799
888
1583
1332
4006
2453
475
2670
2998
107
2155
1660
4645
882
979
4633
188
1887
3787
475
244
685
3896
905
1969
1573
1913
3182
971
3787
3333
1560
2234
4200
3863
1386
4141
3089
4268
3658
1522
1813
204
4926
2033
1913
4922
1789
399
1493
4295
3246
3367
195
4348
4255
325
2658
1944
323
1245
3509
4879
2375
3048
2510
197
2150
2830
1405
99
2288
2204
4637
3283
924
2810
980
2888
2107
4358
1128
3096
3370
2163
3480
4145
265
258
105
4632
2438
1881
4516
485
4113
2161
3762
1190
3579
1053
1769
3297
3197
4402
526
427
2079
1604
694
2630
852
2400
1463
1994
36
2519
4159
4157
2135
3414
3430
3203
679
4424
4678
755
2478
103
484
3667
4346
2563
584
2685
2766
1115
4719
2794
1189
113
2569
2341
4172
1323
24
4987
3284
4833
1908
2931
2151
2861
3546
4643
3484
1387
2084
4161
3332
1864
123
1362
3593
1929
4595
4672
1687
4714
278
2735
4783
3919
3298
2706
2911
4697
2635
3261
839
2262
3079
4349
2744
2902
1502
346
3128
4837
2549
548
3238
3677
4938
830
3893
4417
3742
1164
1671
4966
3901
1011
3225
2473
4824
3818
3731
1045
2657
3980
1944
2297
4920
193
829
3557
40
300
1939
1766
2406
3893
753
2744
2457
899
1247
2420
126
1066
4908
809
2845
1211
5
2658
173
509
3338
4861
3664
1042
746
3228
944
2157
4174
2166
2728
722
2427
4446
2078
428
4274
4386
1589
3627
1351
1022
84
3441
958
4106
616
4325
2221
4303
356
91
2376
1153
1246
4453
355
4975
2080
4020
450
3010
4767
4339
91
1473
474
4111
1559
683
4349
733
243
3077
1411
4666
2503
1183
2361
1414
1365
3898
3645
1244
3447
1974
658
749
1676
250
4386
739
2688
728
1024
2599
4414
3840
4818
2957
1765
2133
2410
1100
3273
1107
4644
4957
1846
2659
20
2650
1233
287
4482
2062
4254
3810
3017
116
3104
1370
1784
4898
2392
469
4566
4179
847
4343
382
2281
2494
4057
695
2384
2306
2005
358
2736
985
3115
3187
4755
1811
1856
1934
1201
1781
3458
4687
3418
1177
464
1783
331
2501
659
3191
1079
2674
3911
2048
1748
706
553
4285
3980
3963
1346
2516
4894
3573
3990
1861
497
2668
521
4202
2334
4120
125
1697
909
683
1975
806
4000
274
3666
986
437
4442
841
675
3908
4920
1043
532
4606
3390
4608
538
3308
3173
703
1688
4817
4896
4325
636
4880
67
4550
4990
699
3834
2095
932
730
2172
2812
190
199
527
2490
47
586
4844
963
1213
3155
3435
1785
2216
431
3165
3456
3917
771
4904
1675
1902
4905
2362
3481
186
1870
955
4764
3489
3972
4608
3475
2744
3417
4822
762
1179
174
1036
1876
3961
1724
3755
169
132
3465
724
1046
2984
4874
1146
2282
3586
2852
3895
821
2875
799
1315
2605
1847
651
3354
1950
2326
4047
3283
2505
1939
2628
3360
359
3998
3561
1284
2503
481
861
2593
3172
186
2270
64
4989
2428
2018
3808
1575
4776
1139
4674
2641
1684
745
339
506
202
1869
4455
668
1979
4700
442
134
489
4559
4697
1304
2334
1626
3169
3818
2670
351
31
2067
1105
4012
1794
4990
4110
220
2530
2213
4318
3250
1709
1776
3618
3220
4306
651
3450
638
57
3753
4143
1449
2182
545
3896
2407
3554
2354
689
2152
4829
3942
990
696
3726
1713
524
3707
2335
1152
2536
3382
923
374
4294
3144
1011
4927
2743
1053
1092
3326
3050
4572
643
2088
1562
3236
432
729
1247
115
3719
432
3820
4051
3803
2335
3006
618
4946
2073
1225
1766
3249
1109
3339
3228
1829
1691
2479
211
1804
1720
3012
2072
1638
3597
2504
4974
1769
3006
763
2843
905
804
1521
748
668
4248
3678
3609
2206
4273
3174
127
1240
1013
708
1751
670
1399
2844
3395
3932
2795
1470
3957
3856
2800
651
309
4020
653
3777
952
160
959
1556
4109
4389
4277
720
4953
4454
32
277
2705
588
3579
3774
366
3792
1130
238
1151
2881
1028
1598
2972
4919
1487
4990
182
3783
3948
2436
644
141
463
4343
322
519
4419
3190
4132
3487
1095
2490
3226
3478
2821
2600
625
474
1297
1951
3760
89
37
4247
4181
437
2717
3678
3319
3795
544
4205
3287
4119
4504
2087
3664
3250
2073
4256
1288
1767
4160
1382
2162
3626
1477
4915
2655
1547
976
1099
400
3998
4044
3527
649
4313
563
2327
1117
4369
2383
3334
3888
4533
1457
2769
993
1575
1836
4185
3370
2736
3557
4758
4758
4549
4811
739
4768
1713
1873
4704
237
198
2486
2482
4399
1948
1034
708
4267
3562
4125
1809
1672
1958
2024
2347
1489
1015
304
1907
4027
4338
2936
3938
4457
2047
4861
1345
699
1421
1494
1683
4496
2484
3407
3019
4472
3734
3674
3598
93
892
1009
172
3628
560
2640
1777
56
1050
131
2603
3267
1744
2906
4085
207
2880
666
2389
363
3008
24
2206
777
3252
767
4698
681
3476
3960
4265
2
3221
1397
202
3323
2757
3386
3454
1397
3615
3769
975
3186
336
661
3956
2206
469
133
1554
732
2720
3078
4224
1274
4785
2564
2018
387
920
2061
837
4413
4813
1213
1921
1825
2085
1780
2961
2623
387
951
269
2381
2353
1623
4447
1277
1665
3254
3446
3885
4289
3467
4049
3271
712
349
4771
3050
402
3780
4341
4480
3835
1721
3384
1647
128
3536
3604
3336
1142
2707
1307
3562
291
3963
1648
4565
3386
1106
1925
540
709
3777
2049
555
1951
3684
3032
217
362
1404
496
2653
4409
1459
1834
3278
2632
1844
1004
3377
2311
1309
787
45
1072
2653
4460
3356
4987
4631
2332
1490
2306
3399
3920
749
1199
3756
4556
798
1042
1781
537
2047
912
3419
711
3350
996
1099
3958
184
4121
3041
3867
3199
99
1236
624
2205
4371
334
220
3818
1650
111
3753
4346
3282
2271
4859
420
3999
1282
4345
1623
3063
3689
4715
1961
3389
4557
4296
2804
522
1013
2254
2232
210
1095
666
536
2148
4746
3740
3678
782
166
4449
2832
3307
3063
3555
571
529
1032
3547
1950
2739
50
691
3343
2430
284
4221
595
2574
2313
783
26
2048
2061
1810
2855
4615
1788
3038
1842
98
198
1703
3045
4912
818
756
2363
3124
4080
2340
2086
530
2998
3649
3779
3818
4674
3381
2947
3594
372
198
4742
1929
1123
2517
815
3403
2822
4789
1763
4797
326
3172
1749
2878
1932
4872
4378
1925
195
3599
4644
1792
3128
3391
1886
3046
4286
2210
1047
1920
4189
1576
1553
3310
1127
2865
3895
517
4654
3371
4169
1635
4862
3997
1317
3662
3768
309
3609
1567
2693
2438
8
350
2218
3926
1317
4150
1929
322
1691
1553
3297
1299
888
711
4685
4787
1450
3359
3070
4281
4997
2967
155
3813
3923
1634
4121
4062
3401
4377
874
701
1193
2240
1629
740
4802
987
3599
99
2970
3498
4766
2625
1089
1401
4742
3482
1303
1270
2106
1147
3989
4876
3610
4765
3129
610
4783
3179
1596
532
4079
587
2120
2473
1367
2288
1030
2009
1959
4209
4475
3629
2524
486
3222
4020
3397
838
1333
4092
386
3889
1542
2068
2376
2455
3617
2162
4592
3341
4252
1030
849
1574
1826
3363
863
3399
4219
500
332
4026
1681
4186
4146
4817
4796
2290
2411
2571
864
1535
3257
3222
548
4412
4048
397
2646
472
1144
4239
694
2932
3106
4941
3643
2637
3230
2099
1837
1308
217
1166
2585
1630
4995
89
2448
2470
3928
2279
3757
3788
4271
497
2408
2426
2513
4548
4373
4056
3682
4485
4239
2956
4191
1553
280
4902
2799
3167
3286
443
404
2783
4773
4184
4198
3461
2350
2062
2774
678
4455
1492
3373
154
2543
2642
940
2025
2841
4577
1456
3641
2508
2007
1459
1100
1936
2315
4138
3393
3842
3704
3666
4029
1712
2212
3412
3637
2563
4006
2936
3749
3215
4185
4847
529
1572
2303
1584
3734
564
2437
3575
2011
1062
1363
508
4823
4819
822
1524
530
1298
2060
376
649
2258
1444
675
189
3725
3242
3412
2739
1958
1421
3330
4122
730
107
955
3748
2082
3101
1430
3428
186
1802
812
4370
4493
3049
3053
3614
1727
1336
3305
1920
3512
2899
1041
404
4496
2369
1503
730
2633
4840
2999
1108
1374
571
2250
4310
1943
1617
3882
4003
1262
2532
741
805
4319
688
2191
4077
1327
3914
1398
4848
2821
2976
2721
3755
46
754
2925
3033
352
517
2544
3092
1612
2331
4652
2115
2551
4889
2329
4511
1324
391
2591
3892
2512
2642
4527
3198
1852
4116
915
2564
4696
4325
2056
1178
2227
2924
4304
3744
797
4513
3832
3278
4150
3842
1191
3122
4850
2439
2548
3078
4348
1664
4262
2434
1731
629
2201
437
3460
4072
1023
2367
1764
2371
3566
1468
1179
2626
2317
3625
2269
290
4816
775
1308
72
2232
1628
1627
3229
1809
4574
1777
4465
2587
1038
2554
2075
2932
1310
316
800
3588
3851
1341
4245
4058
977
430
3200
2635
1617
2872
3043
4909
1345
1900
2233
2455
1224
1488
2639
3311
4481
4542
2224
4227
4774
4839
474
3837
4484
4745
3564
1112
2073
1843
1783
4467
4478
888
550
501
817
2997
4882
4611
2246
4467
4782
2891
2590
4669
810
1187
1166
4671
2939
946
229
3946
710
719
1868
1945
849
3263
3101
2329
3998
3530
3042
3327
793
2354
1213
568
396
4280
1391
3983
3051
4629
1045
4307
3636
4924
4805
1435
648
284
4043
4802
1331
4449
2764
1645
3357
3339
2420
2329
3814
3498
1447
31
4453
288
1565
1877
2950
4243
979
4577
2730
1349
2782
4317
2624
3255
380
1394
4066
74
4010
737
4807
1017
1863
1231
82
1294
1791
3232
3750
2377
3003
1528
3531
1738
2972
2713
3748
4705
725
2772
4808
966
2750
2052
1163
1541
4252
1565
4440
4809
3263
2508
1759
3932
4519
305
4163
2574
1715
4889
3515
612
2942
3516
1453
4097
88
4429
3696
695
3456
4548
144
1008
2248
3619
2568
1740
832
4070
4149
11
1324
1684
3023
1483
4203
2916
842
2604
1862
1284
3831
2689
2236
4416
524
4525
3850
917
4094
1028
1779
1609
884
717
4350
3373
4554
3412
83
1160
667
4508
1244
558
3623
2344
1913
1840
685
4687
3900
2143
1674
2834
2314
791
1674
2667
1512
887
4412
854
1737
3907
2140
4431
3858
1304
1510
4702
800
2199
2892
3596
23
711
1183
4679
4723
2166
1420
2305
2815
1293
917
3681
4117
206
3885
1051
3481
3270
1660
3754
2894
669
2928
2753
1519
1784
4765
4014
2781
2177
4690
1875
598
3015
1097
4199
1541
789
2572
4555
1901
479
1480
4410
2377
4145
721
2787
65
3668
3765
545
3494
116
865
3173
4657
1248
3082
2912
2234
4021
2278
4510
1258
2699
3480
890
360
826
4301
2743
1847
1509
4926
3185
4493
4816
2432
4673
3843
2063
4248
737
2713
3357
560
2706
3118
407
513
3449
3514
4133
4433
2710
3774
1303
1889
406
3766
4875
343
455
1309
4579
3261
2649
3711
748
3608
4494
2516
3902
2726
4289
4740
1835
3471
3193
4133
893
1967
923
1354
4491
4551
3061
1258
3323
134
15
4768
1817
135
3569
4247
2363
4635
3558
3915
2253
1666
2198
3859
1001
379
299
4590
2346
4739
1332
3529
617
3345
1902
936
910
1032
4293
4823
1407
2411
1539
1538
3460
569
974
2227
1881
1729
2808
4073
129
368
1201
3139
1371
2283
3939
784
794
1598
1363
1774
4225
1091
3824
1471
2515
4011
91
3148
389
4783
789
4268
512
2331
202
142
1061
4036
4275
4677
672
1037
2256
1074
2708
2386
3144
4006
3341
4158
1473
4365
3076
143
2804
1744
4552
2536
1429
4072
383
4638
4016
4805
1997
1441
1010
2498
1565
3383
712
3862
3904
1206
750
961
4897
2691
1313
316
1646
1588
2152
92
2814
2373
1778
3799
2251
3221
1385
1116
1732
595
3237
948
3241
2160
663
2353
2913
1882
3542
1131
4593
2791
4464
3676
146
1572
3295
648
423
996
3722
3275
2412
3663
157
2527
2847
2620
2311
724
96
2598
254
4302
4423
449
3614
1277
240
1507
1748
1280
2569
1460
2245
1663
3957
3660
4010
2000
2172
2701
1485
1589
2395
4591
3815
35
4522
4906
242
4504
846
4830
4691
732
3747
3869
2063
1982
2275
4269
4178
1137
4287
2024
3273
1954
1955
1460
2778
164
889
1265
1633
2557
4660
2291
736
21
2445
4476
2608
4851
1098
4689
1319
2605
2568
503
2517
4277
2503
1897
4642
3767
2284
3116
1522
4832
182
4945
738
3876
2097
1971
1268
2201
2062
3921
2995
3342
2455
2276
557
348
1123
58
8
1330
4790
4771
2239
1576
1828
2301
3720
3040
2019
2797
256
659
2133
4451
808
2427
3494
4725
2468
1154
469
818
1295
1696
1671
1484
4975
1066
605
3976
2523
3280
2393
4860
2056
1193
2931
2038
4100
407
2136
4048
204
1925
3352
2342
4044
1941
2179
4314
2868
853
1634
1703
4054
2896
3725
3795
3534
2996
2663
4444
3401
725
2952
2023
1158
349
3056
4876
3832
2268
4156
3878
496
3467
3616
4572
2482
4527
4682
2809
1533
422
1765
1488
2287
1200
4649
4115
3195
1393
475
951
3705
3468
1274
118
1452
4952
4876
2803
964
3401
2113
2231
2607
2462
381
3013
3490
376
1235
3050
2728
1419
1497
1326
1367
4870
1112
3859
1910
2976
4432
3116
4140
257
1416
3250
1644
137
4636
4995
2353
981
3574
2589
2521
3112
4294
1125
1930
3538
2457
463
2614
3706
2552
2991
1038
2583
3536
1040
2078
470
4356
614
3013
4322
4914
847
885
3970
1951
2095
2055
757
4133
2134
243
1175
4629
2413
3420
4037
3007
821
2150
621
3221
3091
485
1684
2930
1156
633
2472
4356
2473
907
4009
2301
1331
3570
3778
3106
672
1270
555
2787
3600
3852
4682
874
384
4504
3971
4567
2632
3917
3656
1139
4784
3088
939
625
1993
1734
4253
4599
1022
1470
3323
4258
1145
4616
1710
3354
1923
4852
2566
2869
4427
1078
3669
1364
4292
3704
4367
1020
4413
1220
3938
2176
2361
990
2403
2124
1489
4731
3566
4640
2426
1022
2273
770
241
1012
3459
1319
3252
4680
4773
3874
2388
3590
2175
758
2787
3812
3400
1344
4487
2414
3611
1612
1567
952
3726
2245
2224
2214
4054
1227
241
4931
866
665
1534
532
4839
3308
2669
453
1408
2212
271
3542
764
4169
4362
3015
2649
3855
2235
3552
3529
3489
4508
475
4821
2666
102
4816
1718
2057
4208
2387
746
3219
1754
4013
2600
4231
3772
2814
1735
418
4527
1722
1773
3182
3950
1876
766
2434
4540
4975
3790
2146
2293
1297
4952
2692
3557
4400
4810
2035
3673
4408
4001
4529
4441
4702
407
3247
1281
3145
2258
2687
407
1945
4765
1804
1540
2768
2408
2656
480
4869
4317
3851
3335
1250
1072
1350
780
656
2562
1400
2046
3067
1997
3184
4886
3970
1688
4229
1669
2700
612
2999
197
2126
1540
601
2470
4139
1083
1419
4695
3334
376
3045
1301
563
3836
4682
4804
2522
3255
1801
2803
4596
1086
3672
167
1143
1197
1732
2511
1873
1862
1216
1517
661
3451
2275
3818
1886
4700
3606
1356
3280
3106
1876
3308
4272
4996
2628
4933
2796
1606
4228
2978
2402
1203
4892
1409
897
3273
3312
943
3559
2770
2048
2789
1607
641
2087
3919
4862
1765
358
1353
1677
2432
3848
4719
68
2786
2977
4782
1673
97
4367
1023
2869
1256
2498
904
3806
3237
271
106
2475
2006
3522
2168
4100
655
1337
4243
4277
4454
1579
4590
340
2858
1187
3202
3943
1416
4772
140
997
498
2735
1078
4245
1654
1548
4215
2512
443
3145
1017
4672
243
266
4325
834
3806
4053
736
4476
4948
2687
3129
1841
1904
3434
1694
907
3391
3241
4484
892
1319
1782
4929
1082
247
3556
4362
4305
3296
742
2697
1360
451
2185
1540
4297
3729
4303
989
873
1520
1651
1000
528
2697
4966
1684
2772
14
4367
3132
2034
1997
1613
4913
3180
256
2566
3552
3356
1791
287
930
1707
2655
3421
4148
420
3017
4532
3828
4363
3105
1343
1104
1123
2439
1180
535
174
2790
3657
172
4194
2583
4824
799
2957
2281
3690
1764
3478
2216
2134
3144
4621
343
4610
2546
2258
308
2828
2207
27
2152
4779
469
2465
3602
4061
947
2844
802
4750
4015
2512
4917
4979
1952
1759
270
4054
3271
558
4226
535
1758
4369
2147
4376
1562
3677
771
460
4997
3827
606
2788
625
2453
2264
737
2679
396
4004
3802
2618
2559
3621
1065
4118
639
4137
130
474
265
2102
3977
1773
1231
2628
1210
4857
4048
1854
2511
3769
4760
3798
3642
298
841
44
4137
4598
4988
3853
63
3628
4603
2988
4379
3012
3277
3948
3825
1212
4806
2910
354
3790
1619
4074
3796
2196
55
2614
2973
1595
846
2910
2409
1736
4035
2088
4854
3541
3357
3631
2537
299
4452
4053
788
4740
2923
658
4303
2724
1899
2417
1639
1978
2710
2152
4731
1601
4111
2908
2395
2831
2699
492
2998
369
1946
2557
4152
2807
3689
3430
2748
1881
2057
3365
1596
290
3365
1493
4560
4180
4014
3971
2945
1655
1771
1060
2239
2856
2978
666
4059
3227
4312
1288
4624
3467
1970
4622
2594
2675
438
4079
3739
4221
1765
2937
3398
604
4628
4233
1921
694
4323
2059
1938
4113
3576
3587
148
2375
810
470
521
1344
4133
3370
3443
2447
3268
2016
2322
1833
4375
3109
3684
2511
500
1114
2759
2447
788
833
608
3508
1095
1035
2581
3691
668
2279
573
701
4403
2923
3634
503
3487
1419
1378
1659
4735
3257
296
4578
3052
2314
3868
1325
1625
4889
850
2093
39
148
4869
4634
407
603
4686
2884
2612
2418
239
3477
587
2829
1104
2444
2104
3552
1646
1088
2763
292
2409
4107
3264
4305
3162
1832
1540
2579
4975
611
4264
1435
4255
400
4317
570
1848
3424
309
2822
2175
1763
2082
3757
3584
1831
4475
410
4530
3610
681
1115
378
2805
1609
1857
1595
2173
972
4500
4645
1513
1949
448
3768
1763
494
2166
3247
680
1941
3183
4345
754
4415
511
4283
11
1277
1411
963
2820
1201
2643
1000
2684
4880
1002
4336
3862
1433
4825
3794
4980
4333
3455
3907
2619
4911
545
3191
12
3125
2134
1528
3203
2443
2225
3402
3330
2678
1947
2918
513
861
1843
509
66
613
3197
1396
2666
3495
1822
4720
2872
987
874
234
2039
4398
3787
4862
960
2153
1150
306
3882
4589
2939
4289
535
4634
4178
2023
3283
2779
88
1553
2543
686
2884
3180
3064
4904
3910
2441
4028
4594
1055
624
201
4535
3033
3919
2664
4626
4852
1877
445
3133
2887
4373
4354
2937
41
1957
3643
1084
1138
4687
729
865
3635
334
2864
4504
4484
2362
2220
2434
1932
1824
4354
2801
4107
3144
1734
1855
891
2182
1314
1585
4580
1206
3394
1716
1971
4282
2355
3499
2639
1064
2357
719
514
2507
498
2179
2036
960
2514
2471
1667
4918
3166
4443
1888
221
3969
923
949
3108
1975
4874
570
795
4635
3486
1056
3655
3937
2683
2994
2725
289
2959
2647
618
3427
1378
2360
2310
2325
2120
4879
3579
3880
4853
4318
605
2538
4961
1557
936
934
3861
1058
4199
2074
4767
612
1641
635
34
1739
3229
4539
297
4867
3066
4334
3692
2143
3962
4680
1054
3607
638
1288
261
1155
1156
1332
3458
3849
1316
2646
2458
4479
3239
955
2473
19
4811
444
1775
809
4936
2257
2230
212
3454
3610
2238
1152
568
1501
876
4211
1426
3732
2134
4459
590
2104
3230
949
3916
2995
2149
2737
3457
3098
763
3824
1482
2030
3874
4735
4774
3223
25
3971
4223
1446
1032
2649
691
94
4087
4997
2157
3542
104
3057
3537
4423
4030
810
2146
1875
574
1231
85
3055
3447
1105
755
1590
4887
4294
483
1262
2038
4940
4661
4222
454
3039
3987
3430
1478
1434
2912
2528
2049
4929
3717
1867
2964
3206
3460
1154
1384
925
1654
359
1209
3343
1475
2346
2928
254
2841
3990
2088
357
1857
3105
1858
3262
4605
718
3461
6
685
2854
718
350
3263
1063
2286
3761
3201
3140
1556
1864
4887
2840
4223
1218
1663
3321
2648
2671
4665
4593
1921
2559
4134
3254
1505
504
4064
3318
1327
683
3818
4001
2637
520
3602
1549
2243
308
4473
1299
2005
1450
4212
1403
1399
1023
3879
4420
358
3871
2793
2749
753
4521
1196
4969
1882
2653
4512
4202
3303
2888
4344
3152
64
2297
2367
4363
4300
576
1088
4942
1006
4205
4775
939
2141
3347
1583
701
776
4203
2320
123
4430
3800
225
261
2927
3485
4152
604
4931
3540
1618
4594
4495
1632
2112
779
4907
4261
1242
4851
1981
4894
3053
1403
2058
3810
1733
568
3402
4348
1206
1414
2160
1043
4860
680
2706
3430
4900
2483
900
2347
2714
844
2014
2526
1328
3447
469
945
4012
2043
2826
3453
107
322
317
3294
3600
3481
2380
2283
4155
3624
3016
4741
886
1886
3580
2193
4033
4665
217
3540
4891
3084
2228
957
1401
1471
1162
1225
3825
588
1236
3259
146
206
3365
3104
648
2486
4033
3347
3489
2913
2582
4230
741
47
2803
4738
3561
4752
2175
3472
551
2355
2836
235
3872
4330
223
1867
1586
699
2191
4861
4492
857
4641
3997
3982
3363
2313
1746
4411
2392
2504
179
2292
2342
660
2642
930
894
488
3698
1443
3461
835
3248
3825
2071
571
2787
1530
4525
3606
3640
2701
4909
3777
2989
2660
3942
2933
1396
4284
3108
747
2280
2202
1926
4688
2638
2974
2971
4342
4580
936
177
4545
3926
3125
3598
3898
41
1728
2286
3068
3493
1355
2486
448
2693
1259
4512
4076
1747
1233
4312
4266
374
4387
757
4704
1842
2655
3207
3158
3124
1025
3179
4217
1677
405
3024
181
4754
1282
1071
4245
732
1315
3967
4960
2477
821
4124
1351
3863
4683
895
1649
2508
1910
1612
1675
2278
614
2232
1188
3831
3533
4225
3709
2853
92
4326
3840
442
4451
4410
3586
4797
2202
3359
3404
3100
655
607
1232
2508
4677
486
1895
2611
4249
2387
60
1221
762
747
3306
3263
2056
4026
1362
3314
1152
1716
3359
1967
3154
1026
806
3665
2228
851
4865
3538
3831
230
62
336
3895
4399
1792
3044
953
1311
4954
119
3866
2911
3679
3173
4773
3218
1022
733
2562
2941
4011
102
2543
4775
3113
4548
4451
3257
3761
1066
3794
3076
2744
2052
4054
2667
1239
2495
1926
3849
2893
4805
2802
2255
1909
4088
2017
1562
4186
4728
3410
3936
2337
4325
4650
1384
583
3012
4343
23
985
1551
3278
2483
4431
1938
3376
4171
2736
1266
4715
4352
3899
1158
3533
3000
3903
4240
206
4230
3499
2271
3676
4886
4667
4233
3982
135
3412
1622
524
2557
1095
4507
4255
51
330
4802
423
3309
2247
4357
3374
3166
3224
842
3660
4921
4384
3071
13
4176
2760
1689
4023
2517
2370
2687
1459
3686
816
1838
301
3905
901
98
1674
3566
2514
4301
4622
1983
3649
4256
2045
2872
1045
4658
3265
3062
4630
1307
1092
4186
3552
4185
461
4352
1245
278
4373
4859
3452
1617
1649
2660
940
2885
4427
2682
959
1398
1780
1353
3699
2245
198
2194
1552
4375
2617
1006
854
3269
4087
1485
1216
3465
4866
581
2283
2196
3641
239
1281
3757
684
822
2691
3100
860
1628
3080
669
489
4437
196
1815
2073
3130
2406
15
1861
3796
765
2552
2588
2980
4318
1800
3364
620
2494
2420
4116
3379
1562
1218
2939
3783
1814
4195
2230
4078
3944
3848
1432
1154
1413
1102
3260
4949
4748
3235
4122
2771
707
2775
46
3852
370
4405
1155
2827
3659
4901
1105
4235
2009
310
4728
2730
3075
2841
4111
2335
3343
4204
3097
4204
3875
749
747
4292
1255
4376
1666
122
4683
658
4457
3353
2804
279
1606
426
4064
136
3516
880
503
3881
4698
704
3991
161
3055
3499
3833
345
4922
3854
77
1631
4800
2834
2828
422
442
3724
2339
2926
1403
3146
3565
618
3039
4055
3808
2904
3113
1708
4338
3826
3032
4937
2702
394
1087
455
1221
3998
2313
1478
1418
2918
2672
347
1284
2314
3589
165
2026
4428
1863
210
3237
2981
2467
3730
1777
4445
3152
3848
4956
1300
949
4488
2368
2680
645
620
782
4005
512
1071
4395
4360
4931
122
4346
1347
1575
3489
384
388
4709
2608
4135
3101
4648
1096
4395
1581
1696
269
496
753
753
4856
4054
2120
1887
3107
2908
1695
1186
777
254
459
2954
2778
2308
2467
1597
3060
52
4629
1854
678
3671
4132
784
4442
4937
4844
4935
4595
3553
415
2117
2924
667
3076
4973
3179
665
1484
2739
1226
2193
3999
4233
2413
4891
2989
2847
2551
2421
3926
3254
1968
522
4730
3688
2381
238
4686
4431
74
3809
4945
4078
345
2545
591
3521
1260
1766
3774
664
375
2510
1179
1741
2559
266
190
3460
931
215
2665
1336
2186
1448
694
4601
2666
4936
4182
1800
4739
4727
397
4100
2554
2923
1322
4250
4645
4746
3215
768
3643
3728
2138
1075
3660
371
4104
313
2812
4952
4093
1245
2004
182
3727
4903
2159
4979
842
3403
4834
1694
2330
3787
3831
881
1582
3108
4252
2586
3677
4439
546
882
2925
2177
1912
727
322
4540
3891
4578
595
767
4742
1276
1657
2285
3020
2899
1464
694
4808
1070
1732
1431
2693
2391
2900
3976
2953
2909
4300
3387
1742
1555
1989
3009
1600
2547
3376
3758
2966
3002
1650
1234
2111
2581
4599
4174
4873
158
983
4942
4190
1941
1127
2127
1697
2075
2817
3511
1855
4756
3134
2523
4236
3260
2491
3566
1477
1805
3724
4430
4688
1276
38
4519
2835
1239
3574
3432
2418
4236
82
3847
4140
3497
4619
3351
3484
2586
314
2916
2396
1980
4996
2104
2285
2159
1096
4644
470
855
2809
3683
3672
4038
1915
4141
3608
1
3806
984
4437
517
2714
985
3091
4547
4559
4396
4117
1476
2369
3385
4057
1417
751
209
461
566
3935
2460
3726
1563
4518
1402
3534
3246
1945
4855
1449
3936
3673
4224
3329
4383
2918
735
1101
3049
832
508
3772
1219
4034
752
3097
1824
4495
1587
4382
3665
3963
4832
1169
311
3953
1490
733
2379
1141
4495
2799
1265
1056
955
4691
4402
1639
2799
4873
1133
4337
4051
541
4609
1025
3124
4625
1747
2230
3730
1305
4852
1951
1300
2471
530
446
4176
4311
3583
4138
3296
250
847
1014
468
2630
1344
2395
866
3603
1906
4408
4885
960
3366
3751
4129
975
1370
2679
2460
3759
4559
935
4909
3203
4439
4671
174
3329
3356
4752
1103
2817
1169
854
195
1314
4571
3664
4807
3898
1134
679
4928
3866
1092
834
2853
3043
553
3212
402
2542
1701
4609
3441
2490
3127
184
4435
1873
2890
2970
2406
3988
763
28
1797
3597
4548
4106
2488
110
1256
3657
4953
881
1430
748
2615
3866
1883
2184
3679
3241
4722
4238
4657
4857
711
1450
2292
2889
2888
4783
1290
149
1007
574
3985
3574
2066
1850
3057
3878
2056
1084
4486
1936
2734
3022
1210
4257
1554
456
4387
2323
525
3616
1740
2237
2377
2105
4029
2718
992
4575
3197
1159
879
1704
3089
337
3564
2263
904
2923
2620
1567
4623
816
4170
208
3809
1591
2674
1565
4152
100
1090
369
3611
3654
2059
367
2782
1901
1799
2456
1409
2514
4184
1990
3448
692
2154
1651
1998
2521
166
764
2888
2551
4893
447
3010
2022
3046
529
1232
1665
2496
1805
4159
1655
750
157
1825
1327
1564
4600
2657
1505
4491
2296
1976
2124
1620
4147
4875
1182
2138
2626
1147
1441
1640
1620
4004
3268
2016
3071
440
2048
1457
4263
3449
941
815
1109
3043
638
3021
3362
2540
887
4441
4962
2043
146
182
4141
2820
2748
3423
4587
2251
2295
1309
2427
1869
4972
2257
3667
2178
4786
2027
4542
2975
1118
4888
2988
146
560
2850
2550
4749
4465
3452
4020
345
2025
3573
16
2751
3966
391
1892
869
3587
2997
1161
3635
523
4544
3927
1322
3739
3251
870
4925
4447
1321
433
4862
1355
2116
4410
4726
558
2673
460
1231
1488
1170
609
461
3332
3232
225
3434
3940
400
1264
2520
4778
1707
1323
4901
1031
2540
4540
4391
4635
1508
1950
798
2778
2642
4166
1060
4989
2773
4251
3620
4412
711
4864
4354
388
333
1864
3196
1076
4843
4908
2214
29
4496
2659
3622
1908
31
1785
3995
4052
2236
3064
1123
1366
2461
1090
4151
4239
3892
2681
1598
328
4015
373
3915
3050
477
1940
3400
3628
1491
2833
2587
158
4026
3020
2598
3289
1500
4636
4937
3785
4432
3086
4452
959
4679
618
4357
1563
4195
4751
3335
3184
2368
3942
1876
3510
939
2761
99
1820
3096
2531
3120
524
4100
4899
962
2475
713
2258
4675
530
832
2270
232
382
2474
3846
3690
2705
4260
3683
2595
2756
4088
4540
163
224
1558
1137
1264
1098
429
4031
838
451
2942
682
3329
2868
578
2451
122
1965
3268
3517
2368
4430
1109
2265
2241
4792
3234
2196
700
2625
952
2284
360
904
595
1292
3556
1667
473
2554
435
1701
45
1902
1224
2099
2246
4476
1180
2227
2169
285
3937
403
577
2084
2946
1843
1308
2897
4748
2473
3433
21
1877
1525
2793
1738
3870
1254
52
1294
2478
1385
498
4818
654
115
108
2172
2958
796
999
101
157
4985
2270
3285
2258
3684
4506
788
2038
1773
4568
1883
4195
1533
3865
1901
2290
3125
220
967
1145
702
3226
3958
3236
3784
1496
3780
1871
4888
3095
1491
3867
2102
4342
1076
1329
2135
1045
2146
1820
3716
2926
2699
2247
581
246
3165
1289
4291
954
3295
3233
3173
2534
109
1327
4159
2433
496
2413
2580
4112
2647
350
508
89
1061
4327
2445
2477
4284
2030
2663
338
2600
2727
47
794
3139
789
986
1500
749
2637
644
3507
2850
32
2328
2275
225
3811
2234
3972
355
2008
2371
1601
1077
1349
3495
945
1207
3409
1062
1966
3231
3865
3303
207
337
4142
1374
3883
4845
1453
4946
3512
390
3617
991
1682
4904
3793
2316
1604
1657
2926
1190
424
4733
4869
2731
3302
2375
22
734
1847
641
1250
803
608
405
483
515
2364
2644
3208
4795
2521
1404
367
2179
4606
357
1655
4691
2656
4314
3425
1208
1351
4884
2248
1533
2991
2350
363
1371
4051
3940
4706
4794
399
3503
1032
2677
4225
1438
4265
1733
2858
2524
894
1507
4649
2821
735
859
2244
4518
2643
1697
4184
2455
1175
1574
3048
4778
2277
928
3415
154
3791
3918
4871
1260
27
2905
2391
1415
4498
2565
3534
3533
4724
4630
4161
4068
2819
2986
3470
3172
1841
289
4803
2
1983
3592
1798
4628
3217
2622
4568
4669
967
4120
12
291
2374
128
526
1081
2466
1538
1074
1314
4481
1908
3059
3014
2435
142
41
3434
368
2295
2387
4366
1781
3823
2268
2639
4693
4577
346
2523
2510
4626
192
3294
2267
4678
4520
2217
3296
1403
1994
4848
3948
2816
4587
3160
2993
897
2729
2415
3024
4800
4093
3253
1464
3148
3870
1789
896
3470
533
3929
2973
4929
4589
253
2971
1222
4791
2836
3164
3000
4511
2193
4882
3500
3856
741
3110
400
2829
1782
4826
4566
4977
1010
4984
4411
2726
4447
4864
3431
2054
1164
845
1672
4754
962
2355
1910
4862
2030
1595
1275
569
4190
3076
2789
1015
1731
2023
117
3493
800
4828
3580
4093
1445
718
4253
1267
3693
3324
3569
3094
1076
3015
3136
818
1917
3739
2436
3322
3045
3027
2416
834
530
311
3743
1465
2680
4612
2380
1658
2267
2209
3214
1140
1616
3196
1078
4283
124
4335
3148
3234
4992
1678
1477
3637
3534
4753
3669
3404
510
1888
63
549
1680
1898
2882
1996
2667
3828
904
4526
351
3004
4251
1300
378
4272
662
3145
1121
4012
460
3530
2084
3773
599
4518
3940
4433
4162
2413
205
2118
4828
3444
2609
3435
2081
3610
2305
3401
3198
1152
4203
445
1255
543
4931
100
4850
4583
4129
1988
4754
3168
3103
616
1288
2375
1441
3392
4777
2340
97
4224
687
83
2794
807
2522
3559
296
2228
3254
657
459
4575
3475
1474
708
789
966
4467
2658
3913
256
3000
2614
395
1664
3663
4832
2854
3478
3623
4295
2728
3134
1069
575
3199
932
4871
3831
4289
1664
897
3924
369
1386
1405
1658
76
714
4033
3941
3523
4638
1526
3465
2982
3921
2877
686
542
3666
2119
2423
2732
382
2318
1934
3349
827
3658
414
855
2785
3715
3389
1062
1403
3269
2115
2037
1775
3208
4402
3380
3890
2201
1567
2927
155
564
1856
1545
4641
2170
1619
3266
2143
3531
232
4433
2554
649
4025
3127
2224
3949
1136
3229
4673
1812
2918
1552
3861
2354
54
3472
2850
2530
1025
4332
1850
2595
3269
1574
4738
4551
490
2909
1379
3164
4858
4761
1574
4043
1204
1764
2700
2065
0
3859
4335
194
3051
146
4695
4835
2006
2238
2602
4516
757
3946
1439
1943
3819
1984
4234
4351
162
1351
4681
3349
3106
3905
4627
655
2
4825
1640
3548
705
1847
4523
280
4340
3235
1757
3373
1881
1456
1947
3306
4570
4306
2183
2959
2558
4392
1495
3414
4277
2763
2993
3683
3455
2546
3205
108
1830
3741
529
2936
3685
3711
836
4706
2273
3309
1989
667
3146
2181
1404
4308
2641
2337
2126
4033
2641
368
461
3313
2485
148
4090
3825
2546
3241
3361
4753
761
578
3467
290
1375
4553
1538
4448
2723
746
4583
2520
913
4162
2890
555
409
3806
4336
3438
3760
4036
2965
4138
1108
3141
312
3187
3540
148
4917
1537
616
2176
1253
4885
3382
3419
4140
1679
2145
4198
3188
2241
3539
2190
1908
4926
2401
2644
4565
3860
1964
1581
4797
4263
1921
3140
2650
2370
124
4515
2652
622
1486
241
4129
584
715
3138
1698
3566
4576
3047
4863
2053
2341
3703
2879
1854
3145
4596
875
3464
1379
4931
1636
2652
3698
249
1735
4861
1283
2742
1423
476
1051
733
3132
4592
3192
842
4869
3865
1810
1436
1592
4960
796
1664
4016
2077
2563
3223
672
4545
2589
1918
3034
3856
964
1545
1978
276
3513
2215
1021
3007
1629
288
3685
2695
3233
3403
2075
2195
3468
2437
1109
2318
1488
53
4599
4213
3667
3860
164
3873
2222
1600
4114
4538
1712
9
1095
3258
1781
2243
2359
1627
3086
4315
4924
1815
1851
1760
1319
4857
3474
553
1202
2474
4567
2793
2186
1479
1842
618
4004
2143
4717
596
2502
2951
2425
3216
3518
1227
4850
4686
2310
1371
1357
3181
2129
1728
761
3640
2331
66
1508
1122
3863
3547
4640
87
4278
4835
1506
1357
567
4590
2839
4845
2415
4998
1787
4507
2224
3382
1172
490
1486
3693
3900
579
547
3328
4307
1249
4669
833
4446
4046
4523
4151
1952
1498
1366
4538
3723
4090
3268
4278
2159
2686
1092
4136
3776
2329
2460
3554
1964
4941
4468
2678
1206
2940
2690
1639
1382
3944
1679
556
1412
2153
2304
1894
3823
2814
2118
3787
4520
394
1653
4939
4474
86
3772
2400
4624
2745
3165
3127
4058
938
4838
2995
3770
4200
3149
2355
1457
4947
1256
1894
1023
3933
2377
2898
2397
4083
303
2848
1939
2945
2866
4173
1273
3853
548
2919
316
2766
703
914
134
606
1644
61
2634
3567
4200
2283
4658
2475
217
169
1444
1666
4356
2209
553
4718
4915
1471
2289
2369
1681
3712
4742
598
4795
2388
2972
2495
2252
1781
3371
1519
4444
2119
385
2449
695
2451
3422
494
3845
3612
3039
579
3124
3476
143
4066
2667
3018
1753
4365
2859
4506
3049
1625
2783
219
432
3653
4991
2327
2943
4199
25
4796
222
1930
3791
1108
3008
4949
3786
1736
4246
2783
4414
1149
3601
1260
3605
2260
1531
797
2047
2622
3985
3551
3562
3040
3232
4330
427
1799
3603
307
2719
1717
2184
3031
4216
2043
3511
3959
937
207
1947
2988
3759
4757
1009
3193
703
1422
1976
1313
4872
3731
2758
671
1316
3687
2119
2746
318
1367
1069
793
433
839
170
3120
891
989
3594
3986
3301
2531
3802
733
3263
4423
4328
3469
4389
2895
4205
3242
4558
3493
1480
2863
2947
888
3226
3438
1135
2993
3335
3057
245
716
3123
264
3779
528
466
2983
3249
3515
4546
2840
4009
3735
3290
2212
4834
3302
3243
4106
944
4744
1466
4859
1693
2159
2174
3645
1564
3685
4576
4332
749
3337
3430
4040
1628
4930
3390
2803
1748
539
1535
1762
1135
4739
1435
634
4703
2548
896
999
4850
1883
1989
4644
2118
2059
2217
3189
4730
611
10
4847
65
2562
3264
706
519
1941
1083
3453
4037
1751
4250
2395
4114
2438
1671
40
1434
3033
3448
3788
826
2530
4547
242
464
3816
2248
2771
602
2064
3214
1195
4474
4726
4595
294
4351
4089
2981
1182
3119
2488
104
3814
2202
2229
4035
1199
512
2643
3750
3649
2745
1475
175
1058
1924
2642
2847
3
4599
1743
973
329
4914
4269
3759
4574
2374
2240
4049
2068
1270
4968
3911
1709
529
768
373
1802
3501
1638
4031
75
3301
3608
1003
1604
3210
1691
4439
307
4049
1656
3628
3383
188
3135
1044
1048
3713
4185
2254
1973
4049
3749
4957
2315
2742
38
4649
2799
3726
297
1744
1177
2197
3326
598
2298
1089
3003
1209
781
1730
1523
4155
4699
3073
2218
2113
2286
3406
1242
3473
391
4301
1294
1621
685
860
4552
3058
4313
4932
2496
3516
2711
19
4202
2663
3627
22
2241
1934
2414
1756
1625
250
4880
1837
4194
836
762
3274
2643
2133
2845
1795
1973
3302
2741
2333
1991
2772
1127
1402
2147
131
2515
3879
1039
65
680
1880
117
788
3194
2212
3903
3182
1448
642
707
2716
1661
3526
4986
2725
2507
253
2303
1574
2293
1024
2982
3382
2248
2979
4083
184
4512
2916
3098
3134
3737
4792
3042
241
3610
3476
1080
3211
4894
1558
4429
4242
1714
3565
2978
4747
3433
1714
2754
2388
3968
1185
78
2083
2410
3030
111
1523
3463
2308
2021
1114
1161
3222
4228
2748
488
3680
1163
901
2765
2378
1706
3324
4234
4960
3468
1161
3362
4915
3968
3810
4440
2336
1387
3035
4663
1915
3848
3711
2705
4921
1841
2061
4535
2505
2747
1272
1272
2899
2729
353
2513
2181
2040
1218
631
505
1868
3284
1517
3197
881
1479
2424
3515
3476
4490
2685
4431
942
1885
3484
3112
4938
4313
3550
2347
4453
3718
2867
1246
3212
3429
64
1417
1402
1635
320
967
3993
1294
4883
4829
2179
1689
2233
1830
854
2392
3379
2221
4231
391
2709
233
2193
354
1463
4011
4790
3621
4976
905
2280
4819
538
3847
4611
2615
3426
4135
1773
4180
4416
2356
3367
578
4767
1546
1846
2137
2944
4947
3441
2478
4814
4310
1566
3680
2365
4490
1483
3239
1566
4844
268
2471
2382
1803
3875
2982
106
3279
4891
920
3590
264
2671
1946
713
4159
1820
400
2297
2260
