78400
1022
91
4773
4183
388
4052
4558
4131
8253
6069
4454
1993
440
3339
8052
4542
7709
4495
2894
1645
4480
980
6492
3644
9629
8109
4742
8222
6187
6802
7842
8162
5732
5099
9272
6389
2606
3295
7244
3769
1435
103
5005
662
2842
5683
4752
7552
6114
2604
8951
5490
7188
349
7076
1850
577
3780
9274
5772
3558
6736
1523
4538
4419
5704
6350
3748
3248
4377
6566
7683
2773
1579
6109
8860
5217
9709
4772
7485
6024
7522
1330
4851
7081
6716
2269
9725
1390
5785
9668
5133
3332
9195
1022
2621
1047
2306
4188
3453
9175
6661
734
2082
437
6342
500
9133
2394
7238
949
3756
8246
1131
2482
9583
343
2573
7471
552
2508
4195
1691
792
5842
9281
4868
7278
3359
5987
6765
6405
4557
9597
717
8452
6782
8358
8931
1148
4330
2271
6561
972
1300
8072
673
2326
2610
866
8717
9436
4310
6380
4476
7853
6201
4440
6218
6203
8569
6937
8869
1815
9304
355
5731
8627
1783
6144
285
1563
564
4102
8917
4806
1183
7225
5227
6988
1522
3911
7985
9361
6024
1948
1364
8346
5258
446
5134
1505
7290
8857
416
4638
2649
5054
2700
5088
5955
878
3784
4672
3302
7127
8174
8116
4563
5406
9402
5179
6532
3506
6674
6791
5398
4413
4280
7454
4410
1573
3537
2588
5858
3623
1514
1272
5378
961
5914
7066
6113
2641
11
6705
7152
664
6061
6986
6049
8153
4884
6473
6277
4572
3068
2669
4411
4776
1678
5450
4759
1540
8592
649
7305
1099
7121
8834
2646
9061
7108
3138
6820
9040
473
5612
2083
404
4604
1920
6686
2024
8082
7004
8408
282
6728
3180
4421
8371
2167
6628
9298
4108
1009
6949
8281
2716
4686
6431
3940
6008
8453
6981
7244
9541
7101
8273
6704
2642
7794
8712
3986
3864
3538
8222
3220
2488
7120
3443
2097
8408
8297
900
2862
4341
1765
2890
8205
4726
3774
3418
3360
8806
6433
2118
3059
3864
5586
7691
5646
2180
7604
9311
3108
8402
2802
5268
2928
7078
6172
6827
621
3886
346
3148
2312
1102
1732
5065
1949
1908
1084
3554
8244
3659
8505
3479
8706
8728
1333
5520
9716
2927
7758
4688
6990
1404
7625
2895
9360
3965
5739
4298
201
7492
4535
5674
4323
2952
2722
1016
5680
3
856
3106
4603
3091
4326
2170
7624
4553
4933
1008
9583
4087
8492
6362
3277
8187
4600
365
552
1324
7394
187
6946
1041
213
761
174
6082
1022
1147
8851
6241
243
5618
4247
9132
4445
6916
9283
1796
362
7071
4889
7973
4103
7099
1551
6725
8141
3622
3147
3697
5230
3483
5366
2239
9744
8000
1464
8894
9364
7479
2506
3561
9784
3603
1266
4382
199
7253
9192
6745
5253
2181
3394
3435
3062
4087
9458
2458
3543
9743
3349
4577
3795
49
1681
9295
2350
8045
4565
4429
2253
5024
7420
3689
4231
7146
3518
3778
1460
2661
7793
1327
5557
3642
5073
4896
5709
2880
4787
8433
1837
3588
7472
8551
901
7683
8769
7821
3142
3578
1243
7787
4318
6301
2401
2278
5624
4720
6605
2084
9601
2602
8801
2538
4192
1893
882
4930
2372
5783
3405
7545
4399
3389
6801
6674
8155
14
4547
5069
5344
7637
6574
5215
713
7784
2408
5789
7588
1836
3927
8786
7369
4964
6499
237
3625
8140
6164
6453
703
9090
5359
2960
7928
1228
9708
3014
3568
6177
317
712
281
5598
3138
6785
8896
1757
5790
1951
4620
8805
5136
4272
8742
1242
6591
3815
5913
5953
3990
5749
7859
1701
19
5318
4082
4836
9464
350
1486
2344
1580
2127
4684
5614
8466
1167
4962
8615
5186
34
9716
4802
2165
785
789
960
7052
4801
6327
5097
1098
461
2034
4174
3461
3165
7874
9472
7466
9400
9246
724
43
1202
9068
1458
5247
7054
5640
6322
9354
1183
4791
6477
222
4012
2380
5815
2892
2499
152
8646
1727
3118
8037
5525
7741
7591
291
3643
1584
5197
8672
9358
3790
1145
3754
3069
4071
8848
3093
6066
167
1930
581
453
5558
2504
9159
1574
7181
1475
2927
1341
6032
2745
4126
8839
9719
618
3215
6705
8530
663
204
9328
7784
8120
9185
1575
9055
3530
2175
3540
8181
3277
546
9729
10
620
7602
3998
285
8516
2686
2815
809
2594
6831
5240
8280
5360
8818
7454
7692
6801
3024
3259
5367
9660
810
9243
5144
3520
8369
7571
7814
4850
3237
762
1205
4382
4937
3316
7602
7517
7052
7354
9248
5631
7726
3349
7603
5083
2095
4631
8192
684
5185
4963
6645
4281
4761
2593
1487
5944
7263
3689
5900
9432
1000
7831
477
1012
6999
3290
3314
214
2174
3721
7312
1787
755
8693
3300
2282
5113
2882
4520
3721
455
2093
7072
751
7918
3479
4680
6608
4390
2264
3081
7347
5144
5104
2475
2036
9028
7229
8723
6798
3061
9288
7827
8450
5208
3725
6842
5761
237
195
8810
4168
5855
9548
823
7666
5455
7083
5646
5665
4113
1649
5996
6772
779
5686
9460
3770
194
6948
5932
3649
1830
4789
478
4669
3194
784
176
4423
9574
2909
6090
1933
5285
7716
8860
465
7523
6518
3945
9686
837
548
9373
7041
2446
8868
5752
665
5830
2928
7335
4265
6024
5284
147
7071
4107
8657
3563
4349
4490
8857
177
3036
501
539
176
6339
679
6491
1478
6674
3305
433
6138
278
7121
7282
1908
6566
5183
6219
361
9382
2090
2941
4941
983
9097
3667
2524
60
7211
9159
1273
7473
1599
9658
1520
3941
2127
9167
4876
7739
3083
3607
2259
6113
2007
531
8716
4653
3546
4554
7506
6123
6017
2749
1127
1361
4098
2146
3778
3750
253
1597
7374
9451
6601
9183
6521
1083
263
4833
8484
1813
472
8186
6433
6261
4963
1863
5325
7337
6385
9343
9002
4249
9378
8167
1884
5724
169
4976
626
3173
8359
887
6882
4187
6430
6008
9074
9206
1095
4804
722
144
1739
942
9515
1208
930
8354
607
2888
8007
997
881
5845
803
174
4715
1290
3923
8692
6937
370
5284
6760
4563
5589
2600
8038
8761
7284
5057
7154
2004
2611
2655
6261
7853
7075
3487
3531
3538
9143
1492
2704
1716
7437
839
6452
502
4770
1953
8997
4546
1679
823
9310
142
6348
2924
1329
1820
6340
7203
4010
4842
643
2821
3651
6626
5364
9719
560
512
1515
2656
3193
2921
9328
7974
6543
3458
7665
5324
3494
7267
1834
6683
5339
1323
2231
1629
8714
8824
7413
4189
3967
2595
6867
2476
1869
3046
7569
9685
6045
8909
484
5110
8116
1758
1016
1366
9598
2214
4597
1371
6385
5579
2510
4704
1807
3206
2454
6341
9528
6391
8399
1329
3458
7815
9129
2452
1520
1928
3305
7907
3122
3560
8174
5325
562
9211
3535
8668
9603
9428
7823
983
1058
223
574
3866
2249
9041
5468
6484
6882
9248
6129
826
3510
4695
4965
9771
4815
5812
2832
1176
4878
1621
3844
1817
8862
4691
3205
9481
770
629
4674
6803
789
3501
1132
8701
5929
2963
8682
6974
8792
933
973
1020
7168
7411
7835
721
6043
3101
4326
4861
265
772
2628
8359
2967
9628
5798
7093
9607
8457
4147
7634
5362
4823
3044
374
9030
7629
713
2987
1296
8785
9364
5043
8277
874
6550
5127
6428
6675
1046
7670
5775
5488
361
9254
5010
3347
6368
4029
1552
5389
679
3669
798
4642
522
6684
7496
130
8569
9760
6493
6313
8951
9588
9464
4881
667
8968
3979
8602
7202
6544
1668
8850
6717
3177
5809
2603
6960
1494
1950
909
5323
4662
3321
6342
7272
8059
1650
5444
6342
1291
7239
8915
1190
4898
3075
4498
8380
5843
4746
4670
3361
4136
8417
3703
1668
8570
5805
2378
4427
2117
5935
9271
4954
1254
7193
115
5232
6073
1171
2323
3179
7386
3146
5538
7707
860
4982
3438
3285
7497
7496
8891
8699
1250
1963
4557
19
7206
5505
8748
6438
668
4158
3809
8366
7342
2669
2283
429
2468
1352
3955
5472
1284
960
3862
6426
7848
3059
246
1689
8088
4332
6192
6391
7663
1605
7038
7258
8466
4832
7318
7367
2837
3892
8473
8466
8664
397
8439
2850
444
2835
6348
475
3478
7029
7708
1166
7173
1434
6216
2920
6665
8703
1374
4465
3313
6265
2179
116
5681
3272
357
1215
5620
2695
212
4881
4996
6678
577
2881
7824
8681
5735
572
635
1017
2063
8658
9179
989
3395
8620
5024
1564
9119
4597
1721
8749
3400
1076
7867
4508
2983
4710
7740
3086
5714
8481
8891
608
6611
8702
3423
1256
5048
6173
3566
8269
7317
708
1420
4135
8748
5258
2858
6932
1359
6859
1313
1249
7067
8601
24
8928
1375
745
2224
7410
9510
8291
7127
3138
3580
9323
6308
2614
4354
8816
3098
3156
953
4775
9575
7242
956
9383
7177
3253
457
7417
3025
7806
9510
5910
6329
3930
8491
5596
6718
7961
538
5461
8103
2938
5261
2778
5281
4761
877
4264
2713
78
8562
1446
5736
5118
4088
3040
9643
365
8146
466
2943
7030
1381
8941
1325
3419
3868
4419
9422
881
1420
1108
6932
8693
9002
8914
6149
1071
9681
8226
8294
8404
2498
814
1324
1874
1651
4416
420
867
2863
2290
8175
6337
2756
9736
3903
6241
7440
2250
6940
7107
5113
1906
5053
4796
5595
197
9351
1128
7699
503
5407
7536
5567
8398
1851
8707
4335
5440
1086
1135
6466
1853
7248
908
5361
5409
33
6723
5484
1981
5620
9670
3600
1966
3745
6534
3114
4078
5880
8042
7492
6538
1937
3138
5524
3663
6795
3277
8377
2112
3274
1993
7401
7960
5867
224
2577
1025
4258
6397
4676
1943
6335
93
2079
4819
7752
8268
508
3996
8136
5010
2614
4229
5198
4034
4801
5491
6186
3428
8996
979
1240
4539
1820
6299
3956
4283
1203
6402
4355
1679
1727
1218
8438
1804
4730
7514
7936
6961
4491
8830
1935
5533
3185
4306
5889
2027
1241
1622
1163
1316
1260
6770
4578
3241
2034
5311
622
3929
921
3575
1642
5601
7464
4766
3886
7338
5960
3507
7211
5039
1528
5509
8868
2089
5904
4405
9773
2532
5690
7175
8895
5221
5401
2727
8897
903
757
3632
307
3091
7706
8837
8365
3371
8095
6829
6086
8062
2130
4838
7524
6839
296
944
8655
9577
7846
8426
7236
1377
5987
2206
2750
7855
4463
9509
6914
6785
2039
4837
1425
1352
4291
9071
881
644
6025
5175
9624
9027
401
5216
3052
1638
6528
8880
1136
8069
6416
1484
1460
5318
7420
5442
1002
5461
2417
4831
7490
302
4196
6863
7974
1125
2332
6988
2566
1984
7627
4659
1324
8169
1187
9426
8627
565
641
730
6102
84
9670
5570
4744
8239
5498
6069
2240
9409
1633
2042
7657
7015
8878
1069
7399
3789
7317
931
8175
4380
5672
1637
4447
6223
7974
5192
3123
8987
5249
3309
5460
1869
1002
1493
4587
5220
9531
2722
5468
3111
7994
9002
7139
9787
269
8910
1496
7101
9427
7551
736
9164
6610
8844
5626
3249
6117
9238
8936
8046
4605
9355
2124
1590
1217
5963
4115
6883
3960
6793
6937
2861
4795
5124
9435
7636
5800
397
9206
8782
1347
1588
2116
477
9032
2695
586
2053
4916
1444
5608
5505
3601
8287
7722
8842
3660
1973
1281
2958
2854
7935
4189
4369
7931
4379
9068
7808
9558
2066
1522
3772
5910
1639
8891
3853
2835
2375
748
9522
3913
3726
7309
8095
3372
4152
3107
6169
899
2814
1314
4629
4250
4762
7140
6554
9799
3163
1725
6290
8103
1248
9499
4053
1379
3832
6743
2996
6867
5685
3569
4743
2850
1538
2358
1675
3758
9581
1468
81
227
2220
26
3639
8071
4844
9029
4918
17
5698
9312
9414
9592
2433
132
2155
5188
4506
7471
5216
6153
6389
8866
5437
1794
9182
5258
3499
2120
5433
4857
988
3521
1089
201
3081
5168
9377
2160
7923
5975
8230
4271
8893
2395
8161
9207
8638
5066
1485
675
4045
31
1604
1176
7284
192
8743
1314
990
4721
8818
7082
9550
4227
5177
2560
1134
8784
528
8260
985
7537
2868
5345
3538
5150
1251
2772
9625
3822
8527
1339
7033
3726
9793
9256
8146
5246
5653
8481
172
810
8717
4810
5117
5368
805
4228
1552
6240
4849
8288
8821
4883
1029
3686
6856
6833
2418
6969
7648
3805
3629
4821
6031
7937
4046
2916
4024
1394
1685
6435
9114
9319
504
6163
5839
6164
4100
198
8519
5029
4465
7081
7182
8094
6284
829
8314
8223
3035
1684
9563
1512
8792
3156
3465
3685
768
7048
4806
7615
1061
5810
8621
3627
8756
3326
2674
625
6866
3611
5029
953
9576
2912
8471
7607
9246
8347
3095
1560
1696
3991
2299
6968
1382
6588
232
5278
5751
5731
7160
5939
8389
7548
1656
7377
8817
3529
3669
4263
6340
4545
9489
2514
7966
2250
555
1528
182
2451
2777
2205
4236
17
7337
6193
212
1029
1896
1914
63
9249
1182
2803
6857
8601
1783
5473
7059
2125
3973
5255
789
379
639
4636
6582
3013
8682
5539
5699
7329
4296
3008
2539
3367
5406
303
3507
4618
2324
3268
3203
3904
5812
4481
4752
6156
2140
1498
1944
4175
1191
7425
8170
560
5692
364
1998
6170
7351
6033
889
9213
894
944
8832
9075
5470
8109
7735
3424
4584
262
643
7993
3029
5342
8902
3078
5869
8124
5971
7271
4383
3936
3572
4783
1408
6172
4446
7430
2527
5921
1978
8752
8309
5306
3322
4883
7175
7767
1456
4282
7969
1975
2532
6788
7190
2209
7409
3118
5241
9451
9195
9067
970
820
3247
2198
8612
690
3970
5372
4609
8134
3717
4102
441
4306
6012
1439
7760
2614
4471
145
8580
6477
9663
3791
7836
8022
3622
8538
1713
4820
7408
2545
2475
1757
9653
2020
4193
3190
5712
1088
6907
5379
1763
187
9718
4775
8931
862
834
5812
5094
5782
4509
5246
740
5710
8619
6263
1861
4922
967
9642
9138
1473
3320
4418
8918
5166
3498
8216
7750
487
8028
4766
1091
7460
7236
6926
9217
9782
8443
585
4769
6016
905
8983
6573
263
7845
6025
8332
5712
390
380
8050
6499
8710
7123
7648
6397
1682
2693
9306
2095
5734
9251
157
8592
5844
7617
9483
3546
6973
4080
7854
7927
4831
4820
7547
4731
8021
2526
2450
7497
7099
5545
2096
1968
4039
4745
1192
8961
8117
9171
3249
660
1891
2610
5652
8921
7259
8231
4775
4056
2435
8998
5193
8696
3820
2491
4814
5732
7222
862
6348
3082
8445
7233
6036
1818
3931
9753
7806
3224
4947
4152
9263
79
7099
8089
4979
8594
8962
902
78
4049
4450
711
4908
4550
4511
2785
907
2704
7914
3491
4460
6155
951
3996
6762
1467
586
3683
891
5204
5271
5421
5297
2630
3299
5100
9524
956
5130
2196
2228
8929
5489
6644
2601
3876
7791
7726
1704
4682
2149
3138
6767
4161
884
8941
5964
4016
4000
5931
2145
3587
2442
1745
5691
6821
723
3690
1178
4467
6128
6905
912
7228
592
1116
8261
2589
2154
5899
3600
6464
3126
7702
1723
1201
1592
5068
5272
3397
6963
9621
7225
9275
5152
603
6113
8932
8962
6506
8180
4567
100
3830
7530
1873
1661
3203
244
9479
4573
9184
6011
8387
8826
4842
166
1598
5917
8106
5606
7417
6530
804
2386
9257
1986
5576
5735
4921
3568
5183
8112
1074
33
8558
2772
3751
6614
6160
7835
8314
6138
3618
4692
5574
7244
8229
3787
5816
1577
8263
9496
7370
1352
4406
367
7083
3641
3442
1992
2530
7367
7761
5647
5747
813
8136
4897
6624
2528
8129
9645
8794
6436
1361
9331
4256
3351
3312
5509
7483
9710
7348
2532
5973
248
6001
6105
2971
6682
4418
2517
308
7624
869
3188
1584
9413
6577
8555
5651
2323
875
1580
7058
2868
5472
6231
1295
9467
2106
5174
4954
1775
5884
1275
1096
6333
494
4518
7486
3366
2752
2569
5808
5871
3278
2656
5312
5530
2753
7944
6065
2196
1543
2567
7235
2098
1838
8111
9170
8350
7853
2364
4367
7585
9235
6228
7290
6333
6293
3048
2328
8414
8088
4735
4829
1347
2577
8365
413
4754
2212
330
6698
2209
272
99
6948
3713
7674
3873
1032
7965
2281
9552
4816
2721
6555
7341
4519
3092
5633
7353
8311
7464
1493
8240
5751
8349
2664
5000
9004
4062
2076
2536
1194
4942
9066
7532
3239
3131
3272
2065
4810
6858
4193
5151
6993
3870
1174
6009
5931
967
7442
9537
4323
2444
1494
6348
2339
4651
3273
9574
8944
3635
2213
8361
3411
7318
809
5367
1628
8978
5517
3925
801
6254
8676
6459
3875
7894
2809
5999
735
6412
6013
5208
4286
8247
917
7143
1933
2822
1493
3982
6094
4918
4408
2573
6352
8448
435
2714
8341
2766
6159
8539
6404
7369
1812
9035
1202
4305
6229
3681
1301
3026
1323
9369
253
2613
8343
8927
3454
8319
6180
919
7050
8154
4356
3083
6299
9783
559
2355
5647
9113
848
6068
7105
8890
8800
3975
8240
2188
4315
7608
4883
174
3161
4484
3909
2124
2555
6224
5071
876
5926
5494
4288
743
8907
7356
7456
3576
3424
5276
3827
3460
4057
8034
2559
726
7445
561
5379
7314
7645
2089
7815
1633
4691
5107
4623
320
8815
6432
9544
108
4140
5555
58
5262
7025
8215
7778
4619
5885
3742
1090
9189
6616
2379
4606
7301
7110
4346
8823
1079
7476
8252
4265
9739
2829
3221
668
7285
9327
2489
5995
1439
3819
2366
5168
8380
2349
5900
81
8975
3680
3515
9227
7692
8995
287
4702
6823
3151
8881
8494
4079
1375
1574
6692
5504
5865
6370
8739
482
4791
7614
393
5535
1657
9460
2400
9654
8388
5156
4066
2199
5682
960
8510
7005
8769
7439
5874
4792
5995
9683
7414
2925
7559
9746
6255
3688
1588
9306
6378
6847
8753
2148
1422
4641
8125
5681
6820
6456
2326
6381
9027
7718
1780
9705
8850
9488
8885
6838
4890
455
4180
6531
4998
8363
4810
212
7279
2180
3296
6460
9411
181
4586
3455
3831
9036
6144
9732
3535
4156
5459
635
6492
9304
5813
8172
4750
5916
5063
6014
6202
9746
5861
4044
8556
5056
214
1422
6393
6336
3171
7104
7084
4040
6941
7468
8974
7971
7274
1358
6832
9664
8313
1060
7922
7891
8590
3769
2190
9292
838
4642
6951
683
9075
1439
979
7218
8249
40
3906
8845
496
2159
4274
1483
3935
4862
5851
8639
3841
4172
2230
9196
6780
9512
5217
8332
7837
9374
8159
951
7610
4784
3032
1622
8780
6888
6833
7467
3613
2368
7731
8705
4050
7667
5793
5034
3636
3173
8082
1561
3858
3294
5487
8597
2214
7918
1094
4067
5328
8981
6433
6468
7608
2333
8178
8553
7997
6373
1972
1255
3727
3463
9008
7160
1102
994
3235
5987
1153
5461
9761
4275
8494
1992
422
1831
4078
5373
5583
4707
8304
5204
2225
9019
2356
9020
5182
6573
9410
2240
6290
7536
3822
7284
6078
6732
7704
7652
6163
3918
7454
1425
5665
6486
6111
1153
8227
8545
2511
6262
2051
5949
9257
3885
3250
8920
7066
1705
3651
162
9360
4348
3213
6994
7273
9188
3888
4284
922
6961
1802
3980
9525
2387
4122
1664
5847
4184
3072
7394
6012
1684
367
7757
1256
4236
7716
5936
8336
4240
6213
701
3562
6615
6152
3105
3521
7320
9377
3928
2703
7087
6145
302
7707
4022
2570
930
9627
48
4259
5600
3345
4879
180
263
5257
5503
1042
7010
6861
1493
9311
1027
6165
1418
5403
6330
3408
3917
8064
2168
6737
8073
710
3326
7696
8128
8216
8750
5664
1568
621
1419
4751
4002
8915
7526
1214
3947
4939
5523
6944
4534
2119
1591
992
8998
4804
9457
7206
2624
1551
2723
4635
4260
8218
6741
1862
980
3245
6002
7573
9141
8699
8039
9468
3827
3740
9666
1381
656
8877
9463
8340
2311
8229
3068
1783
6690
6647
125
6505
8632
1173
5214
8489
1344
7989
6570
3305
2954
561
2956
8099
4591
9115
7330
118
5058
2890
4013
2141
3373
7388
7618
3596
9340
7140
7391
1063
8512
7416
3307
7021
9209
5317
3287
6747
6799
5763
5354
6274
2841
3880
198
1648
2435
1194
4603
2914
5191
43
4257
1226
83
5686
5274
164
774
8337
5754
2924
2873
5154
662
1487
5462
3653
5929
4250
3167
6950
9236
2411
7893
246
4915
7032
4947
8636
3587
5927
1461
7190
4662
7855
5712
5920
2007
9382
5282
5717
55
5063
6514
4688
8269
5999
3904
3801
1101
5174
9548
8525
519
346
4635
8736
9635
4686
4930
3117
6008
8795
8968
3292
7614
492
3619
2659
6
8036
7916
5184
7623
4419
7123
7131
7459
4220
5986
222
8360
1038
8502
8520
5755
5483
3676
7606
3661
8410
5432
8633
4290
1814
6273
4500
4544
1776
3931
3610
1673
2839
5218
1507
2875
7856
8961
35
1923
4170
2088
5186
2815
3724
9104
8241
1535
2384
1176
4104
7761
4385
1512
6132
323
712
7012
5372
8344
6792
884
4889
4061
5776
2174
801
8643
5998
9152
591
6334
654
7890
4206
1285
7667
4157
7265
8920
5458
8640
277
5481
3340
2352
8102
5602
817
5296
5499
4488
8374
1104
7703
7711
5935
3942
8292
5944
6207
5393
3812
5258
6268
4141
5012
8270
1989
8646
5301
4371
6253
3294
1597
392
4414
2140
6625
6051
1147
3401
7067
6738
5781
4539
9389
2563
6200
9085
5932
2398
1682
2056
7699
2146
1493
5953
7875
299
6465
2080
1980
5506
7068
2379
4196
796
6202
9569
3774
3816
202
7866
2113
5339
2933
2073
4184
4655
6271
740
5276
7179
6721
2265
887
865
5520
433
7583
3605
6375
841
5081
4234
4162
3440
3654
9733
3239
8307
5757
3567
8180
7485
5580
325
9126
8434
4054
9272
3899
501
5321
8011
5109
5300
897
9787
1524
9709
2798
3975
4256
7593
4586
1751
5122
4741
2441
7144
4977
4564
8776
6702
2990
8498
3492
5316
7571
2626
4366
2773
2592
6917
5492
4439
1299
439
8781
3732
7431
3296
7986
7265
2160
9472
197
374
396
8282
878
7458
9477
4917
217
8193
8590
9537
4951
3754
6145
1861
4068
7781
8135
8984
8152
8364
5021
2058
1619
7508
7119
3861
3047
2636
4549
6716
8044
7220
771
4799
5138
4475
3359
2291
5717
9750
9761
8009
7724
3672
3633
1313
5961
5882
8374
8622
4327
446
4576
4362
3234
7600
2127
4947
5144
6691
8097
3771
7445
3310
6782
5924
9363
3695
2256
6875
5128
7417
1449
4919
8310
3233
1626
5029
2861
4051
8320
6582
1808
1345
4633
3654
2822
5504
2500
2247
441
6864
4378
2974
8262
7604
2191
4161
9542
4592
129
2744
255
3908
6971
3898
6323
1943
4662
3393
2286
9532
7944
7112
3796
4764
7774
786
281
2740
7913
2087
8339
5992
3072
1233
8642
6935
7261
3108
3436
931
3743
2642
3890
5238
438
7556
5195
8882
3491
3238
9191
6912
6208
3793
5368
719
4481
5059
6578
5148
6260
546
8007
8820
6530
696
3214
2931
8604
2589
3396
1792
465
2722
809
816
6808
3670
5773
7718
1132
7839
294
2239
4171
5532
2169
8303
7728
989
6292
1380
4089
2105
6809
3324
3273
8665
3130
7003
7723
859
4238
445
9623
1477
5432
3653
7505
2410
5169
3510
2917
9775
1110
499
533
117
3215
1240
202
3258
7833
4933
6788
1999
5596
8262
8715
3240
4089
5240
7901
9571
9683
6484
4136
4859
2055
3016
9577
7404
1116
2714
4162
791
6643
6317
7216
7731
1938
4205
8337
6624
1080
2066
3608
607
9480
9766
3496
1500
1931
7601
7827
2153
4496
1877
1695
6534
7510
6208
4296
5318
4530
3576
7164
5040
3304
7091
1809
137
7894
8814
3602
3099
8904
6398
200
7592
2621
2310
6041
8462
9780
1596
5145
1247
3707
8082
7658
5626
4907
6769
9228
1506
90
6482
272
7649
1538
4939
3597
2393
2854
6991
1554
8025
8685
2813
5957
4937
14
6458
5160
6101
8292
2309
3445
9476
1754
2479
6827
5617
5001
3459
9121
3730
1960
3812
6025
1776
1303
8578
1578
8959
3780
9281
7847
8517
4923
4471
6831
5082
1107
5463
9407
3697
3280
6198
2698
9511
8336
6934
3101
1246
5989
9476
3718
4401
1966
6541
5859
4656
3440
6525
2439
4428
4055
7621
4427
5737
8114
7703
1497
1550
6874
4294
3013
4128
2759
8393
6351
6803
8328
7322
5688
568
8648
6119
5259
3918
3988
4211
2297
7682
3823
458
4503
8248
837
5814
5052
9511
7615
2486
7189
8011
2367
6718
5319
9003
1886
44
2415
3868
5837
4781
9516
9436
7613
5942
3833
2944
3785
447
4699
7681
3723
6568
8399
6795
5328
4962
6524
4984
1421
8070
477
6407
1541
9730
2382
2761
7922
7544
4860
3799
1144
3871
6649
9342
6118
6225
2478
2004
831
7644
3764
5907
1672
8305
1916
2618
9389
978
5038
2828
5142
9693
9565
6018
2219
7749
6283
7437
1172
8032
5619
4758
5161
7704
7089
6071
1284
5098
2170
8128
1839
7138
7324
1437
4414
2810
5091
3036
1543
4197
9614
2615
3514
5848
8949
7569
76
5988
1242
7628
5556
37
6958
292
1400
5073
8395
8394
1053
9635
6680
4789
9135
9209
9189
20
8719
9318
3172
747
7706
6555
3471
315
3073
7843
9583
4871
9482
5465
6686
1137
8414
1889
726
5515
5447
8937
5113
2991
521
6774
9652
2118
892
7339
3206
6601
7164
2959
1567
5563
4988
5554
4919
791
4201
4164
4833
3014
4565
3816
6661
7475
6441
6590
728
4809
2922
9346
7061
4353
5789
8063
4835
5007
31
2708
1823
3781
7135
5333
7946
7012
9119
9181
1729
9202
2775
6414
6155
1081
8427
4693
6382
945
1755
2646
5031
1707
485
5002
5235
7054
5507
7790
914
8448
4410
1831
2303
3110
7998
6787
839
3512
2015
4362
3338
3792
1846
8826
2652
3754
7612
6253
2673
8418
4301
632
979
2974
4186
5804
7282
1761
9207
3516
7485
1627
4256
9257
9252
3598
9497
5898
6148
3816
4208
4422
1624
513
440
2029
6165
5021
8229
6970
7539
8227
5285
2032
7878
5239
5691
6690
1936
4834
2446
9596
9691
5678
5670
9025
925
2723
9075
3848
7100
3123
3506
1749
101
2684
9137
7055
834
4402
5249
3401
6376
6103
2786
379
1847
7492
8125
244
8297
1370
1805
5564
5888
240
1413
5207
9271
3517
1465
9495
2690
6426
2832
8672
7155
4700
1600
5477
9634
362
1632
6351
6819
6751
8449
6125
1819
1654
6650
7013
1258
5639
4832
7270
1286
8677
2121
2670
9148
2637
7223
761
335
2678
3505
5687
950
1605
4221
1137
2653
6500
9764
3486
3124
6958
8200
8701
8332
6193
1097
1479
9300
7750
3684
6581
1944
6162
2925
512
9771
2237
5451
3567
8167
7563
2686
2905
4450
7186
440
3694
8846
7234
5570
7951
4379
7898
277
7912
8015
1068
4063
3405
9
4659
5758
3289
9451
6739
8077
9522
9357
8456
4724
18
2180
959
6317
7916
8301
4343
6512
5391
6790
8281
7253
3801
9314
6081
1723
6697
4456
5597
6183
5079
575
7968
8181
8888
3290
3236
7561
4220
6693
8735
9294
7392
7794
986
5485
10
2674
6788
612
9100
3180
8910
5769
6576
5552
405
2081
1539
9174
7932
2717
7240
270
9661
1446
1810
3788
1355
1777
4378
9498
5189
9271
6855
4250
6082
3646
7954
5505
7939
300
8367
6235
4061
4509
4388
3886
1548
4424
7
1857
6076
9419
1260
975
2982
6237
3612
4627
5190
690
960
2895
9579
7770
2421
7232
7365
6643
3387
9797
8893
5015
9156
9459
3766
2437
3190
6720
6596
1054
8859
3767
1216
31
7024
8338
7725
9702
7879
514
2314
7033
9577
5211
5395
9780
7603
6641
1004
1736
6808
6860
84
4273
665
9670
7205
9596
1207
2597
1216
7384
6111
6037
1014
7608
7829
866
760
1845
4164
3689
3452
5749
2465
5123
2474
1254
5507
248
9525
6025
3851
3724
1557
7311
1910
1503
9655
1013
8509
1778
9609
4388
2510
9660
8499
4173
3071
5142
8860
1695
5313
6759
2579
927
9537
9068
9600
1390
4508
6178
3004
6326
9350
7615
898
8356
4948
3425
9343
7026
6214
8975
9475
2816
7478
5129
8521
2406
6225
2064
3416
7351
7343
7119
3885
2583
7993
3117
2722
6246
10
3986
1721
9441
6436
8182
8174
8605
7686
6424
8851
4029
3883
8178
2277
5983
6717
7127
8542
9487
9649
3701
425
4836
9597
6202
4324
4359
9412
3236
4919
8917
8352
5816
7574
4209
2837
2652
8263
5783
9374
1450
479
6897
8115
5918
4472
1840
334
2193
3793
7475
6772
6878
5524
6631
6840
2477
1257
8050
5817
871
1303
2942
2141
2651
8297
7045
1295
7816
9790
6926
428
8324
9697
9694
6705
2344
9565
4109
2716
376
2514
8786
370
3528
6230
8898
1535
1818
5272
1090
6184
9576
9441
9685
4030
6688
3946
6723
3291
8093
4612
7394
9730
8894
8459
4565
9319
8303
5376
4890
3560
6415
5076
2734
4116
1322
7535
7392
4150
8953
1152
460
5769
5071
3857
9186
8645
90
5881
8002
3250
1549
5448
9149
6753
3647
3253
6375
1315
6644
1215
9366
3669
2148
111
1316
3809
1342
7675
8817
4428
854
7128
2804
633
647
9220
6860
7603
4226
1241
1341
68
2482
2129
9776
1051
9016
3569
2479
1806
949
8541
889
8343
5468
6647
56
3265
658
7714
2141
8584
2800
1352
1227
2312
8298
7820
4629
8599
321
3793
5222
2743
631
7888
8146
7577
6146
5924
6573
5378
1272
6179
7723
8996
1877
2368
7257
4571
8495
8623
1135
987
2476
8749
4355
1291
1845
5696
2878
8964
8762
3351
612
2649
7148
6540
6331
5766
5431
3070
3922
3038
4008
5154
6955
7375
7686
3856
4121
3026
5978
1757
8002
2872
2082
2618
8843
2916
1491
7561
812
5146
4309
2534
3534
7267
8129
7658
5302
913
2665
3140
5309
5090
7678
4279
5419
11
3716
5495
2850
6246
9498
3795
6214
8399
8110
6838
3385
1940
3037
8232
5823
8851
2659
1129
564
8928
2096
3134
1220
8682
3551
3828
6143
5392
7237
8066
6674
3400
5077
567
2211
1439
1029
548
918
627
6918
7318
7915
1045
8311
5437
2493
4151
8083
5828
3948
9643
9626
3511
4441
6380
5173
6477
7795
3916
198
5278
1586
1756
1254
9216
518
23
5708
8201
4373
9320
4570
9372
5404
3663
3334
2849
3031
490
4256
5658
886
2906
7294
5409
6220
2370
1505
1509
3660
7938
2276
8911
5439
7931
5417
6445
208
2190
8264
6276
3468
3501
5470
4222
3841
4523
6597
340
728
2077
5213
3798
9288
1003
6133
5752
2540
8452
1085
4175
9221
6518
413
766
2507
6954
8637
8061
5586
3468
5228
4051
9158
5817
1663
3550
6759
7314
3759
3335
9613
2117
1611
4791
7796
8470
2387
4984
5819
3342
2836
2777
3551
947
4215
5967
9791
4903
637
759
8828
6091
4478
6054
6239
6872
9147
2047
4985
9356
3044
2613
8108
1538
8597
778
2487
1599
4007
5465
698
7016
4364
6688
9672
5522
6488
9507
7011
4911
3397
8468
8743
8589
6811
7237
1415
8860
7869
8543
1825
6331
5045
4602
3266
1350
1714
5164
8267
2668
3566
4530
4599
3599
1641
6230
8516
2185
9176
3914
5115
1035
6702
2244
6830
9185
2521
948
7250
8966
4722
5284
9641
881
6363
2182
9448
1958
2618
8955
768
2887
2272
4112
7465
1763
8370
8277
7357
1834
5946
3193
1409
6016
5148
298
9434
56
5099
8968
5775
5950
8102
5112
543
3173
8776
5292
3016
2841
6724
4724
8027
7934
1664
8705
3954
8559
6916
9313
9282
3840
5606
6205
1436
8793
2521
5469
9049
6509
6451
7483
8242
1967
9245
4613
4628
6204
1835
6803
5510
3797
9359
1522
6412
4770
6358
5498
3666
773
4168
3520
5353
8989
3079
7265
9374
7377
8846
6913
2201
6326
9244
4115
1993
1367
4395
5341
5338
6591
2093
649
8670
646
5350
1848
5028
8179
4255
9683
6327
8022
162
197
4203
8127
5076
5115
9169
1550
1593
9074
6626
7
1721
1865
2696
3330
8133
9282
7226
4587
3566
2575
7209
5920
3988
204
8396
7449
8388
7681
1486
384
8480
8857
4109
3971
1173
8512
6269
3118
4860
6863
2871
1500
9665
1600
2344
5031
938
4288
6222
6725
9026
1707
5121
6470
4389
6900
3888
2110
6784
5837
1725
6478
6087
7866
3898
358
7873
8225
2811
9068
4489
3644
6742
3375
7474
2705
7735
8467
8548
8852
7417
9718
1929
4760
2131
1632
9701
8130
2625
7893
3001
6719
9685
8661
5920
9217
8640
3237
3722
7795
4785
9177
4899
1676
1699
88
475
5580
8067
8015
3149
6856
5758
2203
2518
3080
6497
3200
653
792
1764
3919
5576
6434
3434
9538
9659
2615
7984
483
3120
2441
6732
5943
1029
9532
5282
8378
133
5981
7295
4880
4324
6835
9406
3672
1950
573
8622
5667
6344
1578
1709
1400
1161
8284
7065
2536
732
3134
5047
2044
5048
392
1386
5301
3797
3816
2851
5668
6214
7890
4002
5026
8538
7462
1850
2809
3360
9706
4714
9608
8289
1027
5730
6748
6551
6893
7617
5430
8472
6496
6777
4337
4767
4226
7500
7097
394
8248
4593
3573
4480
5323
9219
9620
7279
5152
8167
7084
4449
8944
1073
8977
2070
3321
2268
31
7297
2789
5869
4052
2227
527
7634
9038
1359
3661
2215
4512
8588
7390
8239
7753
371
5218
2439
9307
2898
3776
888
4566
8834
4924
1912
1676
3860
5288
5743
2068
5066
3038
3287
5100
8946
5366
9472
7523
4072
423
1322
574
3829
5219
7090
5311
9764
6789
2169
1851
7469
5256
1585
7809
6957
5101
6805
9487
3106
4881
4056
5559
8997
3417
6102
564
5020
7238
3258
9151
4246
752
8375
4234
343
5704
8133
7670
3463
3833
693
8932
6568
1676
2179
5373
4635
7801
7480
9673
7272
6004
8432
8391
1743
3925
9698
3913
7557
7239
7886
1917
7624
114
9080
9089
2337
3986
6632
106
609
5374
9721
257
5010
9272
4824
4041
7956
5276
6091
9715
7962
2974
9204
8059
138
3986
3429
4157
4245
8818
9776
8264
3310
6791
9371
60
3390
6974
3752
5395
5609
6837
8802
7879
1933
7803
3725
2217
5280
6478
4326
8020
4682
5588
8666
7351
131
3190
1165
5550
9049
7199
7852
2544
3826
2804
5948
6491
573
6782
2770
3050
5087
7653
2057
9314
3321
2351
9469
2379
9431
3406
1542
9479
906
5017
206
8393
7007
3574
5232
1494
3547
914
9184
6755
5790
4226
6328
8970
9694
5468
4413
7534
4744
4532
3243
6937
2008
5573
1720
6673
2030
1986
1916
2680
5719
1428
1248
2728
6627
8245
3192
5507
981
2167
3513
785
6198
9338
4838
4825
6879
9432
6345
6517
7060
8688
8379
6561
77
8968
6884
3222
5191
5092
4139
4552
5630
5659
847
392
5703
2857
2828
5997
602
1486
4124
5885
7783
8509
2842
7264
5229
8773
7605
9459
3023
4531
1488
9616
6275
444
2168
8805
8582
4067
6065
7339
9062
4842
481
9128
9797
9028
2385
3246
2923
3603
6218
8399
981
4732
2335
8788
2266
578
6071
7523
2276
7483
1127
657
2292
498
7717
8680
6823
7971
9337
5998
6751
1979
6649
7349
57
657
7382
3746
518
5965
8330
2779
6859
1647
4443
7192
5745
5613
3027
493
7968
7881
850
715
2598
1248
3491
2438
7086
9174
1377
7931
4221
3927
6410
8698
2425
5360
6730
2123
8198
2735
1547
224
7465
3552
3373
3426
8690
2305
5089
4913
3303
8808
2809
279
8194
3441
9050
3528
8915
6328
6169
5157
5978
9262
6692
627
7433
5521
9390
3779
2000
641
7633
8436
6966
1472
4137
8991
5161
4356
4637
3121
6066
9066
1307
4149
5440
3299
707
7515
4694
8894
172
9538
4832
7681
6621
2068
7670
4160
4332
1368
277
6925
3803
594
1483
2642
7293
7198
8758
298
4744
1174
3186
7764
5188
2672
95
8861
1808
1436
9155
4075
173
1313
425
9624
7177
5295
4795
3527
487
107
4099
1130
4609
1302
6543
8503
4044
1452
1682
9260
9439
6925
242
9757
3849
4985
3211
8565
4805
4648
7007
4153
8773
5111
2278
1660
5000
2072
3174
8925
839
9604
8474
2063
240
5269
9486
3465
7716
3979
4228
1250
929
8054
2108
724
5567
6382
7419
6940
9245
8275
284
7266
8916
9485
1965
8736
916
5433
1415
7125
5837
3440
460
9672
1518
857
2359
1161
2703
8475
4548
9081
489
8299
3014
1854
5848
2493
5361
7532
1418
273
4967
1579
4698
6860
1822
110
8074
7435
2113
4014
9185
8355
7227
2361
1903
8220
9161
835
6682
7915
7934
3742
690
2632
298
2015
1407
9775
4245
8397
1708
4901
5584
6387
1604
8997
7306
9083
401
3287
6455
2232
5640
1290
6013
8862
7286
9741
7324
2347
5902
7581
4874
5011
7444
7461
7449
2383
3089
1887
2812
7907
8115
7248
7966
3900
4287
970
9361
4913
798
3509
7512
7742
222
4795
8445
7497
6023
1177
8856
274
2926
3327
7157
4590
3613
6850
396
9146
4376
1349
7010
3064
8952
9388
8136
1199
5698
4716
3921
7689
8020
8614
9022
8975
9415
7209
5946
7746
661
7604
473
4499
6193
9202
6798
6706
5314
889
5774
6527
6977
283
3478
9736
7489
8787
5705
5666
5273
3048
9206
9194
7606
1915
3348
4518
2603
4102
9188
1982
5232
9238
7285
2526
391
4664
3563
4859
9519
4811
9155
7334
8745
4642
5499
9108
693
2389
2912
3940
7894
67
6066
6129
2816
4528
5475
417
1278
6874
6618
9284
7009
1678
3828
2391
6928
6865
3333
1343
6553
8520
2359
4550
8224
2842
6973
9091
6399
8252
7194
5634
6088
7925
1275
5754
1922
4135
8926
2039
1157
7779
6461
4093
6120
7553
9018
7504
2442
4082
3861
2085
7319
6211
2890
825
1145
2899
4819
8586
2655
1083
1279
8344
8020
9118
5942
1629
2048
4350
6428
1322
3339
952
9640
4926
3545
9501
1830
2848
8892
5554
89
5913
8845
6359
8569
2087
6583
3169
34
2907
2321
4881
7821
1997
8832
7926
8425
795
1175
6072
3468
1591
2839
4347
5291
1737
8545
6092
5167
945
5355
4357
4882
7856
5791
9108
5728
6266
5420
8383
137
1995
8414
2821
1524
4483
9007
7484
4875
7297
4151
2935
1834
9230
9593
6241
608
3361
5728
110
9201
9040
4574
1825
4006
153
1888
1238
7290
2021
7943
1712
1931
8196
1805
5571
839
9199
6235
3263
1733
1418
3077
7666
2716
8723
1130
4800
2899
5363
5345
1536
7924
5445
5508
2435
8805
6240
6328
2730
7256
2585
8118
7447
1177
5803
7022
4664
7389
7866
9078
8552
9088
8349
1119
5757
2859
5714
3209
3566
136
697
941
8647
2024
6721
3812
3945
4945
2098
1552
9346
8167
4123
7751
5459
6722
5751
9533
2330
7693
8961
3502
3063
2
7181
3208
2479
2349
1049
4869
8420
3783
1692
7676
9698
1867
9247
4702
4871
763
5596
9415
8980
4083
2630
2545
6723
2067
6275
7833
9487
2483
5905
7727
3918
3151
3619
5132
7865
3235
7648
3652
748
2660
3484
4064
1087
553
3516
597
8819
4618
6115
8137
9512
6998
1685
361
5279
9588
1971
5563
8085
3950
9461
1945
1486
9545
7280
7892
6606
6642
9612
7882
8009
6482
2303
7646
8629
8797
8274
2743
3771
9698
7241
5275
2294
3253
5143
6746
2431
9649
7754
3030
9597
4891
7595
9739
8647
2050
3130
3288
4388
4402
2491
952
3615
5263
5899
153
4045
4376
3918
4141
6401
9740
5088
4132
3559
3025
6173
9741
5476
7223
476
9377
7941
2358
306
3190
8326
7675
619
2310
503
5314
914
680
1195
4992
2158
3275
9453
887
5711
2422
1212
9132
2878
890
4159
5947
3008
2881
3688
431
7308
3648
5310
6704
9495
7103
5078
1061
3148
5659
7570
3233
5485
6534
6869
3245
7290
5387
2561
4075
5501
4742
2667
9329
3066
8267
4570
8785
1138
8168
5266
4822
9684
525
983
5102
5864
1414
5746
5871
1003
6555
6571
6030
789
3470
3112
4638
7156
6685
5264
598
8823
2333
220
1320
522
7868
974
2486
6845
3865
758
9034
8027
5485
604
7313
5304
815
8521
9095
1774
5644
6855
6429
5495
8898
25
6512
9280
5915
7165
2808
4971
1946
5084
3788
8048
6337
6450
2557
3352
4972
3360
3097
9103
3644
681
3238
4674
2312
2680
9420
6238
6394
7785
2416
4644
3580
680
8323
3555
3279
4347
7983
4324
5745
4430
6096
5860
7137
8578
5361
3855
5834
7868
8330
7459
3177
251
8199
3967
9525
2632
7984
1447
4086
7646
634
5295
6459
1101
5711
65
944
5627
8080
4278
2765
4752
529
4973
6548
9524
5891
448
8181
6010
7955
7228
2002
114
6711
7437
2634
2391
5662
9428
8158
1489
7640
280
9131
3635
2848
2358
3121
4601
20
7308
1313
4066
8946
9130
7918
4696
1913
6300
8917
8047
2920
6555
106
3429
4125
540
2649
9304
1957
4759
3583
4547
3996
8425
3749
2635
8747
254
1336
6704
3151
7789
3143
5374
8435
6011
3145
7778
4982
5970
345
1208
8444
4727
3906
2121
9682
9779
498
3922
9474
6935
80
5856
1059
3554
1673
9084
6411
4791
3024
7420
3339
1489
6247
4108
12
2403
144
5743
3274
5003
5847
5869
1438
570
585
1881
7294
7690
889
9789
7707
941
3736
3503
5108
5679
3998
5654
3594
8546
6278
6357
9696
3429
1676
6978
4936
6917
1197
6988
5830
5016
6188
7299
5970
3853
1148
5493
3980
5776
3535
4264
1182
9109
2034
8110
2143
9186
6270
1242
5581
6445
4895
3678
6136
1787
7123
575
1309
6965
659
6239
6411
5837
8540
8049
8323
3370
3834
6709
5356
2400
3364
90
1800
5730
6153
9788
2433
7273
5075
3223
5584
3085
4163
6445
958
3166
5248
5728
8458
639
9682
381
1680
2361
4349
3387
289
8079
6347
8673
7883
9119
3759
7683
7895
254
8009
8309
6106
9672
2110
1980
116
9105
3805
3109
2197
4944
4557
2008
5566
269
54
3651
2431
7859
4452
8525
904
2816
8057
240
1609
7790
8045
3177
6069
3435
304
9148
8125
2174
7968
936
9445
6975
2339
7577
5695
3194
5002
2238
3555
690
1180
2091
7188
6734
7409
2444
5969
5536
7648
6562
3961
1177
3108
8909
2995
8776
7278
4182
1963
3189
1261
8998
3554
2820
1152
4946
8198
5363
1590
9309
6701
4855
7280
775
5044
4512
1433
8257
443
958
2318
2343
727
4033
3157
3885
3216
4478
7504
5448
3982
6766
2410
5425
4046
4678
1604
2838
2471
6048
9166
648
387
1491
7434
5341
7411
9453
4817
8606
5785
9493
9485
89
550
6961
5892
8197
2787
6896
4733
2582
5863
9121
846
4077
5492
9651
58
8973
9297
624
233
8184
2486
6078
6276
4766
7402
5767
7744
6022
4268
8330
6550
668
9735
1235
9041
3443
4940
2
8390
5141
6983
9647
5012
3805
3173
6344
6636
9093
7967
1186
6157
302
7385
3802
752
9126
466
7615
9631
2701
9207
7743
238
8549
6081
286
6526
7795
3846
9216
9731
6141
7999
6727
2327
4895
6514
3671
9213
5983
815
5919
3577
3014
3634
9539
4456
731
6108
1269
9333
8743
2602
2720
2718
2669
8796
5237
4174
3800
4060
7007
8354
381
6077
5553
4873
5989
6065
6761
1138
6910
5620
215
6592
8458
2867
5694
3047
5839
8986
2267
8549
1962
8270
802
1377
436
1688
7601
4993
1997
1730
5391
8550
4225
2961
6304
935
1024
2931
1907
2672
5021
2339
1291
1922
692
2078
9357
4763
1224
4855
218
4826
3915
406
7510
8758
7999
7132
5201
1106
4329
3392
1602
5347
1218
3000
3887
2422
8173
8366
5222
5897
874
3664
4101
9562
329
7987
1359
893
4959
3167
5390
5487
252
1948
5845
8826
5032
4681
2568
1813
9405
1338
6593
7119
3539
6628
4674
8220
3629
2009
5328
6108
3371
6104
1235
4011
7593
4571
6874
2750
1297
237
7117
8050
4229
1287
8955
6447
8765
7574
6289
7277
8084
4407
4771
8857
5168
7732
5037
1969
38
6027
4185
4041
4642
2136
3764
3291
3811
7253
3957
8420
4084
8175
3948
5265
7738
5954
565
5371
2906
212
1633
671
7092
370
1856
8824
6801
5890
6266
1013
2249
873
6178
8694
4278
4260
2590
5501
7426
4432
4906
8931
9444
8186
4226
3467
930
7121
1915
4686
1856
3068
5805
9477
7072
2456
1338
9264
875
2381
6192
2706
5362
9738
9798
6878
2184
5007
2620
7525
6290
5113
709
4580
9350
256
3030
7739
3790
275
1823
865
6828
3576
4088
9572
9780
3220
6817
720
9068
6946
4809
7232
1096
2787
9770
500
4945
6799
2469
4519
6594
2279
2045
662
6834
3582
8814
5632
8348
8191
7117
8338
6813
9467
4561
3184
6215
502
2797
6200
8521
8584
4366
672
9100
241
5358
1809
7770
9412
6773
6241
6987
9515
9144
8824
2663
6308
1845
740
7245
6419
1110
5080
2204
4853
7550
8782
8246
3928
4437
7298
8759
5024
3208
3900
499
9015
313
2126
4654
1277
5343
9223
2435
2011
543
7859
854
2737
4043
1385
3070
4119
3301
2727
7644
1560
9771
8315
8180
7870
392
3562
8167
3079
4869
7921
5707
7598
8545
1506
5936
4126
6068
9252
9341
4255
20
9457
7914
402
6239
1629
1122
8940
6607
6959
1259
3626
4266
8606
2311
7734
1884
6870
1268
8094
599
521
1105
5335
7316
2332
791
5871
3849
4164
27
9365
8978
6037
855
1627
6415
2803
9630
8512
7881
5646
5109
5744
8688
733
7097
465
1588
773
8766
1480
1141
4527
283
664
7553
5009
3554
5640
1927
2494
6876
9340
5236
4313
836
480
1952
6235
9758
8831
1183
7859
6501
7620
4425
6950
6226
3735
3057
9079
8745
9601
4474
8732
7914
2054
306
8507
9090
1334
1089
7743
7873
6615
2533
5084
4910
8689
2253
1485
46
5384
2157
8461
111
2166
4255
5429
24
4546
3983
2220
6806
4136
720
4515
3230
7158
5890
1258
8927
9292
3700
3621
3724
1889
4282
849
3592
1140
8038
7171
1944
3061
5611
1388
8060
2802
3852
1806
1851
920
1700
8911
8326
2156
5660
6909
229
3378
1670
493
4987
6061
2935
172
6794
6067
4937
2755
231
4749
4801
3747
9781
4223
8351
5199
5887
7504
7768
1294
2984
1123
2335
2929
3581
5018
5729
5313
948
8744
8255
348
5627
867
8711
2133
2251
3102
2805
3075
5364
5513
7520
3242
1188
5470
7634
5530
1384
7728
7652
5442
6476
8997
7609
5494
1093
9386
8600
7640
8945
5344
1411
3914
1892
1938
3552
2725
9166
8915
2210
8824
4508
1781
6260
6327
8903
1947
1045
3756
9356
3112
1160
1554
5881
2321
7766
5453
8713
7014
7574
8261
4862
368
3462
4939
2253
8423
1403
869
1014
742
4425
6495
463
3932
1733
7108
91
980
6018
9190
6162
8169
5480
3106
3782
7701
2962
8693
2616
1134
1225
2142
7759
1857
9724
3711
1555
3646
7207
8097
3716
875
7610
1538
2237
2412
2081
3294
862
5180
6195
5099
4217
4628
7567
5753
6059
5228
4389
4072
675
2968
7460
4962
4819
5760
1899
9446
7960
2648
7836
461
2529
7121
1594
104
5925
5593
663
9300
6164
1706
2946
7234
8326
5786
9483
3512
209
7307
8202
7497
797
6538
8008
4771
4129
7525
3834
406
4428
5311
4200
2492
3383
4029
3381
4817
1159
9021
2045
4062
6834
1307
2732
3127
8644
2812
1473
5743
5679
7506
8458
2166
1294
1627
1501
3416
2812
7477
3810
478
7091
9779
3076
6115
6813
5946
3862
8487
1754
4091
6433
2330
2770
5857
6113
6452
8966
8194
8318
7656
3623
1140
5881
4504
9138
2287
5839
924
6080
8698
5683
7474
378
1234
5736
6835
5604
5528
6752
3910
1893
4024
3192
3725
3645
4423
8101
4832
189
4685
4678
9585
3466
628
1434
7996
3637
5117
6537
6997
374
1805
1168
879
9591
7550
7503
5803
2222
4724
6133
9567
7739
3218
7736
3197
2162
9215
498
7622
9658
7477
2889
132
1146
3374
3784
2641
4647
8000
6886
219
5875
8396
9
8715
9395
6449
9499
2020
9425
7157
1293
1531
9765
6156
2127
6906
7442
9583
6921
4363
1743
8437
6668
6233
4478
7812
5843
9252
1999
980
9518
1296
8111
2335
1339
4000
4035
204
8334
1786
5265
9070
5390
9717
8839
8952
4804
4104
3732
102
5463
2808
9648
2215
1178
7197
5560
9727
6909
9234
6032
1110
6688
9293
5500
7120
8776
1977
5260
5463
522
1115
687
6636
4501
4477
6355
1785
8
2553
752
2119
5937
5781
427
6537
8900
9544
942
7717
7433
6942
4133
337
6944
9145
5561
6829
9363
8438
8390
5226
1630
4592
479
2478
1291
2397
4725
6017
7426
1403
2824
3071
5781
8530
3910
9197
2719
2783
5516
2850
4032
3049
5021
4166
8457
4713
2761
7287
1683
7014
9510
5741
5238
1446
6919
3402
5318
8471
181
3219
3268
5170
1662
1086
2068
1549
5262
3161
1994
6650
7698
746
3116
7760
5933
7830
5224
5472
9413
8056
8394
4939
8596
1017
1115
2444
1567
8671
4815
4420
6040
3198
1147
5478
4661
1363
1435
5864
6758
4507
7083
3327
5115
6523
5426
2536
1645
2747
7851
6059
3363
4813
7846
4570
1797
7299
9558
7847
1834
1624
5519
4670
4524
18
8495
8582
7543
1391
5865
99
903
5552
7912
6498
7679
6742
4718
757
4139
6628
2609
6713
2214
8154
2737
4721
8858
1233
5454
3499
9227
3519
7907
6126
7975
2133
8808
8132
7366
5635
303
8761
7418
2732
7284
3298
201
2148
2648
5316
745
2787
7612
6549
6099
2815
5431
944
8767
8782
3918
8023
5294
1505
4931
5173
1587
3842
6064
1474
6330
1419
6869
1967
7104
9305
8220
7441
8838
8631
8090
8382
6719
4700
6569
4575
2046
1742
8686
5658
9667
5143
8096
681
8493
4704
6626
6163
1793
982
469
2008
9751
4676
4187
8008
991
3132
9370
8483
1501
4486
9763
7982
1223
9036
5534
8365
454
6654
216
6370
4011
6315
7906
7789
2083
4224
7275
6551
1525
7605
2007
7092
9180
3254
2420
3776
3253
3125
8328
9580
6909
8504
6709
4247
16
5602
7043
256
1642
3103
1257
8808
8935
749
9610
1638
2732
5455
301
8862
3739
1404
8319
322
153
7062
1617
1364
220
504
6593
2144
9679
2038
1908
9205
4512
9013
2262
4292
6097
2544
6305
4731
6528
574
9366
1910
6105
5180
398
5014
1406
5109
6864
3843
4316
2002
2325
2601
4465
7987
7270
261
6873
2683
6368
150
8145
746
561
1443
8485
372
9760
5609
119
9119
2679
6195
179
2670
5954
6674
3731
4131
5808
2119
9417
3397
3437
7118
6904
1524
2672
8560
9012
8199
8872
359
6303
525
6856
5963
8859
1066
7346
2133
3665
8631
3494
533
7732
3489
7929
6582
1034
10
5187
2813
1093
4120
7443
2650
3876
4839
6085
7980
6486
7558
5455
8650
9571
1006
9456
7301
2585
7695
6189
8747
3309
893
8518
6832
9752
3439
7026
5964
5006
7820
9399
3608
6007
608
3937
4167
9259
1603
4530
5807
5779
2775
6489
8388
9596
2531
5709
8899
3157
3207
6090
2966
2911
1262
7258
1398
346
1412
5240
9465
920
7088
4526
7805
2046
6953
2261
1627
3709
3056
7680
6689
2771
2147
9308
3711
4132
863
3271
5095
2932
2118
5490
6330
5059
8318
8474
7082
7403
3868
8529
9782
8931
7530
880
5415
5555
472
3889
6873
9506
1085
91
8925
495
5443
159
5352
1134
1723
9587
1528
4197
8168
9585
8677
4617
8384
5876
4649
7737
5902
9769
3532
3873
7425
9685
9655
8088
4843
8745
4211
3185
8480
4634
4889
2926
7624
4028
6083
9003
5770
3333
7403
2265
5102
3515
1712
7332
1266
5170
6534
5074
8921
5896
5203
3859
8075
601
1457
8755
135
1653
2336
9184
5320
6717
8417
5003
4239
6885
4189
1550
5824
2330
3834
6441
6919
2988
5389
6391
7264
7047
2180
6696
9106
152
4097
7583
5446
2485
7349
9404
9795
6483
8055
2527
6698
9513
9748
5822
4834
3751
65
7862
8759
6203
4380
4421
5737
358
6632
4998
9029
3525
8811
5555
7568
3379
1609
7239
2053
8429
9500
5161
8380
400
9569
5359
1536
3859
7684
3801
5765
675
8806
6154
5039
5444
486
5642
3019
5762
8199
212
4534
3214
4298
8669
3912
5668
2536
1878
7421
4957
5196
7272
4861
2803
5587
5886
3506
6883
448
3163
8565
1223
3372
6047
8224
2602
4167
6709
9711
300
5014
7260
9010
8739
988
1899
2290
2570
8668
9217
2833
1775
4064
4850
8661
6650
8362
6955
1335
8451
8359
4087
5271
8733
8584
7240
8732
3331
5780
3200
3518
7551
7627
8475
5785
7572
3182
5683
9391
7172
3259
1274
5878
5089
6700
6609
4544
4302
4515
6468
866
2062
3590
8238
5926
7810
9097
3239
7759
3583
2110
4584
3851
9378
2528
1611
7044
44
324
5709
8756
7378
7883
8190
5748
1611
2639
9314
3631
6227
6690
7560
4623
552
6866
5972
5137
6706
7582
3976
7005
420
7231
3908
4472
6372
872
5721
9259
1222
3455
734
4826
8857
8039
5052
4475
4113
274
1805
7422
5979
94
429
8247
8144
5575
6147
5732
3433
7080
5059
2105
30
1673
5895
5116
1576
4743
6849
1962
6673
2066
6671
7623
8459
134
2017
1165
7405
3076
3183
518
2692
4385
9369
7624
5612
6260
2139
3240
6610
8557
4004
2588
1213
3539
3189
6696
864
1118
9768
4820
2327
4053
2011
1356
2563
3078
4304
9270
9031
2855
9284
9107
9406
1196
9409
790
5652
8221
7854
6416
2102
1520
8313
2725
8323
7838
6977
3255
5294
2273
87
6170
7689
5915
3190
7767
2752
7719
5593
5562
9547
5501
9141
3867
4490
2184
4701
3797
1265
126
8397
4743
9783
9645
2620
8157
4838
638
9172
344
4375
8363
7764
4889
6957
6288
8879
3762
2988
7956
902
5904
499
7486
5870
8733
4787
1688
5552
9056
198
5896
196
258
2721
7874
9475
6951
4257
2607
7895
2623
3011
2143
3306
9422
3681
3511
4778
8717
4900
1698
9603
6029
4346
3662
364
8119
1639
1032
3787
6424
8082
8154
1690
4851
6634
7656
2329
7546
9102
2152
533
8874
7304
7691
8672
1015
3001
4789
4672
2206
3039
9370
3587
4981
4928
7781
5175
51
4370
0
926
8356
7166
3042
9758
278
527
4925
1065
2418
59
4269
4866
3551
7782
1739
975
7740
3187
2147
8120
1437
3391
1288
603
8590
8993
921
5046
9253
6849
8641
331
2985
3705
8301
5438
4098
2490
7150
2247
46
9330
6624
1504
1332
969
8395
1901
2038
7636
1623
5559
7680
5357
3476
803
954
1193
6940
4585
9090
2776
2670
9508
4865
6568
2073
8571
1438
603
4960
4632
2753
7057
374
9238
299
5914
6205
9090
9581
8323
4845
2933
2167
6091
4636
7053
2523
2825
2203
2228
1381
4853
8046
2969
8649
2971
290
291
8423
6832
2530
7665
58
8556
6482
489
8498
6427
2173
6576
3896
5675
6604
7369
6048
8119
3617
4702
210
1531
1915
8011
3336
3620
6195
6508
7461
8483
6104
1989
2426
66
1124
7406
6043
7748
734
1770
2976
9611
7699
1864
2267
5136
6750
1166
7422
1151
750
383
9534
3631
5486
3844
121
3741
506
3904
255
2236
9571
6619
6813
5641
571
8469
4178
3356
1100
3448
7229
2849
3298
6681
1939
8107
9492
8441
9501
9350
807
2277
4836
3273
7371
9159
7095
9626
5155
5882
7412
6812
6841
8176
7706
4
9549
3301
1837
5214
4929
3696
8033
7059
5141
1623
5040
9271
3444
4199
314
2816
9200
1344
321
2948
2949
1459
6923
7318
7225
412
6979
4049
2154
7304
3058
8527
9340
6826
3033
2953
6953
2726
7938
1317
8678
2466
8135
5152
3385
1602
4732
1885
5453
2450
6222
879
1858
4019
6626
4561
9472
7491
4148
5469
320
8249
6215
6597
1369
5963
8708
6190
9443
116
334
8662
5567
2695
8197
9711
9385
7194
1478
5542
3466
4307
8908
6784
3572
8179
2544
1053
8949
8003
4009
4345
3292
94
1405
5
2169
6612
6098
9291
7449
2493
8844
2058
1746
3380
9660
3222
3985
2405
2426
7453
1537
9142
4084
4692
9112
3508
8861
4970
6830
3785
8929
1926
3762
7264
4102
2116
3516
5454
1965
9343
5191
5801
916
6070
8608
5042
775
4621
975
6491
2595
3685
9534
3863
9692
5980
3985
4968
1538
7655
74
3262
9697
5
2342
6338
4324
6736
2636
8637
3320
747
2936
8676
4266
8315
7461
1617
2620
3803
5846
8210
50
2389
2806
5197
7066
6606
1711
7032
6717
769
8525
9759
6880
2176
8968
2195
4563
7933
4258
4585
7078
7177
637
3386
6479
6364
8099
2634
6262
7476
9724
5622
9751
1697
1833
7965
940
197
782
3412
4655
3720
7500
7662
9113
2968
9
2224
5806
3933
4751
4997
6716
8149
2671
1657
1085
1583
3745
2741
2852
3466
6291
7692
8370
4264
2323
3894
4186
3185
3392
8976
1723
1920
7047
8660
8896
9636
5693
8024
6917
3195
9249
8058
5051
8972
7557
1854
5172
4260
8318
7371
4252
8565
2009
4042
2475
9180
7844
3196
3879
3925
5058
6095
2553
5098
6410
8871
4518
9606
6543
9163
1456
7226
2193
1365
9585
768
144
3882
2713
108
444
2337
556
5482
1840
3867
9440
2948
6484
2806
1361
2067
7388
8999
4864
7201
8315
7626
4059
2111
5401
8728
7026
415
8683
3540
5825
9438
8915
3376
5134
1014
1908
9728
6115
4052
141
3366
163
6715
4696
5336
3478
4513
6482
4741
3690
9107
450
396
4158
9413
4707
1566
5158
9472
1758
8114
2204
3340
1395
9581
8722
3846
8392
4843
6840
805
2920
7695
2210
755
408
5687
9081
9601
7893
7270
5374
8241
4314
7608
7711
7985
1715
8470
4746
5652
2179
1519
8267
583
2065
8751
4974
3265
8730
8044
919
6246
1495
5895
7365
2764
886
3223
4992
3412
2342
1521
8394
5133
6462
4486
470
4421
689
1475
2137
3640
3661
1271
9124
5298
5774
46
7278
6151
3417
4394
790
5760
344
5432
2673
4715
8848
5637
908
4243
4435
5858
141
6868
1956
5801
4732
4294
3618
8960
3224
2893
5004
5270
7277
2385
5302
1001
4639
2808
8849
3242
4356
4946
1190
2605
5461
2412
4218
5789
4779
2919
6101
4169
9149
3873
9769
9261
3162
2853
5252
2694
5873
2377
8642
973
1868
6954
4342
4391
621
311
9161
8347
3160
616
395
4410
364
5556
8041
7761
3607
3054
2138
1956
7774
5471
6606
102
4035
4645
5387
4376
2785
9572
7606
7441
9159
2572
2647
893
8104
8227
5833
5637
5557
7188
4382
5818
1387
7558
5033
1264
7657
3535
2177
8771
5639
9372
1121
7230
6428
1476
1083
5511
1925
1905
5907
5313
6406
9062
1982
4653
8163
288
2150
713
857
4258
7167
8123
2550
5290
5880
3868
4808
3492
1625
5643
5185
2478
1015
9101
8331
7406
7977
34
7782
7797
4252
1137
6944
4729
2580
9718
9164
2403
5834
8564
1921
4213
2132
3624
3927
8640
3176
828
8907
6909
8126
1084
7801
4832
1324
4664
1045
5227
7869
60
8106
9125
7126
3636
7459
3775
7729
3344
8726
3329
6546
8978
753
846
8534
337
7955
4507
5273
6284
525
5957
404
9606
1730
8720
6470
9138
2144
5506
6673
335
1972
1172
1869
1258
5831
5450
9046
3064
6629
354
2823
6665
5155
2845
2498
5628
818
7753
6792
4322
5420
5822
8976
5019
2685
9715
7647
3607
4458
4564
6721
6075
4035
5607
6764
4372
6178
7486
3581
8674
7539
352
5667
1566
7917
9257
7030
8618
8247
9489
2790
8587
9769
9086
6027
7445
101
4188
9577
658
9607
1873
6958
1988
7872
2618
819
3024
6929
2496
509
2050
265
5682
1983
6617
9162
7975
9775
4647
2471
1154
9374
6656
1790
604
4571
8969
8988
1035
8731
3702
7689
5055
4133
5057
8357
728
2676
1696
238
8534
300
1807
2968
858
4350
5402
1710
2980
8234
8748
3313
4859
6339
1546
489
6484
4358
8232
263
9433
7170
1832
7492
3154
6401
7684
3950
5325
347
5494
9247
8350
6795
3642
940
6148
5557
587
1985
742
5741
1374
8835
7333
5594
3182
885
6642
2900
4015
7398
3872
2571
7343
6463
5560
8765
1398
8477
3055
5597
6036
3890
7106
6000
1040
2233
8712
6468
6043
4960
9404
3701
3729
9473
1200
4301
5560
2582
6386
2680
1217
647
5921
2693
8225
6846
1668
1188
4080
3260
2819
7177
7751
6264
6695
12
4566
8659
4938
1404
4692
7550
4956
8226
9137
1416
828
2258
7169
238
7484
8725
2281
4907
3378
7301
1658
7325
7793
3488
911
4239
7158
8389
1010
9795
7054
5561
562
1806
4291
5874
3143
4938
6571
1979
866
7154
2838
9434
4751
4625
200
6436
2784
1039
2544
8704
2139
3194
3789
2481
6705
6106
2505
7066
7465
8122
4207
465
146
9472
2729
8500
9790
3359
4076
5618
8550
9580
1905
723
882
4434
4093
858
6362
2320
752
6201
1293
429
3774
3823
353
7886
9295
2983
7830
8599
7447
4681
6568
5454
2001
3299
935
5348
8380
723
9047
8224
3571
2091
2831
7035
6747
5179
1186
6974
463
6775
1824
3622
211
9228
6608
7326
1930
667
7065
8362
5085
1749
8938
1982
7803
8304
26
3590
4293
3559
8191
7251
2227
1497
8927
3549
5912
8897
5979
7845
7469
2313
3996
7868
3881
7491
5617
3186
1901
6980
349
1851
4732
460
71
8517
2966
3060
7126
3840
2471
7028
1288
8660
2722
4713
4104
6307
4286
2549
1798
1163
7612
6097
7168
2989
5013
8807
4177
6281
9069
352
5680
9262
101
8333
2449
909
1669
241
2368
5381
2439
7159
7997
7841
4709
9632
8623
8419
6176
1573
8585
8643
2578
8635
2912
557
6521
725
9662
2033
9239
5442
9
1619
2756
9314
2942
6216
9700
220
928
4796
3049
7604
3949
6291
1087
5527
2386
9538
3429
6481
5210
9006
5729
5705
8131
4278
1608
6980
8780
2789
3493
8486
6036
6463
2635
590
2024
8509
8984
8363
6950
37
1241
7932
1074
766
4455
8195
1745
6956
2967
2543
3111
4886
327
6957
4794
1280
7037
6775
6910
6402
5096
6820
8950
7397
17
9785
3533
3972
598
1199
3622
353
7499
2651
957
1161
6194
5370
5639
4865
3937
861
4443
7437
5983
1447
7255
4687
1775
2154
8482
6421
6916
3391
1205
3676
4091
5590
4477
8766
9019
3983
3667
6612
5232
5278
3343
7879
9718
4620
3039
998
9664
878
2261
6000
1745
1682
5296
5563
8107
4784
7720
8504
3179
6811
3217
8887
9084
1005
5533
8171
4752
5606
2461
6317
1187
8296
2163
2663
5578
7368
5336
7439
4424
6060
2827
3926
5938
4406
4943
3271
1416
1875
151
912
6651
8975
3716
159
1210
8428
3588
763
8233
5085
1968
9711
7098
603
6391
6897
208
1666
8923
5313
1421
5934
2951
6927
6322
7939
3247
6491
6703
7349
6843
5376
4607
593
8435
145
9250
9525
3602
1112
125
3877
6306
8151
9094
8286
9383
1657
5457
9749
4341
3814
9566
4583
4744
109
217
5682
2909
3567
7810
1462
4321
8402
9757
8110
6520
2490
1004
6529
5790
5108
7415
5520
395
6265
3550
8420
5522
8176
8135
5685
8361
2110
982
9194
2825
3576
2804
6070
5548
2409
9522
2994
6310
599
2654
1034
7645
847
6595
7460
9432
2177
1809
9661
3079
6847
6206
6580
1609
2586
4492
9397
9302
7878
4581
3952
10
5897
2667
6924
4311
5385
9623
4943
1616
3847
1628
5154
1747
2419
8002
7899
1897
6061
842
6527
3130
137
6278
3287
8977
812
8217
1231
1409
473
7036
6220
9251
2339
5144
6798
8550
4351
193
1422
7483
6925
1987
8276
4787
968
7960
6775
1375
3994
8071
6490
8176
5332
409
2752
6693
4194
4228
7671
5070
7786
8076
8542
2981
3396
5535
1820
4864
2065
1920
5804
3322
5307
803
5975
3065
4811
1369
511
3320
9203
8809
9009
8155
7500
3153
7386
281
1273
7653
3163
1506
9230
5641
7554
2729
2745
8026
7660
2242
4126
8517
6058
6137
9526
2632
8837
4616
8660
5046
4742
3384
346
1164
1641
9178
4694
773
9115
49
6773
9198
2216
4740
9677
7526
8775
7618
811
1108
5691
7792
8659
6941
3313
2822
9082
565
7147
5429
7585
5264
1189
1204
7964
8314
1606
9735
3301
3548
4762
471
7090
2332
7387
2872
5409
6015
6030
9637
7356
4466
3843
4705
5087
8508
2130
8469
8538
4441
8001
6964
9072
6690
9668
4308
5542
8331
7965
691
4205
670
595
6900
1776
7018
3917
3997
5454
493
836
1306
1437
6578
6407
8361
5544
4453
2509
4391
2782
3024
9238
1386
2322
243
3086
2992
8443
3391
5948
8477
1164
3365
3636
7516
5010
5975
6723
6475
2474
1722
2562
1798
2024
1361
4482
9073
1992
9365
1569
1544
221
6005
1477
8828
7525
306
3974
1663
6412
611
2057
8026
5650
7628
6999
9321
3267
9674
9524
8325
9698
4355
8651
3019
6328
9243
1408
7034
6760
3434
6810
8903
8146
9561
4568
7888
9445
9764
1603
7897
2721
3443
5250
711
1661
4804
7127
5482
461
3595
6083
4325
4896
9709
5410
5398
6411
6785
9272
2890
310
3993
8311
7048
4341
1221
6537
6438
7164
1151
947
4063
3604
1381
8887
1469
3250
8797
2763
1478
7394
1907
9597
7067
1173
9317
9074
8359
3193
5429
4582
437
5799
7585
5396
2069
185
6508
9465
7335
3596
2813
8136
5936
326
293
3357
2557
818
4361
230
1646
4111
7150
8056
1647
1179
4219
4564
3632
3144
6629
4626
9145
2974
4871
6156
6176
6639
7890
9798
511
9470
1471
6213
2431
1350
3264
3740
207
1111
406
9303
6577
8615
9244
5549
1055
9003
6767
1947
3115
968
2092
4627
5610
9334
8608
3876
8613
4572
9324
8362
3635
6011
9267
4515
314
3407
3028
3966
966
3804
2682
7467
4534
5439
7352
7581
4152
4845
1175
7432
4730
510
4055
5613
7643
8228
3106
2480
2372
297
8276
7145
3454
8544
7717
5971
2572
9148
6302
7808
9759
9055
7427
6101
7822
9420
1646
6194
2193
2951
2993
148
8537
763
4025
7358
8912
4371
2246
226
5977
3099
8948
72
7307
4537
8080
1111
903
5379
6817
776
9768
8217
1571
9701
5157
910
4941
2816
1432
368
6090
1758
3072
9157
3730
3002
8818
7688
8926
5592
7692
9108
275
3233
3533
3691
8969
8049
1018
2825
8266
785
2315
887
5692
950
5406
4731
6235
1381
9666
4971
9193
2289
6683
5565
4438
6270
8447
3283
8192
2388
4135
9451
582
9073
3866
9360
6690
1412
8926
3684
3752
569
8611
6791
6454
2566
9430
2576
7536
1513
4938
7885
1760
4843
9059
3824
7389
1893
179
5978
2343
2108
3083
7401
6878
1948
3619
5292
8039
682
6694
9557
8658
127
6123
3420
9765
4651
3028
2970
5196
6908
1745
1082
5642
469
6197
4258
8964
5630
5797
9311
9639
5389
5018
7238
5663
4944
9387
6011
1165
6019
3741
998
770
9489
7900
6402
1033
2479
8656
3457
1294
5853
7746
7772
1297
6574
7521
7940
9100
6129
616
9626
3507
3323
2491
3146
8688
245
8348
951
1681
2989
356
1975
1651
1192
7756
5727
88
908
7172
171
5355
419
3276
7766
2161
723
1534
5257
8560
7362
5422
2914
327
1779
9048
2697
331
4333
5116
4337
8300
1056
7944
3494
6470
5156
9336
5378
2150
6900
6557
4195
6912
8042
2783
5242
5060
6490
6174
753
9035
5399
9058
2915
5087
5546
9172
7556
2265
2754
5564
7955
6185
48
9205
3638
929
8809
8286
8206
5242
3318
2124
7252
929
1060
6562
1491
8777
570
8322
9117
6143
2779
6589
4105
8691
42
4737
5611
7115
9392
2465
4227
3096
2474
1737
2993
5978
2558
5747
1447
9100
3781
611
6647
6642
9421
8726
3448
1963
8765
464
5650
8496
3086
3042
5050
5250
7702
1764
1124
6299
9631
2938
303
4454
5866
6232
3831
888
6245
4229
2279
5884
576
5544
194
4293
3249
1794
1926
974
8998
8522
2930
7032
664
5777
2618
3820
5437
7329
5572
614
1732
9091
6011
4374
4499
5503
7259
7923
9389
6678
6547
9610
6232
5417
4285
1697
7238
6892
2408
8161
8622
3988
2975
8354
9353
7852
2359
4594
8627
3715
8742
9197
6937
2752
3259
9517
8367
5152
3957
8543
145
4769
2462
8008
8145
7451
2325
8970
7575
4263
2228
6447
8184
8749
1961
8803
7092
27
3045
9244
3515
4804
4164
2023
3643
7708
414
4494
1812
241
7336
9112
5051
804
8895
4079
1399
9421
6305
2573
2892
5286
7774
767
2628
9030
2497
5498
408
3850
8927
5686
9438
3113
4999
5653
6420
2762
2223
229
2103
5247
3829
7715
2507
7282
1704
3693
2252
5887
178
1061
85
4539
1765
6533
3405
8434
6881
2987
8607
6618
5089
3887
5788
1555
3820
7607
4565
4958
6336
7381
1924
5417
2518
8985
3396
3867
7006
2378
4825
7729
5468
4712
183
917
7185
3892
6351
7192
355
1495
9574
9199
6730
4088
9686
7457
4858
6376
485
743
4837
1470
6013
3995
2364
6907
1422
3286
8261
7596
3601
6642
2612
695
6187
5220
715
6996
3714
7703
8545
8873
7489
7400
5491
2299
7279
2596
2318
8492
5183
3522
8630
6168
1007
9563
7116
693
4895
1614
7242
1356
722
2569
4879
2071
7919
4970
376
3628
2033
4966
8578
3833
2812
2217
5266
8900
9516
7889
465
141
2028
1529
336
8157
2148
5358
9273
33
4137
125
6231
7417
7390
4212
3379
1223
7481
5164
614
554
3168
2028
1815
1136
4315
9779
5016
9058
2549
4061
7427
7092
2217
6095
428
938
2486
5526
8454
9567
3768
2346
6645
5305
9184
9004
7858
5904
5001
2987
6436
1360
6833
8713
6911
6365
9323
3022
7936
7617
8100
6024
9146
2735
3789
3128
9386
2512
943
6883
2272
3438
4515
6654
6677
3107
9269
7761
7651
2703
1101
5121
6572
5787
1938
8380
7583
8037
7001
1071
7751
1632
3973
1515
6098
238
7945
5050
3411
8868
7046
8345
8172
3726
7134
7111
8496
7525
8717
2430
912
3354
2354
7221
8237
1097
7599
4669
7182
37
103
8522
4608
5001
6222
6009
8761
7598
4508
4350
5405
3818
8610
3449
6098
7773
2466
8207
314
7042
2313
2673
4763
1305
3155
5386
1761
3805
222
394
7216
3510
805
2477
7372
9455
5334
1319
2865
4319
9136
6845
7391
6139
5321
8796
6146
3762
1311
1149
1311
845
8096
9294
5414
1104
1490
8619
1816
5296
8826
3719
219
2005
6667
1401
3436
6139
3956
9280
1233
2956
5985
2582
3415
2844
7245
5564
6037
3823
8113
8462
3022
5657
418
6807
6417
6128
418
7353
787
6453
838
5553
2651
3723
1949
177
1919
6838
4502
7430
6860
7083
5078
2758
7756
4629
9009
4971
1230
4204
2759
3445
7003
2903
3926
1523
858
5604
1981
5286
7054
5462
8122
5651
120
5174
6512
7163
5521
5621
7668
3047
7191
4504
1781
3847
3670
6312
344
2779
5956
663
4284
8275
1152
4931
5763
2192
8034
7008
3014
2488
7850
520
8639
4652
5085
614
9231
1872
7009
5992
1418
360
9371
4022
1859
890
5757
6212
5250
1996
9332
2959
6629
3000
3357
7848
8377
6979
8721
2172
7229
80
7129
2861
5906
3958
2128
3795
2900
4418
8032
5183
1508
8906
7187
8593
6231
197
2438
2902
4987
2396
2648
1488
1244
5544
7774
6247
698
3788
1854
3734
9201
430
7390
3377
2913
4799
314
3821
7841
4176
1321
7731
8513
1128
8842
3238
2624
5099
8511
309
5893
6838
25
4843
9494
9586
1390
1226
3022
6789
9630
1175
5656
4403
7373
7136
8583
5667
9551
4138
3206
259
6902
7103
5645
8875
793
1021
7413
7768
9001
8309
552
2200
4078
150
510
6851
89
833
3314
3117
2091
8723
2019
4248
9472
5830
1662
3512
4377
2839
6191
9006
2235
2653
8770
1990
3835
6136
573
7441
5728
9063
1178
7144
4036
6834
8297
8275
3253
2617
4940
2097
5425
4984
8204
8662
5623
3427
4010
3685
9276
3513
497
5053
5343
7658
8969
7072
4084
6607
1613
5790
1937
106
3167
4818
9650
8248
502
4317
5713
7344
4016
4829
1994
5249
1011
216
4048
825
3161
8918
3775
5175
4150
6815
5558
1819
4334
6553
2
2579
1976
2977
2460
2776
2112
5792
3541
4196
515
6187
3458
3722
3187
9500
1770
4647
8397
4018
9379
3842
3256
8916
5614
2369
2980
240
7986
2009
6413
2883
3906
2392
2722
4497
8718
6154
5352
1880
6829
3442
6435
6171
5902
7351
5089
3749
8124
2409
5189
4622
1755
5263
110
5403
8252
4579
911
9341
5586
7446
6837
8080
9102
6040
3735
587
1368
8558
6578
3547
1156
8573
611
4452
3506
7869
1456
8108
1821
1952
5192
6766
435
2493
3379
2997
7603
1073
6059
3313
2507
9423
3241
2687
737
4435
892
5682
5301
3160
1932
3498
6164
2795
7594
5603
6756
8817
2655
8524
4576
4441
2765
3505
4504
7600
1196
8351
8574
477
941
2535
502
2275
3260
4786
5488
4715
3515
7406
159
4541
779
5335
9158
4176
5947
4282
4629
6759
4814
4397
1835
2702
1506
7675
3609
6904
3167
5866
7638
3664
2954
118
6427
5290
7870
9470
5118
5807
7061
5631
7146
8663
891
2385
3086
718
2144
4231
1364
5201
6730
7540
8677
9598
7709
2009
6030
8524
4832
3630
385
8765
6742
6420
6729
6756
2942
659
4107
6939
6832
8448
8685
6300
832
776
9657
3267
4735
504
5533
4289
5685
1974
1366
1948
3989
56
6040
3718
2072
9274
1378
2249
6314
7103
5469
7374
4974
5721
545
935
4789
6560
8820
6463
6406
9152
701
7290
1559
3509
8391
7677
1953
9754
2225
2610
7381
9573
2003
3862
2079
4797
3421
838
497
5267
7698
8994
44
3832
8937
3760
3311
4469
2930
3504
4487
3603
3963
1901
2461
5464
594
9118
3602
788
6290
7436
4475
4413
6824
6448
7785
1815
9623
9237
7194
8212
7043
43
5250
5832
4190
7689
3071
8982
9443
2785
3150
4729
50
3903
7750
2898
7311
4962
8066
6842
1861
5328
6700
4460
1132
4686
8341
6788
6497
2836
4238
3133
5355
8135
7872
2155
6224
2087
6702
7707
1088
6369
1938
5992
7067
2851
9564
3670
5392
7031
7657
8827
5883
3188
2617
6446
6810
6262
1868
9763
6559
3086
2006
7174
8230
9452
4981
537
8960
2711
2860
1659
9675
8255
7512
1314
7877
6658
704
8991
218
8173
4879
131
7622
7468
3757
4221
7694
7944
7273
188
5038
9204
6870
5865
1058
2496
1674
1140
9247
3338
4445
4223
8858
4161
844
3298
6697
9118
636
6380
2381
5280
4683
3717
5234
5724
7639
6141
6989
8226
5385
1353
2223
4991
9454
1526
3720
6817
3097
4360
4259
7464
7024
656
2055
8518
87
8078
7386
5377
5178
7167
9366
5906
1641
616
8392
1012
3772
4703
1906
2417
1024
9153
3328
1495
8813
4005
1376
6057
9011
5530
3700
1755
7559
6541
7025
677
3382
9688
7911
4577
6479
218
7147
4114
934
6777
4988
1881
562
4340
3032
7831
2474
8709
562
4716
9232
7822
1593
5771
3592
540
8764
6754
7393
6160
6187
6966
6067
5547
2407
7021
346
7751
5322
6118
201
9202
7999
8621
9279
7105
2080
4249
7676
4420
1650
390
4807
8496
9628
2764
1960
7205
8163
781
943
2827
9019
1863
3056
7502
1131
3870
7311
3003
2872
1433
7774
6588
4239
8195
1899
7278
935
3708
5485
4080
3858
4055
4220
7940
6087
3712
3878
1199
5662
5534
902
1072
6977
4134
515
3519
86
4633
263
6285
8590
21
4490
5748
8997
8889
7913
8532
467
5883
8346
861
417
1726
8763
550
5793
6613
715
721
381
973
8645
2382
6297
1277
2757
7541
6452
3086
5264
7126
3802
3111
9336
7906
317
1762
4870
605
8051
8071
1384
6720
4043
3636
6021
9126
7905
1281
7549
7187
4080
5722
5073
5938
1412
8985
7024
9316
5088
5819
5974
6806
2637
1040
9656
7524
4725
7276
1971
1951
6074
1115
2869
6016
5923
8279
1413
8182
5982
9093
4471
4430
1018
7258
4567
9066
1719
9388
8253
7887
2356
7548
652
1373
5304
5826
6711
7139
5198
3876
2540
5460
4900
6640
5329
9039
4041
8341
568
1861
8553
2469
6979
376
1602
4600
2980
1611
4909
5575
532
6470
5842
9597
3935
4200
4991
5691
3479
1799
4114
7258
76
5618
6847
1954
7037
7328
7150
3854
9008
1835
220
7505
2340
6150
2487
8616
9085
2103
3051
1952
6182
2348
5287
4070
3169
6542
6103
4824
2856
2432
9514
5709
8792
7526
5640
9646
3266
2629
7398
2654
5044
1378
2946
4038
2182
2555
7320
1702
7448
4233
9663
7950
7421
7419
3227
8325
5497
5996
6358
6593
4468
3598
718
5832
6461
45
7354
504
1504
1996
567
9638
5261
5259
6747
4868
2877
6570
2629
2957
2955
1526
840
5629
8344
6653
7618
7977
5109
2888
1031
8747
1410
135
7260
7626
1564
3199
4630
3172
8319
1783
8217
407
9067
7901
6367
5370
2504
4678
4380
1882
4539
9786
7609
7201
7866
3989
7418
3679
50
7029
1773
3293
3739
5677
4085
1665
8659
1536
8699
4562
4059
1194
4207
2607
2358
8414
3642
6501
8622
3593
4939
3389
742
2387
7540
2432
9689
8035
6912
8982
6386
2523
9741
9530
4462
8550
1640
8463
9458
6954
6014
335
7876
7899
4993
9377
9541
8926
3934
3633
6034
558
6335
2798
4265
1270
8738
9341
5084
2553
2270
4572
7733
9705
5216
7657
1311
5035
7177
69
7781
731
6981
2883
8741
2701
6122
8754
1218
1164
209
6640
2471
1055
9331
5624
5115
8586
9373
4536
1427
5032
1465
2640
5249
7793
1504
8322
7556
5747
6146
5252
1052
5786
8077
5072
9003
4750
3484
5755
9456
1386
3655
6793
9035
3311
1864
369
4768
3124
6584
3274
9664
1981
7128
758
2543
1942
5055
6455
9543
225
9190
3311
9654
9467
5279
2786
3722
8437
7659
5274
5174
833
4162
7250
8483
9651
2863
5147
5148
6813
396
9332
7885
2457
3043
4841
293
341
7460
3275
9028
8813
1836
4446
1923
1563
4072
5082
3333
9042
5107
6840
6192
2617
8545
6863
5959
8360
5733
9241
13
4561
8289
2056
974
3374
682
6811
6278
5202
3718
6764
6207
7643
7961
3044
2688
8834
3757
330
4192
1804
457
3974
5471
4118
154
1532
1405
9224
9711
8087
7430
9345
7458
4242
2660
2351
6903
1502
5806
6462
4149
7790
3930
2499
6496
4013
655
8265
6803
4256
8802
8724
8260
1066
9087
7823
5601
1625
8205
6703
8683
3459
536
5491
6009
6612
7861
9020
7452
4910
9191
3992
8741
4666
9719
4936
4014
7273
8990
4687
7422
717
2450
2740
216
96
2208
4858
4110
2794
6121
7430
1610
4992
9117
5205
9086
153
7807
4596
3419
550
196
3340
572
7089
4418
2533
7017
6460
2910
8845
2861
9773
5043
686
1133
4124
7634
4409
9797
3601
8682
451
751
7858
8263
7250
8089
1460
2908
4803
462
6835
8496
3472
9367
6470
571
8742
5447
5040
3691
6964
8435
8449
2218
1801
6882
8621
5638
4643
3823
106
5939
308
1767
7235
863
9138
6149
686
1817
258
5396
4902
8007
5778
9134
5740
4834
6900
8557
108
2030
7213
631
7933
2896
2886
9227
1179
3608
4888
3362
7861
1342
9796
7164
5535
7868
8322
7758
3885
3994
9517
1332
7084
2125
8568
1852
9243
3663
4991
7487
1225
2978
5079
5018
190
4656
1718
5079
6988
7593
7011
8586
6887
3642
5091
5733
2999
895
8590
2248
9542
8996
5090
2258
4045
8035
7943
2365
3853
7051
9046
7184
9474
2047
4925
6442
5025
5760
2693
4296
7973
8417
7438
6972
8651
377
5895
8618
1453
4564
5977
5068
555
3383
2442
8983
6790
2972
1798
813
4583
3733
7490
4310
4270
6560
9224
3698
1068
9606
881
551
7374
7041
2603
9144
7699
9757
3956
639
8204
1350
3974
6069
6052
1801
7125
2457
5125
2322
7296
3904
988
1917
6493
5612
5866
4333
5094
2487
6311
2980
8463
6815
5412
2845
7994
7400
6990
7931
5046
9368
4927
8019
4539
3535
3495
1237
4783
3674
4128
4560
8626
6521
3326
9213
9083
3657
7627
3830
8052
6990
8724
8282
4693
1676
8948
1958
4500
8531
3612
4611
434
3782
4836
1368
4140
4457
4433
1072
7293
199
534
9293
5734
4004
5688
8402
4207
3947
5576
5945
815
2796
3391
7760
8704
2617
5176
9356
4886
1533
949
4960
2622
3108
9200
3582
7355
8273
4890
2739
2679
4170
523
892
9089
3170
3240
7387
5174
4360
8679
2526
7584
1923
6044
7912
1522
5245
4438
2171
6847
6995
5370
848
9437
1307
8040
3791
4463
1674
3161
8241
3024
1913
228
1693
3672
6414
9060
7423
5679
4059
164
6586
9102
3323
5770
1286
4752
2004
7075
7382
8950
5545
6108
4439
6605
6374
3507
2062
7789
2973
4737
8200
8596
7860
6495
267
5573
1699
6356
7197
7240
3584
5463
1408
517
6532
1583
8797
7027
2261
8051
2794
6143
7442
2161
9522
6571
2965
8799
7522
3140
4414
8051
654
231
9340
186
4331
515
2287
8622
3782
7640
766
1612
1409
501
3001
6807
1557
6542
4509
3460
6303
1687
1580
6968
3130
8522
2376
1731
8758
7808
4847
9160
5944
1426
4580
6967
507
4105
4432
8861
8836
645
8853
4469
9362
1619
365
8205
4602
8346
1977
7388
946
368
7505
7083
9202
7367
6901
7957
3627
7536
8413
8893
4082
8415
673
1311
8753
5502
1788
8555
6089
3407
1872
2964
5194
6663
8712
3768
8362
2578
2804
8312
2291
32
6550
2181
5299
5480
486
4505
5294
9368
7201
6333
4915
9601
6535
6903
5307
6595
403
928
9052
3510
2653
9571
7888
6448
394
4035
136
2652
5886
7232
3341
6099
7775
5707
14
9723
5168
2284
8160
6646
2413
2985
7873
2627
1783
1711
6614
8818
1439
5526
4237
8013
7902
2254
7714
6312
2973
1119
3641
6232
8464
7565
3723
1091
4651
1050
1781
9205
9658
239
4043
3353
5486
6108
6816
6380
177
8189
5456
6007
9443
9748
6721
9515
1355
8919
5907
7582
6721
467
4964
1841
5654
1971
9411
3829
2928
711
1005
8176
995
2509
6838
9273
5877
478
5759
4923
938
7581
3259
8933
5385
7579
8627
8161
5568
126
4263
9086
7941
1170
77
6662
621
8238
7555
4449
3013
2919
8485
6228
7280
4507
1508
4156
529
5091
653
9240
9234
6584
8771
4472
7011
960
6704
6634
2326
4827
8606
7489
4073
4474
3882
1555
3507
5695
4297
2720
9440
356
4403
352
1259
488
5693
7074
8365
5964
4097
8474
5145
4914
93
8285
6415
4944
8830
4301
8738
7219
6307
5752
3960
8970
2383
4671
7729
2788
4313
9446
9333
1012
9681
7443
8274
4571
8416
9235
7897
4350
861
3419
6505
779
3063
468
7192
6504
2229
127
5353
6473
150
3829
4818
6731
8097
1298
4731
141
8023
1783
7284
9657
7375
7213
5074
5531
6982
1111
9494
7278
1203
6763
4319
8095
3722
1680
5400
6517
7650
5383
621
406
2543
7528
2960
946
1293
5559
7057
5890
2876
1791
2518
2343
3737
3028
1070
8068
8150
5141
43
8383
6752
2922
3016
6713
8811
8672
5522
6509
2835
3261
7947
3867
22
7230
9279
7327
8407
1792
5850
7283
4772
865
2900
3769
2086
1007
5807
298
5500
9555
5049
2924
7057
4605
9309
4392
8847
4325
3295
4221
6984
56
4930
1945
4155
4233
8978
730
1829
1410
5558
8096
1846
2129
7588
1212
3257
9532
2275
9010
4373
1611
824
5905
3898
7083
4190
1813
3177
1095
1872
4379
9437
3446
8565
9345
2016
5585
6135
2731
1702
7928
5981
6801
2075
2583
1785
7169
7144
4839
4273
7088
7752
5423
9630
7829
1984
4225
9587
1540
8241
8476
2903
2923
790
6905
5309
251
2667
1167
7830
6089
4523
8531
107
6767
1219
1389
1481
5311
4205
3480
3903
3284
4677
4740
8652
2966
7352
8862
288
5686
9241
7693
837
8995
5406
2819
8342
5572
1025
4244
8259
3215
9555
4052
644
8444
2652
6817
6996
2109
158
114
510
712
7943
7708
1040
579
1540
7167
5671
5414
3548
7019
2166
9393
9222
3250
5404
5803
7464
796
4647
5178
1324
3742
7679
3177
3224
5915
4815
6779
1634
1489
8456
1362
4259
3464
4122
3290
1833
4840
5753
8899
1907
6578
4230
9647
3740
7909
8065
5867
9430
1211
4216
4778
1278
3851
7363
2411
4635
4924
6889
1829
7163
2359
1143
5576
7999
8879
8432
2968
9423
7085
7794
5773
3998
5909
1642
4213
3387
6689
2658
5831
7763
1566
8322
1239
4755
7755
6139
2102
779
9455
6252
5617
1850
7662
7958
6624
7186
3740
5086
8912
5475
7507
512
4645
6049
716
4242
3213
4139
1476
9099
131
7591
1479
1811
6150
5207
6771
3355
5052
7793
4708
7246
6502
4077
4751
1592
5090
7547
7746
8980
8787
2565
5212
987
9640
3585
4556
8421
8030
7000
1307
5107
9269
7802
4598
8526
3383
6756
6145
7871
8596
5532
3906
7787
1262
2288
1945
5141
4572
6886
5365
4269
6334
1140
1298
6433
7357
1538
610
4340
6276
997
3436
4341
8618
547
2337
9736
5521
8024
844
9275
1225
4613
5730
4330
1465
8856
7366
3788
9193
8130
7224
8090
1016
4312
626
3506
2421
3802
5594
7334
8911
4823
1636
3278
3690
2512
8076
8250
3035
8906
5581
6971
3456
7418
9604
6514
6634
4312
923
9750
2735
5814
9230
8444
6540
9560
186
3730
6812
6154
4674
4976
7726
8727
6506
5318
8198
4372
990
6167
8844
5680
3165
9202
3199
7297
8119
1393
5081
2953
3119
1807
1801
430
3867
3382
5318
9409
6895
6597
1312
1125
2800
9759
6320
2135
2831
5035
8193
561
3390
813
5375
20
5870
6653
7524
3092
9656
5696
9757
7663
96
952
1049
1715
3686
7363
8945
2434
8265
7929
3416
2404
8364
2921
5487
6176
7907
1180
9095
9632
1891
9426
1692
7181
2528
1048
7686
8872
185
1500
7421
4522
5488
8492
7268
6726
5430
5046
747
1669
4348
4219
408
6842
804
7578
5094
1498
2195
7154
6853
2378
6107
6663
1745
9192
3525
766
740
7273
12
5423
8893
3316
6131
9362
7252
5226
80
1252
997
9549
2535
8023
4131
7257
8867
5017
7798
2846
8715
3968
9250
5648
7152
6514
4994
3471
3090
1200
1946
2470
6115
7965
3479
627
1427
5651
3187
2162
5261
1673
8979
8190
6008
2984
2511
2798
5159
9452
2563
4827
1866
9598
6638
3438
4297
6571
1810
2165
3272
5002
7906
3554
2388
1368
1690
6360
7937
2836
1985
8729
6520
2385
9758
428
6180
7390
1556
634
5256
8587
9403
3842
5982
8183
9724
3122
3741
5952
2512
8182
502
5474
928
2178
7857
6198
1934
8677
3312
6999
7044
9413
6923
7532
1012
9666
3472
6103
3440
6034
1886
7553
4866
7767
8555
3667
9390
6893
6396
8713
1853
4822
8851
2892
9506
8558
8732
774
4957
7925
777
2488
8991
4054
9355
2246
6994
7777
4045
1721
407
3234
3983
6714
5872
7239
4867
6479
3048
6734
8064
3876
4223
2070
8704
964
3955
1289
1081
5193
3223
1367
6940
6040
1639
622
8153
5066
4180
4454
7093
8479
5065
8038
5464
8996
7778
8245
9154
8542
3101
9784
9348
7127
255
9077
2802
7927
1953
8493
6325
453
6896
410
9249
2357
5427
386
1722
3945
4416
2563
1529
6567
1423
2184
337
6384
6072
2944
6797
5683
1291
8861
2734
9228
201
4828
4310
1706
706
3246
8461
7547
2629
5049
2251
9681
7473
8138
8691
4336
649
8588
8528
6120
3900
129
9376
6670
9347
7769
2936
5950
3574
8983
551
7521
1744
5629
5363
7134
9682
1517
1283
7989
5556
8892
7910
1925
2108
1997
2750
213
766
2971
3142
691
7452
4810
7398
6978
7211
4481
6886
8567
9448
1105
1623
4668
2887
7971
1537
1779
8262
1716
5990
3940
4170
6231
2197
5174
5002
1902
2844
1877
8951
3733
8358
5135
1234
3511
3242
9052
8481
4805
8905
9134
8457
4525
9575
8268
2619
2418
5427
1464
6523
6092
1470
2327
1677
865
7865
5441
1905
9385
3594
113
3156
2675
1016
7094
751
3299
1143
1583
5739
6388
6487
1019
2882
684
4611
8383
7712
361
4408
3891
1050
5301
9044
4004
2445
4551
4838
7680
4641
1020
9084
8327
9073
1735
7867
4803
1193
3819
7831
1036
3311
8571
366
9470
1549
5633
8716
8759
9623
1121
6745
958
7517
6901
9246
3829
1772
2712
8929
7630
4109
6764
6025
9408
5373
9346
6492
6019
1709
5539
5942
9737
8214
3278
1457
8709
4005
9376
5764
7820
9674
6078
869
3661
3643
6839
3425
833
1999
4636
2890
6952
5140
4847
870
387
2057
3920
3928
7590
5835
2882
9656
8244
1536
4017
971
989
3113
3925
8539
2166
6296
4887
8637
3209
8154
3157
3200
9128
3452
5602
2888
8351
6943
1036
7050
8369
5428
40
2838
4098
7184
8595
1807
3163
5427
5271
354
3163
9189
2004
6608
8776
8598
6226
3744
5755
3811
1827
7694
7039
2069
8858
7825
753
8611
518
4405
9389
506
8084
733
3346
4921
7099
4847
1171
5631
5190
2750
6552
3517
8013
4284
8213
1318
9097
2260
1677
2049
6848
2068
1097
3202
83
1888
523
5894
9612
6659
9333
2012
4687
5579
2205
7983
7212
84
1155
187
4929
8118
5838
5405
5570
7246
8204
8450
7490
6473
6258
9269
6319
2414
8659
7199
6111
8458
7733
8770
3978
2797
516
2888
1969
9649
5894
4529
7184
2075
3379
3016
132
5329
1341
983
5124
5517
4479
1129
2989
3029
3881
3580
5714
223
5354
9219
5632
1767
6503
4214
7396
166
9204
7122
6343
864
5606
8909
3418
1048
2270
8111
3302
2317
7178
6542
7635
4613
2185
5062
964
8289
7040
5297
6157
2501
9338
6549
123
3110
3132
1237
8462
4503
8538
223
818
5811
3778
228
2079
4298
9561
8752
727
817
6136
2633
6360
6465
5744
1575
7208
6936
6784
5535
8942
7694
3780
9706
3485
6399
4739
5052
3378
5087
6800
1740
2982
510
4781
8626
3212
7580
6175
4761
5103
3417
6939
3458
4863
3285
1876
6170
8475
8123
6652
6515
9610
9163
8359
6718
3590
1032
6860
3595
9068
7958
3007
4058
301
7400
4097
5889
744
1279
4505
871
8420
5318
3705
2916
8632
1676
4777
26
750
1149
3108
309
4192
6719
394
8036
4803
8106
6065
7772
5951
4142
5350
4878
5234
1349
4767
5305
5508
1349
3024
1104
7822
5184
7769
3852
5310
7575
7469
5107
7428
4141
255
493
468
9579
5033
4025
4143
3582
4920
3396
6205
7037
1441
4736
2907
7099
474
2921
7612
6174
6365
5817
21
1514
3978
6420
4293
7254
496
5355
9530
720
986
7870
3662
4608
3404
4742
2469
2006
2522
3982
4064
3234
648
7845
709
8350
528
4835
6965
2671
8002
4873
1707
9270
8543
3834
8246
6208
2231
4712
8048
7358
6122
2329
6289
601
4554
8039
4691
7669
9234
5969
958
9487
3694
1895
3470
4745
3356
1753
127
3936
3264
8678
3170
3573
4967
2959
907
3393
7783
7896
8535
6447
4329
9022
9510
9691
6134
5419
5244
4989
1247
3780
1927
8112
600
3683
783
4798
7962
8203
4273
1370
4110
2848
4670
7940
8259
4925
7392
8246
4996
2783
9204
5066
380
3227
3907
8296
8132
854
135
5007
5446
590
8345
8791
2584
4771
3092
5846
3424
9468
9477
9665
2801
9635
3123
2192
6481
8528
214
8378
7060
5478
5486
4704
7574
7087
6826
5110
102
6740
4451
3131
4186
4575
8830
5348
3792
4656
7887
7471
9074
4448
5077
4244
1686
8373
5354
1577
4426
4838
4729
2985
8819
3123
6913
9578
8252
1917
8467
3128
5168
6482
7068
1458
1043
5284
2136
4288
7586
5573
7130
5509
652
2193
4895
7481
7461
5162
3317
6097
3736
5441
8494
2904
236
1783
1024
6581
653
6319
4493
1670
9370
5823
506
9746
9
2478
3495
9041
3752
9236
2347
184
5656
2808
7227
5217
142
3247
6854
29
8506
2859
2502
8738
6233
6435
1168
8428
4480
8789
3279
8522
176
9539
8994
6374
7966
5072
2018
7094
6784
5798
6476
6845
1856
3491
574
9674
1372
6210
1818
7564
5214
3571
3388
7135
4961
3963
5387
6985
7266
9266
4185
8198
6039
2120
8965
6934
8640
4050
2302
1981
5888
2877
5346
809
3087
1396
5549
6198
7943
3781
6485
5742
3111
7429
8529
530
8640
2251
8429
706
5476
7570
6088
6354
1323
4636
9786
5537
3107
1214
2979
237
879
7327
5096
9098
7069
3482
7618
5949
1607
6000
5949
1089
7364
5041
555
5511
3493
4716
8873
2974
5132
3243
672
6488
6672
1357
751
2357
3779
428
1720
6184
3015
13
558
2576
8108
741
3412
3393
6815
2400
6724
282
1198
2429
4146
4455
4003
8701
4578
8508
565
3213
3117
6237
4854
4254
8214
4894
8815
4704
216
7562
2266
4155
9783
9628
9259
4901
6500
5441
8899
9481
5400
220
9275
7228
2149
623
4047
8607
730
582
1470
7272
3511
5211
4414
7568
3693
830
3700
4917
2337
1504
4638
3923
2793
5123
5392
3637
339
1480
2747
6519
6910
6322
998
5731
8679
2292
4866
8223
4712
4916
2770
3473
3907
3032
4083
3158
5738
1271
4614
9317
2366
5053
216
7646
6466
822
3202
6925
2760
868
4732
4954
3404
7611
9364
1221
3319
9508
9175
5142
5467
9667
9231
1205
5074
9773
1345
3947
9798
3835
1518
4244
3898
260
2352
695
3669
425
1780
2494
8991
568
5916
5282
7481
8084
8753
3799
7912
5619
445
4249
8308
6375
3493
3284
6775
7483
6792
903
5694
5708
9122
4012
4141
2603
3035
2978
6550
4403
283
4105
9746
9256
6708
8730
3686
7562
3300
4992
7791
5154
261
3462
105
471
2361
7717
4002
8460
1168
5906
9005
4003
4981
7340
378
7129
756
9339
7561
5782
4439
3753
3668
2308
5707
1071
6799
3450
5946
9110
3124
2477
6023
7936
4806
948
9515
6824
6407
2113
3586
9365
2398
4198
3634
902
7332
9078
4739
7047
8523
9005
8133
1812
7916
5637
9419
1207
6308
4497
1738
6319
5146
4114
275
5568
3616
4281
1933
6603
1285
6135
6130
1192
3655
3623
6586
5227
9358
4637
8251
230
8467
8956
5080
5429
9727
8966
2169
5774
3857
7892
5643
3975
743
5505
280
914
7844
4689
6378
3904
268
3806
1958
2779
3437
3251
8118
5374
5638
364
7199
2437
581
2530
58
9033
444
1288
5076
4099
7635
7768
3860
8967
7850
2921
8250
2309
496
1373
1549
3489
8480
2588
3244
8412
618
1535
7240
8557
7046
439
3799
619
6489
5157
6255
2638
4841
2864
4522
7829
6507
2921
3275
5363
3545
1931
4243
582
1035
1053
7072
6278
3355
4950
6476
8353
9168
1351
4724
4315
9138
4263
9205
958
2242
225
739
2705
9622
3336
855
83
3555
2182
5284
9308
837
8894
8554
5855
6150
8174
8633
5857
4756
793
6848
7479
7791
5715
7762
2946
8572
7453
1032
760
6029
8963
5223
3200
7252
5169
3227
8527
77
5740
3033
9023
3544
8173
9534
467
5903
3862
7345
9628
932
8795
6514
1119
319
5594
384
819
1785
9180
8165
7673
8755
1958
7771
3652
8019
3164
3648
8908
9393
6048
5444
7133
984
8255
7728
3147
9605
202
1954
3659
7808
7112
6334
8124
9529
5664
3413
6756
1797
9007
2000
92
6924
4554
6591
7807
1829
1578
8905
1656
5564
5600
470
767
977
9097
2002
6532
3668
4569
6303
8172
6429
5734
2329
2469
4237
2159
8430
5890
3768
1704
5159
1864
2107
1645
6759
1114
9565
2301
936
7063
8996
3158
1844
4922
7500
9335
6547
2865
5343
7661
821
6285
1913
3137
9774
996
1886
6820
5786
6785
8714
4082
8006
4125
7738
2552
898
5659
2480
1630
247
6421
4572
5571
8129
3230
9430
4455
4528
5974
2718
6518
5632
6352
6960
691
2820
5413
7333
3460
9730
3288
2445
4700
9284
4127
8522
3010
7380
1802
424
8890
3678
685
995
2903
8298
5284
156
5873
6613
1960
3143
3573
8476
6238
6650
8132
2956
8281
4130
268
4100
9504
6279
1870
3083
6928
2556
1557
4485
7479
3687
5871
1249
6812
3836
5474
5666
9682
149
8807
5835
9217
4552
6699
6588
8329
4270
6628
2053
4482
5491
6277
7237
2993
7549
6286
290
4232
7475
5615
3250
8707
526
6760
5630
4367
475
9486
7509
4142
7249
2983
5531
8483
983
5507
7677
9031
325
7953
6462
4464
2887
7758
17
134
592
3731
8450
5062
7376
1463
5865
8934
7420
4288
9426
4623
1480
9337
5478
1189
7255
6175
8066
2348
1075
6105
3888
2853
4951
4959
9692
7378
310
8500
6740
6920
1945
9771
9047
3608
1156
6666
5999
8365
3686
2937
3263
372
8473
7299
6780
8585
9336
9300
7177
7478
1613
7831
5502
7766
8462
569
3551
9788
1652
5948
8601
3808
7898
6915
625
3380
1241
3864
2350
9749
1029
8375
5810
7884
8150
1368
4989
4032
9642
4148
5022
7404
4806
507
2661
4805
4256
7683
4036
5990
8291
7824
8238
7599
6962
7750
511
8589
4008
1150
4125
8974
5352
2585
4470
3997
4790
1623
5312
4851
4110
3888
8245
4793
6205
2052
6446
1335
5569
6286
4513
5689
2455
3334
6149
55
8322
2730
2533
9660
5263
5821
6659
7436
5304
7793
6157
4848
7148
241
2046
6847
1977
8754
5432
7330
582
7802
8208
7801
4371
9067
9352
8394
5995
4797
4211
2941
3294
5189
3221
7278
7296
4468
1050
3695
5905
6411
5157
5382
5110
9765
7047
554
9226
9394
3317
1159
7145
279
573
1396
2190
5670
249
7892
1898
559
7939
2631
8516
5538
8526
6551
7469
1289
6710
612
4279
7555
8105
9326
5743
4568
8566
1471
4110
6153
4516
1406
3682
1882
6517
8371
9064
6233
5311
6303
1103
7585
3105
5055
1377
1471
1144
6320
9006
1867
6628
4160
2738
4627
2873
7013
7234
7898
4578
301
4827
2010
2518
7436
2644
1516
2646
5687
7260
7330
3274
6113
5083
7202
2497
4959
7222
7419
8006
5340
5987
2627
6843
8333
2211
6735
5015
1911
4144
6306
2116
7336
588
6099
7019
2018
9108
8326
7969
7783
2020
9421
6299
115
2245
5951
8722
6394
8066
5381
2404
5398
692
7314
3314
3699
9421
3309
204
5966
5556
9706
1356
190
2247
1708
5361
5418
8754
7818
6440
3030
4138
6559
3102
5292
46
6056
971
1743
4210
3487
1582
6321
4846
1760
4392
2042
6875
7943
6207
6119
3095
8474
1047
953
1405
7982
3345
7844
6419
7641
794
8675
7245
7043
3862
5321
8549
9198
5513
7679
7349
3593
3151
2324
4314
999
2746
9179
305
1937
8064
8008
7948
4849
1075
7667
4969
6651
1263
3451
3496
6958
3485
86
5486
3335
4027
4217
9543
6954
3047
7035
3962
8091
8235
829
6351
909
1030
2907
6287
4825
3063
9353
780
2748
804
3877
4150
1625
5537
7873
3043
6593
5841
2181
4118
9753
9333
8713
6509
8097
4253
3991
5607
4140
671
292
7576
5608
5200
9026
3803
2507
9403
9600
8664
5371
8407
6259
2098
4174
261
8388
6142
8188
6822
9078
8181
4723
6016
8624
5568
7399
3729
2681
9666
1359
736
7075
8018
3159
8663
1837
741
6076
4606
1928
1202
8367
7797
4605
2516
112
6358
3420
164
8730
5903
6942
6304
5086
7142
9411
8835
2742
4574
7359
530
9223
1855
5061
6231
8337
4623
7880
1503
4204
9316
8744
6517
3650
8123
9396
598
7218
9648
4388
4117
90
8759
6047
3697
1269
5294
8231
8844
5739
7713
6882
8474
1290
5910
4070
6647
7069
2663
8441
5630
7097
8324
7881
9194
2292
7740
135
6030
6459
9708
2123
6447
4391
8419
8085
4424
9448
9591
9086
8014
4193
2275
4062
7724
6096
5224
158
389
6297
7716
5034
7647
3350
9073
595
7860
1589
6887
9281
5151
542
4614
8007
232
7473
7522
5096
2944
7192
7920
4682
8985
213
410
313
280
5133
5445
1886
5336
2931
6010
6876
7103
2711
518
4116
6035
2577
2361
2651
225
9533
3526
302
1860
2953
4337
6310
4858
5685
894
1458
6264
9561
3836
1534
5180
3159
1811
8280
1637
5245
9125
7732
2863
5432
5923
7245
4909
779
3118
896
3894
8498
2294
700
1219
8479
8106
3621
6364
6618
5285
9690
543
4556
8765
6784
967
8188
67
4857
2398
8658
7528
8632
7430
4261
6670
6464
4451
1259
9015
4113
5586
8421
7962
6601
8884
97
7426
6250
6457
4266
7862
8842
8929
9396
8838
54
2511
2725
7027
1181
3536
2117
3547
9506
7412
424
4451
6294
7811
2096
51
2754
647
6350
157
3410
2399
2362
6318
4220
5291
8326
6251
606
1763
9544
6019
1290
6213
8043
4348
4870
3988
1299
6655
3254
8468
7167
7431
2236
8102
2226
9549
158
5918
4032
4819
9320
2268
8444
7298
7010
6208
4690
6419
3709
2547
2935
4414
1568
4785
6411
2349
3575
3037
1738
195
5712
984
165
2639
270
1752
8230
4661
3949
3217
90
3836
6972
1840
5916
8859
7368
2838
4844
2371
5234
1613
1755
7409
5416
7995
7467
2322
6125
4980
7537
7667
4271
8609
4351
9209
4083
427
1268
8605
322
6946
8247
7519
454
1489
9076
8904
5444
1964
5918
4215
1883
7791
1476
9201
4580
8566
117
976
2928
9619
4633
8662
7324
1647
704
4760
1454
1998
3308
815
7104
3476
162
5178
9430
9017
3755
8038
4399
7016
9518
7548
3121
2764
8198
2495
6308
2900
1809
6501
9465
8743
159
3000
5493
2922
69
1190
2586
3006
6158
6621
2575
112
440
6345
1395
3722
2654
5895
9798
2408
6090
4783
5397
251
3987
4605
6139
4905
8149
3504
9464
814
4854
5516
1281
9072
1496
6502
9268
1163
5330
6356
7049
9034
857
4730
3251
9286
5638
2988
8475
3691
157
5944
497
4835
5848
6910
3171
2706
1847
3221
8235
7473
1174
2374
3601
8381
7685
7696
2907
5509
7335
2666
2369
9528
8216
1390
1890
7039
6932
3087
9641
2674
9135
3
1091
1552
308
648
5138
6987
8227
7044
176
5849
5112
4006
7356
797
3353
3570
9198
2181
1200
3834
3150
4639
4604
3527
2943
7529
1767
5705
720
164
4202
5093
5708
2548
2483
5270
2985
331
9151
9166
245
5615
8148
7631
1754
2331
5419
8242
1725
3543
7370
8297
5352
5323
8760
8233
3761
7756
8732
1256
5024
9001
3369
2972
1714
1126
6253
1525
8885
893
5403
8895
1685
6184
6281
583
1927
5244
7854
6035
7757
2815
3016
7737
6963
6057
8123
5937
7863
9667
748
7803
1030
2164
3853
5173
7281
4288
3772
3397
6961
9560
5883
2025
2265
9787
1746
8945
474
1481
5362
1530
5229
8029
4373
8990
1640
5641
5723
3470
4339
6005
2308
3871
7649
4591
4642
5413
2682
7194
8706
4082
8457
3043
6897
605
1606
5015
9260
4632
7112
2908
4835
2212
8494
2591
3222
4109
2541
5688
5787
9231
3920
2966
8564
5345
4310
3882
6962
6728
290
7838
9713
1959
2413
4293
5522
8061
9533
977
5229
2635
2978
1839
2198
3638
6323
1791
3921
3275
2269
3897
9486
7677
3195
4364
6596
1444
4785
8866
5313
8871
475
8134
8435
3148
5001
4611
8520
4778
1452
4831
6972
3140
4391
9589
7207
7361
1818
4173
3159
9708
8065
3187
1796
3960
3760
524
3706
647
8046
9266
9533
9096
7819
4708
5535
5123
3640
4576
9088
2544
6779
2185
5731
3273
560
8569
4366
5813
4780
1721
6115
4863
9637
955
134
9000
8812
1566
7620
1940
1875
8704
2883
9607
8492
5550
6594
7220
8358
5074
7130
8976
6816
6136
1370
757
7607
906
1434
2467
1126
2230
3669
9497
7453
42
3460
9145
1062
5340
533
9467
1263
2443
1421
5206
826
1134
3600
6544
1317
8949
2762
8327
8130
9174
8509
7684
1698
4648
7800
7020
64
1068
2559
1588
2687
9286
8461
1649
3501
2510
3356
4390
366
7455
3788
6164
8026
5567
1084
2348
8384
2441
8072
9161
893
9583
9069
1061
1914
111
6899
623
765
5821
8236
7210
8956
7666
1804
4118
9384
1402
7927
5934
6516
8639
5104
3840
2470
5436
1940
9125
5988
8555
4169
4777
9693
4719
1801
9110
9263
2363
9328
3044
697
6600
1155
5493
5629
845
7207
8460
3143
2213
22
2407
205
927
3385
26
2058
4523
2314
4619
4660
6726
8644
8795
799
8913
9768
9138
4812
5106
706
1184
3835
2824
1159
3340
11
5319
2641
6379
9339
2141
2785
395
1129
7489
8815
4281
7123
576
8627
8453
173
520
920
1302
7544
6216
284
6359
9045
6557
2738
1338
4490
3792
6051
8872
4706
5462
2189
5752
8521
628
1865
9554
4385
6903
6526
3084
2530
6092
1070
1737
9590
4256
4668
834
9115
9548
6733
4296
5697
2677
2663
4723
7076
6279
9203
5489
3174
2324
420
5431
3055
6374
7073
5808
6342
1411
5013
1521
827
8814
9495
7770
5710
5162
339
8945
2848
3395
6412
7385
461
8387
7027
6219
2896
4348
5037
3548
1554
8594
5272
8230
3553
9677
2287
4600
3983
916
5794
3955
5824
5593
982
5606
946
3719
4867
3664
8686
7042
9791
2341
4829
3599
1820
4135
8167
9603
979
242
4411
4208
5588
3496
8355
2485
8396
2183
2823
8112
4727
2683
5610
9695
5841
2281
6746
5915
9120
8504
3515
5536
9001
7361
4453
341
5856
915
4663
9423
8105
4547
5450
4154
2503
3218
9714
3057
8368
8797
1860
9175
4829
9211
6355
2640
8425
8726
696
9274
7924
8534
7019
3280
1385
3048
7836
8905
7355
9668
2515
1074
244
4434
3765
4955
8781
2586
2402
2066
3828
2480
7364
841
513
670
6246
5792
6404
9394
5089
3400
5734
8223
4675
967
4358
4374
2816
719
7927
778
2590
2459
5106
1810
3085
495
2458
2622
4035
2882
531
4003
381
503
900
3254
8218
3414
3840
1898
5409
8809
3698
4594
3345
9070
4155
8188
8678
3577
9553
6570
4906
5233
5986
1351
7460
2516
7215
1643
7503
689
6818
333
5587
3753
602
6222
6949
2472
7835
5016
1800
534
9404
7219
6637
4018
866
8108
7073
7160
2594
1510
3061
665
1883
8140
575
1103
1992
9458
7937
3362
7063
6196
5140
1574
4872
3421
831
9017
4297
7538
4016
693
6424
7675
6444
9522
9349
8870
7466
3426
5145
2255
6
1747
5913
1026
4585
2555
1699
2374
3557
791
5489
4821
2170
7354
6333
2122
4181
5114
3236
9359
54
1249
9401
2286
7846
9514
2036
4472
622
2095
2427
6446
5774
7107
6629
9101
8920
8196
7787
7973
2531
9210
4754
5822
9080
8825
8887
4063
8806
7444
1406
4998
1158
4702
4285
5080
2285
2894
7535
9352
7981
5083
5283
5784
4154
7169
5767
5927
5481
2961
2145
3769
5744
8444
3521
1784
1865
9587
1430
2784
3863
5219
4489
6338
7262
5787
1773
9076
4953
2359
1401
4813
3292
4953
2599
538
652
4241
880
2027
253
6814
5892
6833
6927
845
6256
8593
2342
7036
2731
1903
5254
2361
5275
5298
5649
2036
8031
1011
69
1870
3929
640
8305
4660
3104
6358
4234
1511
4935
6872
2631
4024
4041
2681
8028
6113
4150
5739
807
976
9341
9056
455
3274
2248
8088
9757
2996
4924
8635
3524
5251
502
2775
8586
9136
7487
6025
3611
3103
2291
6943
3259
9640
9382
3662
7718
9749
6907
7897
1337
8995
395
964
7366
2318
5825
5427
9591
2470
9353
1650
3866
9616
3038
7114
3052
3536
165
7049
4707
2737
8304
3116
279
4635
5526
3349
5849
6064
4822
9479
1789
5736
9610
9216
3875
6566
1510
5932
7374
1751
3032
261
6823
8735
4641
4696
1686
7166
8330
5457
171
9392
9673
5671
7534
1520
7895
4724
7423
8539
3529
66
1121
3667
589
6517
5955
4950
375
2338
6312
825
1075
691
5794
7742
7237
5027
1163
3119
2760
2259
7059
1914
6136
4261
3744
1017
95
9626
4553
6758
1635
8247
8251
3073
3591
4926
7283
2024
4869
3684
1886
8232
2083
961
7882
8999
7275
6011
7710
749
4069
7457
6829
498
7136
8913
6724
120
3906
6698
7938
4925
3428
9115
3869
1620
7783
2872
2630
3269
629
2184
924
5224
7292
1653
9348
8433
623
9554
838
9672
1312
6763
3574
8650
949
8164
5643
6091
8171
4643
2345
7678
2016
2013
2684
6274
3433
3561
2264
5335
2098
9225
6052
2886
6721
1096
7335
2031
5843
5541
1391
5163
9499
5396
2342
4792
9094
7861
3653
5074
2997
5124
7424
140
2167
2044
6945
2056
7807
1817
5651
1574
6458
1578
3229
658
9671
3687
9208
9023
9306
6347
6360
7905
2067
75
6345
6699
3913
1037
7309
8724
221
8976
855
8672
2927
9305
8131
4311
2219
6280
4584
2736
7415
3729
1852
1038
3614
4914
3181
6634
767
6023
104
3343
7556
1056
6205
5862
2701
7650
5159
584
9667
4558
6339
6524
4254
7569
5838
782
5496
5252
1398
333
1304
4765
6881
1654
3099
3110
9597
5880
3291
6771
4774
4696
4047
4367
322
4233
8199
1715
2195
5403
807
5461
8172
3040
5215
2081
9214
482
9333
3247
5602
7424
2652
3386
1383
2976
4121
8870
575
5725
3472
4346
3724
643
3908
3106
4652
8573
7493
9632
944
3762
1910
6015
2864
6881
2732
3290
7826
3343
9179
4825
6980
1122
2108
8829
5514
3003
3977
7545
8990
9385
1034
7700
9133
2001
2948
5289
2846
4923
9750
1592
1995
9456
6151
5326
3311
1835
2896
8128
2460
8875
6656
1582
9082
8606
176
3327
5941
6371
3258
1305
596
4276
6655
5749
1020
6330
297
5655
2243
3856
4555
6415
8052
437
6041
7947
8821
3444
7742
4191
4086
1537
3912
9111
6751
5719
8078
5545
966
8559
5896
7464
8011
7128
9475
1589
7858
3648
9323
36
1846
6220
2922
3739
7098
6595
3474
8044
6733
7680
4375
1784
6560
6062
5716
1022
2301
973
7634
5210
7672
4641
3743
5239
7653
7326
87
8179
2746
1179
6909
1666
4308
7234
653
199
3016
6216
2226
1717
142
9022
8687
5742
9066
7524
6630
361
7706
7846
1326
8282
4563
430
371
4606
8673
811
8466
3548
5663
5056
4510
7275
6975
3483
5699
1195
3326
3762
2506
3900
4317
5187
4281
1670
5183
7312
4266
5671
5793
852
6796
7029
6700
9785
9447
2047
5629
8927
3509
8231
5213
4991
7329
9170
9261
6204
6335
2517
3596
1215
1665
9010
2780
4238
6044
3999
6876
6988
5261
2849
2240
6052
1154
5824
6841
9796
7046
2368
8476
7830
5045
6417
268
8337
7633
4609
4661
5590
9343
4001
5587
6713
7438
5833
697
5277
4385
9504
243
2155
8494
1237
7620
1680
2835
7159
7243
3626
4763
2701
6183
3607
5026
9547
5577
6805
9619
2200
8336
7545
2485
1125
3620
8995
7502
5717
9622
2489
6438
9546
3754
7660
4872
9173
2453
8898
6244
6283
7203
8297
5976
2895
4580
9287
3992
9794
6964
9571
673
8079
2541
1315
6771
2460
4733
4211
8885
1670
1987
8201
1802
9578
3202
1219
7773
1749
9183
4016
8959
7501
9226
7439
2540
6774
7559
3796
6953
5049
456
3793
7440
996
118
846
6698
6989
6384
2182
5602
2591
308
9193
9187
9627
8036
9249
2680
3412
6340
978
9338
7858
1372
7377
2627
433
3610
2434
556
4192
2463
3122
5388
9324
6380
8916
9226
6487
6991
4112
1462
2910
2428
9396
3859
1843
7590
1461
2611
7241
4516
2515
435
2789
4023
9799
1347
8134
6401
618
5137
7681
1326
950
4605
1546
4353
2724
5044
3049
8080
1877
4482
5838
4442
6151
9156
3279
3808
6947
8931
8475
5230
963
7875
6152
6898
4934
4121
8521
9459
9031
6972
9245
1477
8566
4581
8752
2032
2876
2805
5853
4409
2621
7753
5128
6585
6683
6825
217
6353
5671
1679
6498
29
5063
9404
3211
7002
7773
9699
649
72
4080
1828
1473
4789
4945
3335
5675
427
6755
5694
5106
7641
5377
5588
597
1863
3724
3580
1395
2787
7056
342
2316
1896
1816
8616
6381
2891
6644
651
7259
8729
5036
9462
6
8686
424
5299
9567
534
4220
3459
8442
4674
1721
2914
264
5171
1789
9147
8859
609
88
9593
3023
7921
2229
2843
6491
5383
4094
2487
2741
5410
3873
1639
6366
8147
8579
4064
2598
4464
1157
7270
9201
8862
5684
3800
1845
7849
7824
6313
244
3718
4058
5987
4414
3257
1424
6454
8735
5946
2483
7518
6219
5458
6765
2132
7263
1033
3012
71
8024
6567
2639
9169
4950
1114
5487
2811
5207
7745
5052
6798
5817
8899
2101
5675
2535
2510
5877
4992
2687
8927
5212
756
7844
3184
1482
3322
2704
4232
2542
6930
5443
5277
6491
2488
6886
8925
321
1944
4595
2874
6499
6429
9732
1698
3241
5536
1487
9691
6670
3810
8588
5253
1547
2436
1731
2126
6124
306
5253
1734
4392
7841
1035
217
6682
5540
6746
6318
2457
1521
5045
22
618
2354
286
1740
2027
7332
8881
99
3558
345
3051
2908
3585
4091
5196
8910
6743
680
447
7673
1452
5550
8887
5235
1683
3748
2758
2558
4278
1984
3354
4610
8882
3954
1957
8364
8846
7525
3540
8534
6191
4977
2817
3640
7412
723
1301
4925
2071
999
4334
5736
1553
3541
6693
7713
8887
674
5938
8005
4388
165
7349
5160
860
238
3349
7141
5990
8722
5598
5812
3775
2753
5140
9745
1571
2644
1933
8440
4003
2077
4637
911
2573
6547
665
7735
2769
6579
8486
4314
8004
8060
6479
7537
8074
934
2220
2430
4204
4156
147
7835
7366
750
2904
8206
8082
676
323
1508
7553
4222
3312
1876
7534
8367
1428
5147
6939
4619
9724
9001
8658
2539
1451
9200
5744
3131
5499
2251
6242
8168
6991
4213
2310
7127
2801
8083
5045
1431
3244
2198
2813
6186
7027
6850
5984
3470
4138
1817
6556
7073
3015
1077
5809
9054
2810
13
2036
4209
3479
7316
1940
7970
6991
3472
4615
7223
1241
1765
4605
8969
979
4936
6659
9573
3327
3398
3897
6565
3775
1234
3793
7824
4569
1326
42
5170
876
5731
1052
4951
2151
5879
962
7718
9415
6166
8510
6824
6646
8374
3601
3243
1060
567
8190
3874
9623
6527
6764
6564
7844
819
7880
9683
4265
4560
3358
2573
5581
2963
8408
9276
3191
6274
5530
3996
4753
384
9470
7851
4846
5689
6880
6856
5850
7198
5150
524
1758
910
7948
9713
1387
9772
3763
7433
5213
7154
4872
4040
9065
6356
4489
9605
2280
1353
9340
6618
3609
3295
9024
9316
4684
5984
6397
6984
3755
2488
3269
3934
4764
5935
3631
1418
3032
9146
3699
4729
7804
7325
5644
6446
9774
8764
4254
2933
139
1785
6788
8849
4255
2929
7266
6292
8837
4984
9302
9310
4034
5044
7307
7256
26
6205
11
6937
7206
7163
3245
4326
3126
7536
3682
4055
8149
8603
1040
4467
2210
9661
4345
9318
1063
234
8041
5494
8991
5727
565
3441
6556
9057
2606
1047
6113
5784
9417
1431
3276
139
9057
2017
3093
8497
2453
3654
9521
7807
8935
1536
136
9222
8984
8405
3761
523
8412
1198
617
196
1891
3932
2101
8787
5133
1396
6544
3993
5248
146
803
7404
2730
5177
3289
5655
6815
7383
2911
6559
3308
3346
4393
8106
1764
1015
1144
3951
6302
6346
1371
4668
7450
2925
174
3706
7035
9241
9583
4795
292
1194
3100
8344
1376
2235
8892
1320
9324
9029
3269
8438
4047
353
6648
7109
33
3453
813
6026
9511
5244
6195
2765
6353
2634
9139
7296
8004
6813
3557
3050
3035
2515
9481
9579
5017
4395
4665
5194
5763
2426
7656
6307
3617
1441
9037
4830
4719
6704
9380
178
2824
7110
6627
7105
7988
4995
6327
9289
3698
7876
5462
7046
176
7978
802
8987
555
197
4867
5545
4922
3514
8936
2318
605
1109
9648
1561
9633
6465
4262
5855
1507
8405
4383
1232
7538
7669
6834
2508
5154
6116
3880
2033
1333
3801
2875
7602
2187
6406
8153
4696
2196
1613
2470
5982
408
4839
4477
6444
1018
4065
5702
4909
2465
9736
6740
4856
736
5062
8022
7123
3458
5966
7249
2792
186
4246
4453
5942
7954
9685
3434
6263
3159
6888
8750
8290
630
6872
7239
9033
6325
7479
128
3523
5585
4338
5945
6496
1319
6682
1105
9418
2657
1336
9665
2150
4339
8986
6687
8372
1037
1244
6888
4858
9160
1305
7425
847
7818
9572
3536
542
1743
7830
2588
7163
8431
8547
8782
2471
6310
5877
9793
788
7999
6482
4706
6666
5703
2827
3164
6196
4173
3191
2644
9576
6214
517
9323
7218
7727
9685
175
5161
2829
8569
4476
8777
1700
2581
6842
1986
1169
7002
5471
6470
7017
5696
9116
9784
5266
2008
3265
5541
5560
7085
7531
6987
1308
8767
7218
6017
8022
8275
7201
2211
5457
9442
8956
3221
8963
2510
1592
6867
3831
1760
8816
9592
1627
7095
9399
5559
7293
3474
9063
6748
6276
9193
7780
6138
7371
8711
9336
8514
6392
5374
6348
6574
1927
9777
2177
5262
8074
3909
6621
1503
7185
1466
3647
7176
3713
8352
6500
2187
2547
1484
4841
2035
3397
273
5918
4654
6100
8654
3285
4864
341
1063
3070
8509
5288
6926
9310
2161
5060
3811
8503
3041
2940
8171
9284
5636
8676
5452
3225
1681
799
8170
5086
3893
636
8003
8050
5889
7774
8623
8098
9283
5598
8401
9173
8470
8794
9703
3348
5750
9457
7026
4280
8267
5947
5277
7842
2310
6947
4601
9772
3154
8114
8011
2006
1905
2587
385
8232
1423
5154
7312
6048
9493
5822
9767
7620
3832
6204
960
1206
244
8326
1733
2242
6868
6521
9004
4947
2439
8588
8178
4507
2001
4658
4526
1852
3155
5240
5698
2803
4432
7862
1667
1351
1401
6701
7735
7712
1269
6871
3921
2564
9418
8709
7092
3308
4032
7218
8206
4744
1822
458
8331
9286
9108
2990
7542
7975
3527
8067
4646
8856
1059
2491
6780
6819
4369
1339
3010
5851
9175
7770
333
4839
706
1824
3956
7384
6116
6934
2362
7560
526
8731
4533
4517
9616
6064
705
1690
1467
2444
6648
1096
2791
8398
7357
3155
1894
7474
8460
7886
9609
8044
2791
3798
2885
5336
4519
7300
5494
8266
2293
3040
8134
2302
4531
3530
2494
6581
1154
4999
3410
7887
8821
8015
7926
3909
3336
5126
2786
4301
5868
617
7450
5926
5421
7800
4987
8049
6687
3436
1415
3791
6050
2242
8558
6142
2114
4948
8343
8985
7995
2643
2181
3845
6170
8966
7531
9282
3813
6721
1969
241
6520
6859
351
7928
7393
8372
9737
453
8938
599
6913
9392
8139
3682
383
1589
1396
3245
538
4044
9691
8508
6871
2466
4620
2375
1256
3876
645
3923
118
2000
7522
5761
3000
2319
5868
9294
4012
6569
8998
5135
2520
7564
5204
5142
3872
8822
6640
3746
6897
3452
687
4868
190
8560
4305
6145
4001
7456
6694
5101
230
5708
9726
5958
1514
897
2102
6386
7544
8835
1758
4717
541
9347
877
8763
1281
8451
6291
2671
3326
2066
8978
1120
4119
6110
7345
8033
8714
9482
9196
2260
5950
9441
6259
2528
2550
3214
3449
7141
9484
6632
4314
8946
2509
9290
3031
7291
2906
9664
2365
1438
5102
5530
83
5542
7258
8981
6259
2207
3398
2272
8449
8610
233
9633
1885
6930
8964
4966
456
3103
1784
3327
1270
7783
1942
3498
6894
5810
3540
7454
9096
1505
1001
2209
8629
5906
8869
4201
4867
5928
5300
2778
3621
744
4527
3319
1635
751
3114
5329
1695
210
6021
4527
30
3920
2211
6278
8368
9759
5346
1024
1440
1072
5366
3354
9641
9578
1591
9300
8833
6609
9727
1316
1975
6659
7130
1906
7805
72
1397
3072
3325
296
5549
2805
2263
9282
9709
5199
6897
4019
9094
7501
1942
6355
2290
1246
7428
3329
3556
8042
65
1868
826
4903
4249
3341
4671
6413
7300
6484
5156
2570
1362
7733
6733
5995
6166
3374
3471
6884
8134
785
178
7414
1867
1239
2456
1251
6383
6336
4348
310
1244
2911
3951
8976
2520
2587
4408
4143
7193
6057
6599
4464
715
3430
954
9714
6854
9038
3052
5127
6600
9708
9557
4286
7581
6122
8552
8125
2947
8305
7940
1002
6715
8126
6006
3744
7384
2100
8108
4739
8961
7774
4303
2855
4762
2176
1029
1198
7719
6729
7143
9652
6939
2045
7997
5802
2678
3647
7748
6609
9269
6275
1784
392
2172
6271
3058
7057
6704
9230
8037
1281
7077
5101
6552
2509
2
59
702
3250
5805
4267
7587
7557
2283
9071
4525
6588
3521
2390
6540
4170
9352
560
4728
4404
6136
7735
3311
6317
5596
7902
1925
8061
9267
2643
8492
9698
1827
1933
4611
8336
3329
2345
106
998
1000
7952
528
3633
8260
7230
1863
995
4497
2590
3602
1500
3403
3361
2275
2206
803
7517
5421
4568
6580
8776
7610
4248
6067
7963
3807
5531
7322
7735
1485
9463
1183
7126
199
8235
9092
1338
4448
505
1774
1607
1231
3661
963
5612
2143
2615
9448
4995
842
6281
3614
7568
5316
6059
5460
7019
9179
4568
322
79
6998
7072
8554
6720
66
4816
3236
6000
6857
3732
7433
6482
8280
9175
3597
610
7739
573
7074
7312
1621
7732
7043
8962
2484
8492
968
2639
6734
624
4540
3350
6263
211
9745
9418
5183
1310
2732
4865
8016
3067
1848
7062
7104
1096
4684
2344
4545
8382
4333
1751
8645
7355
2100
6802
4398
2094
5005
8930
9142
8939
2263
3360
7931
954
3745
1581
4351
7786
4283
4745
3302
6504
5114
322
4502
7898
7110
5798
3555
4042
8017
848
4874
8033
4616
1507
9098
947
333
3064
9181
2692
2671
4999
8836
8488
9394
8933
4701
2693
4773
8774
8713
7279
6286
7815
3589
3657
9551
8814
9134
6519
9725
4699
4186
927
7751
2488
1059
3623
6660
7200
5373
5994
5850
3839
6679
9288
9720
535
2429
9232
9529
6422
2573
8028
9250
3531
1069
723
7500
6332
6348
5101
5411
8266
1661
3100
8401
2152
3781
4069
2670
5765
715
6709
9656
3547
1034
8459
7052
2324
8128
3335
8083
177
148
4237
623
5254
6893
1085
3328
8575
4482
919
8197
1589
4051
3125
9236
115
4136
2013
7955
8136
8815
1767
369
8974
3990
4548
870
2696
771
8346
4852
4159
3730
6936
1473
175
3415
9214
8421
3165
5016
2297
8726
868
855
506
7019
9064
8783
7902
6092
2044
5928
6499
509
1966
4262
4882
8532
4395
6929
2420
3230
4810
4567
1381
2999
3128
5567
163
5826
7392
8770
4502
1357
5582
8622
8879
1442
7889
9023
8352
7103
7477
959
6640
7614
7148
9546
9582
9488
4965
2018
2699
5599
3628
2629
4340
3886
1916
5598
9720
4094
2670
4038
9132
9168
5963
6896
7028
5712
7654
8401
5809
7303
6374
152
3701
5300
9540
2066
5090
9231
3372
9399
6400
6154
3228
8501
1585
5158
8764
3169
1759
4765
7398
8575
6629
7591
8914
736
7242
2953
1414
6368
956
3811
5752
7512
7791
6349
4140
6115
7607
9429
6179
3910
3993
665
5339
4242
4842
4577
1635
7095
2335
5603
3878
3877
3696
9458
7992
5850
8977
8837
7038
731
1545
6356
9137
2742
6995
8317
7661
3750
8222
5561
5319
3280
9666
4929
9740
4325
8034
7206
8312
9357
6288
1836
3337
3136
4085
7595
5779
6337
1558
4770
1309
3515
9391
4119
8048
2712
1268
6727
7395
4092
665
1022
5892
5395
3766
2974
401
236
2709
4780
991
4012
915
6480
2
8404
6171
8832
4422
2246
3710
5438
1897
5483
7372
2082
1920
2109
3431
2714
769
2357
6181
1342
5122
6489
6147
5539
4124
1813
4524
2955
5916
6429
3695
4731
1851
2569
5930
6722
6653
652
2332
250
54
5418
191
9550
9622
7331
6938
3760
27
8518
7474
8219
4990
4836
1518
6814
3989
4798
4473
8856
1961
2224
356
4387
5265
3770
7579
9199
767
2055
1573
4319
5702
8789
205
8820
7257
5020
1431
5663
7954
6324
6459
4828
9438
2882
2885
1768
3051
4645
9755
1909
7692
9394
6513
1005
6268
4337
7685
9293
3791
501
6463
6708
8938
6671
8397
4411
3193
4183
2276
2864
3133
2624
6639
6010
521
9373
4459
4057
1487
6333
9506
6561
4883
5441
9256
2482
7532
2608
6229
8624
5339
8923
2157
2542
2396
3566
1189
3073
2337
1840
2074
131
1979
1917
3554
3580
6905
5248
7997
1964
4584
4160
6946
4906
7395
6075
6284
7805
6020
6846
6748
138
6051
4208
9643
4386
8909
1508
4499
6016
7348
6910
2820
6623
8102
1378
1534
130
1991
5343
8599
3685
211
3212
9292
2026
4018
621
8996
2915
2970
2227
7245
2311
4027
7341
7292
2590
5355
862
431
6563
3971
6110
1095
6575
520
5107
3140
9736
6370
215
8432
318
2563
2629
1037
2940
1964
908
3185
6683
1921
9259
3899
2038
6184
254
7425
34
9262
4697
9252
9066
291
9113
3619
3748
1464
4614
9491
5245
1500
6270
6305
2921
8005
4983
8070
5353
9545
4198
2872
3544
6679
4485
2744
1504
9063
4958
2702
7921
3898
5071
8984
4896
7943
1437
176
775
8120
4199
596
5479
1220
4292
1331
7679
366
4318
2267
2946
8117
7799
4000
8256
4884
6578
5294
1517
3277
8981
8360
4944
5778
4259
2501
2526
6426
2611
351
7787
563
7066
2216
1625
3719
823
7071
1249
9484
8940
2003
6193
1139
3867
3154
8476
7732
2537
4857
9362
5971
3626
8720
1806
6617
9671
841
1451
4368
5783
4298
5566
4070
927
1182
1553
1949
2814
5071
3969
9444
6947
8524
9544
6597
7193
9513
824
6114
2081
4184
1266
7015
6621
8981
8938
204
9236
5719
3026
8526
8851
5792
12
238
1707
5350
3672
2585
5127
5801
2462
1812
2461
3508
5043
9379
5976
4528
9511
9021
1276
8572
6043
5241
8132
1824
6655
6885
898
8056
3319
556
4178
2366
6766
3186
1479
2254
7890
5221
5369
7589
7953
7147
1216
7611
3951
7248
6421
6765
4705
6299
8400
49
216
3796
1748
411
7431
5975
7986
2210
7565
892
8396
3228
1799
802
2350
8207
4650
4976
7299
869
3757
7558
7341
6572
6227
3727
311
8369
3706
8142
7413
3545
8477
6293
6953
1122
4128
3104
7686
756
1341
9565
1096
8508
5019
7934
8087
1008
9484
6422
1310
5887
8452
9170
7383
136
176
4975
6972
2659
7025
1421
6285
9346
6338
8248
2725
8018
4595
6252
3268
5498
7734
272
2857
1771
1328
4267
3627
4562
6678
9058
5705
5006
5281
2093
9778
466
1462
4949
1590
2582
132
6973
6160
6637
1890
8172
3721
7259
4213
6639
4858
1642
8029
6006
2877
4106
4900
4041
5315
2387
2918
5187
2587
7239
3986
9129
8536
7450
7045
8060
837
5725
5443
6476
932
8364
3308
184
7235
8643
7346
9324
5327
6484
5235
7426
63
8703
4529
8237
7008
717
1936
4735
5635
3029
4619
4969
3924
4358
6357
6717
2007
592
9092
8203
4854
3409
6105
2367
7317
3457
8486
7464
1798
9126
4278
501
9120
1079
9714
7212
343
963
7101
2969
6434
5348
9760
1366
5984
3628
9171
7022
7736
7621
5425
3606
3698
274
7160
874
2676
4206
8794
1645
4491
6972
2599
1400
9747
9301
8028
9068
2636
4111
790
713
9578
3665
3630
3988
7816
1607
5986
5028
8023
4196
6497
2581
7424
1582
1387
376
2464
344
3454
6622
9309
412
7506
5190
4589
1529
1057
9167
8909
663
3676
7495
4621
9553
5170
5023
3367
9146
3454
6658
2472
6332
2005
7006
7698
9647
9143
2289
2574
1531
6637
5146
8968
7001
5200
8443
6273
7769
8867
8455
1222
3767
3769
5590
8329
2956
2693
5002
501
1246
1451
9215
6241
1936
5578
6000
6674
271
7788
7168
4136
106
6747
6662
857
1816
6517
3539
8175
8787
6988
3078
4136
8187
8029
7630
4827
654
2690
8430
4716
9124
5014
3355
5036
5208
5352
4655
971
3605
303
8484
8530
6127
1333
1572
7957
6990
4646
5086
8215
3895
9269
3484
675
2023
671
5273
658
7990
7100
6700
5116
6197
1895
4064
4972
7693
8914
6969
6481
7891
6834
5116
4075
4518
1224
2892
6804
7429
592
3679
2133
3687
121
6331
9300
4768
7667
8944
3166
7051
9605
3958
7964
6900
5663
9079
367
6283
3589
6807
3512
1511
6511
4634
5097
7341
5277
2389
8598
8434
3875
5732
8710
7817
1842
5991
4067
6931
7491
2645
8917
7302
5236
6245
5155
462
9449
7329
811
5951
2601
3335
8518
5020
3715
8425
7022
274
6166
4215
2217
7904
5611
4510
1754
8918
1
9047
5547
4731
409
4316
7494
6916
6546
9757
5241
642
4090
8565
2827
3013
9662
3459
1773
4432
5132
9454
7142
1005
8442
3401
4757
1598
5500
2747
5550
1344
3773
304
7246
2205
2056
5960
1175
6269
1475
2290
8246
5286
3665
5092
2935
2367
5723
4761
3592
276
2522
4871
3017
1557
7404
6352
2983
7632
3943
1347
5686
7563
2332
2296
8614
3408
6292
4516
1343
8491
4332
419
6863
5926
3354
4790
1902
7009
452
5934
6928
3544
2115
3152
8105
8204
9492
418
1644
8808
3513
3818
7436
6866
779
659
7952
8962
4407
2051
6783
1880
677
8342
3371
7961
379
4009
6008
7003
2957
9247
1419
3733
8618
8155
2822
2659
7596
8034
3209
7864
2904
1886
6236
2818
2502
2517
2349
6394
9266
5072
6617
5957
4956
5707
5647
9453
7759
1328
6905
3407
8693
901
4544
4998
1604
2096
3201
9538
1640
1887
6542
4416
5574
6599
6774
7298
4858
7816
7754
2199
3294
3316
2918
8823
8427
943
8269
1872
2308
3749
9087
6232
3088
7527
6426
3439
9290
7757
2823
3180
375
9495
3547
6050
2220
9792
7468
1731
4920
1306
1912
8920
7740
536
7291
554
3660
5707
5112
6899
8633
5739
9062
9222
2861
9456
1150
8471
1663
2620
9586
7918
1381
6482
2378
8747
475
4701
1971
5819
128
541
7771
1113
6494
9738
9018
4222
7055
3935
6886
8188
1458
3094
4494
2298
5990
3168
349
3255
3447
6546
8976
1791
7644
7389
695
2418
2048
9358
8977
9503
5590
3352
5778
1278
4021
5700
6950
1703
8082
2831
5355
8436
3238
4162
2142
9091
476
2137
6099
366
7204
562
1561
5272
3488
4675
2155
6892
1392
5297
745
2101
5552
8373
5547
3034
3641
3139
397
1143
8469
5641
4876
7361
1604
992
8193
2416
4115
8132
4133
7151
4376
3213
3611
8412
4658
5128
2363
2378
8833
179
5372
2003
6611
1576
4958
4059
152
5674
650
5018
7332
5423
1990
5246
3758
1729
7589
2551
1981
2740
4889
9424
7717
6587
7655
7354
3533
4986
9646
7613
7968
8328
9668
268
7791
3564
6942
7170
1447
1193
1366
2849
7582
9254
9636
2694
2492
2124
1726
7033
5385
8154
2313
4666
8874
1989
2358
1381
5676
7020
2852
6350
1497
6541
9666
6780
6101
4265
5780
1424
4525
1673
4483
1664
6717
8518
2820
2671
9684
4015
4770
5160
1288
1054
6580
1393
3106
2855
1779
895
3683
4227
7879
1392
6994
5707
4911
2836
7387
1645
1790
4787
6430
6879
7606
6867
8641
6866
7555
6055
273
4309
9719
532
6186
61
8979
7817
8073
5711
182
5617
3469
2334
343
2404
2873
4065
3113
2665
3300
8456
7819
1791
3377
9793
8175
1722
6562
6006
6009
823
6234
1282
7262
9414
4507
4434
600
1637
1602
9095
3568
4393
1629
3750
8545
4726
2939
280
4557
6863
9232
7224
8192
6798
344
3687
7742
3639
4775
2214
252
2684
702
6190
5569
5042
8868
5257
1205
3110
832
9403
2870
5958
9676
7222
1822
4990
3681
1662
2550
4289
407
9340
589
5992
2753
3677
167
3949
4799
5911
5622
9427
6740
2976
6584
1142
3665
97
6750
9729
4950
4927
5127
540
105
3372
6201
8160
775
7528
619
8798
8769
2601
4261
2741
5710
315
3761
6661
1262
6282
268
4742
4268
7342
5683
1119
910
2583
1111
7995
9438
7444
7046
1802
2779
7649
9199
6891
9087
8157
6077
5755
132
4287
2646
414
8635
4531
3931
4534
9778
3351
95
3259
8501
2622
6695
6256
5082
6778
3765
7432
5403
2102
1431
5471
826
8222
1207
2093
1115
7857
2021
9526
598
9519
5855
4472
6838
8406
9692
1864
9226
4349
2910
3526
9220
3779
6066
3004
2862
7050
2826
3768
8964
1261
3700
2069
7989
4870
1422
1204
8361
4059
4748
4862
4800
4859
4978
7219
4793
3979
4700
7094
7397
5379
5725
2756
8773
8212
6592
8405
804
2160
4780
711
1449
2565
8608
2077
3575
4666
4792
4965
5779
8644
8015
4998
4110
6825
8878
8294
2699
9044
4573
6800
3509
7677
4322
2348
8181
8219
5451
4814
6293
9114
2553
6511
9744
9512
1533
6075
3759
5546
7003
1911
6403
4344
7712
9618
2509
4410
8429
2696
101
7343
8074
8763
6630
449
6062
136
8139
5855
1050
3447
7168
2021
4492
6053
5075
6043
4866
4540
4720
5974
9345
5072
7230
1508
2840
3057
5111
2308
3902
2167
2326
3163
4590
636
1241
876
5742
8689
4607
3030
3146
9191
3225
122
1490
3725
5342
104
2343
5775
3322
7247
1176
2147
2655
3959
6051
5224
9419
2913
8149
918
4927
6422
6554
4235
6478
6784
2915
2156
2516
5699
7200
1272
3940
9244
360
1517
719
8660
4844
8130
1750
4522
7871
4914
5989
1744
5015
6649
2640
8505
4241
1044
3850
5713
703
3342
1365
4441
655
7088
3868
3836
3704
3332
2129
918
965
6859
5007
8289
9672
7178
9541
8583
4031
5614
5084
6399
8183
7053
3691
2490
8536
483
5781
2425
9124
4070
170
6986
6392
6180
3703
1754
3111
2437
9245
8718
9148
1795
386
4808
420
6425
224
4928
7135
167
7700
4845
1563
9024
7605
5600
3887
5570
4551
350
6783
7041
7125
4967
921
7514
9320
4812
916
8562
7909
9408
941
4676
9300
9209
6019
3260
5180
2236
5396
5204
6054
8641
4489
795
1850
2388
2205
1136
7603
9102
5133
4952
2248
4484
449
9196
7580
2763
5282
1858
8416
6095
9026
5257
5815
3022
1077
3939
5225
660
338
2152
130
4485
8440
4517
8235
5742
9639
8873
3292
9691
9267
9275
3179
3919
8940
7421
1017
3305
6828
4030
7534
7159
7696
2613
4361
9652
6998
6654
6804
269
1648
6726
2196
2168
3914
5905
4032
589
8901
2283
7702
7106
4921
9755
8294
1685
3488
443
3149
4373
4815
4718
7713
239
4268
6670
7992
6879
8657
8010
6040
1349
5069
4385
4037
3609
7493
8080
4942
2208
5397
8240
4761
679
8981
7435
1841
5381
5228
1786
1733
6181
6397
4650
3720
848
4954
927
52
277
969
4741
8800
9220
4699
6441
1295
2671
1045
2293
6387
5103
907
5582
1685
1977
9394
1648
363
990
3042
363
6180
9164
6344
2860
7113
3157
1871
3626
2945
8150
6867
7519
7438
9435
6764
6502
2502
7118
9722
5354
3342
5526
1963
4860
845
6894
5316
8514
9672
5820
5648
6176
2557
4099
1461
5452
1594
5540
811
472
4496
9011
1183
9522
4987
8800
6055
1004
5827
9528
2476
5424
5952
1682
8764
9303
8572
3102
56
2364
6738
7280
4935
3791
7534
7134
9167
534
6332
1833
7672
2724
6925
2243
4487
6555
9058
3060
1564
4018
8639
4400
4346
4041
7124
8772
5759
5594
5093
4351
5325
7905
5333
2675
7030
5196
6574
2596
4077
4203
4588
9061
5805
2391
2171
8341
9762
8607
2496
9551
1474
1849
2709
3346
8271
3558
7410
8008
2797
5231
3781
1244
9752
2296
643
756
3378
3736
2099
8470
59
3148
7720
6734
3056
9599
6786
7833
3164
2074
5298
4394
4146
1988
987
8664
672
4961
3135
899
754
4182
2083
9428
2012
4852
6339
2499
7748
757
402
4183
2343
9260
5654
7227
3099
3050
4268
5483
1238
3193
2773
7286
4171
7231
8891
6736
3251
1615
584
5327
1193
5496
1162
1903
67
9148
1991
6471
5670
5427
1308
2095
8103
2124
6773
2403
8071
2036
9529
6543
5695
3252
7787
113
8389
5840
3326
7115
7635
5311
7416
5315
9474
4284
7978
2893
9748
1064
5699
8101
8454
2894
6001
2379
4239
758
9478
3244
4065
8025
5483
8224
2361
3205
7544
8797
9384
7944
249
8057
1169
7364
2350
5904
6097
8906
3843
3367
1777
1296
7635
1519
4013
2158
4538
5231
4441
4525
9173
7556
5852
3474
2804
1312
6434
6864
6544
168
1075
7408
1846
5568
3262
4281
8501
403
5203
6294
1542
9423
6418
3378
9716
8087
8639
1577
9779
3102
7211
1797
5308
5225
939
5956
2235
2050
2505
7668
2959
7593
7073
5840
1251
4946
3698
5070
5716
8410
634
2289
5956
1162
5223
1283
5083
6511
8783
2564
6993
5751
7111
9123
6975
1843
1747
6918
8086
7988
5477
7282
3482
629
650
5218
8992
4695
3377
2537
8376
6875
599
6414
2584
7196
7566
1689
1908
5787
7439
3517
1498
6126
4551
2024
3000
8213
8112
4621
8427
2939
6914
6178
6157
7947
6748
6443
2137
598
5042
4896
7761
1407
9063
8499
4149
5032
2015
2664
9517
8924
4720
6921
5226
4968
4410
6197
9558
6142
7086
8279
5914
7219
4030
4165
8056
2226
9264
1985
8922
8471
1953
7763
8800
6662
795
8714
7262
6210
7051
1790
119
7284
2675
7165
3950
1317
5300
3735
3783
4423
4248
4902
711
710
5592
8273
2546
978
7101
8902
873
2686
7779
6360
1573
2855
444
5030
6953
2965
4180
4391
260
378
4351
9094
8596
7264
5997
6275
6524
545
2859
7321
8844
4265
9328
8358
6598
3516
4527
5432
9460
2644
8732
6516
3470
8984
4659
689
1972
5805
6267
9036
8737
3351
5553
8028
5901
558
1923
9426
3399
9563
7721
5474
1709
3503
9749
8356
3813
8156
6211
5060
6349
2069
362
1692
8964
8115
5331
5038
2514
3137
5719
1958
1026
7401
3239
5066
2875
556
6194
4005
5139
2867
586
6700
2409
1207
4475
673
7321
6664
3470
955
6783
2592
4381
5718
3338
8350
1950
4421
2244
4210
1914
2368
9622
5449
5677
4167
4410
5139
9331
3102
8731
2436
2033
8454
563
601
154
7977
4509
4209
2120
7359
1445
8426
3296
8065
3129
7050
7402
4592
9519
9378
4307
4585
9280
911
1718
9376
7505
4718
3690
3173
3753
3540
1570
206
8744
22
4245
4300
4682
3287
8200
6213
3365
203
849
2526
1658
236
6389
5979
4134
8452
1878
3628
3752
7250
660
8553
5020
8378
8695
1083
4502
1512
2029
8445
6562
21
1712
3170
7171
2864
7752
5587
2571
9771
3933
4358
5230
6491
7556
7708
761
2891
7346
1052
8475
9551
5743
120
1341
1145
7679
1388
1329
2490
1703
5154
6390
7309
1152
3264
4094
6427
7949
582
7867
1999
4483
6513
3663
7387
4375
7737
5721
3028
2374
7832
6518
8468
914
4219
841
6260
1313
3521
2553
653
3325
7436
4988
5709
1161
4088
1006
5935
4733
6152
4541
2213
6733
3799
5099
2005
6072
5352
6657
4200
3413
6810
936
237
7682
8817
8532
3557
9749
1316
6766
1094
4195
388
1759
2914
4878
3224
4868
1753
9273
2227
3127
8231
4511
2090
7564
4175
573
7767
1955
4874
4701
8328
5709
7566
2085
3195
7883
9598
624
7637
9351
8958
8840
4376
6189
4473
6351
6012
5726
1014
6413
7278
545
1800
5163
3955
7462
9168
2794
3687
1420
5665
2662
4963
2228
8506
6738
8831
8669
4447
6437
2593
9275
1237
6987
1869
2371
907
8328
6777
9344
8188
2049
5665
9463
4051
4043
4713
6760
9671
160
3120
1085
8963
7915
8301
3720
227
2910
4186
7785
9502
5930
2736
6998
1965
7600
4588
5610
9004
3290
9633
7942
7582
7993
2408
5601
9584
4195
3094
4751
7273
2316
781
4462
3187
5848
8727
7484
9560
7362
4460
8482
7427
2960
1736
9387
8354
8969
7004
4415
1895
6685
1362
8822
8966
1177
9266
6429
9554
4730
8049
610
8772
9278
4583
8227
7576
292
3230
7122
2273
5126
1907
8600
9614
1072
4871
2801
8
443
1221
9772
2484
7393
4446
6605
4542
662
1787
117
7917
5916
8985
5090
1149
186
3566
625
2555
6075
6393
913
7261
3263
1008
157
8990
5908
1860
5943
9534
9618
6985
93
1152
365
499
7147
1898
2257
8833
999
4211
8856
2151
9742
7568
8191
388
6111
6227
4101
5760
2872
1372
1661
5152
6703
6686
3724
1254
2962
3156
8140
4629
307
5631
6932
7807
761
8594
5973
2724
8906
2957
1762
333
3599
6947
8035
1780
9411
2668
5401
3543
6733
9290
1949
4704
9400
7370
5202
3534
4679
266
5271
4416
4478
8228
7209
4286
6869
8188
3026
4913
2649
4893
6073
1376
9582
1968
8179
3175
3406
906
4722
6279
6361
974
7469
6869
2951
4953
7724
8897
8903
6280
1093
1042
1926
8083
9756
430
5905
1669
6172
9023
8587
2668
5435
2602
3287
6793
1254
549
5876
8235
6357
2151
2844
5301
6938
5574
4831
412
514
591
9359
705
825
6529
7484
1365
6768
8470
5504
1316
7530
772
4133
3525
6094
2947
1588
3109
310
2348
7448
3506
9327
2002
7747
6369
3967
2933
3650
4343
8665
1262
1591
371
2280
6545
7173
1943
9501
2955
6234
4792
1925
7137
7344
5581
3069
1319
268
5038
3462
3767
1456
9269
3449
9703
2328
2151
7830
3868
6872
4907
6615
2508
7228
6215
7369
4662
5459
2751
8273
1658
3098
2866
8878
2332
8354
3835
9034
819
918
4278
1320
5111
5258
3950
4081
5862
2850
8525
2022
7214
8863
461
8040
9469
2302
5874
9490
6413
2555
1278
6284
2712
8092
2771
4412
7250
3324
4042
3646
5962
5258
9652
8924
4015
4510
7475
7746
574
6786
6574
6025
9508
3687
4323
3210
5176
2404
7193
5540
8196
8660
4949
8246
1636
2944
9339
2113
8240
2015
7347
1299
611
7775
6820
9750
2132
2690
291
8113
8702
4156
7795
8931
6098
8866
8415
4543
9093
1930
3734
5785
9327
6102
3519
1198
9640
8389
6922
1183
651
1245
2699
2426
6257
5106
2775
5577
9534
4272
5395
3206
3938
1955
3129
7449
5011
6445
2615
9175
1561
5341
8059
3272
1095
6884
3029
3436
6632
8694
3366
3326
412
7500
1071
666
1041
5446
5639
1485
123
3574
8660
1899
5280
7887
2679
593
5806
5396
3012
8669
2381
1499
995
7521
2536
991
6047
4684
8940
3596
9725
4542
5397
988
1638
7594
3403
9775
7322
1424
8939
407
9231
4961
6005
6924
8864
972
5261
3837
8332
1799
9624
5496
9759
878
8420
4394
14
9744
6588
2280
7709
1441
7021
3471
4616
6851
1117
561
8612
6762
7884
8898
4710
369
3592
507
8626
6586
9391
1680
9217
2368
7759
7759
7288
3052
806
79
941
2054
5957
2304
8507
3721
1054
6705
2401
5063
5885
5068
9397
3413
7861
4034
590
756
5944
7112
7091
3034
8614
6559
4774
108
6077
5418
667
7292
9418
6823
2317
6679
5957
8736
7772
1498
7198
2373
5619
5008
2326
8960
1903
6314
1040
9537
9609
6196
5822
2845
5473
2065
8075
7498
1652
4112
2876
6062
1036
8456
6236
8729
2376
2849
8557
459
7443
6751
2425
3315
1562
129
9788
8875
8241
1966
1170
5553
594
7217
7493
9051
1311
9551
8501
8225
4785
8867
8408
4726
1973
7156
4995
7904
1742
3433
5489
4628
5563
8300
342
7081
7473
6660
7122
8641
1396
4520
95
70
7810
1527
2874
9642
6476
5283
2492
9275
4992
5321
9032
8842
6776
8518
2898
3840
3923
6997
7832
9422
7641
1073
8436
8329
6649
4471
878
7008
6726
5966
7925
9006
8015
2573
7013
7452
6574
2480
2188
2112
3830
7969
7530
3806
9249
9190
2975
1710
5823
309
2987
3668
9215
6427
7686
4047
5621
9368
6797
2280
2876
36
8589
9093
1061
7903
3699
8998
4627
7093
7316
7494
8756
128
1461
3966
9425
9085
4599
3027
2025
8277
957
7918
6243
6890
3065
710
634
8320
1594
1145
2667
7806
8165
4973
8296
9692
729
2579
8465
2878
5633
9043
7360
3650
827
8728
3934
3774
8012
6967
4287
513
3989
7511
9445
8392
9274
3845
6719
2249
678
5395
3777
2774
1543
2795
7000
6332
5374
2429
8703
5888
9294
9341
2703
9565
8411
6683
9374
3494
8211
642
1342
773
3302
8714
9230
2180
6954
9530
4723
6296
1457
4494
9612
2154
6822
6588
5769
1846
3192
4055
2397
3293
4833
6885
6146
218
8129
1238
2749
3030
5371
6598
7017
8111
8431
7823
4086
1569
6280
6031
1299
6724
8562
9044
4
9754
8516
4420
9687
477
3702
3533
4468
6154
8630
476
7131
9729
2428
2784
1331
7224
143
9785
6487
8236
7380
7368
5162
2194
5330
8848
199
4537
378
6601
6382
3691
7182
7007
7405
738
1483
5774
8073
6563
8642
5754
721
8801
6768
8838
1497
9228
5854
7207
4357
5384
6295
3165
9471
3119
7766
1391
1156
6926
6400
7590
5827
6918
8720
6667
7572
770
2324
3497
4024
9550
3545
7725
4892
4421
4861
5498
2111
5968
4357
1678
343
640
6546
6544
4167
6249
8942
1929
8302
7476
6051
2199
9701
8779
5931
9002
7740
5626
2175
112
5421
8871
9326
310
6131
4821
84
8424
579
9152
1744
2692
7107
6368
9449
2449
6469
3178
3520
6552
8306
5939
2454
7531
5070
8933
1947
661
8761
7657
2864
7416
9635
9588
5517
5782
469
6412
2424
4985
3150
7438
6301
6524
4899
7281
302
6554
1085
7041
7301
4779
8384
4031
2490
1682
5241
956
4146
5580
2307
1364
9488
6670
5478
2388
2041
9033
1273
789
7953
9422
6796
1933
9028
896
7708
5462
7060
7127
7529
5031
6894
6870
5819
1187
2481
8448
5342
6199
5520
3262
8355
2300
6962
2796
7075
2783
6772
3765
853
9762
1172
3300
3919
567
7288
9153
1437
2380
6267
4495
6687
841
8621
9087
2337
6401
4975
5567
5058
1649
5989
5648
2380
7864
3677
2863
4690
7288
8566
5604
6254
4796
7963
8413
1533
1334
6426
5803
2308
2202
695
8266
5085
3517
7165
2779
9338
5596
2403
6820
3672
4520
4738
3519
6272
5376
8222
8216
2377
822
5727
4540
2649
4354
2413
4081
9379
7116
4277
5762
9559
8843
4695
1530
2159
5627
4005
6821
5543
1045
1829
7812
1641
2310
2248
1866
1877
2911
6299
7171
3409
4934
4554
7741
4390
379
1006
6735
1880
3418
3780
7489
468
1257
1859
6483
4231
4166
4292
3871
4906
9352
7038
5757
8949
3951
9049
7449
198
5113
433
4861
6545
781
4536
2470
1455
7978
8451
7817
3683
5264
2214
3823
5708
4113
6590
3045
2098
9606
5974
7176
7885
1447
1745
8583
9243
6613
854
9435
8148
4915
6064
1002
2716
2220
162
6108
7283
1132
1825
2119
443
4576
15
8916
6918
3085
9435
6432
8819
3704
8375
842
6064
6922
2252
5185
3511
2041
3770
8533
7968
1502
8440
776
4346
6837
7852
1195
6388
806
4766
2599
2885
1686
1760
194
7274
5750
70
8748
7564
5115
5035
2942
5627
5948
3571
6256
5477
62
4305
1255
481
3901
1157
9780
2740
667
5661
1233
9576
540
1805
2829
4304
3719
4097
3339
3032
3389
7561
643
4341
4618
1965
5807
8971
6687
7865
7840
185
6425
845
3638
8577
5518
1556
9092
1984
9231
5181
1034
1511
4380
8711
830
3277
3356
8573
6745
45
3671
2234
2996
264
529
2274
7119
607
7202
7508
2757
3179
7077
1085
9651
7758
5239
8749
1081
9635
1079
6760
3878
4753
1882
7677
5044
3004
1583
1669
6537
794
1153
1016
1472
477
7514
6323
3420
1745
8269
930
511
1892
850
9342
7986
4338
1653
4133
3161
7762
4286
456
1406
8827
8801
3561
583
5711
1729
9145
4692
5905
8886
6038
3573
7297
6022
749
1231
1339
1367
106
1026
7925
584
7716
1069
75
2672
3402
2706
5914
5516
2731
5114
4547
5012
9448
3389
1109
7627
9733
7814
1193
7274
9626
1502
3201
2677
8816
2058
466
6899
3751
624
8607
2491
7112
6008
4146
5629
9265
6802
1768
7362
5286
9112
2727
2702
132
8633
6403
2655
7074
5929
3173
3576
4349
271
4328
2816
3481
1160
1888
2409
4472
4847
5316
1488
3716
7705
4775
9376
838
2464
3645
9509
9470
9697
9117
9048
1202
7120
1239
9653
6262
175
5413
7161
8282
8513
7256
80
6390
3886
2535
889
2905
3018
801
4230
3656
604
6244
2043
4666
2088
9028
8337
2760
1868
3135
1875
1377
3361
7631
963
344
1317
6123
1691
7296
6924
2082
9490
2269
7246
4361
3048
9441
1116
2471
4815
3042
4191
4054
1105
9738
2940
1191
6854
7379
6896
6555
4466
2665
54
3523
3628
8127
5734
8239
4428
8028
8558
6393
7993
8024
4851
3737
5504
9332
8321
1731
9523
3265
7790
8968
9716
7236
6177
6188
2495
213
1120
5532
8609
1984
5960
658
9024
1635
1800
1576
7329
9317
1739
3347
7397
9664
9090
5801
3915
2694
8979
6
816
5718
484
5521
4412
4170
8746
6677
8794
5213
943
9197
3604
433
330
5992
8628
5108
5439
7052
6152
6058
8618
2612
2530
6085
7494
6592
5939
3551
4373
7249
849
4436
3684
8995
2277
1959
9508
1313
2940
3484
2440
8836
314
5381
7578
3583
253
1117
3330
1647
8286
360
8740
255
7924
5383
5379
7252
5387
8544
4147
1567
151
9776
7715
5514
415
793
3359
2950
7082
4588
2019
7226
3439
7726
2172
2402
3977
8790
6738
2228
7406
4292
8538
2939
8153
771
4614
4560
9226
3237
2242
1679
3694
9142
3033
526
7730
3520
6264
7002
6669
1727
1555
7347
1113
1792
347
8835
5016
7274
1346
6367
4038
2198
2304
8427
5686
9001
38
9745
7544
4975
4322
4549
5039
3642
8738
3584
4365
3986
4025
6475
6698
9052
8599
3241
9233
235
7315
8435
6296
5027
5677
8529
227
1718
6895
5713
4038
4129
5223
8298
2909
5119
867
7445
5825
8275
6782
6687
5581
6942
4045
9733
4374
893
959
3729
2307
1782
6269
5276
5592
4240
8119
2073
7226
5211
1915
4621
2843
1471
1395
1918
3342
2260
9743
8485
1671
8536
3438
9024
2892
6123
8726
7961
3076
6435
3012
3654
9509
9575
7721
2592
143
3738
7395
1898
5268
4775
451
8529
1682
5548
1393
7782
9535
9352
5487
8658
7598
313
7466
8383
1158
5693
7695
8917
710
3619
9099
6703
4947
5371
8999
9388
817
7576
8141
659
3313
8877
7498
6671
4018
7851
3028
6536
9732
8379
2383
466
7183
7657
7299
6089
1923
8193
2343
5818
5332
8789
3030
9680
3404
8463
8266
5041
3684
5851
9449
6197
4124
9552
6514
2182
1513
9686
9107
6513
3063
2442
3121
1508
8865
3008
4826
3598
8109
888
9720
5417
3691
7191
5538
7379
1271
4613
4398
2376
6096
6397
3943
4683
9287
1181
3909
7403
8257
9691
5766
4920
6664
2467
5176
4506
4456
2155
4908
3608
2880
7940
1056
8047
6226
5680
3492
8355
9536
4532
5723
2046
6701
2588
7152
7503
8628
8462
5039
9417
7370
4734
4177
5700
7494
5389
6103
1186
6626
2988
5173
4640
7979
7149
5340
3494
5051
6938
7566
1278
8771
5371
272
3435
338
7879
5503
3596
1848
2052
5715
6295
7934
515
3526
4731
5220
1726
4689
7659
2089
3158
3181
596
3903
8363
5459
4361
5335
8677
4528
9176
5559
3045
6427
8487
733
5222
5131
5287
1979
638
2616
6515
8556
5147
1633
3902
6564
4798
6393
109
5764
1394
4776
5391
4765
1603
6569
1167
4986
4716
8072
1323
1884
1995
2556
8213
2218
3871
4337
3531
2076
6210
2866
8698
3399
7589
29
2718
3613
6989
287
5578
5019
5214
3355
5828
1645
7434
6525
4026
5063
8190
6262
2107
8653
3320
5738
6814
6103
9583
7480
4652
3496
6751
9700
6659
7126
7852
2979
4257
6796
9338
5956
3195
3249
4103
6675
4125
2954
452
803
8081
5000
5393
6217
6439
5114
6868
2267
8715
411
7408
8761
1323
4611
8627
7765
2117
5221
3404
6266
4902
4289
7709
6711
8265
9570
895
430
8245
4225
8574
1736
8310
2660
8655
8263
4296
7813
2197
9237
5740
8688
391
528
2943
4019
917
293
3666
3402
2597
1185
5302
4546
3045
6130
4241
3341
7543
9210
9637
7153
2299
3971
487
5369
8559
8122
5007
6640
6901
8027
1899
1780
8655
8418
2727
2851
2449
209
8993
115
245
8925
239
9195
3569
8356
4691
6501
5429
6587
1171
5291
1927
8865
8769
6787
2520
6662
3205
1759
9492
8477
2049
4062
9237
2289
4400
9075
114
8009
5785
5080
8335
8393
5119
1600
830
8609
2954
3107
5641
6031
6075
2125
7590
8488
8339
1127
6435
8457
3298
4355
7202
8897
7228
4601
9482
1365
3605
1046
1932
6985
3419
851
9604
9381
57
5518
9678
7353
6032
3196
6866
9356
7530
521
3832
8614
4607
997
3164
312
5896
9160
8651
6792
2277
3852
2063
2641
8876
7710
5715
8389
3388
8842
2189
3697
1092
4698
3576
1346
1
9376
7378
8104
7225
8317
7784
8610
3611
7323
4140
8373
9729
9297
2083
2328
8433
3577
2927
6398
6154
9791
7839
2429
9280
4888
5173
2149
9678
1377
9066
8320
4496
3932
3523
673
8691
1948
618
1532
2412
6731
6367
1825
7709
5512
4742
6288
7420
6210
9577
8408
572
6917
5353
2512
8416
6557
3689
166
8714
3528
5844
4994
9139
7959
5257
763
2683
3540
9038
389
596
6624
4593
858
3824
3534
844
5978
9794
531
8617
2459
317
9715
9386
1360
9586
266
3659
9273
9666
475
75
6011
8863
8923
8781
7957
6230
2092
3579
1835
6508
973
529
3848
5479
9629
6484
1495
7336
8728
3370
4528
4108
6911
5954
3532
8862
2362
7996
3899
1303
9009
8258
8675
237
7507
8458
5569
4391
6056
4433
7626
9450
2219
1587
8379
1154
1421
9021
2045
9780
8030
880
3300
6253
7854
9470
2727
2419
940
6047
2578
373
9226
7124
1806
9560
7042
9014
1804
6841
2041
4524
2908
9588
9309
4007
279
7685
680
5231
9296
4058
9453
1908
5490
2792
1956
6503
1455
219
8124
941
1136
237
3985
170
3972
7780
4435
9283
7149
3058
2559
8312
4087
4188
8590
1362
3193
5334
8847
406
4555
3129
1533
487
2564
9095
6725
5209
1181
2979
8673
5650
2280
3682
6039
6847
2522
6206
5471
6960
8283
1036
5614
4529
8208
2318
8726
2480
4340
8273
7595
9532
4817
5683
9213
2689
8504
397
9412
7183
1333
7955
4707
2107
6504
4471
2038
5925
5300
2224
4245
4737
9040
1416
961
3097
3819
9491
1646
2865
8555
4690
6538
1415
8231
1711
2393
884
5091
8042
5675
1457
7916
8407
166
7720
5426
6102
1675
1512
6069
2524
9594
3061
775
3699
642
1677
207
3379
1447
3242
1264
7044
2067
5630
7113
3667
5506
5591
2903
3971
7942
9548
5890
7629
9622
6741
1558
5702
8188
5672
3703
1462
125
5582
5642
5841
6737
4347
6684
5790
4228
1080
3017
3071
5026
5722
5652
9513
5772
3997
7330
7802
814
8615
9753
8412
5440
3686
4558
6575
254
683
347
3197
7519
5326
3080
8695
748
8967
5242
4375
8090
4698
205
7198
7073
5421
4137
3598
5481
1415
5084
3421
60
2834
8207
459
4116
6119
9444
5954
2411
7873
7509
8535
2616
2721
4548
8987
3464
5413
9636
6603
6523
5126
2882
7647
782
7738
3130
4769
935
6263
7822
1740
9330
3839
2455
987
6211
7497
4719
473
3664
7323
5500
3181
7042
8742
7862
8874
7991
445
3722
6235
2493
6563
7542
5093
6451
7277
4403
8461
6435
1644
3960
5979
3647
6803
2748
4462
4824
4766
1990
948
1541
2674
2287
7072
6676
1423
7467
5601
4264
3658
5140
4082
9732
2149
6302
9553
6401
2092
6895
8725
5477
1530
5267
4112
3800
7507
539
3427
4904
3169
1859
5092
3447
3719
9034
5835
3739
6923
8153
7864
8117
5890
9052
6495
3766
3074
1937
1075
2520
3703
4643
627
4327
4461
8462
9131
2119
2764
2761
7860
8886
3192
7242
2050
5977
122
1657
7929
8443
3060
4905
5611
3571
1155
6810
8627
5642
1963
4583
7842
1401
3778
4857
2681
8075
8324
960
9368
4376
7842
8799
7843
3017
6943
5409
104
2332
1739
5701
5233
5330
1164
3426
7935
1168
5740
608
696
1890
9605
5983
8361
4781
7821
2646
704
2759
6439
4204
720
8866
714
2498
4974
4320
4559
4415
226
4475
7492
7363
1325
3296
7260
801
614
4182
6749
1507
4282
3625
5153
5563
4986
1990
1142
7108
8968
7246
4456
4487
7275
2001
9617
2667
9000
1361
6716
9211
9547
1972
5022
506
9776
8178
3075
6475
9168
5279
9204
8856
1086
8089
1162
2340
1013
1855
8753
8046
1050
3838
295
7919
7784
6296
8489
4487
6132
6092
1394
9034
5974
4520
5616
3128
6991
6779
6218
2897
8542
3034
2574
1157
4667
2325
3790
1689
2502
1640
5190
9569
5401
369
6726
821
4169
9634
6922
8991
1607
1096
1158
5788
4880
4822
4309
3135
7630
2590
4510
7146
9407
2521
8385
4248
1411
4295
5973
691
5803
8535
7689
5624
3377
6399
8074
1694
6963
9543
6430
3942
248
2178
1931
9004
2570
6089
8523
1958
2681
27
5595
853
4482
9598
5840
1009
7284
6258
8665
7174
6634
8419
3832
2539
1346
6107
6277
3279
3651
1239
9300
3352
4876
5736
9742
9568
5379
8489
263
1516
9357
2614
978
3757
2011
4092
7086
7796
5991
8652
3422
9587
9008
3389
9213
5411
2148
6587
650
9265
8567
5113
446
1013
7844
2818
7326
4929
5475
9353
2049
2895
7597
8179
4183
185
5501
9798
6060
3018
6901
4250
2893
4570
1703
8618
2552
1924
553
6272
2554
8355
3170
7145
4935
6648
4409
4330
8295
499
666
4290
771
3925
9202
1843
7300
4023
1320
5646
2695
4445
3528
6253
300
2607
5021
3638
8257
4737
8461
185
9007
3942
2658
4598
2148
7350
5297
636
1609
7337
2173
6930
6903
3912
5979
2305
2616
4367
6655
962
5011
3788
6576
5331
6768
3093
1038
1143
7657
8778
9225
6433
9616
2645
1926
8853
1634
198
3725
2763
9263
1975
623
4281
5901
9683
8847
4625
1576
8465
884
3631
5782
1646
4917
1588
806
6118
4333
9034
6485
2206
7628
5762
3944
7891
4676
8207
6342
6622
6680
1160
2768
537
8733
8219
3070
8509
4738
9465
6767
8630
8808
5445
6849
7004
3807
7466
4759
9673
2211
4481
6220
9625
7772
3476
586
9441
9455
8197
2612
6317
3667
7096
9437
3714
877
7172
5893
4750
9637
9215
52
8288
6447
7567
2656
4312
8409
5528
430
3926
3831
1998
3029
2635
1503
5533
1382
970
8479
6490
1665
4061
957
2373
1659
3859
9733
7313
3230
8604
4129
6306
6027
7058
8195
5728
6338
7982
8438
5050
5867
1815
3346
1234
2028
4466
6259
9049
802
735
6239
8729
9043
6321
8852
3695
1440
1620
7468
801
6554
3382
5088
8149
8028
3461
3133
8415
6357
67
506
3023
8311
4978
8553
4010
928
8897
5735
7931
8332
5602
361
6338
356
5746
5915
426
3839
385
604
305
8695
731
9788
484
5408
7164
9241
1491
4547
5943
5613
8241
80
2996
1142
3894
8910
7381
2487
4653
7376
1925
5584
339
3459
1815
635
7154
9178
2953
9663
2364
5891
3287
235
4600
8285
1581
5672
7952
4899
3892
5934
5390
5220
7860
5640
1178
5582
6682
5936
54
408
5420
3984
7819
4629
2626
6435
8950
4456
6507
9635
7651
2011
410
8055
6026
2370
7348
1901
9466
1990
8812
4157
9726
7813
2594
928
149
9046
382
96
5527
9001
8841
2890
5260
7357
6727
1357
9497
3727
5101
7990
9308
2412
7723
810
1591
6314
7514
2983
8371
7882
8418
8293
1713
6485
4969
4544
4963
4762
1729
1027
7792
172
6248
1902
6244
7570
2546
9237
739
7827
7227
5349
6186
1440
9273
955
3728
6327
1138
5485
1019
2270
4072
2795
5657
4362
3265
7043
4149
7275
5305
772
810
7760
2183
4243
6073
3467
7899
8988
2621
578
1472
6371
7523
6028
7161
3054
7932
890
6528
3759
7491
5995
576
3037
5359
1167
3808
4204
7383
831
8455
8060
5728
6649
7614
6895
4201
8243
5497
2103
6485
4280
5351
5251
894
5402
8837
5056
1740
4306
1223
7098
981
5008
2428
6046
4956
3403
7282
6671
7688
6946
469
5488
2950
5332
9322
5117
6771
1823
9766
8580
4846
7423
5895
4460
7266
6522
3244
2070
4207
4653
8264
1376
1846
1890
37
3915
5489
757
5057
8823
6589
124
749
7382
2508
85
746
9159
1153
7175
660
7131
5619
6753
3317
8197
7339
4347
1959
3171
8042
7306
2759
6341
2316
2530
9120
8033
6528
4474
236
8256
7765
9482
7513
7100
1519
4912
242
4806
3809
1489
1816
7755
8516
2380
9766
9623
5874
5126
5523
9193
8633
4229
9486
4020
3655
3427
3741
4312
5221
6076
4442
8268
3238
9060
479
8723
3916
8675
5638
4226
3032
6763
4950
2460
2623
9707
6421
6553
8252
4202
995
3519
5479
4587
2304
6100
9643
6474
2910
6910
4640
8648
2800
392
2473
4613
5961
3961
2894
1724
4395
897
4187
85
6340
5198
6075
1524
8845
2759
2239
949
6689
7767
754
7645
9738
9065
2331
8467
2960
9180
750
8582
3566
2789
4602
8732
3000
6414
8490
8671
3907
2689
1385
5777
9237
2537
6873
199
7827
2867
933
3098
4691
1054
6325
867
5022
8931
349
2755
3142
5622
7644
3085
7520
2241
6758
2377
3615
4118
4202
8440
7329
2063
1338
7404
2395
1401
1023
982
8534
47
7087
8229
8563
92
6612
4965
2270
6591
1904
948
1021
3679
7022
4936
5843
9564
4788
4077
9107
3378
8810
7910
3292
3442
5493
7298
6007
5435
446
5864
8762
7111
9229
8831
6572
1982
6670
9246
3365
640
4577
8880
5761
5285
6474
2591
6666
9734
163
1823
1061
8883
1043
8062
7901
8821
5781
6948
5893
5776
7926
5466
9247
8683
7776
6265
4251
3663
2294
8307
4476
9472
9464
2623
7871
2029
8185
6761
7554
4210
333
1170
3818
2229
4050
7802
182
81
6816
7213
8545
7313
1612
2023
5794
1943
1939
418
5046
2604
1774
5992
8271
1138
7032
3626
1391
7243
8952
9084
7493
4991
9613
2364
1862
6666
2528
1004
5563
8554
2636
7566
8671
3826
975
5486
9030
4525
5938
3175
2615
3380
7348
1074
3693
3954
5287
4919
7923
6449
4426
3001
8696
9656
4544
7745
9468
3290
2707
6002
1711
1731
9091
5375
9756
6270
4567
876
5933
850
3702
5618
3361
5316
3577
6997
396
489
9099
7687
2720
343
6403
6821
8260
1193
7720
3650
3485
7527
4010
2959
2650
7153
3972
1554
9521
1839
1969
2749
3461
305
6274
949
4522
1343
5665
8322
8662
8375
2811
6284
6058
3316
8121
299
3984
9587
7365
3623
2451
9297
4410
2557
8983
2763
6106
8249
8697
1017
2190
3792
993
6642
6950
3672
9057
4194
6470
7262
5695
9452
6182
3940
7828
1918
5943
6867
3245
3568
2502
7194
6920
8180
7078
495
8051
1718
7945
2504
5762
9484
5452
8446
4596
8118
1132
6939
6896
1668
4467
8784
2664
5020
1605
6938
9090
6580
8790
3144
7018
9387
4660
4817
4583
8347
4793
7958
8085
3082
4299
2355
6358
309
2457
7254
1793
3549
5976
6795
6808
6781
4754
792
18
8468
4460
6439
3619
5040
5023
160
6876
3797
961
1456
4406
7534
4592
1450
8470
4670
1424
7823
5083
9732
2061
3292
3610
3897
4669
7119
6819
194
8427
1722
8233
9492
3092
6132
1504
4049
4677
531
3388
6915
6586
3065
4146
9268
6605
1082
5965
1921
42
1145
3771
7189
9056
6404
9509
4287
6763
223
6827
1754
7002
8613
1884
8764
1846
9420
9073
8798
9108
1425
2865
8303
5068
160
3790
2250
6516
5923
5389
3650
3377
8526
5243
3489
9421
7419
4628
6531
9152
323
7602
9276
464
4814
1158
8577
328
641
426
7661
2940
2821
7347
1435
1941
2225
6294
8864
1095
9521
1274
3253
9206
5753
3071
837
6252
5478
2515
4418
6390
8203
8351
3773
8152
8501
4182
7956
9111
642
5126
2723
2994
3256
2370
6920
4427
933
5121
5303
3258
7552
7965
6350
6325
655
7894
2600
2305
7956
3165
1583
6918
3731
4817
6163
6022
5005
681
6992
2546
4346
8053
4856
6371
876
6804
231
4732
4834
5595
8126
2643
8255
1495
8886
3108
357
1682
4199
6885
8493
3708
1829
8838
9469
5782
2375
1595
2772
3764
9626
6974
7049
1239
3063
8566
2634
6642
147
1613
5249
5074
3814
325
4151
9227
7965
7301
4751
6855
29
1197
1519
2916
1778
3252
7321
8725
3203
8694
7721
6971
8147
5806
5273
3217
2339
4937
9143
4648
7239
1664
4655
8114
9436
2908
5434
8529
3197
552
8683
9020
3325
5238
7752
4223
5163
8515
7164
231
3795
2330
8081
691
268
2145
7310
4446
3047
3318
4404
3248
9513
8965
5368
4217
3737
8170
3365
6970
30
800
295
285
6664
4563
3079
5858
5669
8478
5532
3635
7134
7799
7566
6627
2414
6359
4142
8935
5849
2480
3174
710
6879
4468
8304
572
4149
5121
3911
8931
743
878
8653
2244
457
6844
4302
1753
4856
7948
6983
2999
8309
7701
6090
5065
6324
293
4857
4178
383
3396
777
2270
6469
6807
4266
1526
9168
7916
5132
7327
8674
5770
7683
4797
6093
7472
5463
9334
1599
1272
4442
5739
3690
4178
2584
7306
1024
4588
2408
9634
257
3055
4068
8552
4498
7674
8127
1274
8722
3825
9080
4739
6167
9418
1809
3210
2914
2782
1724
4691
6355
235
8138
8367
7731
5577
6442
9668
2525
9223
2217
6779
801
7633
6014
3590
3931
9527
8947
7208
7560
8137
4706
3060
1400
3594
7318
7366
7886
3798
3256
7287
6030
3622
9189
202
1340
5796
1044
1664
6437
2511
3765
9216
6117
5436
2705
7645
5882
3450
227
8238
9382
7421
9539
7455
8083
7793
4216
9710
5634
1406
8705
7658
1667
6960
7052
8684
9633
4679
3085
1843
3990
3079
6284
8653
1006
656
9487
9032
8376
594
354
7341
2035
9057
7670
8186
7976
3644
8541
566
8759
9368
2187
1728
16
2216
9181
2362
970
324
1647
562
1204
6916
4081
6993
1412
4457
4406
7011
3130
6017
3422
4763
8828
4318
6214
8209
9781
6405
1934
6138
4796
9633
922
5206
953
2438
5265
5990
6174
1719
3136
3940
9126
9059
1236
6488
5838
8165
3842
8950
5225
3172
4066
350
875
8372
8446
2427
2062
8634
2950
3062
6547
1663
3410
589
1569
2501
291
668
1410
3080
7140
3153
7437
5519
6321
852
2751
8879
1135
193
1650
7312
9462
3664
7412
6043
5222
4725
2900
1674
4602
6522
7247
5994
3770
88
2771
5254
651
1279
3424
7869
7830
9287
3559
4428
6368
48
640
1736
5297
2285
4021
2521
1689
4783
1626
3702
2255
2409
6892
127
9157
1644
7131
5500
3505
1021
1064
9734
7760
1742
8872
2200
8990
36
8987
920
7782
970
3525
7033
3713
9103
7619
1810
5636
4315
1280
7592
1340
1025
8885
5461
8653
8497
457
9507
869
2924
4174
853
3254
8720
1750
1151
2481
22
4740
4461
5177
5628
2113
3612
5806
5742
3344
1556
9669
3477
5675
3428
7743
7217
6079
4239
4074
7084
9451
5142
3220
159
1761
2910
1727
9688
6599
5214
424
7730
759
9185
628
3968
8950
6650
6805
4934
6480
15
3941
4195
371
2424
7000
7840
2597
6123
2382
8902
426
8774
449
4400
9265
6318
9442
5291
6297
1296
8648
4264
2222
5475
5186
3867
6587
1872
5162
3860
7294
8158
5727
9032
8200
4451
181
8828
7517
8438
2954
9116
9789
5050
3182
7461
1896
4027
6286
471
9117
620
1902
9007
4384
2600
5465
1092
4758
4699
8537
2049
1872
2297
6646
5624
7527
7340
905
9384
150
1487
5728
1962
74
771
6566
8494
5518
2486
9636
9536
375
1747
5579
4185
707
1610
6918
3784
4916
3718
5495
1345
3980
7509
934
1396
4698
7060
9546
1997
8569
7797
2738
7917
1499
6105
5589
1603
8016
569
1805
6972
1258
8187
8678
6946
3438
5917
4671
8628
7059
1866
4965
9192
5387
2003
937
8781
8153
3723
2035
8285
8141
3625
5792
8096
9216
5147
7925
2969
167
8003
6775
7415
8801
7434
3218
9384
737
7485
1608
4381
5353
1229
8598
2165
7600
7213
4971
1811
359
2171
1854
5284
7407
7826
4033
8428
3053
1
9336
999
7133
9249
3303
997
2781
1963
3322
1064
6683
1774
2446
2784
7481
4365
1671
5722
943
7087
4952
4945
7040
9153
1045
5494
1813
8664
4989
2939
2263
535
6440
3747
1078
443
3500
318
6435
5514
3636
496
6825
6243
5329
578
7140
6989
6123
6029
9375
961
6045
8113
2441
9074
3584
5739
7173
3366
9175
5989
2336
1077
951
3246
2874
8958
2859
2805
4551
7488
2262
7417
4617
8945
3726
830
5313
1356
4509
6638
1970
9110
1326
4430
3606
6614
2185
3463
1567
3618
9511
5935
4629
8755
2778
3614
6394
7383
8344
1971
5304
3980
3879
4867
2485
5891
8594
8970
4437
1852
2837
4327
6029
8841
1349
7592
8699
7644
336
1264
4295
1811
8625
4235
9180
8917
7600
3784
9277
1077
8345
992
8615
9622
436
6631
9230
3075
3284
935
8907
944
9432
7120
8953
7900
1478
7376
8041
5722
9442
2288
7318
5118
9355
7480
1628
8575
6295
9720
4290
8957
7918
8823
5268
9549
2454
7565
7039
559
5701
4557
4402
9165
6740
7210
5090
8607
5204
94
5773
9443
9760
2846
851
1740
8196
2341
1733
6571
5027
5234
8290
5548
6671
9784
8689
2709
9393
5174
5299
2455
7922
7587
1054
7285
8495
6487
7346
220
3563
19
6928
1593
587
3330
2617
592
6789
9399
4901
2905
6036
1858
6997
2476
7373
2374
4879
6070
65
1777
4645
839
9798
205
7920
8009
4360
3103
301
687
8076
1581
7503
4116
3125
1940
8079
6705
5429
664
1101
7690
8697
1145
5093
6885
4794
6822
524
6251
167
5836
2704
3993
8810
1658
28
2104
3410
1551
3929
6992
1192
2979
5739
1386
7987
3003
8453
8285
4657
8638
8436
7012
7571
5293
2685
8640
2832
9550
4429
5980
558
5673
8170
3052
4153
1750
8029
8159
4988
6196
8208
5657
5132
3421
7870
140
4284
7306
6450
1446
6936
7508
9505
4931
516
4740
4733
7871
5128
5879
7385
7440
4272
1930
8264
5189
8397
8593
3964
8348
243
4514
5656
6792
6377
3066
1211
9359
4668
3010
5346
92
1830
9351
5863
2869
4331
5019
7455
3288
8291
7551
6580
580
8211
7160
4860
1296
1986
9056
4511
6349
2267
3655
7660
4216
718
2333
8263
3297
8667
1856
783
2492
7703
1793
9473
1704
6177
5222
5560
3354
2937
8741
2739
8163
96
5767
1914
9703
2953
8260
3839
2244
4157
5477
5556
5642
4809
6861
6596
2655
4368
9497
7712
8780
1880
809
7688
6383
7049
3112
3424
7253
9605
1876
5676
6313
8483
4098
3252
3812
8356
1767
3183
9612
3614
685
8263
8091
3993
8085
8204
7448
234
7235
1493
6983
4816
3198
7407
8246
8243
3585
7961
4094
4276
4112
3006
103
7425
3155
1967
5613
1222
405
7521
8410
5095
1702
8961
4365
2388
7140
7814
8105
9432
8546
2863
332
6978
8126
5542
3717
7795
8293
4798
5736
1149
8352
3506
5715
4382
3791
2603
2914
6338
9774
5053
102
3256
6305
2108
543
6142
3998
3616
9363
6004
8310
7655
5067
7220
5726
8356
658
4046
5378
9362
8243
9535
8623
3067
2097
8305
2060
2157
5289
5481
7563
5284
1153
5003
586
8341
9585
9659
3829
8077
9466
9117
8740
4274
2995
9146
2656
6269
8967
1568
2416
3489
6989
4388
6731
6982
244
424
1608
7003
3467
6206
4306
689
2778
4386
9715
9433
2766
2775
4262
3009
2799
9505
2060
1238
5870
8948
4316
1622
3479
3473
7079
287
7882
7758
1816
7949
2824
259
6149
5149
3604
3666
4973
6836
4700
4886
3096
6667
5025
8716
8974
9048
3487
472
3790
3270
5590
5623
1907
3548
777
2514
4973
3703
2894
3626
7445
4971
7641
7522
7695
7684
1172
384
4517
8394
352
592
8275
8596
5737
704
8883
2234
6323
5866
3625
6441
8372
1081
5139
4757
5192
348
7506
2708
7110
6979
2490
8504
6264
8398
8300
9561
3778
5227
6996
2403
6538
3528
1473
9142
5790
5423
8631
696
2709
4066
6501
203
8003
8434
6062
1143
6744
1587
5642
3592
4960
9631
2397
8669
1801
4298
828
4512
6296
4484
5758
2489
4734
490
8819
2841
3266
4739
2411
9503
181
7875
6690
5550
4532
8615
5211
8634
8882
8100
7294
5303
4183
631
4604
829
6585
6768
1445
1603
9210
8194
8169
2746
308
2335
9096
2844
2744
2406
3301
3215
2308
2234
7442
3761
7055
5776
3975
1233
6554
5133
413
8947
7162
9262
7317
1529
3388
9521
3910
5097
5766
9254
5635
4729
9595
5943
732
5859
6374
8498
4054
4120
3653
948
1046
6244
2565
8771
2813
4903
2894
4975
60
3490
8272
4909
6033
5271
2268
7123
4553
7115
1442
6715
9446
855
8652
7885
1626
7948
7398
1047
975
5398
5489
7059
6068
1453
5221
6664
6167
8013
3006
7300
2104
5013
2645
1244
7255
8450
2803
4140
1474
4221
2980
9063
5433
6356
1248
3581
4912
8121
3523
954
5969
4499
1774
1142
7674
9345
7882
1534
4856
3548
8817
4793
4312
590
3244
4819
5961
4683
9089
6293
4040
1525
6243
5382
2561
6135
4208
2855
6289
3857
8734
138
565
9694
3645
5841
5192
6911
3399
5586
3578
8115
7568
2371
5315
8409
9673
2656
2318
9361
8916
7842
8214
4999
975
8723
8135
163
7070
1001
6581
773
815
2553
531
7419
8827
269
3445
1465
9540
4433
5661
9484
762
2300
2219
2370
4990
3113
2131
5672
2887
7021
5403
1844
6409
1741
9408
7940
5668
68
4952
5599
1787
6354
9739
9669
4953
5122
2799
8932
8920
2887
36
9087
5784
5622
4121
6510
1090
3634
8532
8796
7815
3104
1630
896
3896
6189
2345
9353
3707
2554
2853
1348
9615
6206
2673
4291
6175
489
1028
4776
3759
9325
5940
4942
5922
65
5407
3794
8804
7642
3522
7730
9609
5555
6462
6021
7548
6526
4407
3947
6956
5636
4238
8407
796
9330
8746
4289
6297
1989
7765
8632
600
7076
9405
6595
2866
7679
3059
6190
2946
7107
2724
8
7178
5613
8595
104
6934
2468
4039
6314
3591
1337
3680
2589
9580
1076
5262
7614
9237
8359
7276
4190
6768
421
3652
8299
6582
7664
7542
5758
9795
7651
4943
1009
3460
1112
6046
561
8021
7921
7356
6631
1666
3802
3103
2098
8500
4622
883
8670
4340
7741
1173
714
8753
496
3177
2354
6382
250
3232
5493
5283
7371
6124
2797
8109
2312
656
3185
7163
5528
4366
270
9501
8081
677
1214
4927
2562
5820
8043
8852
523
2495
7681
7684
8914
3257
6919
7325
4700
1334
1333
4512
4001
7423
5959
4593
4358
9126
8131
3090
5499
8526
3205
5071
4247
1826
2660
2028
3272
1411
2548
2508
3182
1189
6320
7705
5884
2446
9386
6515
2626
4492
5849
3706
5502
7747
5903
922
730
5375
368
4967
4930
1919
4797
5430
5658
2315
7672
8464
6552
2005
1286
3765
8646
4046
9538
6294
4430
1039
8785
7438
9205
444
8929
5805
3705
3188
1614
3091
1010
3224
3755
3505
9675
3874
6204
2046
4196
563
2483
8367
2017
6763
795
9141
4689
1426
8983
8614
3737
448
3909
4562
8776
3568
6555
1624
1953
7946
792
9250
4952
2692
2888
2496
9082
2202
3956
5546
2901
3722
9414
5228
4353
2802
6492
6669
3966
5465
7890
2130
470
7006
7334
1315
8912
1232
4873
7715
4746
84
870
5925
9218
509
3752
8184
1819
147
848
6494
941
3433
7347
5964
1510
2220
6619
4387
3296
4688
4269
4527
4081
8495
230
8093
6831
3740
9159
143
3414
6179
6004
8059
8602
2635
9693
1612
5698
1883
7541
886
2884
4672
6230
3513
7009
7997
5481
2541
2783
825
6313
581
4823
3846
8879
6370
5884
1417
5957
2479
8831
6224
1836
969
8908
5783
9229
1930
5263
9342
4653
383
5876
9183
8157
3261
7354
249
5167
1228
1247
5730
210
5768
4200
2973
1551
5608
818
9207
446
3601
545
1232
4177
1299
6564
3527
7691
3594
5549
6577
9589
187
5356
9662
9265
5633
8912
572
4767
8604
1066
189
7064
9792
8922
8725
5617
843
6608
255
2114
2788
8140
4323
161
8330
1701
7284
3929
2638
5180
1565
262
3845
8757
5038
6082
6557
26
4122
8288
7389
6204
6944
3453
8068
1439
1111
6511
2103
7718
4095
6548
4683
8110
3766
1116
4673
1880
9667
9446
9071
8885
5822
3262
8526
6510
8790
2549
8143
3571
7004
2425
2349
3778
8164
802
9371
3119
8351
3848
1499
1213
5072
3142
6124
7528
1163
5745
6262
9589
8871
5204
6479
5738
9
6617
7600
6064
6353
6429
628
6010
4796
1448
7506
1253
5860
1972
8349
7164
4860
8630
9038
5924
8107
8010
2010
4097
8532
4373
3428
2023
2598
9298
4312
525
3825
2060
8446
7413
891
4172
2084
549
2043
1839
8969
4991
2223
9047
8706
3391
4299
5347
2768
2513
4339
7169
918
8087
9156
9257
1568
5962
2166
7476
1333
6474
4887
9430
4760
6225
7932
1202
1477
7477
7356
3708
1503
1401
156
6862
2845
6021
6868
1087
5206
1942
8959
4094
1600
4614
4406
4812
864
7852
7319
9127
7062
7117
1026
2598
314
3855
9127
990
3136
8791
8125
2958
8706
7235
5171
728
8026
1707
6653
3967
1702
7855
4882
495
6110
6888
7061
6956
1989
2902
8589
7939
1752
6576
7332
7904
727
2683
1095
5829
8524
5727
4404
6093
6366
4344
9390
126
6630
9576
5792
9402
6679
2858
491
1864
5649
6549
5005
1993
2970
6790
3781
5278
7563
9050
2392
9182
2253
8699
5033
7397
3449
3960
2896
8335
2500
7501
9013
9777
445
507
4618
7433
6393
2814
8758
2243
8570
6454
3178
9435
1620
512
6365
9390
4565
7742
4632
2140
9235
1363
4465
2304
996
9661
5384
3463
1357
8349
492
8885
1036
2210
4958
823
2218
4020
6941
9387
7272
6324
1748
4747
256
2319
7820
5547
3711
7422
6828
6579
2493
2042
6794
1844
2278
4429
6210
5165
5817
4513
2464
5937
2983
6003
6635
1219
577
3153
7996
8593
4619
2673
3165
4885
1745
6124
442
1083
1967
3713
8903
3892
4753
4095
5879
8792
7097
4855
4192
4928
9270
5368
8230
2411
7968
1749
6609
1912
4459
5220
9695
3884
1348
5468
707
2556
5228
3502
6995
2489
7619
4482
3373
4598
170
8777
397
2655
1636
5042
2320
9018
871
8934
4217
4503
1838
767
9743
7687
2974
4201
5549
581
4752
6510
6491
1994
3252
4070
298
9632
1662
1564
1871
539
5982
6077
2575
9156
2418
474
2723
678
2090
859
1400
936
1345
5332
1974
710
8706
3411
4899
9141
6006
9440
1676
3852
1419
5171
7214
2795
5184
7097
9154
3306
5320
8304
9717
790
4436
40
9683
9568
9416
944
6444
8928
516
2874
8256
5725
6290
2094
5329
694
7874
304
7058
128
7029
3332
2036
6395
808
7376
7989
6290
9379
4485
1170
4144
2531
158
1885
716
1991
279
6462
2322
6563
9026
78
7627
7597
3863
852
8856
5599
2796
4747
4091
4944
2975
6536
7905
6166
5386
928
2243
4918
9084
8787
7763
386
7980
3660
6474
7330
8091
4108
714
7165
5570
2552
7204
3952
8345
4882
1666
9690
5235
7660
3892
8465
9044
7049
2157
2050
5953
1888
1754
1884
8700
7046
2589
6852
7262
1237
1477
8702
2588
2412
468
5600
8686
3402
5692
4570
4023
6257
1252
7354
490
8987
9520
5176
6554
2349
7236
5925
8357
5404
7342
9462
9005
5371
5166
3757
683
622
6588
746
9431
3224
8915
4616
9720
255
7197
7022
2943
4108
8591
1990
8029
2796
635
2557
8455
5452
5848
1002
2869
9190
3518
7622
9722
6035
687
800
6959
4610
222
1172
3971
6232
553
3050
2531
3282
3790
3821
7260
8170
7832
8200
4727
7497
4878
4972
3571
4756
2378
9033
4490
3403
2339
4484
2677
1833
6788
9357
2568
9152
2319
8285
3498
3838
9017
5823
3137
8340
7193
2280
5623
3844
3639
5551
908
5064
8846
2938
2995
4918
4390
6339
6266
9792
3746
8982
8397
2878
8092
5750
4812
2125
8419
6347
9671
3514
1844
5702
2664
2523
3939
671
3929
9022
5677
3217
7689
1485
1469
831
9457
4026
9482
1957
3143
9438
7531
6206
6930
1518
8777
4329
330
455
4011
8825
2660
5721
1503
1769
6311
6367
3629
480
1735
373
7049
9662
565
3779
8331
7697
516
7744
8388
5110
4325
6844
5122
8483
3446
6346
4508
8571
3038
7549
2901
3640
6256
9434
6759
7847
8009
7785
1940
3482
7949
7869
8928
3617
6874
9514
211
989
5919
7032
5641
5238
7461
7781
1819
1744
6736
3480
3128
9210
7161
9064
7940
2294
8960
682
9509
9460
8147
759
4042
5308
8248
2590
9629
320
617
9062
9403
4190
7584
2726
3765
6980
8240
2961
3003
8425
2030
8859
3767
1293
7176
2383
7991
2522
8288
8667
7396
8197
9568
9245
4274
3579
5060
2218
923
6884
6464
9607
8109
8377
4414
3204
7369
9212
1180
5703
3768
5010
248
5491
3448
2970
2322
9234
8432
1411
3576
2189
2691
5265
3534
461
7715
472
2499
1360
3625
7978
548
2870
1624
544
1897
8410
4423
4055
4848
4553
3112
3727
816
3575
4079
2581
5698
7299
8515
3733
2572
8662
1216
5923
4057
9041
1079
6839
5743
9442
956
8069
226
4099
4341
3883
1731
4531
8578
4158
2326
9722
3735
9204
4926
2990
7603
3575
1874
4993
3947
4181
6272
9112
7914
5182
2614
4006
8961
6245
4977
3097
6843
1023
4886
504
8727
3858
8263
6357
5561
6713
9277
3735
4312
3050
4837
4932
3972
5950
6012
9622
9528
8508
6853
5021
4825
7070
8477
8139
3103
3599
3579
96
5700
4498
3017
4813
8043
8409
5985
5349
5393
7787
2341
4158
6635
1713
3962
4675
2334
1139
634
6423
4013
9397
9503
1100
409
787
3869
446
612
66
712
4885
8092
5919
1129
3050
8681
9141
5368
7613
7593
4002
2131
4637
6758
1134
1226
3007
1950
8314
340
8187
4678
9112
6950
4396
5657
6926
6809
8027
5229
4268
4767
386
1284
742
2834
8594
3255
7204
3352
4163
9419
8281
1260
2543
442
4174
686
8942
2431
3200
3996
7570
3087
9359
4921
4242
8958
1804
2338
7032
1506
8341
4949
4058
3490
3940
4186
8197
8725
5477
945
3067
632
5730
8407
1971
9537
276
3546
4993
1584
3375
8752
6207
134
8357
619
3226
4996
9471
581
8710
1199
4994
6575
4451
3040
550
3930
6388
7923
6000
6084
4159
2183
8762
3703
8453
3622
1063
40
3201
6625
8418
8864
1543
8238
1996
1919
4639
9711
404
3166
4133
4711
6092
2949
2240
5908
6421
1379
814
3675
5510
662
8865
3152
325
7775
6237
5434
6339
1889
9235
2102
5706
1582
8310
3138
8164
4424
8605
4631
881
2334
7155
740
790
2371
5087
5060
4690
425
884
2981
7339
8580
1337
3872
1904
8367
8141
9310
1932
207
3964
3913
4640
12
8741
4587
2639
5200
9382
9525
5784
9275
302
1970
7710
6732
7609
9136
3955
1083
3689
3116
8803
8517
3922
5961
7874
9139
2696
5737
621
3963
2127
7647
1430
3776
4422
925
6876
3499
6306
6543
7221
7345
9591
9523
5103
8661
5538
7080
1029
3381
9012
1445
3542
8052
3292
8904
5821
800
8029
4329
2196
7232
6027
5449
6902
8142
1054
6634
8369
4292
3005
8168
7237
267
8665
5498
8868
604
8369
4319
9725
9302
1038
3915
2017
8993
4022
2517
4615
7860
6108
295
4713
2180
716
4929
5453
4002
4755
229
5813
7780
7931
4106
154
1961
8192
668
59
4828
1587
7182
4903
4595
390
4403
9712
9715
523
6709
6272
932
7064
9514
7218
6978
6642
17
9211
5050
4949
160
4332
3275
1409
6329
511
6611
6623
3822
4034
8957
8200
4263
1104
5983
764
6254
8940
9629
6256
7027
2166
1659
4027
1407
9568
4105
5940
7190
4234
7078
1794
3708
3059
8529
3899
1592
3357
7898
7069
9168
600
8986
7006
2450
6507
2909
5980
398
4739
4139
50
3146
6696
3126
7325
5542
2000
43
1916
1355
5317
5097
2561
44
2172
583
4704
1300
7314
9602
3889
8013
2256
8846
1268
4559
9543
7788
9638
3636
2044
17
4169
793
9294
5372
1518
3967
7267
5448
6328
789
5569
7287
3008
3214
435
221
3925
5364
967
2462
8346
6969
8136
7612
6991
1375
5263
7373
8897
2930
5337
7239
7439
885
671
3985
1670
4707
7867
2984
3074
3966
6494
5818
7328
2295
5614
8314
4309
6773
1043
868
7472
8677
3094
3362
826
5862
3807
1812
1954
8075
7521
1111
6167
8823
3987
1165
3902
5823
4250
6494
9113
5896
1632
8709
4189
9758
6183
4665
5466
1308
3855
1173
4073
2293
6123
5998
8727
6311
7231
7046
615
4080
7961
8788
7375
549
4363
7522
8194
8746
7654
2481
3249
4158
382
5165
9751
3406
5188
5330
242
2020
2936
5659
3354
1000
9487
1546
508
7871
9753
9742
8422
6657
9727
551
9150
8067
2518
7533
5831
3119
2513
8054
5865
8141
6536
3294
4085
8162
4420
111
3610
2870
7795
7984
5622
2246
9515
1910
703
1051
8850
5324
5750
2896
3091
5302
3859
241
1546
4857
6675
2116
8467
2892
1119
2125
8888
3362
1137
1130
3162
4453
6046
9090
2999
5326
4983
8874
8584
6156
7351
109
2932
9726
5920
6861
3288
1957
6361
4840
575
2215
4689
441
2309
3503
5533
4788
5706
4189
8177
7002
8805
4950
2346
5522
1742
4425
1190
32
7726
3120
347
9219
5402
331
6611
4666
6443
1749
8190
8643
9567
7266
6291
8822
8428
5893
4660
7267
5287
2441
448
985
9137
6725
2199
7586
4498
4931
2450
98
2062
8424
2948
4910
4450
7016
7976
9736
2637
3735
6650
3900
9638
6933
8745
8183
6969
2854
1284
435
6246
811
8704
8658
4689
988
559
341
3590
8381
2670
2511
2386
1073
7787
3436
6908
6515
4849
1402
1978
7372
7983
1278
2033
6598
7361
1748
8430
6889
436
30
2706
2879
5381
9488
2873
6526
3958
4759
498
8374
8355
2403
5071
2184
2594
626
3146
8688
2271
2474
1570
346
4295
1738
7459
6876
4538
3798
4697
2347
1424
5845
3054
3789
5849
8631
1620
4303
1505
6219
8936
8872
5310
6049
6643
5028
7465
7401
5393
6744
1670
8523
8461
9483
6814
1291
6425
1322
5255
2718
8771
2558
3688
1004
9127
1271
7695
6753
5894
4875
9338
2552
3499
6079
459
4370
1081
6999
9444
723
7322
9379
2970
4383
4772
1956
1532
9414
8811
4327
674
9297
8472
231
462
5233
1714
272
3063
4320
8599
5921
7983
3202
1878
6753
5842
4536
9745
1923
8769
5593
4659
9150
3178
7573
9653
8095
2878
6880
6755
6985
1719
7009
9605
1554
7913
3048
1210
3438
5964
9777
4250
246
4779
6995
3640
5237
3500
4167
6413
286
1646
1135
9679
91
5565
5251
3962
7702
7430
1319
2083
6532
2064
898
5277
1227
1922
3109
1700
2403
8878
5869
1286
5965
4828
5332
972
2055
7382
6942
1144
2607
9416
8143
2617
7719
2416
2995
1771
8530
5331
4552
9059
4984
7224
2129
9747
3812
8129
2180
1263
2834
4301
509
3820
5416
8090
9774
8861
9255
8156
3118
7254
3513
2164
4795
5466
8961
1329
1705
2136
6346
6678
3205
6334
3852
9738
8877
5445
4201
7811
5839
8286
1357
2715
7938
7270
2565
2197
7465
963
8764
8651
7399
3209
8
1321
6601
4109
7939
9571
6453
2011
6451
978
7531
2080
9458
799
8991
8068
8613
6898
8663
1643
213
5866
9327
4716
729
1424
2197
8232
5187
4130
7060
9076
4479
6885
5404
2282
1687
8654
6705
3283
2964
6825
1576
618
9728
1209
4566
1141
3533
9303
7989
8939
6013
5753
4765
9192
7156
4910
3164
1348
5211
4535
2641
9149
4667
2657
5585
1788
9516
2632
1697
7547
7379
251
9615
678
3310
4240
3699
7619
6980
4855
920
8008
6213
5358
7263
1718
5103
8014
1778
3766
3325
9730
5252
989
7998
3827
5528
9320
4286
5161
4663
744
127
1876
2151
6300
1222
4501
1229
6639
3673
2594
2185
2574
601
6990
530
7967
620
8546
8653
682
6535
6047
3060
1033
3015
1429
8724
5226
3612
2093
697
3829
7001
2437
1054
2594
5150
7728
4461
3934
472
7974
3615
9642
2677
8676
7102
1210
5481
6467
1120
6812
7818
8461
8022
587
6750
5625
4212
9497
5560
1023
8943
306
8413
3746
7255
9593
9584
7076
552
788
950
8552
9574
4454
7929
150
4962
3630
524
2746
9354
8855
8589
12
4000
6596
6197
1159
9542
781
7101
8468
4934
4121
9709
6469
663
141
5973
6679
6363
6754
6068
2613
8258
700
2171
9214
1027
7616
6029
1661
5415
3785
1052
1992
3701
6827
6152
3895
2847
5255
3239
7832
3076
2419
8305
4355
6663
9746
9543
8649
1290
7988
6271
2551
647
7729
5476
8957
4166
8342
4397
6985
4372
8351
9371
7768
7364
5907
6950
4176
6036
2063
6696
3498
5937
3755
3522
2303
3368
7947
5347
7126
2898
3255
7573
6168
3425
3302
2722
6112
11
6389
5909
2246
7323
1399
403
3357
8224
3376
3921
7618
262
6675
4901
3715
9209
822
8417
1659
830
6978
9795
4749
1792
2440
4200
981
1265
4030
923
7806
2731
1342
9122
5043
4739
4279
1994
9115
1231
9118
2702
3927
2719
7828
9475
5673
1751
3465
5402
1188
1866
6828
7100
8611
5315
4176
735
9688
1010
2520
2168
3400
9782
2352
1579
2716
9213
8260
3771
6937
4402
8252
3107
1208
7819
4581
9703
9346
8644
9729
4114
5730
1943
8969
4285
8510
5077
1113
3968
8617
2648
2719
2089
3848
8620
6819
7023
4006
2168
3986
4150
7809
3651
4449
8828
633
9719
1384
4359
859
6885
5414
8283
8850
7404
7885
5548
7248
2078
6952
6436
5562
5443
4555
4721
7782
8001
196
257
8242
9700
4397
1649
4415
3572
8686
1127
1062
9282
8152
6250
3746
4308
5217
1775
2262
5490
3802
2315
3861
2188
2838
2599
6336
1615
8142
3199
5536
2583
1154
5898
3156
9027
7736
9649
1343
471
678
5112
8250
1848
1481
462
2686
7631
6373
2807
5242
3423
4222
5639
6788
6493
3093
9125
1372
7429
7463
1510
6291
7995
5324
110
1976
2542
4289
7906
4027
6596
7722
3556
6992
6314
6615
5299
4371
4417
1133
8316
5705
4173
2837
5394
3937
9232
8386
1667
2855
4850
5828
5105
7435
2889
9485
7867
1988
6692
993
2091
1147
4816
9165
1855
7459
9439
8858
8414
833
4648
3924
8479
6468
242
2481
9725
1824
2385
1905
8455
8300
5800
6556
8762
8171
7196
6253
8107
7976
2313
8541
9329
7496
4880
6622
2739
1740
5883
8060
5786
5791
8349
4555
6116
8295
2212
1832
8265
5371
3236
4854
321
6416
4383
2694
1220
2121
1611
2086
7059
9678
1406
1983
1041
380
5048
4055
835
3535
3044
3289
9424
8368
2093
8006
3559
4589
1469
8907
7829
8830
7257
817
7910
146
9671
5396
1351
951
7292
6894
2632
5451
2088
641
8384
73
3994
2187
4922
3523
4957
7251
2775
8375
9624
4608
2188
7295
1920
4269
2319
3736
757
8913
856
6808
9228
9547
1275
7450
3102
3751
820
4325
5163
2956
7687
8081
8559
5290
3734
3329
1656
3046
4014
4759
5827
4962
5503
5811
8705
604
588
2510
5810
4481
3709
6774
2071
3413
490
3469
6809
9717
1326
2034
6396
2146
8711
1687
4199
6773
7619
6346
3183
8585
4143
7431
5440
7619
8049
5087
1813
3001
6384
3003
1266
5492
5183
1648
2226
5994
206
5269
6437
1667
4921
7277
8423
6486
5587
5116
6992
5098
7940
5233
6372
7434
4377
6263
5911
9129
1293
5233
7954
2645
2215
2572
8386
747
3974
1576
9613
5339
7315
3301
3257
355
6838
3945
5862
4358
7294
4421
8983
4509
1809
6089
6058
8424
68
7666
6116
4383
6327
8866
4002
2192
125
9618
3141
8372
3476
4365
5399
1090
4779
8789
1408
5945
221
548
43
4884
6545
3737
1722
9648
323
5029
1959
1136
5502
3399
11
3656
3889
8339
9346
2630
6715
6842
3515
7771
5252
8417
5667
6903
7195
4527
2391
2037
182
9595
9346
5761
1887
8751
3912
8138
1686
6742
359
6558
6749
3658
8919
7306
4677
3625
1525
5433
4089
1007
5144
9098
2048
2070
8973
7338
6222
5202
2768
2086
8148
5205
1129
5777
4833
4235
9162
4891
3349
2721
431
2215
1125
9607
3087
2079
6567
5877
1866
1275
6592
429
8210
1131
1698
1561
4174
770
1483
4566
3973
2560
489
2099
718
487
1127
7093
7633
5004
7671
3508
8325
5163
414
9570
9693
5839
4911
6272
9124
8365
289
4607
4217
4189
9351
3746
2175
5580
5472
9295
787
790
2550
8914
9030
1696
8613
179
5861
7130
5070
7998
5374
7390
8754
3306
254
2232
6385
2634
1047
2052
1921
8054
9060
2571
2763
6402
47
7077
9402
6558
1903
9708
1327
5669
9628
6010
2554
5153
261
3162
5968
7221
5613
7429
6788
2423
5011
3623
1139
7505
3213
1100
74
4399
1199
2615
7568
6480
6931
7981
5693
7789
4809
8839
2563
5597
5614
4117
3715
3241
1748
2897
210
5733
5968
7048
8485
5124
9412
9385
6161
9653
3365
1939
9550
5469
747
730
5575
9624
3613
7135
761
7825
7500
7087
7981
3899
1994
7858
4039
4274
7548
9398
6601
5798
5350
2352
7662
1898
6023
1612
5015
7181
955
6446
645
636
963
8577
4970
8411
3069
6015
1710
4574
7521
4343
7360
4505
58
9512
8948
8700
4151
8004
8568
406
6956
3792
6494
4068
7654
1388
6607
5920
8799
4110
7014
7040
187
6589
9055
2682
8883
1621
9315
5713
9083
5019
3027
8424
5400
2828
6660
5112
1511
2085
5703
695
8666
1148
2466
1087
8375
1788
1058
3758
779
5470
5679
3065
7971
2455
8453
4393
8901
1384
4738
8852
6082
9331
1539
8308
1300
5107
9200
160
1133
1649
9552
7506
3941
3245
1547
5918
5170
3335
7692
6529
1114
47
4191
4014
4131
9182
3418
5771
3437
9348
2678
8143
9018
1579
9322
672
316
2449
9012
7251
9790
9703
671
8381
5383
4528
9363
5307
9428
8267
6308
8715
698
7157
3563
966
6312
7486
3411
9248
6974
132
7184
942
139
4959
8272
5362
4809
3638
9430
9603
7484
6579
5477
1710
7612
2734
819
7745
7580
7959
9786
9712
3897
3743
4501
559
3430
1542
8270
7000
8052
9243
6800
5079
5948
3956
1149
722
4997
5525
7216
4923
5597
1564
8063
2254
571
2096
748
1821
567
7602
3714
2933
8574
5976
2529
2417
9535
5547
2257
2464
3069
3702
5305
2593
2319
5341
2843
7152
3772
3953
7924
6089
6211
3259
3124
4497
7333
424
6053
2400
5452
2126
6893
5609
6465
8047
2071
7492
7162
1795
2487
8710
7701
7140
7004
4309
6567
6966
5312
1388
7250
5906
7836
5802
1935
9333
9299
3549
9342
9203
4811
1778
7991
979
152
8840
3639
6964
5832
6562
1779
8769
4099
1924
5880
3606
577
4756
6301
4190
7869
8668
3627
991
358
6188
907
2323
3256
9440
1270
62
8996
4812
1667
7122
3226
2072
989
7730
7701
3825
5814
3018
2875
4561
6541
2742
5918
2634
6434
49
3803
7905
1652
7381
5132
9225
9450
6394
2317
9121
1184
778
6570
5293
807
4717
3715
1658
1954
4227
9757
9267
8466
5285
9480
8158
8868
2847
6896
1360
4802
7003
6352
2566
1769
1196
6060
1003
7638
2109
5671
8960
3239
4788
5979
3936
4069
9148
2782
8058
1256
2836
7172
8217
6883
9328
1039
5554
6081
7267
7796
9640
5804
3068
2010
2297
4845
4676
3183
3525
7049
9410
5156
6287
8012
8330
7426
9744
9744
4689
7369
9424
5514
7641
4990
9742
8189
7065
6226
9707
2562
3426
4333
6063
6850
8183
8941
3035
1921
7309
5007
8426
3543
6441
8393
1105
7174
9478
3137
6392
179
4266
2259
4834
8244
2305
1492
8812
2412
2315
1443
6795
5537
2892
2497
2467
4068
3671
6665
6048
8321
4133
9019
3998
7020
4052
9158
8774
6652
293
3936
4847
2568
2426
2490
2505
1047
6279
866
798
2747
6151
1703
9337
709
5062
1560
5149
6884
8484
819
7185
5722
1066
684
6287
5047
3869
8929
3203
9776
9507
4701
368
7978
9393
2389
4461
5601
2077
4555
3444
2240
3964
1602
9130
2413
2161
3192
5450
8817
5856
1064
3084
4073
6498
7640
4810
5175
7922
2533
1544
2362
9056
5963
4192
1049
6821
3618
7167
2998
7660
5091
8929
2856
4576
4011
3485
4445
161
9152
648
8394
6656
6210
7596
9026
9148
77
5251
1169
6823
4755
8828
5460
2031
2382
7313
8673
9469
454
8107
3846
6309
887
8523
172
11
7662
9373
5645
3383
7170
8648
1267
2687
4933
8900
3873
2946
2982
9016
5943
8785
1753
4539
3171
4695
9787
406
8825
3787
4354
4949
8358
4500
8994
363
8920
2239
1712
9043
9137
3205
4622
4540
7917
5244
2888
2121
6714
772
6044
9589
7949
5633
4757
7055
6653
2901
3588
3450
3571
224
4456
1414
7754
8049
7186
233
870
1162
7998
3267
5130
8629
492
2840
4610
2747
9319
354
9178
772
8811
9555
6662
5775
7065
9677
1934
8865
5196
2427
3727
8811
4660
9196
9152
8038
5386
8936
8792
5135
4412
1571
3701
3312
1599
2770
4772
7848
9415
3180
5368
3693
8134
8786
2177
28
1815
194
6660
5906
6395
1258
7141
2810
4532
9453
5544
6583
1465
5570
8855
8377
463
7659
8205
837
6057
3640
7809
6615
9365
4048
8482
5649
6833
1041
7593
8024
2004
8650
2790
5833
8186
1732
9552
3051
4779
6999
8743
4583
7137
63
8567
5419
6101
7036
1552
4040
4533
1130
4202
7798
4252
7333
8481
2489
380
828
9080
5327
8447
3695
5821
9541
8140
3825
8163
3277
2908
781
3509
1261
556
3419
6785
5583
5219
6802
9161
6503
4650
6370
9557
1524
6993
7304
3662
8848
3036
5096
1691
5826
3521
798
3103
5456
3170
850
9642
5041
8077
6756
2221
5779
3455
7635
8530
3758
9162
8505
8674
8835
4743
816
4670
1698
3819
4365
4282
1674
9145
2624
57
5422
6424
2840
7801
909
6461
1720
1267
4741
7450
6739
2144
5901
1788
7375
3253
6302
1477
4077
7431
318
1773
1171
6535
7371
3776
5408
5771
5405
739
4348
1440
1309
7031
8144
9532
2112
8489
9636
2578
3982
2175
8951
2309
6906
6019
8304
4161
6712
3251
2744
8181
4811
1703
7767
465
5063
6951
1264
2829
1375
8078
2138
4933
521
9585
1240
5713
7214
64
4079
4943
7396
6722
5228
3084
9367
5931
8107
2482
7350
9025
3963
3468
4057
7313
4591
2486
5993
73
4181
6975
4824
900
2920
464
5392
4992
6001
7960
2110
7625
3309
9604
7823
9754
8452
4977
3174
1304
7639
8076
379
3620
6999
830
6464
3394
2243
7070
8096
982
1340
8438
9176
7740
6767
9675
3644
28
2524
3265
2519
2046
8479
6544
7558
722
1298
3213
2608
8587
1640
4462
6643
1894
3999
8956
2630
4769
2736
6467
6289
5931
3434
3076
1363
1763
2905
4731
5759
7326
4307
4131
4323
8081
3206
2394
4863
4696
165
6505
9519
5054
4007
5470
3532
4760
399
3367
3083
2315
8226
1976
4897
6075
681
7142
876
3685
7920
6817
7678
8531
7749
9188
105
2640
7270
7369
9597
8884
8014
4612
5279
7199
5833
1330
5588
2396
4453
2979
3211
5065
6466
6883
8396
4281
8
680
8098
5261
7736
3274
1143
7616
2534
765
6145
7594
4721
5428
4594
5847
5269
6325
1517
7923
3424
2591
2194
5980
5780
3495
3540
7152
9294
5868
6510
5615
4056
6845
4222
5625
7533
8454
1951
2623
5527
2169
273
488
2859
6991
8473
1374
3605
6315
9085
632
7933
6849
6182
8565
6707
1894
4649
3158
3859
1909
2301
3264
8254
1483
4639
7756
4578
4456
3168
9586
9215
7917
5320
213
2915
6224
2196
9524
752
6586
8852
2703
2976
4078
6959
6493
4533
142
7292
1862
3583
5958
2382
7407
1695
2330
8537
8815
5092
4050
4571
8527
6981
9529
4598
3096
4166
6877
8279
5436
1460
1980
9184
3199
1407
2984
2207
7676
9295
8042
9508
115
6638
9550
8612
6189
8071
6086
5407
338
4095
1860
6348
8468
9273
352
9734
5400
1396
2889
2428
7029
6551
3967
7533
8858
4452
5997
7427
7879
3347
6864
7805
9187
3653
4021
5136
5851
8530
6294
1089
5510
2746
542
1058
8559
7334
8353
203
4653
9738
6072
3674
3756
5246
2004
6203
105
7715
3894
9423
2824
5095
4589
3981
8806
6158
6219
2021
933
1069
1321
2977
5839
8021
2463
3809
3403
286
3021
2307
117
2023
1232
3987
1369
5551
1363
5695
3189
2985
7361
1252
5511
9108
6485
3995
9665
1243
3454
7179
9714
2546
7033
2721
7927
1261
1450
3040
2109
5702
7745
2281
728
2798
8634
9707
3212
7704
452
655
1986
2965
9313
4274
3882
1139
5159
2164
9598
4663
5897
1744
6266
2167
6458
7928
9182
3587
7337
1692
7026
6418
1285
4491
9303
4990
6617
9502
4546
5024
8518
5738
1683
405
369
1369
5485
7115
2749
7882
4090
6407
7845
347
820
6909
4432
6940
4109
8778
1502
885
73
8892
6467
6361
1527
7063
3220
4705
2799
9645
4584
2991
9362
5098
9794
713
5534
5737
1458
4279
926
9246
4657
5
2176
3864
4600
5332
7986
1121
5232
9590
4015
3449
1748
8639
9149
1417
9277
2582
2031
2000
5664
1187
3089
3276
5216
3308
1810
2269
7305
9779
6257
8886
4107
4850
8414
4940
6673
5987
3552
5377
5589
9684
6940
9553
8151
8636
1555
8563
1102
3642
5760
9037
5529
4111
9588
9305
2340
3835
1185
9664
5338
4910
6241
8926
7972
447
8763
9274
1670
820
1733
326
7855
2424
7637
2499
7289
4115
2599
4770
2142
1932
4242
3056
3631
6316
2638
8439
1962
6569
2715
4900
4062
117
8110
564
1229
7339
1752
8404
3500
4462
6533
1684
8210
2081
1782
5645
64
770
9598
9101
4009
5388
3236
8611
2828
962
4269
6032
89
9721
2606
7569
7048
8786
3207
8959
7455
9317
3003
1661
806
1754
9751
3371
7567
3477
3248
7752
7871
3656
2657
8219
1954
8365
460
9294
7924
45
3262
1390
2139
9607
3799
5875
2360
9279
5990
1611
4449
7610
5724
391
7853
516
113
7954
8461
1680
2866
4997
3157
8343
9139
365
9431
2212
3471
5380
2126
3983
7287
2341
9413
5996
5064
166
9517
5162
4271
4612
6226
290
2993
9690
8579
7147
9083
1363
3648
9371
7886
7064
411
7154
3815
4149
3700
3415
1282
6172
3655
1868
4335
5190
7891
3574
2958
7345
280
8806
1174
5120
2914
4518
3753
8502
5668
5540
803
6585
2977
5844
3815
7371
6614
6952
4185
7259
4480
3723
6922
7614
7564
7949
5108
3013
4833
1876
4729
620
8661
2781
1341
3647
5294
4168
4407
6321
1679
1918
6376
5339
900
7844
1024
4657
6851
8010
9258
6063
4948
9719
7264
82
5749
8552
9246
4171
9039
6852
1511
7509
2574
3715
6623
3025
6541
6245
777
70
5510
9234
208
4452
9026
7353
2209
8237
5061
7810
5230
6908
7804
5177
7209
3124
9205
1653
3937
2557
3225
776
8166
7463
4369
6133
2841
9170
6085
4034
8218
8196
4216
1397
4736
2303
8856
9417
6099
7182
4283
857
6646
4476
3627
7712
1104
3512
8335
4352
9096
7978
2771
4254
3005
9736
9033
1203
3748
2519
8118
8174
296
3388
3377
226
8053
3134
5165
6114
7310
4282
7780
8659
4555
4611
6634
7507
7883
1033
929
1123
8054
9409
7706
2868
954
1141
7929
9216
2244
2019
5526
8557
995
6894
6738
9687
5810
630
8295
8844
717
1198
7754
7960
4820
3257
7070
538
3200
9537
8044
5682
4036
3497
1056
1346
6071
1390
5030
6226
670
7166
6790
9088
7445
3047
6539
9109
5799
8684
6707
5872
3712
388
1239
956
4857
2428
4031
540
1113
8321
8351
2718
2817
6261
1633
5355
5621
3011
8956
1414
2684
8756
6189
5891
427
9082
6713
7588
8054
2624
760
2508
8923
5699
5591
3994
7647
179
4011
6101
9024
8244
1655
2911
7359
6893
1677
9419
2578
5023
1975
4877
2023
4740
477
6417
1917
3692
834
588
5600
4984
2158
1836
1635
203
6426
922
6765
1105
6156
9606
829
8955
5446
5075
1040
2659
339
8549
2065
7925
7328
5992
9122
4306
6811
7188
8001
1853
2171
2497
6559
4401
7185
3284
7017
8708
4994
3117
1313
2902
1750
8463
252
3230
2786
945
9791
7817
5820
1662
8566
4639
7565
8099
8585
262
8530
8491
6450
1531
3316
8413
4228
7532
7185
508
2839
8400
6266
3167
3331
9676
2121
5407
5753
7411
8291
537
5845
8223
2142
7018
1519
4593
7921
736
5359
8062
149
9617
87
5416
5394
2441
2864
9517
3196
8460
9784
3481
1614
5269
7889
2700
730
1901
5425
140
358
5988
165
3962
467
7346
8402
5251
3775
8587
8
3284
4979
2232
1991
3607
9746
3739
560
4440
8793
2739
1617
4143
3621
8220
3483
719
1626
5208
8729
1369
7784
5655
2745
884
9105
2872
1453
2478
2271
8680
8896
3478
1615
9296
1522
8684
2302
1277
9360
193
7381
5859
6335
5412
288
9446
5434
3317
6091
8882
9566
7694
7504
2726
3764
3505
7919
407
7987
5071
1708
8623
9644
3981
8845
574
2109
5171
1504
3823
2770
4008
3577
6418
6162
4695
8725
3231
4664
8694
6728
8624
5643
7577
8159
3078
184
2062
3599
2656
9200
5775
9518
3730
9502
9669
2605
728
369
2286
7337
7724
6237
4599
2852
7125
2102
5691
3212
4570
8656
1512
775
5189
8288
9686
3057
1149
1850
4531
1871
5217
3954
6851
8587
2047
8164
5617
5883
423
8807
512
8522
1013
9140
4746
3649
9743
3514
3038
5568
2009
2168
10
1559
6107
7262
5373
9793
9420
7128
820
2579
3224
3503
5159
3863
9307
2152
7535
5921
5135
8728
5262
3356
410
7780
4711
2285
5428
4759
8581
2158
7966
3652
631
311
1071
9591
956
4733
3586
4450
7432
4922
9240
8168
3311
368
8995
733
3279
4956
3498
6675
3944
6167
9702
7097
5451
9116
8676
6220
9589
633
4436
6755
3954
2818
7623
130
2293
7920
2899
8472
5766
966
1196
6836
5882
4252
6103
1762
8735
1549
3457
5622
9289
9058
3010
8580
1856
2346
3911
329
1436
6094
1219
287
2360
2814
9055
929
9176
4175
4334
2733
7202
3154
5579
1973
9334
3558
8737
9791
9782
6606
9185
6484
3943
6203
5772
6844
3578
4197
1426
2677
9483
3071
2856
5800
8561
7700
9264
3813
1445
5713
173
8652
6672
278
3538
7835
4681
49
5300
1312
1427
2555
5132
2433
9093
4144
449
4938
1067
2400
7089
487
1382
8543
8280
8783
2949
7333
8791
7733
9101
8018
1302
415
977
1203
5005
9218
1209
2769
4208
4872
5561
8962
4211
6661
9549
4908
8700
7141
4590
195
158
8508
86
283
4157
7542
7645
8525
2548
6579
1218
9006
4497
771
4506
107
8882
3985
6723
6408
9504
5367
965
5352
6406
3557
44
8041
2847
563
3954
9119
5126
5498
262
2352
784
5989
553
606
3090
4143
7745
9678
3915
3470
144
7114
1976
5420
3864
8007
1286
370
1423
6297
2456
2936
3544
226
5769
6920
8849
9780
7337
6212
804
382
7008
9503
9782
2717
7926
9485
9188
7124
5113
4403
9151
6656
1571
5968
5675
4670
2335
9277
6900
9173
6452
2881
2062
1344
6147
7621
6321
1706
1226
1960
738
2231
3632
9397
8107
65
4458
5763
1007
4169
8117
2395
9618
8843
940
489
9048
6380
4209
1152
8320
1749
9454
9344
5295
3591
3013
6635
2828
843
2980
3480
5123
1970
5884
4735
8085
2867
6587
9276
7628
1596
987
3882
8650
2080
515
2015
4497
4641
806
5333
2069
311
6324
7851
2708
3049
6560
5635
2613
1274
6945
3778
7472
9047
2386
4781
1079
4264
8069
9206
7789
922
8331
9789
9593
5564
6568
8466
298
9794
423
2155
6664
2214
3916
2363
4413
6722
2906
9699
8647
5756
7678
7170
468
9580
6454
5855
711
4474
8810
3374
984
6161
6966
6233
882
3080
4723
258
8161
8191
2434
4669
126
4314
6994
1469
2607
5448
3516
6940
6850
7394
1900
9476
4794
5968
3914
2639
6709
3977
4517
5804
1305
7090
3552
6293
8318
5219
3132
1408
6844
2960
8261
5796
3015
5939
8182
5148
9564
5563
8427
879
2057
1037
7335
7745
4064
8017
967
5225
9716
6050
2080
4813
4861
8781
123
3512
100
3427
9233
1116
9412
3616
4201
8210
6852
8906
9502
4124
2422
3088
6677
9087
6461
5133
6475
7201
3243
6222
2933
8780
6542
5694
3546
2820
2990
683
1326
4776
6278
8701
5363
5147
5448
8771
9467
9788
780
2761
8397
7288
741
6058
4386
7170
2191
3824
6901
2935
688
8036
6854
7493
4707
1323
5165
8836
9595
4453
7810
7588
978
3630
7308
528
5949
3541
9289
4310
9344
584
6848
2901
4296
8646
6029
4274
5703
8092
763
909
99
4720
9027
8905
5134
7798
5674
5114
613
3376
3350
7690
5956
1107
4247
7331
3745
7899
4687
3476
3950
933
73
4240
2146
8778
2525
6354
9681
8035
5312
1630
3821
1990
8340
3178
4541
1063
3469
920
409
4906
3922
1806
8407
8177
4251
3648
522
4579
6248
2821
2676
6130
500
7589
5380
2726
3323
1166
6693
2041
7945
3261
6393
9477
6902
7843
8819
2091
7258
9219
9786
78
5002
7849
5147
6276
2186
5018
1046
2314
9411
8987
7523
2231
2237
2953
7383
5616
3716
4623
4445
7743
9667
3965
4484
3051
2348
705
3526
2219
9311
9556
1513
6264
9155
270
6362
2026
7996
6907
9156
8177
7045
5500
8837
4927
5401
6381
521
1939
3451
7042
7428
1185
9637
1985
765
5419
6674
7972
8248
2018
2052
8087
4103
5793
1664
8780
6159
3367
4104
6369
7969
6616
4685
6822
3532
1040
1893
7367
7894
9194
1920
267
9579
9229
5648
4591
422
5886
4030
4483
3077
9028
2109
5575
7920
5223
2524
8772
3593
7212
8965
4218
969
2071
648
702
3969
6164
5832
1864
614
5708
9270
1245
1839
8788
5426
9021
9410
7341
547
9549
5414
4209
9674
6594
5004
9414
4829
4733
4276
4362
117
8779
8120
6423
544
3293
1995
7019
5076
2466
5015
9221
3411
2730
3677
4287
4818
4256
5487
6602
9489
9684
7622
3533
7104
7441
3615
9123
8712
7277
2579
1352
4766
2237
8615
128
2713
7886
4723
2517
8258
3767
5227
377
8277
5575
5206
7252
3681
6510
2480
8058
3531
6323
5027
5846
5957
4843
7573
6312
6545
5366
1488
2519
3338
4923
6364
5264
4909
5590
411
1578
69
9503
1684
2039
8513
3974
1894
9664
4633
4844
4082
5395
2447
1583
876
5232
6074
4907
403
1442
1197
6485
4412
6663
491
7804
1309
6068
8820
2672
5360
4624
6656
7516
541
840
834
6816
8074
3598
4129
1367
6833
4785
5282
5497
3268
6199
3896
8527
2860
234
3621
2395
8378
544
3764
294
7315
2610
215
2576
1812
8886
6891
7846
3282
50
6221
3473
3179
2132
6054
112
5637
6757
1970
9137
8637
8357
6302
4510
9221
7230
4705
8839
669
1793
8728
181
6742
1082
4515
717
9167
5348
7163
8189
4560
1632
8071
610
5872
7375
8001
470
4589
5090
6623
8295
3902
1215
3319
1628
6263
8186
4772
6251
9101
7200
3342
5737
2515
3371
9450
8989
7417
1623
9368
4663
2585
993
2781
2404
2477
9728
3823
831
3420
8756
6657
243
1281
1763
9041
432
3278
1569
512
2179
6344
4092
359
9746
2884
7897
375
5480
5776
3833
1803
2131
8029
6862
5854
7829
8371
786
7868
2562
4438
4316
2205
5354
9676
1028
355
2022
2424
7759
4501
4450
8427
4628
2066
335
8956
4226
949
544
5167
3626
8507
3175
5260
2433
835
2980
2035
4801
7467
999
4203
5515
8284
793
8490
9393
6721
6745
6492
2170
4053
9359
5919
1462
6553
5722
3987
7900
4877
625
4109
219
1461
7761
7289
7833
6288
2823
2521
359
8338
3270
6022
8746
2768
1248
6465
1321
897
1342
3886
1583
2301
481
2762
2736
9160
6460
1204
7650
31
6811
7036
9030
9221
2742
9057
9
4469
5858
1746
2174
1562
4086
8000
8
3350
6442
3920
5396
4626
5220
6854
4395
5667
3984
3900
1358
6419
2262
371
2424
1549
894
9292
159
8303
2465
5334
2204
9505
5741
1139
5585
1367
8045
1173
8316
6526
9623
3307
6869
3441
5691
6104
5152
4162
527
6350
2780
7256
7633
239
1164
8684
3950
9683
767
2084
9248
7454
788
6400
1231
8013
9339
5231
1997
8396
5804
5123
2012
1670
2505
9280
1780
2764
8576
5555
1860
479
2612
9600
2047
8047
2448
2865
2356
5646
7648
8831
8571
3226
38
9444
3770
8907
2724
3089
2619
1337
7414
1789
6920
3137
6053
1211
300
2274
3538
3472
1308
2607
5418
3849
1079
5365
2120
741
6277
4135
9528
9268
2904
1150
2091
5661
2281
5611
5719
3488
9790
5426
9065
740
4577
9630
8570
7903
547
4646
9072
4844
8353
5671
4795
9332
2691
7678
8788
8708
615
9051
3620
1521
515
2865
2873
6036
8398
9396
7977
8478
8918
2011
8086
1172
7150
8840
2309
1331
976
3733
4123
5722
3093
9724
753
3832
6746
8276
2589
8254
3979
7191
4488
1854
5692
6485
5099
2703
2413
9591
3432
8161
4646
6015
2845
815
9161
6507
7678
584
267
2532
1496
8834
4304
9676
1796
2554
801
9009
4388
3883
7467
166
4944
1764
6968
7030
603
2926
2820
1444
8139
3368
3452
7362
8263
752
2624
8376
7435
3655
9339
6150
7896
9039
6308
7934
7552
1706
4303
3968
6963
720
3833
3914
9211
1936
2295
9777
5514
1434
934
2817
402
8340
1818
1066
5420
5037
5557
9257
92
2496
1574
2808
252
7085
1003
5061
5326
6947
4868
1028
3064
116
6007
4873
1404
3289
3092
2298
6327
5266
2928
4399
39
2729
1790
5127
1168
6148
8770
6458
5820
4163
1488
4590
8858
7020
6902
2879
7721
547
6965
7291
8855
4524
4398
5949
1343
2193
4230
4010
5098
5846
4093
5872
8287
7241
5473
2459
4738
1144
2548
6995
97
4272
1616
5748
7328
7395
9424
5516
1535
620
179
536
9602
8810
1941
2773
3700
5191
4325
2675
185
4415
4247
6034
3117
2478
670
4985
4844
3363
6568
4824
3234
8802
523
5724
3455
9513
6080
2343
5831
7976
7418
669
8005
3771
243
6708
7327
3095
6410
7057
2981
509
5988
3283
1388
8402
705
6949
8274
1708
7840
8480
5513
9029
5674
6951
5098
3260
4318
6777
4992
8562
703
917
7238
6381
8327
9695
4299
1779
9532
2452
3834
5163
5562
5985
4811
5299
5338
2945
2037
2943
8561
4627
3670
2866
7265
290
9381
732
651
2599
1191
3602
9704
1630
3295
7514
7327
4229
4047
9619
4466
4980
7683
4915
8254
3394
6531
5193
6720
286
5603
2886
1826
6613
5289
6287
7288
1135
2438
3841
5197
1273
5765
2995
8921
7481
6934
1667
6565
24
3572
617
3162
2631
72
9231
6862
7030
322
4698
2211
5616
5526
4830
2419
2014
9689
2711
8057
871
9010
1843
2630
4651
5727
1645
1601
7503
3707
9109
3444
7305
2314
7403
3090
6246
6804
5618
50
3444
305
6533
2139
6840
8398
5895
716
8531
8382
4358
7144
3020
5272
738
7116
3127
372
6071
5620
1576
6488
7653
2860
7639
6526
4507
4412
3627
364
6531
4813
8040
249
3323
5556
5544
7775
1912
3732
2000
2678
3376
5872
1743
8932
8833
5411
2041
2640
1224
8272
2922
8073
6137
6074
5585
9414
1652
3405
6814
3136
5922
6939
797
2034
4793
4668
6261
2916
3439
13
3288
5773
8291
8664
6943
3172
9143
458
3508
5194
2588
44
9377
9475
9066
9785
2826
8850
5655
4227
2505
1177
2260
6810
7296
9131
25
718
1650
6028
45
2626
8458
3286
1255
6759
707
4554
7001
2069
764
8271
4422
6498
5461
594
5119
2016
9254
4393
113
7126
4496
299
107
4977
4579
6761
7578
9291
5770
5758
2558
2022
8021
9400
2194
37
4615
6707
2552
389
2955
1663
4274
6096
4021
82
9476
9353
8610
9171
3368
6658
8422
6148
8147
8682
1540
2046
4589
6143
7195
4215
7652
5035
8953
6776
2082
4156
2149
4886
7601
2700
7698
1797
1302
5658
7198
184
9632
6819
254
3175
366
4697
5574
7392
3978
8963
8478
1821
109
5177
5909
7792
1094
8936
4568
3588
8232
1833
8620
877
9354
2549
4538
8145
9347
2135
4007
2829
347
7508
205
9544
2447
6056
5591
1661
4371
1301
7998
2366
6846
5789
3674
8473
7691
9311
7081
4713
8297
317
9285
9761
4444
4291
97
3158
3856
4202
2153
4980
4478
6973
2079
9077
5349
4077
8745
3962
3084
4911
8153
3320
2916
5048
7220
7453
7582
5589
5588
154
7077
7424
4999
9330
7695
3943
8025
8807
4682
1126
3879
1
1977
8647
8346
6116
4049
4476
2448
1746
3266
5634
508
1593
223
203
6455
1413
5118
2404
1083
4040
6669
464
5388
2087
6627
2130
2208
2771
8219
3160
2592
2819
1795
5458
4575
7645
518
6128
1901
6116
3765
7744
9249
3953
7835
4354
340
8752
8393
9689
4676
8216
9265
7533
7218
1839
5351
3123
5629
3220
8949
370
8283
335
5201
4026
2130
7650
2714
6166
6763
3468
4808
8166
734
1659
7095
9539
3672
1117
517
6130
3079
4897
7571
139
2856
8236
7608
6897
824
7445
7585
4883
6851
7460
5136
8168
6432
3060
6502
8270
2748
6481
6056
195
5215
1641
9758
3449
5017
4321
2596
5128
1597
9332
2238
4890
1713
134
1819
3857
3373
2935
2751
6451
1956
3303
3939
1894
3376
8429
6056
2636
5517
6118
589
1517
2884
2086
8680
9751
7512
3041
4039
5196
2356
8403
6606
9053
9531
4487
7225
744
9373
9714
1541
4710
9708
9105
4654
5469
526
7075
338
1876
8274
6416
2572
916
8907
7393
4444
90
7216
8325
9477
9034
7970
468
8257
2592
9631
5310
9285
1389
6662
5005
4303
2197
7769
5908
1912
3359
8278
9498
4589
8692
4313
4369
6473
7161
5089
6231
9659
2447
7451
8136
2494
3855
8129
1881
2704
859
4911
3176
387
9485
6317
885
9533
6574
3600
3718
4502
4342
2129
7412
3728
3349
5589
2010
6180
2693
9092
9035
9784
4902
8708
6585
5566
7838
6071
6055
3958
3209
3020
4861
5834
7131
1490
9614
2257
6897
895
1980
2853
1810
1129
2522
5180
7415
8157
9134
5546
2806
1978
7123
8782
5744
6192
2966
4303
9613
8759
7289
3674
743
4448
3463
1540
7359
3507
4128
1405
1323
8346
1523
5478
6915
9545
1585
8804
6125
6907
1142
1566
8690
5366
6718
1217
1382
9185
6453
3003
1244
5549
3524
7515
6286
4932
2169
5293
5823
6003
1785
2092
8993
1339
9141
3645
1049
2337
1170
9481
6810
7324
8853
1523
6979
549
2564
7921
5283
8043
3348
6309
9113
7129
8851
7901
2988
5158
4079
2106
9602
3634
5337
1110
1894
8118
4632
4521
6416
8147
4018
900
73
3525
1092
9752
5977
4047
7621
8198
6047
6800
9714
7979
4464
2514
808
8886
239
5562
4132
6509
168
6079
5767
7790
9417
1008
2919
2245
7076
3998
6780
5095
5922
6156
6001
2075
3039
42
8511
6859
7891
3594
1684
2762
5247
5248
4521
2822
7480
7935
3907
4039
4317
3747
5561
3327
462
7508
4658
3268
6447
2090
8527
8213
7632
8562
2458
7659
5246
6120
9252
3808
7206
8675
6270
5676
4335
1641
6858
1150
1890
3492
7249
5059
1101
5254
8044
2693
3556
8745
3581
2796
3744
4714
3270
9554
7896
5947
3363
6133
6638
4846
3669
570
3692
5161
416
8189
7938
1356
7022
3659
1986
6392
5209
4755
7884
2806
7311
1081
1082
7595
9441
1849
953
2203
683
313
7096
5698
130
650
4067
5241
3822
3970
9165
563
8208
8964
9460
2058
4061
5724
7837
5552
9322
9255
5461
3745
3106
8102
7004
5075
6611
7206
3256
9620
6668
6710
6460
7011
566
7898
8030
3984
9400
2236
3654
7662
3593
5070
2391
1239
6567
458
8624
5430
9516
2389
3067
5890
3898
6936
6641
5754
4249
2448
8838
1590
8914
7579
6539
4001
7314
8837
2462
965
6787
122
8741
8795
9713
281
1679
7457
926
9220
8575
9675
4974
2244
405
4229
2788
6234
2397
39
4086
6455
2604
9104
367
5137
6900
345
7294
9248
7127
394
1952
5726
109
7549
81
7096
4178
5802
1628
2050
1039
1417
7338
821
6340
6789
3501
8348
9197
1227
9041
1978
4891
7754
695
6259
6868
503
883
4008
3847
3132
8750
7646
15
4847
8346
281
7017
661
4483
8366
2101
3094
6959
3260
3073
5281
1865
5797
7901
4868
3858
4548
5818
1201
7863
7887
9119
9750
418
7285
5929
494
1255
7379
9335
8571
5344
8188
1053
5143
9710
3430
850
7771
5247
725
1560
1404
3039
8020
5109
9011
918
6794
2633
4721
7611
8001
3969
9292
4642
4496
6464
7323
8742
4774
3491
804
6034
8101
775
3516
9238
5669
8798
2415
554
179
3817
1502
535
7810
1255
4978
6437
380
3927
6134
8317
8134
142
8888
4120
1728
9781
7992
4282
8389
7499
8623
9331
3147
5813
7414
8468
3667
3567
7768
6620
8608
4888
7772
7778
6194
8821
7351
6261
7906
7908
8291
3517
3916
8642
5520
8208
4899
4782
8611
2118
7723
5782
7520
9157
6424
381
4100
3135
431
8376
9269
1610
6072
5901
1360
2153
3166
6102
9185
4700
7881
1422
3911
4385
6375
2999
8098
7520
7215
9167
6560
5811
8787
3371
9742
9006
9437
253
7190
6213
4665
4425
656
4540
5921
522
7964
1996
629
8420
9524
6170
2781
6950
2767
7424
3581
6329
275
400
7969
5344
8319
7643
6289
3197
5815
5010
7941
9314
2879
6366
4020
9596
189
4595
8088
4874
4744
9781
1026
7610
5757
9279
2720
1598
841
3546
1693
4454
5706
1693
2985
3787
5171
7501
4007
6088
2290
2851
4502
3702
6332
5408
2810
9031
4155
6778
7024
7549
3045
2627
4631
8479
2852
4976
220
7875
5039
7597
2997
3375
9427
4029
7651
2363
4648
3246
5720
4319
3206
6355
1847
6203
4148
4273
7693
2964
5008
4856
628
1513
5118
1339
1887
2186
170
2381
1077
7577
3113
1242
4603
2625
6077
901
5263
4188
7331
4528
3091
4096
6145
7565
7345
2
1425
8545
1980
1771
3794
6249
8761
5800
6427
2714
6643
8066
2584
5835
6401
7151
4496
7694
6423
1292
931
7058
718
5529
6415
8400
7686
2772
2996
9647
9016
5393
3539
2661
2479
9062
7714
1669
2150
3620
1086
9556
4675
7794
8281
6648
8597
2846
4429
6739
741
5607
1031
6899
9773
4515
6087
6288
3519
3388
6706
1339
6133
4431
7367
957
859
219
3871
3271
4517
8078
4669
3983
5218
1644
800
5125
2043
135
6268
9520
1675
5905
2769
2233
4769
650
294
2059
9110
4449
6409
1092
3664
7859
8480
9146
5636
389
3366
9455
1582
6248
5219
4754
1161
5422
4270
7706
2878
1706
5155
3030
2223
9573
4564
6228
6514
3773
8726
1555
8419
6704
7949
115
2202
9463
7827
97
9518
788
2077
5750
1922
4445
612
6677
3310
314
5285
9200
8719
5721
6994
975
5789
7727
7304
7309
6188
2367
7735
7963
2183
5513
293
3901
5177
8902
7877
1358
512
2581
8212
312
2569
1580
2568
4066
9261
8750
4367
1879
8746
8882
3855
4513
3579
351
4604
4431
329
7112
3932
7414
9184
345
6653
8929
4346
4248
1459
9362
7406
7884
4419
3467
9123
119
5146
7434
4224
7431
6817
8376
5378
5755
1493
5377
7750
7094
7963
8766
5909
9107
3820
8468
8119
6520
7201
2238
8649
2342
7180
354
3333
6220
826
2473
7179
1624
5941
235
3861
3567
3573
5402
4316
1752
7587
6464
2319
1118
5295
2742
5756
2677
555
4243
1735
193
9001
228
2547
6209
5599
9284
6892
9079
7138
676
7573
2509
33
883
8364
842
2729
9556
7045
3157
9733
8202
2029
9359
6172
8817
1505
7168
7575
5460
4491
7447
6598
1479
4218
505
4852
8134
1427
4840
7249
298
9530
6176
9762
3701
1385
5327
5131
8451
5009
1621
2284
3696
6608
4074
8095
4864
1557
2418
8177
5266
3467
4097
1697
6030
2124
5445
3688
88
5197
331
2550
8357
7268
460
3889
6515
1445
5769
5937
8289
2030
4740
7783
2259
8733
1195
3129
5196
6493
1954
4974
8653
9352
5060
233
508
6367
7604
3318
6604
8524
4699
8368
6866
8177
7510
410
6446
554
6292
2086
3386
6527
8410
3513
3290
8542
1726
1100
6397
8174
2451
1224
2962
5382
232
3488
4517
3772
1120
1691
7969
1408
1459
1044
2354
2286
8973
9629
3147
5709
9497
5501
840
4802
9423
2021
5419
2728
6022
6050
1146
1073
3992
431
2863
6831
23
9670
89
548
4716
1600
5984
6546
4384
3926
1770
8568
7353
6079
6093
4552
3870
6389
662
9046
7378
3569
1689
8883
4172
269
6977
762
5131
6654
4127
2715
6362
1885
1431
5951
8571
1784
7444
9406
1721
4003
6841
1543
7057
7962
2186
1119
7595
6911
2501
2898
2739
1702
5608
6646
76
6265
9618
2387
2134
1556
7443
3363
7943
5583
9038
7456
2537
8076
2068
1426
8445
8548
4514
1287
7883
2785
8424
3857
8133
9767
8702
5317
9655
4636
4953
4629
7053
1509
840
5205
1907
4704
9655
3392
7740
6908
6881
8293
2934
3123
1475
5647
6257
5681
9612
227
3082
8236
2648
8185
7627
4193
7310
9312
922
172
862
2189
2139
786
9051
3637
6805
3084
9281
482
2268
4286
1565
9726
2452
7721
7903
7909
407
2735
655
5163
1788
6521
492
3999
8709
7541
708
7034
1225
2030
7295
2460
4702
47
317
571
712
7696
2124
120
7906
973
9735
5788
7764
1921
4324
4301
8561
1333
4970
4599
6791
7463
8288
3888
4007
1005
4887
6490
3583
7850
2245
1715
9546
6364
2221
9470
2967
8351
4936
2061
7649
8637
4001
7191
4113
417
8208
3532
2054
8919
4563
6134
1155
8900
7372
3777
2755
7981
4447
6925
5073
9647
413
7336
2209
6569
8381
9298
1635
9104
501
9308
6635
6730
6024
7114
1467
6644
7670
6589
5275
9377
631
3777
8885
4618
2941
3591
135
1904
1687
384
9243
3135
5380
9226
4921
7806
3031
4096
6099
8844
650
4435
9355
8541
8735
6962
946
2232
9191
329
690
8026
1548
5154
6060
3289
7341
5399
2544
3246
6832
4630
6635
4901
7850
9401
3504
1142
2353
1470
3019
9674
9115
1400
1888
7556
1261
2089
5858
8643
1964
7732
2011
3522
7088
8028
2493
6295
844
8380
4418
5951
558
5813
7938
860
8343
2666
3074
4431
8439
9592
4596
9519
9477
6009
5509
7495
3126
7169
2003
7516
1240
3510
3970
2232
6443
136
8098
5072
8383
4088
3268
9540
1038
7715
1937
5319
3343
2286
5251
8779
7005
7135
3492
8101
7118
2454
3754
2636
4560
1936
451
8873
7811
1113
5537
3695
4019
9155
6343
8363
8065
4060
3575
5820
6190
8316
1591
8145
3344
5068
3727
2476
9762
9578
4231
7410
1873
1221
5087
2723
390
4224
696
3736
7792
9447
3285
9375
7637
1304
9095
7162
6667
7840
4620
5760
5441
8935
9036
813
4917
2784
5484
4126
1808
3756
5574
9615
7400
6908
5004
2802
7801
7907
1913
7286
6985
4907
7170
4435
4076
3009
7553
8584
1200
7532
7187
9106
2691
6749
2357
6100
3247
3843
102
9225
8775
7051
3238
9334
7504
760
2370
4427
7171
548
3629
8415
438
1673
5634
6861
6232
2525
1074
1828
5940
7394
640
4557
8792
3377
2988
7565
2059
4260
8423
5240
7231
843
4276
1964
856
3395
1263
1780
2995
6689
2795
5899
5377
2885
2094
8932
2595
564
5791
2313
6602
2600
3932
9266
5745
5273
3190
6065
7586
2064
2455
6331
9082
9731
4921
9038
8944
8480
464
4087
2632
5410
5751
4848
9714
3366
1871
5464
5887
8045
7808
8736
1622
5532
65
6328
9700
984
3895
27
6534
3824
1348
7380
1782
1575
5631
830
4770
9599
5773
1202
3786
2679
7885
2741
768
3321
5605
7350
8785
556
4493
8257
7752
3917
5699
5294
7514
5
7928
8970
4969
3098
8259
409
4279
6377
7829
6489
7192
9270
9383
2357
4332
4009
8558
7310
6089
3122
6163
4777
2253
2875
1717
5431
9688
3454
5849
9000
5668
4656
4463
8577
4940
7411
2853
109
6448
5103
2846
3983
3564
2801
3473
9035
1014
7982
3594
2373
8680
8360
9569
7175
6772
2223
785
3420
5009
9369
5270
676
1795
4519
2825
9611
9499
2782
8884
6341
6236
4067
9273
1634
8117
1318
1895
3737
2978
7028
8160
1300
2228
9060
9698
7966
7190
6859
7281
7749
840
4985
8996
6513
6737
3596
2223
9344
7215
5881
5079
1388
3995
8077
714
8514
5312
8934
8325
3615
6141
580
8094
5107
4865
7579
3080
9236
2201
856
6983
3646
2395
6325
5324
5473
4338
9682
8648
449
4225
6767
754
2622
247
8734
5541
6719
6906
1097
8616
9464
7999
5058
8187
1419
4978
104
4068
6287
9267
158
3597
9732
6646
4130
7994
6250
8139
1751
8120
554
7626
7028
1631
2449
6412
8975
3317
3997
9738
1359
1075
4532
8292
3511
1011
5952
1437
684
2009
7372
7307
5323
2333
1021
1982
7932
4853
7034
1100
5459
6959
7984
6463
5830
4161
2105
6830
1879
2774
8981
9682
520
8257
608
979
320
5868
4928
1464
3328
999
6273
9792
8937
1922
3227
4035
1508
9500
6346
8758
3564
7654
4329
2032
5968
868
2841
8560
3655
5382
6630
5802
560
7848
2152
6283
6921
3075
8412
1100
2834
1856
7922
8721
4665
1481
8575
9409
7548
1118
4405
3002
8278
735
5945
1866
2329
1228
4260
6171
6641
3184
8828
8478
8605
4263
3553
6600
9285
7383
1900
8895
16
9276
3539
2451
3587
356
8631
5508
3382
1509
3270
5376
2647
7833
4504
8680
224
494
416
3268
768
3476
6929
5583
9096
6696
3554
4786
1442
4550
6066
1524
7155
6117
8751
643
1170
7828
6934
5399
1352
7458
8523
6398
1766
9396
2825
1106
4757
8655
2137
9744
5338
755
5595
9000
2611
2990
1169
4311
5491
6194
4823
8124
783
7365
1703
5424
1233
2963
3204
2120
9563
5104
7688
7059
4470
9395
271
8454
8063
925
4411
4037
324
6315
2654
8107
1020
8788
2624
8066
90
3439
6121
5690
4561
2436
8969
1048
5656
3477
2567
2960
7711
5943
9050
7308
9753
831
7038
6581
3748
4545
1350
691
7078
5622
5724
1972
7253
4368
3570
4661
859
5934
8678
1438
4330
7859
7202
2551
9072
2568
7015
7685
6799
653
9070
2310
4697
8372
7779
1543
4522
3097
3058
8132
8883
9197
5255
8290
624
6218
7233
5660
8046
3909
5436
4127
5952
5267
3195
1946
4404
9611
9366
657
9711
8470
2967
4529
9516
5081
4303
7567
462
7117
6898
2407
6556
2777
1663
2260
2572
3226
6188
8999
1790
3089
1974
8734
8681
5457
7411
4277
39
4872
1585
747
8214
8219
1115
2810
2342
2176
215
7568
4008
7845
9637
7165
15
1569
8540
611
8271
7090
9660
594
9482
7405
8234
7833
2883
1943
3795
1012
4788
2660
2440
5573
8448
5862
4462
3009
1091
3052
6257
2406
8149
2295
9306
906
4405
5489
6140
3980
9617
5043
7408
1386
4474
4887
7055
8336
5342
7349
6836
5131
9580
8548
2187
7474
3838
6502
930
4951
1337
9718
9413
2601
6498
3679
7247
4028
3728
9440
1855
377
5032
6884
1272
7806
2047
3408
5716
7636
5271
1797
4492
9561
717
21
2206
1776
6834
8238
1000
14
6500
1731
8274
6378
595
458
8505
9065
2947
6462
4417
6851
4664
2365
5062
1578
4316
8010
6168
5092
9111
7512
3712
3824
321
3006
4200
3365
3360
4941
4377
84
1962
9217
9665
2185
6923
7678
3276
2159
47
7996
9180
7425
8606
1691
7047
2786
3915
1180
5643
713
1123
8770
2010
1141
3455
659
1066
5002
6221
3597
8079
4031
470
9192
6005
6980
832
6874
3024
9134
5631
4951
610
4360
8756
3908
2205
1694
7264
3235
491
6505
3955
1468
5249
8770
6005
8281
7601
7344
3742
9514
2932
4626
8946
144
5210
4493
3044
6387
3136
8357
585
6263
3496
2291
9050
1456
2454
5663
3514
5610
213
3916
7510
8025
1587
3178
3401
9696
8442
7092
4451
7136
4654
407
6226
9604
2341
8928
1561
6832
6275
9154
9000
5638
7808
8925
9186
7584
5932
1051
4733
361
3537
1451
5902
2723
3166
9702
9081
6580
1039
5250
8068
1175
7027
6563
8289
4531
5919
2900
8260
2344
6457
7748
2518
2189
9067
7690
7404
1959
7381
9360
1563
1080
9768
6886
9248
9079
9140
0
6249
921
6633
2000
1556
6751
6027
7376
2269
1179
8552
449
8086
6776
3710
612
6699
422
1593
5054
8236
1062
387
4477
7139
5080
1278
301
6504
1531
4506
610
6316
2673
6276
563
5639
2809
6938
1534
4555
1945
2817
2462
3669
7594
8223
7537
9080
4798
4042
827
241
598
2075
9005
7802
4904
4479
4566
8272
4925
7
3196
5255
4941
9204
5905
8300
2965
5888
2891
2612
2851
6255
238
6392
2344
8736
5892
1834
1346
5621
9433
7972
3137
9712
2827
9390
6093
6459
6332
7319
8992
7851
6439
6529
9261
4732
8574
8480
9711
2685
1019
8176
5314
2976
9302
4424
1442
6506
2221
8299
3591
9681
8477
2782
4141
8971
1693
780
968
1236
7652
2680
8292
675
8681
3020
940
9313
3573
9460
6654
3353
1587
1019
9788
8000
6316
5929
2715
7576
4142
3922
7297
1432
7203
745
6458
673
3071
2929
8209
1551
5008
191
873
4075
8733
8623
6586
4363
3536
1298
7832
2994
1825
7584
8796
6053
6192
5833
9503
2845
1619
3822
5962
4370
4549
8196
1429
4718
3074
9770
2860
9187
772
3138
5603
3236
1799
5054
6252
4722
4690
5666
5669
156
7293
5195
9733
4978
7526
808
1528
2369
4105
7097
9478
617
750
4337
2153
526
312
4335
3358
7289
8340
985
4111
7690
2193
9702
1372
9753
2202
8980
957
8852
3957
683
7172
7866
7338
721
5945
6059
2853
2170
1000
1576
8975
7737
6158
4428
3408
6284
4883
3792
6034
279
1728
3407
7145
3962
2331
2985
5400
6657
4720
3979
5125
1013
3649
2333
8615
1651
9586
9520
5049
8548
7538
3786
3231
6035
2322
5827
8490
5083
1988
294
7933
6759
800
8616
2535
9420
2474
4294
4593
6048
3453
7613
7529
1992
1359
163
9316
5843
6737
3802
9133
7165
478
6418
6176
2055
471
5366
371
7162
8716
8861
586
3558
4310
9479
2156
1573
4847
9679
4596
8342
9268
6708
9585
831
6804
6316
5961
5105
5009
8637
2158
4633
8779
2261
5838
4244
7766
2957
7210
500
3304
2695
6353
2583
8017
8428
9646
2902
7142
593
1794
4645
1126
7105
7422
7243
1290
438
4224
9307
8737
8689
14
9722
2981
1279
7360
6507
6467
9394
3906
186
7201
5180
8326
1511
1712
1868
3080
6114
1056
6519
4166
9604
9613
4318
7061
4428
5250
7910
5685
8839
5591
5629
6869
856
9161
2633
2460
7932
7478
1532
1921
6620
2007
6907
7729
2090
845
2243
7810
2867
4603
1030
5086
7248
3331
4159
5875
4932
1630
9391
2991
3796
2338
9731
4379
5182
4966
5574
9147
1008
6068
6163
6945
3208
3759
2004
4368
9450
5885
9013
4812
9232
6717
4194
5819
3072
4685
3304
4381
1484
2946
6003
7915
319
3530
3381
3349
4939
2145
2934
4923
4161
9701
8328
5928
7390
1902
4009
6302
7204
3541
2304
7598
9661
6587
6166
1766
709
4512
2422
2074
4612
1713
8656
1863
2345
240
6124
7281
1925
5716
577
7676
4483
6676
6668
9432
7857
2584
6367
7640
2803
1645
2774
9335
3141
1616
4500
4516
7528
6053
2898
7516
7112
3477
6495
9262
6234
146
6971
3303
4036
9514
5309
2635
8873
4153
4788
4946
7513
4459
8042
2106
6832
7669
7834
8403
2645
7873
6879
5993
3417
7293
9636
9297
5959
9054
3171
9619
2
7010
664
4817
7492
7973
2697
6448
6106
535
575
9566
5093
7773
8874
9673
1683
746
9048
2398
527
9735
5579
6827
9570
800
1254
3324
7208
2055
2901
2246
3136
6349
3183
4952
6665
6873
1996
2834
1790
7858
2741
1268
9393
3337
7526
7559
3083
2625
7649
8260
3791
5632
9173
6537
9013
9431
3114
5917
1364
530
7282
4546
8068
206
1035
1311
1191
9088
3842
9075
7945
5952
4399
4035
155
5117
4897
8334
1399
9481
2592
5965
3328
1167
7612
6774
962
2414
7391
9117
5791
7499
1002
5341
7379
1327
3283
1359
4641
4891
7269
5074
983
7229
1590
3176
6612
8300
5296
2527
9599
9535
854
6928
8327
4583
4117
524
4737
3689
7636
3717
7204
8946
9620
7815
3806
2507
1270
4651
7116
7299
6556
6637
7760
3550
6545
5783
731
620
554
6729
3207
1168
1544
724
5828
5065
7542
3144
9497
6199
5145
925
1823
6939
3382
390
915
5959
980
4921
7116
813
5578
5589
2253
9374
9496
6978
8724
3809
2993
7695
6456
6340
5480
2416
1236
4694
5279
4937
7800
3723
4355
4404
3692
7717
7298
9288
6869
9203
9651
6105
2580
7158
8579
2966
1777
9392
8309
7554
529
1060
9268
3251
5720
9247
8386
9759
2046
5415
3905
592
5423
4941
485
678
318
679
6144
4644
307
1136
4955
3041
2216
5714
8661
6915
1075
7577
9563
7156
6828
8857
1080
360
904
7508
5805
3618
3208
2879
3976
1432
2612
5396
9386
2633
2362
6926
7678
9286
4126
5169
8284
2815
3226
9025
983
3700
1851
8875
2130
1988
1664
127
7811
3810
5636
1124
4987
8699
5846
9285
5669
6093
2553
7041
6758
6651
3388
3651
7056
4923
6948
4160
7402
3756
6042
8606
6356
3046
9002
1700
5927
3225
4448
2202
6728
1827
1739
4801
9735
124
2861
1812
6103
1613
7992
8797
3186
5652
1950
574
1102
2204
5451
5033
6575
5936
7023
8843
4734
1078
3026
8363
7803
1627
319
2545
3933
6582
4171
6410
6055
2859
1082
2492
120
746
4488
7263
5414
5078
4994
2643
9775
2547
1535
9007
6243
575
5908
1429
1154
742
598
9289
6599
2114
363
2978
8279
8607
4039
8283
2277
2708
183
8615
2913
8719
6670
8123
7917
8667
9212
7676
6219
6446
6471
536
3147
3603
2387
1852
8976
8794
6624
3776
4026
9128
6932
4152
2735
9311
4792
3725
8192
8265
8900
6059
2264
2075
171
5557
764
7821
7135
8047
9651
1420
3315
4118
3615
7704
5112
7541
809
6968
7005
1407
6655
5360
2082
6697
687
173
7540
3933
3041
715
2822
1959
3387
4129
7078
2531
7001
1215
1082
2539
2130
231
7275
1870
7056
5014
2365
8766
3085
1032
6197
7020
4714
3648
4258
463
1317
9416
6675
4127
7321
3643
8463
4617
3856
6187
9256
3094
5385
4108
6125
8768
8517
811
3546
6580
1435
5100
2015
3025
4096
5210
6978
3227
2262
9265
124
954
7199
7162
3027
3370
3391
484
8942
970
705
9214
7715
1978
6432
6886
4209
5627
3152
8586
7037
3133
4981
2593
9796
9408
781
3153
4387
2666
1367
2285
5124
5302
2038
264
7499
6693
1633
3078
1843
372
8362
3720
4281
5405
174
2444
7981
2930
3350
8316
5490
5213
6961
4272
6769
4592
5295
5932
5434
5943
2692
4481
2340
4915
7565
7296
2090
3624
5977
4420
79
4926
8254
1207
8002
2417
3582
5658
5236
8691
6638
208
2334
696
405
7842
5401
2283
5053
3002
3591
9177
2165
4964
8337
2728
6028
5367
5547
8241
441
3948
8592
8344
4134
155
7779
8247
8498
7722
6117
1748
7838
895
7183
394
2634
6548
5428
8892
4076
865
4549
1480
2644
1321
7462
9751
3748
4961
775
602
2619
4741
138
4703
6680
3431
551
2962
3228
7442
8924
3442
809
2989
2005
3942
1292
4915
7635
7106
8185
1939
814
6757
807
8974
5339
2550
2885
4504
2787
250
6144
3954
1937
1732
7381
5700
2754
2281
4878
8755
1170
2710
9490
7970
4955
7564
6300
2611
6043
3362
3459
2423
4196
7686
7843
8390
2028
2471
108
3732
9143
2453
9520
2659
4966
1067
2559
1993
1743
8120
1103
9459
200
5830
4497
1619
9543
4429
5439
8104
4908
4010
3005
4815
6966
4147
5126
416
2818
3927
3379
6165
610
8294
9401
5571
1435
6260
4849
6140
3008
8228
6734
3800
6526
2831
1235
7664
6301
4396
7733
6239
7773
5306
2105
7496
9089
5662
61
1358
3610
3668
2431
6252
3228
7517
8011
9277
5793
5955
9215
232
5172
8865
6678
8342
6660
3110
290
1585
1897
2809
6731
4098
6507
6248
6738
7777
7007
7501
1584
5859
4230
402
7682
6330
2704
8215
1647
6410
5984
8935
910
3897
880
7638
2283
3589
2733
9306
7616
9248
9488
7481
2814
6410
6902
2233
1593
1851
5006
6903
8600
3813
2671
9077
4649
7809
1906
5923
4797
7863
910
7786
8417
9697
1165
5420
707
9464
8267
7862
7831
7545
5960
2269
2157
6402
2748
273
8846
8541
2181
1841
9531
7589
5754
7283
1459
756
6593
847
3618
6468
4679
3098
8621
8061
8698
3049
841
2136
325
7911
3621
3278
6597
9762
3577
987
3554
7000
3827
7666
4316
2896
4023
6379
1863
2135
9778
1354
7269
8182
8607
1862
8842
1641
8190
8288
5555
9600
6248
720
7559
3281
3927
8582
8025
5871
6799
3881
2136
6558
3648
9358
9563
3437
2014
5884
3946
498
7791
6497
8333
3284
8765
2772
5333
1759
1985
3738
8793
6417
3313
7376
4112
9357
9058
4152
9155
2788
4371
363
4506
9154
3417
5756
2043
5131
1637
3789
4852
8834
1146
5123
2111
1482
2827
9602
2290
1380
9447
9771
7707
6074
1253
7479
2436
4787
9621
682
1275
4499
9170
1067
445
4422
9347
7714
9686
5605
3422
1206
5309
551
8442
2622
9234
8841
6503
1463
528
5109
7768
7443
2005
7913
5501
6190
7213
6716
4638
9028
8554
5212
1713
6107
1643
2339
3189
5697
97
539
7232
5750
8772
5889
4760
3052
4848
4869
9617
276
3839
4927
3519
5515
8212
8538
5064
3589
276
8234
1263
5172
5054
8207
5416
863
611
8463
3160
5449
6649
2751
5714
2260
827
5742
8641
3463
1309
2037
357
2424
201
182
3579
4076
5639
4199
4596
953
3481
5874
9461
5391
8787
2613
9405
1694
1083
7927
1899
41
8649
7005
9584
2098
7349
1559
9734
3829
8535
5143
2100
3789
6374
7885
5835
5338
9217
2285
1404
1193
6566
1572
1949
1540
6550
476
5241
2608
8087
2765
4167
9449
3721
896
6099
3540
3782
6341
6862
2728
6662
910
3685
5345
1219
9293
3960
5156
3337
9135
9105
9433
472
351
6752
3968
5661
8166
5442
5279
8459
7883
2320
2931
5665
3759
1473
9078
4526
6398
9264
2212
29
1399
41
8506
570
703
3447
4478
3212
6860
2927
8914
4024
1714
3671
2652
456
8312
3473
8292
4438
9491
2043
9766
5912
7302
7643
8431
2776
2375
2411
2405
4719
5710
9407
6315
8802
1162
6676
8406
1269
4893
7622
6493
9454
5742
2643
2384
2320
9042
2087
151
4365
4961
2847
4821
948
8743
2419
437
3261
7572
629
3276
1772
7455
9264
8441
9592
3299
730
3986
6374
9079
3830
1292
2868
5519
8011
6944
1107
976
1271
2008
1155
698
3662
6065
6145
4464
3
4890
8938
1729
7989
688
6257
9012
3573
6942
8891
7772
5399
9129
1631
194
4297
7132
4625
6241
5248
7091
6960
1964
9042
8077
7295
8454
6377
9360
5764
6672
4219
2637
423
4774
5446
7204
7415
7970
9596
4822
8174
9207
8986
3260
6506
7309
4107
6398
1464
2956
912
3180
5826
2468
6321
5484
2324
326
9589
5793
6207
1513
196
6268
1968
8925
6033
7311
2323
6448
1786
8093
8938
8826
2016
2542
9530
1891
3019
4695
6326
1340
5842
8532
5137
6519
5891
9101
2633
5784
3241
5052
1968
1798
242
9594
7987
5765
4600
8486
8250
4910
9032
2848
3556
9639
2516
4009
5653
9641
5780
5382
1808
4290
6245
3372
4021
8242
8302
4888
2957
2116
3978
59
2484
4420
829
7705
6956
204
1290
9184
2299
2702
2769
2471
3124
5930
3347
2420
8324
3575
7415
5440
3844
7488
2391
7711
4545
486
4586
5325
9527
8064
4407
6449
1456
5336
5780
3704
9473
4795
9337
5653
8674
257
3475
420
3465
5615
5592
5235
7011
5348
6626
6687
1249
1235
709
542
9417
3878
8864
3838
2262
9728
7337
71
3840
8922
5469
2448
7687
1306
4015
4179
6735
3647
7122
7471
5262
8641
8955
9109
3850
1860
8608
4668
9105
4198
7144
8622
1867
1622
7604
7081
3846
832
7837
8951
8578
7651
8381
5648
2805
5744
6780
5291
1128
6422
4590
5483
6995
7002
2592
937
5458
53
6619
4672
2841
248
3849
8978
2073
8922
5085
1350
3924
25
6267
5525
3804
2059
6072
4969
8282
2096
2808
6430
7636
6865
7400
2022
1462
7511
5346
9486
8017
6076
8
2381
1016
225
2277
8858
6052
1443
5578
6198
8798
2640
8304
4208
5735
2963
317
2407
5279
8279
6405
3410
3785
4865
5593
8043
5566
6345
8098
4077
1874
729
9476
2926
1289
7156
5825
7700
4656
9505
4347
7462
2645
7807
6083
7876
2483
9219
2064
9390
9445
6757
2630
4131
9410
7570
4283
8137
3641
5833
1946
622
8402
7755
4521
66
1735
6153
3711
6604
7700
8811
7589
9689
4336
3453
6462
3415
668
5200
4559
7993
821
2920
7013
1726
3330
2577
3821
4658
7131
2230
3838
1134
2406
1069
9461
2997
399
9461
7342
7964
550
1205
3582
8943
5086
4144
762
3893
1911
602
4080
6098
23
1086
9554
8027
8103
5724
3742
1329
4520
156
7599
504
8632
2545
2033
2909
245
7996
6714
5811
3758
1827
4374
4610
1371
1036
7333
4173
2456
7400
4212
4833
849
9255
5993
7973
7639
9710
8385
7421
4277
8002
6945
325
1914
7110
7312
2284
3456
4623
7155
9587
5800
1209
7045
428
5895
474
1080
3817
5885
9072
7169
3174
8434
6974
8608
8557
2271
8913
6749
8803
133
6564
7258
9186
2271
1156
398
4576
8792
6329
3692
1583
3141
3371
1063
8121
827
3392
423
7714
6881
5586
3343
2132
6238
6281
9221
6610
9304
4554
4934
1274
3818
6866
1101
7402
4781
550
5796
6294
5723
4624
8971
5923
5678
8416
7222
8668
7794
2735
3714
6831
2080
1137
7341
4446
3911
6988
4049
2707
4230
5244
3092
615
158
4449
5902
1101
3170
9187
5275
7850
895
4487
9321
6095
505
6443
3174
1420
4396
236
4212
5029
6366
9095
3271
4295
9679
1070
3082
98
5603
9193
8219
925
6707
6457
8303
5281
2260
4658
3331
3369
5329
7746
1523
5794
6164
6613
6800
4196
5296
5045
3427
1740
8711
8101
4977
3936
8764
9733
7094
4340
1061
3375
6097
7295
4754
8764
3414
6965
7320
8175
6655
7251
8259
1822
5150
3805
5435
5820
7773
2097
1082
6636
670
2905
5809
8620
7391
2052
6162
6906
1341
4807
9721
1559
5674
8580
4789
8366
6337
3474
4138
1842
1147
1596
8539
6521
6730
7900
2012
1987
3424
8908
8957
8832
5105
4981
1761
1574
5529
2176
3553
3315
5604
8585
2508
7109
4397
649
151
9107
7104
8069
8606
3600
1898
3155
2790
2439
111
7031
9581
5180
2637
1357
3009
8296
674
2638
401
5401
6034
9429
8255
7742
9299
336
6028
7488
3714
7456
1051
3890
4181
675
6518
3032
8528
2979
9177
8036
667
1327
1217
5741
2554
6479
8464
9196
3348
9049
6397
87
2972
5515
2027
7729
3458
3752
7082
4411
3943
2150
2662
3855
2861
8400
9748
9216
8270
8487
7668
4854
9541
7439
5798
3928
6393
4464
1630
6783
8592
4062
1106
7408
7426
1052
2847
8244
2355
9605
8287
6283
2924
5775
2941
7374
892
2337
3610
4908
4259
3088
9159
7094
5761
2408
1823
9173
4767
4431
7447
1803
90
3103
1857
7546
7952
1911
4579
1551
8069
6066
701
9669
1501
5070
3726
6993
9562
4891
8662
6913
465
858
8804
660
1390
651
8339
6302
9703
5799
5364
9485
5814
5836
964
7838
7825
7942
5052
6836
8487
1686
1960
5983
9096
207
2616
2986
5165
5649
8674
2115
9337
4061
2366
1006
3657
762
3542
4773
8114
7467
7281
9728
6291
5359
4311
1098
1380
6776
7178
1383
6848
4728
4084
1362
1791
6375
6646
8120
6963
2496
4294
4225
6220
3733
3487
6108
8164
7623
9753
7822
2329
1746
2513
5508
4377
6708
4673
1001
1769
5483
6394
696
5772
7646
3248
2147
1593
3078
1113
732
5644
7763
224
1741
4622
6478
9419
5192
2530
3318
8128
7716
6715
2968
2781
4227
6509
1355
3896
126
2172
5513
8043
1090
4056
8536
945
6062
5142
5412
6162
6212
2430
1002
3111
6551
4267
3106
9109
2685
8035
4563
3347
6038
3421
7161
4034
3002
8341
5369
1822
1838
1600
4808
3851
1453
5585
4534
1053
5293
4745
2267
5440
3949
8121
5981
8722
8520
5864
2770
7359
8151
3665
2491
4426
988
9650
4154
5214
4692
4605
5827
8182
2347
178
8053
7725
1567
694
3825
5324
3413
5188
8993
67
2642
4019
1000
5069
5964
7427
5984
3029
5413
2715
1387
3240
7713
5314
6049
6414
6781
4707
5219
1009
1723
5363
7205
5170
517
8064
6140
7840
9239
3393
1425
4671
7799
7065
2779
6161
6331
6984
271
3697
2800
7576
6644
1970
6440
1217
3149
1308
5796
3403
7822
5594
1556
3874
2773
536
9737
394
1515
3420
8610
4486
3751
1143
6395
7210
5590
4161
4207
2088
2338
1231
1226
7737
1201
2266
1790
4901
8713
2450
41
2353
933
989
3400
8915
519
8739
4493
3023
7311
4922
6199
9580
2077
1334
9634
2252
4829
905
3266
2744
4439
9395
4458
8629
2220
8352
3485
9493
2724
6066
6502
4914
9067
4529
7036
5569
312
4697
5791
6636
3062
4377
9760
6710
2608
8820
3728
3294
4702
7574
5937
3263
6577
8276
4828
8063
7280
4299
2629
3880
7509
969
9104
9033
1474
4603
1218
5704
1932
7077
8806
8843
2381
9692
4023
5456
4738
3413
2112
456
3439
9176
5365
3322
1948
3947
2454
4295
3234
25
8750
6680
7641
3074
246
7179
5022
2851
4245
7527
6895
6532
5092
243
807
6340
6845
9223
3210
6440
2390
9364
9717
8848
5322
546
374
2840
4045
5946
1664
5759
4620
1601
4980
5467
6732
1197
3226
5456
7038
6682
1254
8209
3425
8795
6654
641
9690
1057
6719
2384
7129
3258
2712
1784
7035
8982
5620
5535
9102
1510
1348
9192
168
2812
546
6160
138
7597
3412
7739
9763
5858
5650
5139
8312
6850
1097
8373
3668
7815
1882
8967
7606
1906
2604
7555
2925
4586
5290
7000
5755
1801
6822
4645
3894
6637
1617
8718
1217
4422
4848
3139
1286
9322
276
1590
3461
6896
9189
6852
3312
7212
2944
4957
4320
1948
6508
7027
4637
820
1077
8814
96
9041
7366
4588
7120
18
4031
9259
5137
252
6970
7051
7796
1289
4315
1169
3503
8626
4326
387
4366
6180
4220
6216
7266
9411
8377
6030
5059
2231
7875
2969
2233
3399
7671
7658
8158
2041
9357
2460
9316
365
2586
5836
8434
5502
2881
5288
6319
6431
3061
6931
6933
5465
6917
1308
6174
7044
2825
3817
903
8237
5497
4640
3178
5496
2732
3972
1137
9438
8960
5595
9709
7343
3331
933
350
142
7340
4843
7322
3881
1741
5155
1024
688
4911
1235
6529
3740
7515
4119
9387
8159
5183
9446
1376
1974
3159
6774
8455
9720
5466
2018
4485
1846
9279
3418
6007
6616
1729
2534
886
320
531
2858
9579
6386
2694
6343
7413
1554
1998
9397
3317
4940
8678
4721
1571
8155
9691
1059
2629
6310
821
8939
5752
4782
8905
8064
8417
4052
8432
3549
6430
3757
4634
5535
1413
3064
434
4826
4991
3753
2873
7558
6936
2911
8170
2150
7855
7006
4390
4345
7697
482
8707
451
311
7553
4562
4361
2720
8355
6908
479
175
747
797
2282
3445
9592
2416
9066
672
1196
5645
4741
7676
8949
6603
8217
9485
8865
9504
8912
2113
8306
4862
6501
3215
2833
2932
4156
2086
2940
5375
6022
7573
1109
7933
3070
6619
7833
9389
7352
4549
8493
437
1553
101
4271
1166
4601
8291
6898
1194
1976
442
9461
1539
5435
6627
3043
2633
6233
6324
7657
7459
7099
3534
582
1820
2523
5571
606
5482
5034
7978
1011
8287
410
5974
8579
5029
4150
476
6162
5554
4606
9260
2446
2807
2788
6790
4260
8871
6247
6944
6071
8171
1660
2759
1131
4187
2840
4053
6292
5258
1842
8044
6971
8426
388
4320
3019
3129
4237
1153
874
6643
615
8763
3817
3679
1541
749
4668
5424
5726
1001
7145
7672
568
2688
1977
3504
4864
5436
2622
504
6466
8723
3963
5178
6268
1109
7824
7668
2304
8982
3944
3178
8978
1097
4714
3585
8475
4542
8751
5426
9326
4025
4596
5343
7868
3112
2665
2549
6243
7629
7711
8909
9089
7271
6416
4396
3245
8746
7649
5802
1091
8830
9449
4022
5681
5149
8121
2699
8775
6438
8086
6667
9427
6681
2871
2241
2618
7592
571
9269
8583
4530
3617
5061
5155
1004
9183
625
6863
1830
8854
6250
8274
8640
7850
1195
2125
3157
7668
4378
3160
9714
2077
8574
9660
1065
1466
8822
3056
1122
5071
6046
9286
1990
8437
2889
4974
7741
5552
2798
3316
7013
8808
863
8294
5186
2491
5958
8207
1949
7922
2810
7487
1517
3691
9256
6
1510
7028
5842
3
5062
9533
1160
4964
2528
7673
4507
4188
8006
6584
8313
19
6727
701
6298
3616
2833
4502
2142
931
8471
9325
5510
2084
1013
5179
5442
8236
2879
8779
1924
1565
3543
8668
8126
9654
7907
6658
3976
475
4542
6480
1654
8569
4100
4345
9769
8469
9615
3409
7068
8237
6275
2056
3309
4375
537
5615
6694
508
9649
7892
711
2088
1020
6238
5584
8206
5880
7778
7121
2326
5955
6355
5218
7298
3347
3869
6647
887
2543
3940
33
7662
4930
6410
9722
4129
8163
4582
8274
7756
1737
7668
5472
3402
1297
973
5362
6318
6329
8407
3339
2064
4667
7538
2679
7673
2982
725
18
8284
1413
3958
8269
302
9792
714
8451
4768
566
8646
9384
169
1608
9627
3826
5798
4997
3855
3674
2362
4800
7504
6472
1082
1931
914
1617
5327
5231
173
4068
2306
9019
813
6201
1957
4953
4905
5623
2207
5314
5810
3126
7271
823
4036
965
6562
4727
8360
8104
8358
1887
1093
6063
8216
1775
3680
1725
9400
6091
4356
1895
5008
553
8680
8617
3286
8347
9493
7074
8669
5701
4984
5679
2914
7113
6583
2620
419
6505
2427
1297
225
4640
3411
4676
784
8067
192
2145
135
8368
7451
8887
4366
3637
7080
5153
5000
3658
6392
2719
3100
5223
1890
379
6413
439
8930
1117
892
9251
9495
1041
8432
3150
6844
2978
2342
2165
312
867
8771
7418
780
6783
7483
5322
6193
5242
8310
5139
9653
937
7996
55
2814
6691
8793
6434
1332
4457
7336
4865
2538
5114
2934
7347
2307
164
3053
3538
8474
4364
4054
9416
4988
1300
7053
9445
5972
3588
737
5796
2244
1227
1758
6533
1012
145
3583
258
4168
783
2746
1438
1248
8942
8858
4261
4572
250
349
383
9330
3375
5619
5682
9323
2252
6199
5833
3415
1603
1091
6215
3969
5427
5788
7054
3144
539
9581
2683
5502
2569
6556
2328
6267
4686
2159
3999
899
452
4103
8431
7551
7047
2178
1643
6278
7359
1427
7280
426
8199
3597
8536
2408
2359
7005
412
3133
6300
7276
1840
360
3961
1070
2546
2758
1498
5080
3652
3970
971
9014
3133
7063
6466
2315
5907
5636
4390
1710
7237
2556
4715
4765
9545
3224
6802
7995
5455
6789
1663
1762
4001
4056
6358
5766
9520
7864
2188
7143
497
2227
8504
8555
2724
414
9718
1503
8443
4069
4806
5225
6417
3895
4609
439
7655
1539
2562
3019
8204
1652
8228
1112
6343
2907
9347
7956
3481
3734
6911
2525
6697
7352
2790
9375
5149
5497
6009
7221
7271
7892
4855
7444
3620
4132
3449
3715
2241
3865
4199
7625
7195
7569
8081
6166
4940
2040
2591
3979
9367
1293
7845
2511
2711
7664
7625
2830
9205
4809
6973
1694
8984
8903
2832
9067
1257
2927
6733
8684
3746
8686
1266
2423
7344
9120
4127
4320
7303
4863
4601
273
4552
2917
7476
9578
238
5834
3467
7384
439
9155
7857
5036
609
7611
7614
8004
8835
1521
5482
9673
2560
6565
4684
5414
2135
8353
6247
1018
2501
4680
4468
5076
7983
2876
6262
5083
7142
8187
2856
4620
9662
2535
8094
2902
6490
6975
1881
2913
8220
6498
3742
3046
4354
5264
1151
6813
1565
281
6272
9476
6139
9312
5938
8496
8347
4115
7893
4626
5654
1155
1184
6044
4927
6523
2663
9141
1416
7079
7405
2175
1595
4105
3502
6644
2485
9531
3416
2857
3972
8719
5698
6455
9668
939
4060
2115
6887
7321
2399
1501
7304
9466
760
4267
7947
6387
7287
7806
5299
5515
1656
2117
2327
6572
2208
2315
9214
9387
4879
7902
5844
4102
9193
1086
1599
8243
609
4975
6158
2854
5170
9529
9497
976
2963
6455
7718
9590
3464
567
1883
1256
996
8583
2154
1432
1028
1699
5749
4682
1955
4048
5718
4833
1915
1508
670
342
3280
1538
7658
5104
1558
9017
4311
35
9442
1487
9747
6216
5976
1414
6552
6214
1916
6295
483
9616
6901
1243
590
759
954
7056
2173
8781
290
4552
3605
6711
5472
1521
486
1647
8829
5158
1596
3093
5707
7315
629
4006
9422
1646
101
8173
2940
357
9364
3504
6946
8005
7397
8642
3569
5010
7598
2423
642
8721
6369
7998
5006
1280
4495
5454
3039
7283
6877
7511
3233
9404
6976
6326
3587
9396
7298
5226
525
8692
7380
1509
7016
8418
2402
3151
8778
786
9566
9052
2687
943
3067
6002
7157
4609
7218
5711
318
3673
34
9171
3203
4675
7236
8313
113
8804
3130
6080
1270
9312
3553
8279
2298
950
479
2651
9020
541
4792
9098
8505
9057
4728
7942
4038
374
251
5354
3925
3173
6990
7402
2029
7258
1328
6347
48
1335
6072
4415
3033
6138
6147
8835
7020
4505
4371
8608
7498
228
5953
2255
6902
8487
6692
4483
8382
3282
1370
4594
2570
8269
1476
4415
8666
733
8420
2884
3950
180
3227
1131
4510
4879
3579
1279
9138
8421
3533
3349
6669
6377
7765
4167
249
795
8433
1947
251
6475
2681
4299
1592
3298
5450
3109
8846
9271
6433
8813
4817
2612
5859
2331
8183
6004
2134
145
4868
3142
8413
8620
6871
1442
8568
7779
245
9681
189
7040
9685
2509
9051
4856
40
1570
805
6479
3025
2451
3798
3043
6322
4883
2144
1834
2205
8758
2100
7955
7944
9572
6249
9040
1937
8184
9693
3094
7043
2535
2463
3131
5465
3710
3928
3692
4045
6254
6191
7721
9601
4486
659
1902
7570
230
9303
2325
3082
8510
4636
4595
6391
4031
6772
301
3643
6471
4330
5978
4504
4293
6140
6159
549
9057
8470
1146
5611
3233
6128
7485
4406
5669
3119
5066
380
6143
1208
1482
5233
3140
9172
7194
1222
9394
1032
7725
6467
6921
846
7861
4363
6069
7836
7240
1925
2767
5129
7462
9064
805
5609
2069
7056
2416
3243
8890
8133
9727
621
432
3109
98
5995
7479
1507
4881
8789
1831
4447
2241
6172
51
5678
822
6630
321
4894
5289
5332
5511
1734
7423
3856
685
4464
5912
7035
4677
2191
2127
7747
160
5241
5224
4081
9153
7873
6776
6539
5608
3387
6674
8113
1078
3182
3141
8809
9556
2052
9209
7684
5492
2446
8403
2183
3561
2455
1493
600
5880
8411
4264
1141
677
795
4591
1909
4950
423
3313
1366
1481
7427
538
4061
2443
769
8700
1773
390
5950
7442
2730
8362
3704
1976
3323
4793
2665
5002
9439
7219
8055
6996
9348
3495
5166
2835
2921
5894
8616
8395
9774
8070
779
694
6703
7032
9689
583
3976
7348
5923
3660
2466
6830
2622
3290
6536
4238
5148
5626
1252
9307
6404
1444
961
97
9149
3308
8340
5140
8727
5504
2615
5208
9726
8069
3808
7656
6510
3343
305
7746
305
4206
1017
9586
615
5912
5317
6379
9690
262
8484
1922
313
499
6280
8087
3173
8928
8292
9707
5664
597
4949
3468
3814
2306
7533
1185
2029
4799
6609
5663
6456
541
4116
828
6210
8283
1306
1211
1117
2764
6346
7532
8621
636
4238
336
5536
6735
1442
3811
6370
7528
585
8492
5593
6935
1733
4425
4945
6202
4484
2999
8905
6765
8248
1789
3958
7241
9172
4095
644
8665
5974
4643
3482
2669
9325
7139
5128
5408
3336
8778
4594
8625
35
5852
3585
1741
6887
2997
2541
9298
8944
4699
28
3451
8962
3712
2515
4840
2169
7171
8613
6571
4748
2854
9560
9665
3409
8953
5605
8994
1251
2620
2952
7932
8881
3883
5625
7590
4495
4152
7187
6422
1952
144
6519
9608
2039
4189
7523
4466
4742
316
8465
8416
5766
3837
1588
7744
1211
6845
1480
5936
7477
1972
5969
9287
9370
2250
217
3370
7508
8895
6049
9716
9539
9550
6725
4949
6843
7026
3169
8895
444
8404
3338
8768
5351
9344
6496
5960
1385
5893
249
5464
765
7813
6279
4308
8025
2393
533
292
8812
1453
5171
9522
7018
2147
2743
9627
7063
786
184
5138
2307
7569
6361
4544
2414
3216
5175
8926
3878
1621
228
3908
6387
7338
7632
109
5233
8005
714
4038
7174
1134
7998
9560
8973
6649
5175
3710
296
3270
6749
2263
3187
1155
3979
8074
641
373
472
3282
7035
234
3399
1719
9134
5380
8891
3694
3502
151
9158
3089
3152
85
2938
6298
3630
200
88
7015
8566
105
1617
4269
9427
4743
8455
6115
2694
6523
9537
5864
8162
187
4858
2279
7812
3156
5198
9270
8289
2717
9708
9244
6437
7111
7755
8447
5575
2418
564
8151
1938
9071
7249
8256
6073
787
3235
3321
9340
6562
2815
6369
6618
1925
6572
1153
3131
8055
997
1921
6483
5518
9658
1609
6799
245
6407
9276
8730
3162
1774
2980
1717
5409
6195
2236
5245
1638
5620
3208
4743
6453
9003
8321
7749
579
2334
7195
2056
18
119
4735
7154
4579
602
2133
7963
4395
5515
7698
6596
7039
6989
5789
7256
3264
442
1097
86
8517
8031
2708
3328
8459
5079
4807
900
2338
2080
8012
1853
7726
7181
5365
6993
6443
2252
4902
4693
482
5184
1347
6511
7990
6638
3692
4065
7280
6366
1859
6365
4960
8741
2317
5965
9050
8091
5665
137
2061
8881
5150
5440
8982
3812
3337
3868
769
6907
593
1568
9111
8221
2331
3068
4263
3677
7734
2717
4
9551
4187
5054
8832
7951
4384
293
5116
7552
3607
1178
5695
5045
654
1072
7996
6307
5475
426
5051
5292
3957
8603
8869
6503
2039
1923
984
3316
8054
7041
4435
9278
7709
9500
964
3964
3053
2969
3342
3437
4291
1635
2002
6526
5305
6057
4291
4243
600
3309
8540
1044
6119
4317
1192
7890
3393
5235
6461
3571
657
3922
3698
3303
5036
6951
8500
519
7376
8605
7179
2595
3795
8276
4142
7477
6107
8036
8268
3893
5643
8967
7442
2031
1203
8785
8008
8963
8880
3401
4573
4596
9304
1903
6559
8576
3871
7245
5199
5023
8838
1679
4196
3397
2256
6480
5229
4636
5538
6223
4448
4802
1709
5369
6452
8653
9755
7765
8181
6787
5310
5336
752
8005
1581
4154
1728
4313
6686
6152
2111
1265
7198
8422
5855
4527
8482
4103
1870
1122
1794
319
5657
2949
2655
1259
7586
1325
7727
1270
4221
7067
812
1394
6031
3175
1353
2686
3761
8638
5205
4931
6666
9227
463
3820
4798
5678
6211
289
4370
9163
2195
4622
8179
6573
8548
7151
7014
6855
3415
5588
7482
9693
2465
6345
9244
7553
8722
1330
5822
3524
98
4765
1900
8867
6347
9491
6107
6148
7302
8923
8283
4495
1814
4017
1565
6012
5534
378
7780
7108
2226
5058
4841
13
7061
3426
3744
3313
6756
7617
9174
5162
4005
8210
5388
6489
1492
828
6004
3570
3451
7930
3166
2817
4486
4148
1306
4148
9693
8679
8147
3633
201
6177
5941
2762
8770
9182
7484
736
5970
8286
1771
8448
4146
6772
517
729
5588
5442
6884
1072
7067
6306
9094
3021
442
2255
170
2356
1610
5649
6451
7613
6104
3864
2608
8449
7503
3334
8392
7102
6530
1618
6169
4877
4312
9120
4535
7543
8870
6664
9005
22
8702
7330
1900
2305
745
4202
5273
684
3376
5518
5014
5630
4163
8320
7301
6612
5902
1880
4553
5637
17
2757
5151
6708
5597
2539
2932
2791
518
7181
245
7965
398
4863
4643
5824
6641
753
6960
9076
2320
9467
8537
6629
579
1006
6316
9291
3314
8953
5500
875
5702
4892
5625
2661
8901
3811
4183
4730
2051
2984
9310
5964
1688
4488
8441
910
1601
6593
5853
4783
8567
7156
1483
1355
8203
3021
7631
8579
6169
2026
5426
4337
4101
7821
5605
817
9140
3364
6141
9593
95
5945
7652
1285
8317
7180
5344
540
188
7769
2271
4212
765
7892
8106
8063
4170
8981
3251
8315
6616
9610
6787
5713
5444
110
3830
2609
8202
4180
9675
1443
8619
6194
6585
2540
2901
4342
9525
9561
1782
1937
2705
1848
9754
3666
8076
5104
8893
2014
3219
3875
7227
3801
2777
7542
6581
5910
212
7727
2443
4649
3000
3602
3508
3357
5129
5431
6556
4738
2818
1556
3332
2793
2765
3713
7045
1861
9734
3091
3448
4875
5765
6850
4280
1528
9320
8218
4939
6796
9291
93
9581
4426
2359
5496
2666
7420
5445
682
7080
9009
4165
583
5068
2010
1803
6293
8628
4667
214
1379
4146
1102
4888
9438
1545
6553
1106
7387
6049
5470
6309
218
5110
2730
9099
3510
7268
7453
8882
264
6858
1590
9106
6018
3097
7377
5237
3078
1688
6573
3785
9373
4686
297
1209
1130
4784
7169
7358
7192
4591
3693
3463
2097
3876
8888
8629
6616
3911
4903
1315
1304
9569
8651
155
2141
2071
3807
4711
8593
638
4
5711
7984
1491
6409
783
599
9309
5966
9015
571
7658
5910
6936
6109
483
3906
5455
2110
5422
9114
5908
2749
7775
5009
2799
6210
3502
8403
3611
7628
992
510
3364
2593
2461
2275
2800
4330
6285
2771
1185
9150
5796
8649
8306
129
5672
7124
314
9261
6959
5009
2830
9747
6761
215
2356
888
2239
131
961
168
7942
4987
316
9518
958
8824
8016
7667
411
1351
8490
5387
7479
2636
7135
6881
6496
3007
7230
3810
7644
4511
2126
9620
8638
9236
1374
3244
3961
1903
8377
9211
2755
9227
4543
2311
1315
87
3657
4217
4894
624
7018
1365
1548
6512
4594
3806
4258
3655
9261
6381
9032
4105
4120
6212
8268
5328
3151
3758
1604
9783
6234
4141
505
8612
1757
6330
4687
6568
9673
3537
1051
7549
5892
8243
495
2428
7671
7630
2747
4401
2842
1586
6409
4537
448
2659
4938
6184
6573
6221
5442
9098
5243
7228
5981
3578
6753
9369
9053
4172
5245
3456
8326
3174
6320
673
6755
2247
1334
1941
9670
5623
4738
4532
5410
9063
7777
2421
3167
181
3141
3946
8464
3762
2388
6732
1383
2613
4780
8167
6776
3762
9174
1030
1434
2235
4994
6865
7334
4436
7441
2794
9789
8472
955
2562
7537
3026
6082
9447
422
1499
9516
1910
8845
3606
3806
5887
8138
1944
4884
6824
7090
990
4272
8138
5235
1893
9513
9677
7325
7580
3118
1902
2044
99
7478
7361
6343
7964
3586
6586
5185
5050
6039
4701
6791
3090
2421
8348
5756
5638
8320
2766
9199
8175
590
1907
1018
2521
1973
4878
588
9381
114
1910
5392
9499
6519
2650
3189
9562
5979
5406
2738
1566
9705
4584
8644
1541
5166
8321
6985
3895
3562
4799
4027
835
5794
8666
3939
157
3678
3616
4046
8904
9407
516
4288
8556
6936
5903
267
6505
4463
8302
6744
9729
6979
7555
521
6708
1536
4684
5641
4746
133
8561
4800
3544
2175
605
4512
5625
9678
8849
4296
9579
8244
4574
9232
1644
257
2139
8579
4016
8519
1822
4835
6466
6493
2791
613
1668
4234
2957
7302
8836
4043
6305
9073
3557
7989
7136
9436
8062
3210
8820
5220
6146
3744
7636
5837
2441
957
7880
7079
7516
625
1465
9310
2676
3612
2597
1016
7113
2986
3877
6632
8656
4825
7601
3606
3826
7709
56
4514
7109
8307
2256
2733
3451
334
828
6591
776
9206
3440
8503
8022
594
6579
1405
6454
3984
3243
6385
6650
4823
5768
4472
4671
4832
4043
833
9637
9203
6004
8540
1065
5660
8592
9399
4519
1195
9659
7902
8843
5343
861
1928
1009
4500
5398
1074
4433
6724
8796
4308
9590
8699
5159
3513
7527
2792
7626
1242
2551
7757
2152
5195
899
7616
4632
623
5675
8226
7850
7886
8058
5908
4481
2500
4402
9239
8958
5660
737
9759
4702
7058
2609
6036
9434
5498
1398
8211
9724
9580
2116
5659
5187
6524
8083
3605
1764
6614
4640
1317
8891
6723
9687
694
9185
7792
9367
5974
4580
3863
5831
2507
7771
1827
7351
8334
2375
1020
6722
2496
6307
1734
120
6181
152
8833
7937
8757
5394
3307
5428
1186
5014
534
7339
9005
4029
8072
6094
7446
174
8052
5394
924
6057
1892
4703
1392
5841
1387
3817
428
921
4628
2986
7105
5502
2433
6665
1228
1090
3731
4661
5544
8277
4333
1048
4966
4698
345
6797
1573
132
1294
2738
5286
6208
1814
7606
7191
4498
9312
5751
4192
2287
7300
9016
6382
62
7478
9575
8752
4931
5096
7768
8983
1458
3263
3552
9036
5130
390
8345
3649
6080
3236
1926
3079
6872
5298
6369
4807
9382
1247
5187
2132
4236
1814
5720
24
86
49
9640
1233
8588
7283
6323
7792
8062
5871
7625
1089
7096
9055
7023
4216
6197
1994
7331
8485
6636
8292
6926
1213
94
1568
3382
2335
453
5380
7363
5064
6575
123
9722
7900
5640
2292
9037
5091
7654
2585
761
858
4092
1789
3054
695
7065
927
5150
4407
514
490
9180
5082
5911
6378
8827
1612
2984
8439
128
1273
9684
9153
8195
1133
7332
792
9075
8544
7701
2356
9394
8482
9473
8567
6737
9463
9255
6506
2040
1016
5140
5975
5799
1748
2597
4403
2729
4468
6237
1042
4115
8301
3816
1850
8820
519
1295
494
5835
2095
4475
1179
9190
6561
428
8705
9642
5719
2650
3815
520
4697
6174
77
357
7941
7631
5066
2572
8158
9144
3505
5867
4842
1113
5795
940
7578
2786
1189
5605
3951
2345
2445
3906
8583
7146
4698
6437
2012
6727
80
1988
1544
5563
8278
2144
5145
1164
1338
7697
4638
4691
1123
5917
6948
1516
7752
192
5420
2734
2443
4615
6189
116
4030
5364
1295
8051
7006
5022
3660
7642
9141
3521
2306
5391
2962
5562
3326
1814
7429
5615
5773
9381
8453
5777
3834
7062
7588
5018
327
1738
606
4618
2480
5715
1625
3342
1736
9657
8131
2776
2305
7150
3188
2951
7427
4694
1070
1957
8144
6691
7455
5898
9498
1565
8508
919
239
4450
3723
9190
8146
9336
6299
2068
8982
6923
585
8975
2021
6702
5303
7701
2414
3320
1811
3486
820
2945
7006
4413
1791
3117
8253
702
7596
4587
9295
1767
9160
3389
6577
9634
7671
2579
2132
5664
8807
5970
5686
809
7840
5533
4844
2754
2235
1728
4419
8412
1200
3808
2761
7590
3496
4365
5340
6941
460
275
3478
4791
1463
2699
3297
5854
2522
1368
3379
4086
7263
8068
7769
6011
2040
8956
5230
3977
4351
8669
6629
5713
4390
1154
9478
2857
5977
5262
2022
9614
1900
3469
5758
4469
5585
1744
2734
5687
1545
9330
3158
3252
3469
5093
6539
3948
3116
7984
7285
5750
6116
8848
5520
755
6018
4010
6523
9361
5870
2633
169
6762
1048
1470
8347
3265
6614
9541
418
2078
130
847
9054
3705
6608
5187
1316
680
4232
3082
2179
648
3877
1995
6472
3381
3683
8406
4328
108
1883
7611
5847
5993
3126
4849
3522
5210
707
350
397
1448
9169
8328
5689
6639
611
8165
8975
8553
1166
4258
6697
4277
1213
2973
791
3053
3683
8783
4942
2006
4989
5144
8228
7263
2351
6840
9027
8546
3804
6652
7919
7038
7145
687
5510
6901
2996
4148
9413
9354
3993
4437
8616
7980
9008
3907
1945
6288
8464
642
2329
8325
452
5179
2473
4153
8576
4219
6590
9567
1151
4898
5866
5000
3287
4083
8634
712
51
2558
4889
5991
4561
2810
9798
8253
7058
6309
2527
3179
7410
1552
3156
3657
9060
6982
2459
4014
6419
1879
9092
1789
4782
1279
860
9069
6659
299
2904
6806
2768
6319
5435
9253
5769
9663
4244
82
1309
9679
4355
9680
4561
4488
5449
4101
7327
7708
7454
4639
6372
570
7980
1412
5733
5809
8099
8303
6281
9513
9537
4569
5112
9304
3524
7687
3053
4409
8101
2013
4702
6035
5218
4
6474
5779
5975
8901
8368
1516
1535
848
6620
7018
6828
635
2222
3994
7544
5845
9046
6428
4501
7845
2424
8700
6785
9342
1237
7980
6858
3146
4466
2763
9350
7758
5922
9045
5994
3752
6914
1121
9170
5274
2899
8855
3501
513
9004
7516
8232
2972
8871
8110
362
1747
9725
8392
2762
3298
7636
2975
1842
1241
495
1532
3255
6112
3250
7062
9713
3210
8065
126
590
5074
8421
5613
8335
4997
6360
6031
4551
9264
4344
7477
3146
3264
8561
7919
2469
7068
9552
9144
6872
4598
6138
8605
1275
8654
7959
7104
3487
4925
4737
4535
1799
5756
2950
4861
4087
5980
8948
4988
6212
793
6153
8910
1176
4218
3964
690
2631
7203
5216
5870
1230
5257
4276
8490
9305
6164
8420
8824
5296
2638
5635
2871
9315
1294
1071
6720
4056
328
2597
7089
6625
1766
1634
1805
6026
4660
7535
5067
549
2040
9723
3807
3223
1963
9145
1879
8715
6395
3663
6599
4728
7070
5697
8152
8322
9194
6087
3698
9110
7299
810
3609
1471
7562
5285
3442
1914
1357
4567
6083
5994
6349
7365
9297
4473
4747
1729
9302
7664
2382
5423
3345
1448
1638
7976
6666
1916
8443
7837
5681
7887
9188
2645
3772
4394
1640
5743
5592
716
4913
441
1305
1367
4747
363
5035
9163
5583
7751
780
379
1531
6889
2230
5711
7196
9796
4894
8870
661
354
7587
6413
522
13
1031
4047
4750
3793
7305
8825
6951
6544
6681
4917
7118
8371
1654
4437
94
7609
5697
5270
7559
71
1440
4121
326
3504
2103
9608
3633
626
5241
2200
4664
3148
9086
838
403
3083
4386
2598
2811
5850
3045
8457
6175
5802
39
6997
2648
6341
3267
9101
4614
1559
1244
9627
877
2134
9741
5134
6090
5125
2208
5900
154
5376
8728
7463
9578
8128
5601
5515
5378
6492
1131
524
1697
5524
5546
8073
7482
6109
3386
1352
7988
6844
798
9178
7853
2394
3475
1300
6957
4027
1499
9467
6692
2815
5190
1819
8359
3188
551
8253
477
1241
3526
5340
8572
3925
2532
7033
6841
5016
2291
2318
7375
2692
9255
4362
217
6292
3787
1953
8540
1480
341
8225
3186
2981
3237
2163
8598
7960
2084
5952
4572
6851
2222
103
6884
2634
4465
2020
595
9397
7068
2304
8616
9504
1344
202
9209
3149
910
2317
3140
9785
5912
3446
7085
9380
8957
799
63
7870
879
6873
5370
1138
1741
4040
7490
470
6006
1838
228
3649
8051
1808
1260
205
5419
1342
7744
8390
235
8313
4655
589
2642
4916
6567
3108
3910
6882
323
4120
2427
2302
3903
8677
6175
7586
391
6431
5682
6084
9093
9723
2060
4266
2042
8295
1817
8564
52
3495
1862
3184
3309
4912
8636
2998
5901
4915
8629
5768
1349
1820
9119
2264
496
6132
337
3010
7902
2740
3936
3
4979
6645
7117
1930
9382
1511
5634
8448
3169
6696
6794
4654
3678
8505
9458
1392
5774
7346
1221
6973
7331
7208
687
965
5191
1164
9516
4630
3075
5666
3473
4910
185
6304
2257
7776
6001
1988
112
6930
9772
8182
5603
7047
9595
8156
822
4471
2467
4705
4562
6325
7303
9439
2250
9223
1243
226
3621
5260
5847
4485
468
7554
3498
6341
4569
6951
2578
891
6077
8648
6040
6502
1665
6801
6624
9360
8323
9315
3731
3653
1469
9530
2919
3968
1485
2656
2964
9375
5660
991
2774
1547
6128
7183
848
2776
3745
6478
7766
4139
6672
6565
6671
3681
9347
8775
4352
4360
5135
5939
9749
4717
4285
3493
5667
2128
4319
3252
5687
6469
8423
272
646
8152
9077
8788
2459
3340
6254
1523
1598
3247
7432
1318
7396
7857
6554
5402
9212
3845
8889
8017
1598
1285
7700
2426
3295
6308
346
8501
2492
9208
8483
7853
8906
6031
1247
3612
4649
3882
1606
7630
5356
7816
4896
5807
953
5320
2566
4270
731
1337
3169
5332
8429
7105
7573
5899
2083
8138
6525
2533
5286
1680
5848
2377
7642
1153
5927
5792
8768
7496
6243
4812
2365
4387
1889
6748
6929
7485
8385
3846
7805
3391
9619
9319
3584
233
812
2961
853
5494
328
5096
4475
79
2232
5178
6688
4449
8690
6673
152
9055
6887
6729
3524
7579
6548
1648
9426
6645
5186
6038
7596
1415
9767
7217
3852
6471
4327
9657
905
1696
9146
7813
5450
7611
6566
5857
6200
10
6310
5670
3538
57
6271
2027
4239
225
9010
8162
4615
754
5125
7055
7988
44
146
1910
1138
5485
1996
4381
1443
4870
9217
6839
1500
557
4177
3879
574
7247
8494
9184
3678
9425
8943
7208
7111
4261
3665
6601
2698
8141
39
4675
452
6039
1772
9358
7085
9706
7220
2511
120
4773
8026
2316
1678
7927
6905
7944
2084
6652
5842
6127
906
4962
4219
3856
1092
2463
164
5361
448
7423
8169
914
9515
9267
4194
2243
3561
2625
2870
3138
3332
7448
4344
8231
1465
5427
3226
2235
3874
8010
7738
3861
8775
4608
5942
4381
1398
9011
400
7268
951
3629
29
4922
2060
1575
4780
5927
4123
6595
2766
2668
8534
2961
5822
6569
9743
6084
8126
4529
7747
9273
4935
6311
6777
4519
562
5019
2774
6873
9074
9429
122
1651
7029
2452
5764
8801
3477
5318
7303
774
5998
1068
445
6806
4826
1558
5860
6691
4988
1007
5639
1336
796
8209
3171
9492
8019
5131
5479
4802
4130
8666
7524
5651
2911
8334
6889
4223
862
4139
734
9617
3352
8767
8588
6711
8659
9024
709
4089
7051
4212
9781
6478
7109
1027
5901
8970
543
7094
7400
2746
4483
1391
896
7181
5568
5689
3181
4530
4881
6256
4758
3949
367
2138
9781
8611
1089
7758
9570
4117
9187
9706
7452
991
6242
7539
8893
8231
4541
4350
2527
5653
6463
1288
5700
78
303
3281
3658
7146
137
3319
3361
7026
7207
7307
5907
131
7572
8692
8853
9519
9032
9048
1717
2515
8847
1215
9018
7660
2067
8261
2256
8954
195
8288
6219
7286
5365
5777
7031
94
4275
9676
5508
9166
4919
755
9400
4145
1700
7324
6364
8306
3333
9015
915
5505
2774
1541
8908
1424
3875
8721
3969
8825
232
3858
5343
8325
5658
7930
7970
6489
7373
8667
5127
5203
7592
3281
4365
4360
4270
1695
4646
920
8610
1062
5118
3885
9162
7407
6794
9049
5078
7546
6229
2011
8158
2835
6019
5528
672
6404
4387
3113
6346
745
5903
9519
4427
6400
280
8718
2274
275
9564
7973
8744
4279
8216
6483
5818
7904
8166
6866
9283
9006
1582
7846
5748
8952
1709
5926
7088
3499
2557
1715
9301
758
6131
7249
4132
2037
9743
390
6119
4370
40
9428
9764
2166
543
4857
8018
6969
2840
3880
1117
6760
8570
3957
5320
4095
296
8707
4287
5561
5852
1351
6853
4804
1111
5825
2623
1327
7121
420
1659
9426
297
8050
5418
5671
2795
8922
6583
6016
3416
9796
590
1997
4139
7680
6257
9688
1058
7380
6701
5873
1425
1626
6588
8578
6568
6120
762
8948
7180
3528
5702
8806
3980
9145
1997
9156
3372
5858
2457
4877
2560
6420
7711
9650
7185
8290
7115
5572
7322
549
3564
5055
3529
1159
2128
4197
2203
9064
5237
2204
261
8986
3028
2621
2486
912
5878
1803
3095
7373
3446
3382
5025
1249
9680
8673
8934
6202
6954
1516
6422
1297
3334
364
9011
9169
7546
3869
103
143
1624
6431
1514
9140
3749
5710
48
8945
6420
8268
947
7899
3488
5272
6549
5006
4194
2376
189
9608
1185
2891
3457
4501
9384
2219
3425
1598
2135
8103
1210
8649
721
8116
9663
3956
6239
6181
9339
1236
2128
2272
7793
9136
1035
2191
992
7901
4637
3861
2376
3585
5656
4040
1374
4699
8341
8491
436
609
2777
370
8696
2528
7850
9713
4794
325
2178
4908
8564
8012
1773
9027
2572
5768
2903
17
3285
5723
2880
281
6255
2665
9296
9244
4644
7738
2616
1940
8105
8502
668
9081
1322
8976
404
1546
8636
4959
8394
639
3893
7519
145
9600
7563
3027
4880
3162
1027
4548
793
1344
6513
2472
7877
7210
7025
1279
2603
2694
5676
4783
5231
153
6498
7065
1302
7730
8895
9130
5358
1567
3497
2605
9383
6053
2682
5930
5799
7431
7874
6436
2081
9751
8296
8973
4982
92
3405
569
111
8803
9486
8342
9222
5264
3410
4665
8180
9097
3128
4826
3155
8547
1934
3344
8972
2761
8880
2917
6219
491
5771
3210
2517
3232
3369
5267
5611
146
8338
2182
5290
8020
8711
600
1605
4856
6490
8827
3117
6041
9296
3110
9352
8488
5457
2233
290
7942
6004
868
7490
3088
9567
9044
3154
4253
3505
7751
1891
3951
7545
879
746
7833
3673
2309
8809
6528
4129
5437
9638
6005
2825
3475
806
2967
8949
6622
508
2425
1312
6565
1439
7172
2919
1270
1824
6453
1686
3065
7463
4138
5293
9370
7687
9563
9225
8512
6602
1517
5067
6821
1271
1132
3644
5458
4032
5818
5543
1878
7948
3709
3196
4777
9721
4096
2743
7065
1575
6198
964
1446
1057
839
3569
4408
6487
7802
758
9765
6251
1419
8782
1378
1
3439
9608
9132
8141
3839
2060
480
7028
8210
2399
9445
159
618
4738
4046
5891
190
3569
4470
7687
7957
2711
8658
1638
1194
7061
9500
3574
4708
6193
7401
2541
5298
3868
3050
3136
2631
1475
7057
3100
5404
9797
3283
1490
3445
7510
2832
1917
1699
39
1416
6861
5181
5447
458
9075
4247
8038
3654
381
7959
4521
2796
1770
6027
644
7317
9783
4955
4334
2793
3849
791
2033
1705
8570
4862
8144
6529
8189
2476
1966
6954
2078
5697
5884
9521
9305
9280
16
6981
8144
9077
1382
4611
5981
8621
6147
2293
3212
9739
5268
5869
456
2604
3941
6535
1911
4887
8441
4385
934
683
3362
8075
5826
8680
7884
9100
4821
3568
434
6627
2001
4669
4249
6611
8066
5813
700
2626
2186
1516
2548
3376
9764
8061
2447
7889
2653
4655
8472
725
8778
3675
6786
2845
6711
3658
3874
2377
6958
9223
2516
5633
3323
2090
7124
7036
9581
7891
5303
8129
7204
9164
4797
4693
3623
2094
4781
2261
7261
1358
2211
3011
8946
3065
8777
7214
0
4519
3555
9625
4120
5255
7650
1
9763
5345
6133
3109
2255
2813
7677
1060
7836
1968
4490
1397
4278
1563
6173
3901
7166
5110
9496
3018
9483
9437
4171
6597
9283
6702
5744
2519
3869
5149
7728
1839
2118
8796
3865
6115
3645
7166
9251
1110
2968
40
3278
4461
6039
8779
7283
3838
7541
8084
9565
65
5097
5941
7633
9213
2646
2894
3414
7904
8025
7972
8922
3603
7360
3551
663
149
6671
7018
8747
1642
1430
7911
4959
5690
9743
8234
7554
8602
6681
7790
5447
3431
2413
5574
4496
353
2778
5230
5280
6355
3181
3042
9024
1810
5407
116
4456
6425
5648
7192
7328
1023
9002
6147
9311
5933
7652
9091
6209
4814
8284
4966
5025
4311
4808
5027
8487
8111
5986
917
3800
4668
4090
1258
4119
7120
8149
2244
2110
6935
7064
4214
6148
9643
6856
5044
1055
3423
2149
192
3723
6630
8171
3412
3341
2657
803
8166
7654
9351
1318
7082
9119
6079
6981
6877
9518
832
2797
7143
7587
2061
2597
1845
2960
5825
8613
8061
3231
1024
1929
8565
5415
3849
3329
8647
9092
5701
928
6962
3183
9745
1023
3095
689
2935
7406
8654
3610
5689
8560
6793
2303
8075
2151
3315
7360
3007
9396
1756
7017
7727
6050
7480
1124
3094
8974
9474
6107
8984
7560
7608
7053
6883
9128
6710
6149
9659
4622
6986
904
5680
4092
6604
1167
3675
7427
4781
8670
6952
2818
2492
1649
2567
4547
786
5475
5297
2877
848
1227
8889
3277
1855
2019
4265
4936
2770
1749
1413
348
8798
6361
5708
5768
9576
7553
613
2346
545
5843
2202
5670
3331
5159
5222
7624
1177
5864
6539
5618
5340
8986
4223
3406
2373
2892
5195
8740
1909
3694
1460
3637
2395
4730
5108
8017
4620
5309
6631
5412
5415
7620
9331
8423
4693
936
1282
5637
3369
9737
7659
6924
7884
527
8116
2225
555
4840
9644
3983
4436
7217
1626
4393
4514
6117
1332
9645
2780
414
3392
4876
5971
5901
9078
7332
428
4098
9705
3865
6694
1800
9200
4632
937
4790
8050
1088
4651
148
6875
3972
4663
2400
357
6430
252
6892
4248
6254
6232
264
1752
9749
105
9378
9222
9558
7179
1237
4369
6135
8233
1187
2228
8609
5212
8034
7474
1360
8318
7272
3701
6725
1426
4856
7588
219
7750
5209
4321
92
7966
245
38
9251
8313
9584
5128
3767
6669
5564
8227
5337
5650
900
9638
3807
8150
2990
9371
748
8502
6167
6372
4162
1541
5037
6489
9555
7666
9454
3108
5716
6469
6345
3739
8474
5583
2691
8941
9671
3214
7349
20
9401
9029
7709
4872
8604
2484
7591
1292
784
4807
182
9136
4071
4877
3966
5394
9501
9340
5128
5667
9277
3883
7362
5407
5232
1023
7587
8415
4244
4565
3830
4537
550
2102
1048
5416
9285
8892
1889
9599
4551
5907
8573
9169
9082
4926
5931
7933
6207
6582
6357
518
1671
6990
8528
5393
9291
1739
2320
2859
3974
8478
938
3025
6681
9754
6370
7674
5491
5424
61
1594
274
1553
1034
5146
4776
8383
95
7791
9385
9299
3572
5066
3879
4234
9798
8471
9290
5157
613
8487
7827
8275
5088
481
9114
8271
1454
4363
1537
6023
4835
8767
4650
3450
2904
213
9658
7262
913
4349
9181
2371
7032
5976
6276
8014
2608
1705
6111
7003
5623
168
7260
9491
7001
2581
6620
3229
8191
9229
8191
6209
4163
9027
5224
7374
1765
64
1301
2899
2171
4743
7717
1935
4412
4946
3431
6968
8863
2868
7585
9611
7483
8003
2602
4888
7103
6870
4725
8610
7664
417
981
1836
2994
4541
7447
7844
1123
2959
2574
3423
9328
5478
8556
9182
689
4728
1264
8971
4725
6879
6037
6993
2915
1039
8650
2525
5230
4427
8377
1621
7151
1780
810
6818
1185
7030
7225
1071
7023
9666
9153
5322
5509
5176
4107
8005
4042
7786
8800
7995
5523
2401
5711
7302
2204
1065
7757
3370
8526
6044
5276
9136
8108
6539
246
8096
2755
4319
6961
3959
315
7388
4327
1861
5527
8814
8171
1711
9485
4424
240
8757
4652
7802
2716
4977
4159
5282
636
8183
8977
4854
9159
3908
8918
5161
9505
7689
2685
8052
6994
2977
7763
8424
9489
2897
4924
6831
5330
2567
2727
8992
2249
3464
8062
1171
7887
5075
3881
2408
4073
9380
3208
4004
1446
5522
7663
4002
2503
9366
2074
691
1119
5139
7001
161
8645
4031
6612
5827
2818
4324
5013
4342
5169
8409
9166
3970
2534
4779
2970
258
4448
8603
3502
8314
3216
2311
7731
520
2676
4154
296
258
8749
1387
7269
713
4224
1079
175
7134
9118
2468
9446
4410
852
6079
7428
8573
5013
1370
8701
397
6706
697
8839
8053
7016
8896
932
9481
3087
8575
9771
8229
2034
2402
3419
6456
8006
3133
3912
6806
4533
3559
1548
8229
9015
6603
9388
2992
2805
3870
8165
2421
2299
5136
7052
8849
2682
4041
8560
2766
2888
5120
4818
7045
748
5978
6173
2314
288
1830
389
1624
2431
2297
5321
2809
7959
7585
2447
9208
4344
8387
8836
4439
2307
8542
8884
7801
6331
5197
822
1168
7561
2009
5673
4278
8711
5497
8406
149
3542
9058
1152
8293
935
2162
7080
2116
596
5534
8639
3833
336
3218
7625
9654
5441
1234
9406
2617
2672
3753
1118
2516
5057
1414
8888
799
1172
5544
6073
6214
4037
2455
4961
514
7410
7639
6257
787
7463
7977
5885
1227
2684
1570
9678
7592
1946
5428
5815
1160
7432
7256
2125
3645
4494
7058
1534
7447
1603
44
597
5985
3977
1714
6280
6320
2049
5415
3478
4703
4340
8300
1684
6929
2681
9697
7063
1644
2373
6041
9751
2574
1719
9342
3278
6584
253
5167
358
2305
2573
9140
5521
2315
9071
1805
8673
2740
4919
4356
6974
3974
7560
6645
3182
2709
7
7992
827
532
1849
8624
9416
1689
2219
1402
7744
3542
3319
3613
6217
2600
81
5281
5356
6044
2506
2188
5121
5632
1444
4000
5184
5889
7977
9189
4161
1773
969
8511
6193
917
9121
5106
9450
9561
8327
5672
1268
1252
5662
1358
203
9221
8936
3635
2729
8439
5271
3690
2955
2879
3217
6520
4369
460
2089
952
4413
2988
8284
4513
8730
9179
1169
1237
2821
4222
8481
2870
834
3917
8605
2350
2786
6388
6430
2106
249
9678
9256
2437
447
7281
102
1894
419
5160
7590
8393
6878
6626
4649
4596
401
8947
4116
7507
2230
5760
7227
5300
5566
8032
8398
6204
3240
3149
3827
8992
8739
1010
2695
2018
8932
1853
8734
8387
5269
6967
3177
3987
4458
9559
7257
8078
445
726
7151
3235
18
1545
2241
1220
8780
6235
5688
5730
5390
9361
7943
5333
7308
1916
498
2568
7182
3436
8517
2430
2352
1776
278
43
4993
3035
6644
2154
5426
8619
9573
6807
4765
9683
6389
1810
6984
1820
6191
5987
3685
371
2540
8287
182
5878
4955
9554
7493
1919
1226
99
6352
7180
6112
7743
3081
47
327
5464
7494
5542
6400
3631
3109
8154
6198
5194
1991
620
6889
5170
6865
538
1800
6452
6466
8610
6261
6229
8453
2533
6964
9054
442
4282
372
4350
9261
5767
9562
8464
9742
1515
4602
183
9569
7317
8072
3161
7274
3162
2653
6859
5258
439
2273
3074
6911
1334
915
544
3178
259
1786
5094
9505
5341
8941
247
9307
3465
1616
1185
1151
7149
9326
2981
5363
2405
5364
8371
3164
6295
1875
5919
4002
3850
1720
4848
5621
1565
1666
7679
3519
802
5079
4353
4745
2031
52
9757
6806
1229
2346
7439
8070
246
8077
204
4709
6269
9547
3407
6376
8069
7909
8253
1710
118
7912
2951
8100
6858
8240
4051
2937
5824
1978
4772
3815
9795
5569
2057
6633
1099
1152
3069
6706
639
5510
896
9044
3899
7262
7248
1197
8597
4626
7285
4935
9280
9632
2548
5970
9682
7220
6080
5391
6622
4744
7310
1314
7583
9652
6543
5931
3311
858
3716
4734
9285
9176
4821
229
6561
7462
699
7667
7152
4886
699
7799
1686
9192
4982
6670
8071
9763
9220
500
1614
7395
657
7496
1298
7936
2628
6373
3374
2095
7487
4297
6439
8919
704
6927
667
2843
7725
8749
2588
885
9250
6960
1124
3633
1334
6486
6197
237
6354
8423
1060
7115
1274
5771
4398
1479
1187
5207
9572
8079
1489
3052
5305
3975
9583
3151
1232
553
7074
5963
843
5203
5036
3812
2512
1869
3789
4601
4902
5618
6332
6677
6657
3346
1818
2272
5240
4118
7696
9531
3420
3261
3379
2270
1764
5736
3141
6921
4218
6110
6157
7866
1303
8425
5112
2353
1615
2135
2657
1044
6397
7484
5534
5531
7576
7768
7368
8049
1371
4873
3382
4148
6536
3527
534
7992
1053
5532
1802
7256
2865
1182
5372
3687
5142
2242
2258
499
6781
1377
1807
3168
6024
1506
2610
7102
5748
3728
7762
8706
7502
7512
4959
9471
1695
1306
3394
1362
3331
8465
8910
7210
846
7002
7264
5963
2007
7733
1952
4683
6130
4438
9349
5167
6807
1012
3237
5746
3646
6891
2458
7008
1916
688
7703
5811
1940
1960
7120
7328
80
9208
6912
5278
535
9373
1984
155
9408
2034
8309
3113
652
8486
7111
3564
6561
2702
3844
2706
7033
7790
1672
8448
4074
3555
5615
2520
8227
1108
8143
3462
1929
7055
9282
4617
6534
9260
5519
9586
8312
9582
59
7017
5741
8559
3926
5181
4575
7380
6966
4289
1145
666
7056
1224
3633
1244
5922
1863
6188
3604
2398
5040
3460
8737
8362
9567
4956
3565
9646
2843
8619
4179
8692
2524
1347
2208
1009
3045
4246
297
2944
8056
191
3207
7197
546
2013
4017
9626
7121
6938
6363
8445
8842
3774
7901
7894
1391
4661
3559
4274
6383
4710
4724
8501
3738
8628
1467
3773
481
3434
6399
656
1572
8093
2628
6247
7491
7109
5673
5411
5019
9288
7952
6229
9782
6348
7343
7982
8595
1494
8774
5985
6517
6690
5114
1431
6959
2114
4276
2192
6471
2581
6049
7822
5098
799
3148
3483
70
3619
8606
8525
564
4625
3675
1054
7897
3922
3564
5400
2286
1031
2520
808
5310
8585
144
262
9221
1562
5836
646
8376
3814
7775
7200
8524
3537
9220
5952
1889
815
1976
2529
46
8723
2913
9093
9536
3761
8251
4909
9355
4527
6731
4760
6185
1735
8193
5669
5715
3054
402
4289
9116
3755
8110
284
9043
2506
8515
3993
2313
447
4233
6486
3276
2265
2112
7510
9542
1089
1091
5519
1514
7364
1551
1623
3305
9393
3234
404
5924
61
2164
3597
4106
6295
9579
7102
9457
8319
7
9525
1724
254
3405
4178
5407
1611
5517
3850
2982
9797
8801
463
3466
68
739
1928
9147
5056
5898
8919
4615
299
8013
3806
7979
6488
5453
6216
5095
3879
6557
1159
5793
1099
413
3961
5182
2052
1430
8726
9172
2170
7148
381
3185
6685
1969
7510
5367
5940
4725
3865
9491
4175
5366
5303
5006
1509
8249
6020
1006
7865
4415
8065
7214
4656
8283
5733
613
1354
311
1557
168
8517
7885
589
5862
6448
1432
4499
9070
1403
8314
3291
6895
6633
328
5839
3034
2063
7225
2405
1662
8825
2434
7534
4803
2934
4853
7029
3355
5612
4626
1659
9652
7005
5054
8213
7438
1821
2398
8589
7849
3303
5073
2019
8581
6290
7643
4846
1655
7638
2922
2374
4382
2909
5791
817
796
4746
3796
2052
5512
7234
3068
3867
3053
461
1873
8336
6966
7596
8105
6982
3884
6255
2256
266
2213
4784
7492
9406
5939
8393
496
7440
6778
4615
2792
8037
3334
995
8563
670
4079
9081
6105
1201
8787
556
5980
2723
5627
904
6633
4867
3697
3212
4904
5047
2680
1601
4536
4087
7510
9167
3838
1537
7757
2392
5565
6535
3913
5362
8089
2083
1340
2040
6752
6100
8854
9661
4565
4725
4690
2275
9647
3973
6959
2918
8374
1226
5217
3129
6783
4466
8569
9327
4571
9538
1127
4950
2030
6799
1335
312
3172
5073
1212
1453
1672
300
9456
3202
6333
8402
9592
5542
2925
1491
30
249
9111
9241
4444
9239
5464
6010
7367
7241
5678
7672
5654
1401
5408
6077
7910
9380
4900
3760
9466
2372
7453
4584
3813
1503
3754
1781
2060
9368
6347
2669
1577
7681
2122
4063
2735
8690
8685
3781
5972
3860
7819
8222
2192
2436
3410
6687
5308
3585
1238
8631
7747
9630
1909
3281
1962
5694
5057
7350
4091
6514
3643
8502
2363
3176
8833
3385
9237
7567
3680
5439
1894
1874
336
1738
623
8777
8613
794
5106
8211
385
4669
8114
9153
4563
3804
4633
6822
1775
459
8889
769
2775
1736
4111
2348
9227
6651
9696
4336
6625
2838
7586
8630
7031
7365
1059
9568
4774
1389
7813
4785
5272
7740
3396
3887
6118
4085
7153
3276
9129
5516
45
2172
5069
9123
1210
5348
6194
9496
3549
7826
5793
1650
3070
2325
3847
2857
8687
916
6313
7843
2645
2440
6339
1251
1900
351
4822
774
8654
6983
5358
2420
3293
8685
4801
6324
2788
4301
4149
7402
7076
4941
1642
1492
4338
4830
7579
2121
8526
9386
2733
4130
3902
6162
4294
2851
7838
6088
7094
2444
1619
9208
7473
3096
1609
4993
5650
5467
709
2877
2137
1331
1527
1943
1896
9289
7176
7704
265
6318
8014
1403
8773
8294
4445
6583
441
7602
119
5892
1260
2464
2383
5146
6501
6971
2462
3761
3114
8544
8014
8637
3903
2331
626
634
3717
4812
4253
6710
4880
637
5473
4415
1052
3841
4585
7539
1526
2164
4453
1527
2484
2559
4145
5851
4597
1795
301
7618
8879
915
2675
5998
2650
3524
3267
4221
4113
5564
7515
9426
2885
4577
1636
7994
4758
8562
1283
3999
7777
7480
4885
5234
649
1105
6117
9493
8142
673
2413
5648
4864
3824
366
6097
48
321
3783
365
5207
4800
57
161
5303
8629
905
2747
3738
2500
7896
5685
5755
4968
21
1746
7054
844
1422
7389
3783
3481
6720
3930
1523
3910
4540
3423
1717
657
3565
4300
1589
8823
6592
5857
7699
4986
1501
754
9354
4242
3905
4225
6247
2198
4144
6190
5499
5726
8897
4523
3243
8151
5405
2958
6102
6034
2657
7823
4480
137
5106
1343
2097
2580
4199
2477
7488
2739
233
7403
3874
7724
7314
2229
3272
3499
2576
6605
916
653
9445
2053
4399
2513
3357
380
4091
9085
3194
6931
7751
6230
3180
5423
5297
3291
9262
7140
5911
8127
2314
1504
5773
3584
1259
288
8105
6734
3386
2118
9697
8278
1725
8831
9110
6525
2419
7834
2889
6401
5421
1941
140
185
7518
6172
8550
3421
6319
7832
1569
9571
6882
8299
8268
7102
4957
4352
3856
9015
7310
67
8853
5344
9345
2178
6537
1376
5665
2282
2226
546
9010
1565
1601
8262
5000
8690
9718
1327
9425
3271
4255
5759
826
7633
5662
1122
5821
2319
1318
5481
9164
3835
6600
6879
770
2924
4597
2238
4750
6770
6582
9526
4013
6995
5421
6141
8308
702
6987
6999
3441
7888
7193
6087
825
845
5016
327
3884
795
711
8956
557
5186
5966
2149
9504
165
8521
1428
3404
7925
4673
5323
9293
5573
5331
7330
1409
8789
6914
3901
457
7141
701
4252
6412
5032
3761
9395
923
8883
1267
7862
4552
4154
5410
4880
403
4016
6998
2140
5094
3239
8740
6827
5205
6874
649
3674
904
3228
5118
484
3007
5598
4242
5047
7722
9
7413
3854
1730
6547
5030
5904
190
1698
7291
1562
7828
6076
6663
3948
4784
8830
9019
6528
4089
782
1051
7871
1345
874
2636
443
2758
8385
6278
6731
8391
1580
6025
1289
9643
71
8255
7766
8846
8942
7575
6022
8164
1474
502
6661
9712
5882
3365
2834
6537
3348
7644
3931
2478
635
5720
214
2470
7663
8502
4678
1322
6791
1718
3474
2775
1232
2694
417
6432
318
2918
454
3991
8339
553
6111
5581
1840
8217
5288
4152
7523
9349
8286
1906
1596
5013
2344
8592
2393
2058
7225
5548
7967
3849
5275
7723
8338
8040
4516
9380
6181
9636
6285
4135
5172
5160
5412
6710
4543
2792
4758
9229
6255
7837
6127
3703
5845
9480
4321
4997
8278
2121
3282
2225
6391
6609
9646
3595
2661
3002
7764
2194
2799
4318
1661
2718
455
3297
5441
4655
1913
886
2427
7918
2302
5081
7855
8415
4188
9173
1852
126
2501
6238
3941
1099
1666
4465
1684
28
3709
2719
2973
9040
6195
8471
6889
9151
3792
123
4210
4488
3760
7875
5364
6350
5877
3637
7811
7583
2597
9570
5941
2472
1262
6495
6538
3223
4106
3302
6458
5906
3448
557
6129
4849
9510
6477
1176
8725
1773
3597
1550
784
8809
1409
2191
2143
3092
7803
6543
148
1569
6971
5723
4285
3477
2004
3955
6077
4989
6609
2548
732
9290
7707
5647
5031
5692
6006
5933
5841
3739
2863
8172
3989
6566
4489
6229
42
8127
1393
2229
8511
1817
8021
3096
4714
9393
5653
2684
8092
3393
5438
3793
4276
3269
2908
7070
5297
2160
8233
412
3450
3624
6070
5330
2587
3805
7118
5898
3749
8459
9372
3172
9405
1686
3709
5040
1860
1190
2307
9392
4303
724
7719
370
6451
2264
2981
303
5819
5895
4503
1665
3407
2561
4295
5986
2708
4710
4218
9199
4669
7268
4682
5740
749
5897
5449
5172
7301
5875
3092
2154
3871
393
6379
4644
4302
8345
4747
4195
3804
9502
7695
3031
5503
2927
1621
7168
52
5175
8671
9478
8310
2826
9059
1258
568
1403
9102
5878
366
2427
6619
6808
2658
4425
4054
2153
8900
5140
7021
4918
906
8010
5503
5869
7138
6104
6285
7557
7818
1737
242
2258
7954
7800
2038
1759
9462
3562
6409
768
6231
3500
969
5545
6593
1117
7019
8972
1455
6828
984
3086
1765
6927
2210
4862
1009
5981
1088
5700
4380
5554
3556
8373
749
737
8525
7812
9349
4299
5121
690
3044
2759
400
7724
7267
2794
4893
3225
705
4873
1529
1284
5868
1464
2209
4807
2837
1010
7282
4887
162
3204
6255
8582
2104
1023
7951
6303
5051
8600
8860
8993
8101
6021
1440
1310
1420
5003
1848
6478
8514
9793
5948
6185
8741
3814
4824
9049
6488
2774
6032
8657
8803
4673
5659
8904
8748
8738
6405
5382
308
999
6207
7114
7541
8625
7629
3262
6530
169
3351
4254
3089
6679
5879
9601
5527
6224
7320
139
5944
7558
4155
7924
1346
1434
4765
9389
7674
2685
4713
877
12
7746
6085
2860
2301
5379
4943
2372
4116
4680
3487
2412
5142
2298
3232
8241
4194
1787
7399
2246
1330
535
3433
5414
528
8062
2294
9768
557
5113
5347
4840
1939
269
2038
9186
1378
8527
4567
417
393
1892
6803
3904
350
6731
3783
4043
5290
5129
4394
4777
559
9662
7149
2873
3050
5413
6319
9198
153
7599
6684
2631
9573
9390
1807
8099
3593
9600
6955
7098
6481
6812
6527
7928
9467
5631
8189
9386
7602
3401
7994
5296
2843
400
7391
1050
2399
2842
5654
7242
6316
1786
8677
6668
9122
1885
5164
2489
3546
1482
9038
5048
7538
9449
5551
2494
8594
2288
5139
9755
5347
3776
5307
5618
2026
3830
2871
3799
833
7373
5228
8743
9098
773
7507
4364
8789
7043
1537
1361
9130
193
8537
5202
4290
1952
3624
4606
988
7037
1965
5208
2780
4185
7776
2138
1442
7159
6359
7619
2461
1236
6598
1299
1472
166
1330
6599
4228
9152
3956
4694
3245
3837
8744
6150
6400
3857
6320
4948
8118
7197
993
9114
2625
2402
9535
4293
1811
2016
4306
6571
7086
4582
4478
2567
3738
1969
8503
8542
4442
5181
7430
5065
1385
3332
1515
4893
5911
3480
7974
4749
2835
1433
3938
4547
5826
840
1874
7499
8933
591
5481
4834
6586
9595
7514
3333
9317
3558
6681
4561
8970
403
1348
8223
1537
1762
7605
7060
7673
2123
9146
8455
5929
7607
3073
4397
716
4090
4179
4284
8800
3635
6730
6023
1897
7528
5795
3511
87
7579
2146
1128
1814
5890
2682
4491
3139
7863
9255
4290
8549
4912
8849
9450
7459
8058
338
4062
5282
1726
8675
4741
7156
6215
9305
4841
2199
7156
2121
5524
3483
410
8730
5953
5252
611
7271
3718
191
134
409
969
1821
416
6825
1417
7255
6045
7437
9048
7928
3862
6282
2387
8663
8422
6240
4085
338
1660
5016
1858
7189
7311
8697
7407
8292
2111
9271
927
3893
7435
8439
2396
1015
2965
983
8421
108
5967
1772
677
8947
6191
1872
3127
4187
8718
9022
9015
5692
9397
9717
1786
3325
1389
5748
4342
8645
1036
4470
9316
6067
321
9012
1384
5954
9506
24
7406
9118
1310
5879
2995
1517
686
3688
3923
9505
1031
1223
8507
2987
2522
2547
3517
1559
5703
1076
3874
5909
7574
7819
8120
6311
9648
6516
7324
3601
6663
3422
4770
1329
9534
5809
6270
9183
8184
6793
3937
8021
9523
1934
5272
5766
2002
1620
5466
4758
7527
497
4882
3861
2377
9010
98
2707
8410
4900
4619
4626
500
7246
9130
8797
6235
2733
7448
3985
9136
9295
5195
4422
5557
6211
4972
8820
8045
324
3288
2587
718
1204
596
732
7502
4953
8329
8133
7667
3124
9423
5082
4718
3259
8654
2170
396
3315
2990
6408
6061
6982
1348
1992
1857
1501
2727
7056
7617
114
6480
997
2035
8667
7130
5035
8760
5902
3094
4916
3949
8557
398
6904
9240
2407
7566
7884
232
53
1691
4608
1638
1460
9249
5955
7632
1971
7733
5031
580
6052
7878
1540
7223
279
6736
3491
1606
7647
9616
5453
1441
8675
937
8617
3056
210
1283
5578
5202
5746
5444
1262
7968
2031
1461
6098
1562
6829
4052
1777
505
4047
7847
3965
601
1331
6304
686
4942
6202
2680
5643
9149
8571
1391
8406
2785
3369
996
46
9383
4375
5268
959
3303
6880
1366
6617
8535
7969
9062
5986
4942
48
4348
7191
8999
4621
6575
3145
1329
7358
6870
5898
7304
4025
3509
6053
1372
1463
5697
2338
5111
1230
7663
2643
4607
7548
9044
702
4051
9039
9763
2236
4431
1828
657
9009
8128
4784
5198
6141
6801
6156
3410
5361
7554
2626
5168
9092
5802
7758
425
3905
3127
7422
2932
9710
2437
879
6184
6823
9794
4592
1618
9767
7983
5827
8541
3396
68
5150
4378
8265
1695
2005
8728
5446
8656
7621
4030
198
2546
3039
6434
9212
4175
6541
2731
4173
3280
3273
9061
2343
3779
3392
3664
1248
577
2071
1155
5527
2023
3499
2399
4558
2843
4060
4298
3231
5283
6819
6018
5402
5111
4630
3409
6349
4294
4033
1751
9162
4285
3454
2135
7023
3733
5951
5320
6350
2783
1130
9338
3900
6833
6551
3543
5616
537
6613
5068
9657
5425
6223
7665
946
8670
8259
5057
5178
7460
1786
2848
6055
3757
3924
3137
2865
5865
8038
8319
8005
8194
2819
5946
1570
180
5703
4840
1459
1933
1320
5189
8859
5816
7403
2590
9564
5453
1824
8262
7342
1605
1123
8739
189
3434
8760
9527
6230
2162
4341
7323
3848
9076
2312
5873
2394
9745
7727
3490
6976
8202
8712
2909
6153
1497
3959
7147
1838
811
557
3468
3688
9329
5415
630
9765
2026
2866
1167
4409
7761
810
8273
15
4095
7802
8027
5628
4999
8685
7196
1257
2100
4078
7688
8433
9272
2325
5670
3464
172
8617
1299
9744
3794
7778
6977
2895
646
6659
9099
3914
4544
2085
1200
4542
756
1693
446
6373
4982
1156
8221
1815
8382
2413
8740
9351
1014
9765
5234
2498
6137
168
3115
7500
1025
6132
5160
7095
3077
4531
6798
4492
3831
7642
2926
939
7597
6144
8896
8202
5438
386
1345
7963
5388
8815
8647
3447
2713
9559
4228
2806
1629
5935
6129
3381
4550
5207
2484
4111
180
8001
156
6131
2936
9211
2767
4193
401
3525
6587
1050
7025
4151
5646
7507
420
3075
1104
3480
3144
2301
5150
5956
1368
8104
5360
7707
2320
230
6195
480
1700
6948
1463
5835
722
6593
8993
6965
9575
2997
3737
8373
534
8278
3628
7014
7986
7795
2598
4026
7783
202
1015
3988
9576
7368
357
7781
9437
4427
4786
4014
3100
4562
3140
7113
4767
1304
6396
6542
7401
5607
5293
6844
7361
9201
3491
3320
1371
7433
2746
1791
5277
9025
8205
250
6431
2137
189
300
8053
7463
3025
2279
1858
7966
4237
4978
6465
4616
6958
8035
3904
9574
4511
3341
3899
5600
1763
244
4332
3488
1742
6710
8286
2662
7764
8952
6409
2556
1105
2013
8048
3671
1700
2700
4155
5721
945
2991
8814
4524
7307
2221
2540
2965
3734
7971
7486
3618
7162
6826
7900
1007
5409
737
4447
64
4246
5958
4010
725
1919
400
8090
8031
5267
9692
9770
2728
1446
1240
107
3432
8698
8030
9083
7467
3607
1980
6003
8045
8573
7209
3675
211
2285
6425
3755
8296
8477
4321
8199
9084
5883
6747
6344
5203
6987
411
7995
6595
4993
5750
8352
6179
2983
8665
2578
1029
2756
5399
1514
3706
6344
8575
6769
5591
9253
5246
6815
6669
4747
9016
2274
8551
1310
2857
3613
8376
2948
4103
4599
1394
8652
1760
5253
8392
8750
9288
1287
8205
7794
9170
7798
1965
4803
1602
6672
8187
7328
491
4023
9409
8489
2058
4091
3579
5930
6289
3273
7244
9712
7457
5081
4049
6408
2238
8212
875
2396
4359
9728
6656
1229
2006
3306
3722
847
1518
3581
644
5797
3615
6490
4128
1608
1895
5265
3753
8516
8007
4590
2022
6876
6875
2334
1171
7423
8092
8798
2625
7785
4971
5143
3494
2899
2316
587
3939
5551
416
4867
414
8533
883
2081
8804
9288
2405
1272
6137
9318
7562
1545
4801
2355
474
1473
8488
2440
4451
2350
9352
2769
1828
8911
3895
7226
596
4402
1991
1776
1909
3104
500
310
6342
5359
5051
9398
864
3584
5722
368
8998
394
1057
2369
3694
239
8156
2975
861
8367
6740
9533
7031
9123
697
5688
471
2237
1880
9707
466
1475
8506
776
2798
4967
5331
3167
2109
2519
7227
3710
2932
2276
2797
3105
8113
1982
3436
74
3125
4659
8581
459
7988
8100
1637
464
9018
708
6589
2817
1572
2544
8732
1815
1323
5772
7800
6492
7560
7288
8506
3219
1042
3729
122
4526
8617
6223
2646
1
2043
8930
1804
3257
4749
1214
4953
8499
6443
1854
6864
7431
1983
4613
9218
7527
2647
6693
2564
3796
4756
8714
6240
2560
9670
2114
1302
2345
6849
8650
1605
3237
6800
5662
3155
331
5156
2443
9258
6533
6182
7192
2202
985
2355
8311
9314
1757
4529
7723
4128
6656
5738
1430
4309
1106
2404
8084
4019
1275
4880
8861
9247
5903
6504
8889
1852
1918
5858
3266
1595
1806
7545
8386
4203
2362
6540
4910
6095
7480
1688
1744
8144
7165
2593
8210
6185
1484
5539
3685
7286
4664
3555
9163
9582
8446
2938
5480
1479
6745
5165
9487
1336
808
8737
5444
7088
7405
2833
3624
9548
4831
2122
4682
4859
3043
8330
4541
2931
843
7035
6549
7912
1769
6265
9535
7199
4547
8201
3518
2811
689
9694
2248
7910
1391
4447
3207
1792
4810
294
211
6764
7115
9091
3802
2692
3421
1912
5668
6411
1560
8437
4770
2493
4790
71
6082
56
1648
1435
6686
8540
6764
3005
8439
342
8195
5971
4829
6653
865
5832
4667
6805
4404
1671
2887
2606
5855
6337
8658
4806
6599
6068
7743
4769
9536
7355
2545
9224
5340
3760
332
4331
1400
3205
2847
6933
5097
3063
4933
9214
2378
7161
8124
1416
2679
224
4564
334
1496
6647
1045
4551
3033
5610
552
3745
8744
3625
3947
3495
3306
1441
1498
4621
634
2238
373
9208
2450
8037
4028
6577
658
1762
4556
3592
8723
1448
7840
8491
6916
3031
2207
7184
9035
7015
6643
5573
660
3249
7577
6987
9327
2364
8150
3520
5348
273
3992
1574
9398
8775
8213
3713
7777
2174
2538
1354
307
6126
5160
7621
715
2707
3081
7682
4090
7088
5769
4063
3073
2710
9281
3952
4408
2026
4649
6079
2570
8693
5670
8896
1849
2810
664
6833
4064
3242
783
6515
6727
1622
6825
8679
6474
4657
3084
4050
8645
2596
7864
6443
2449
6084
8669
8343
1240
8093
3692
6968
9197
2802
7961
1681
9274
2644
911
6786
8159
8157
1734
7513
8834
6212
3254
4792
7780
8318
1157
8951
3360
6361
1732
1606
8899
7561
5777
9421
2386
6240
3836
8786
2912
5688
5167
4271
5302
1191
6622
3002
5367
8437
1209
726
4137
6508
4060
1090
4352
7076
9034
1114
4321
7034
1778
703
3828
1685
8576
870
4823
6522
7355
2410
886
2577
2381
864
4690
1433
3884
9360
8381
2153
4894
3916
7270
1759
936
9667
9723
7584
3750
4069
1826
9553
5543
1527
6781
7344
6636
3609
1380
5095
4914
8825
464
9571
4305
3681
5786
7780
6469
9167
5854
5542
5191
9035
6542
9388
1909
1597
5690
6160
4569
1395
1564
7249
3004
8954
8885
1118
154
5266
8338
998
7649
9700
5247
3264
6168
4951
4284
1183
3256
343
9027
1946
5623
8287
7330
6408
5628
3825
849
9121
580
3120
3405
9505
4814
1212
2079
5512
9398
3363
1355
6130
7529
5062
1896
967
6038
6963
8219
4971
3677
2799
8015
2029
6030
8500
1056
5492
8946
7914
3307
2020
8511
274
413
1037
8031
5863
2373
4088
4093
3497
5504
1158
919
5756
4249
7085
939
9060
4708
4503
8680
3015
5930
8794
9559
4073
1485
4384
8943
9536
8185
2756
7475
3888
3665
3429
308
1174
6496
2158
4542
7393
5247
4254
1756
7950
6002
6140
1394
1905
5807
8428
5587
5091
8041
725
7873
1867
1247
2550
3556
2575
5657
497
2345
1974
8269
7181
1399
9210
2879
6622
6862
656
6029
5249
541
9594
692
7328
328
5676
9023
7233
3731
36
6961
4396
8864
4744
9564
1628
7189
2998
8362
9486
2368
7603
6813
7909
2207
2157
7697
3293
1634
235
8985
6969
434
615
9315
1048
8145
7957
778
5740
641
7563
1222
844
5209
1547
1085
1043
2782
5693
8624
4121
6639
3277
3953
5269
1112
9707
3790
3771
1426
4588
4359
9719
4227
3666
9263
2783
2209
6874
3080
9135
2139
8440
587
8782
5323
3805
8715
2577
1607
6148
8279
148
8720
8009
7363
2156
2448
8951
3935
6054
1681
678
3616
3348
5530
5053
1786
7584
1734
4092
7679
1476
5759
3778
382
214
8443
4185
7238
6294
1991
79
5191
2857
2972
4969
8784
4247
7243
8460
64
5909
5540
8587
5829
8708
2422
3901
1828
5997
8117
7379
9770
156
7878
635
8830
9612
5517
492
6899
9085
5094
1985
1808
577
9356
3530
137
9399
1144
671
9562
3988
7962
7818
9692
3325
555
8921
3074
3229
4071
7096
2796
5116
8201
3864
1716
1434
4514
1646
5932
8407
8570
2358
4771
4654
8792
6221
163
2430
8342
5447
6228
5376
6242
1581
6258
8763
1797
4875
1519
7547
6354
6386
8072
3348
3680
4573
6927
6120
343
9570
8047
6952
829
3920
868
5725
8686
1824
4339
6326
9031
9314
3059
4391
1734
7366
8698
5207
2676
5633
6464
3033
6702
7167
5684
4326
7300
3428
6169
1098
3934
7851
8267
4053
2234
4191
6452
7390
6384
8955
8908
5815
3975
9699
9701
9339
6117
3492
4017
3977
1542
6545
6127
6073
5623
965
9149
7656
8489
5565
2321
9355
1135
6842
6232
7652
9334
6021
4986
1676
9431
233
7799
9443
742
6181
8631
829
1842
8958
1627
3679
978
8582
4166
3124
6837
2811
9281
149
6904
4763
9036
3041
6309
7030
7319
8467
3932
4866
7067
3689
2399
7390
3171
3269
1717
2604
4096
5038
6789
8262
450
7555
8935
6755
3095
5768
7674
7368
866
8320
9788
7037
5788
8282
1264
121
7814
7133
7857
2911
2849
1269
6800
1928
382
5045
8857
2388
2696
1535
5415
5715
7703
643
2728
6719
75
7855
4799
5475
2666
2266
1380
8531
1665
847
5967
3981
1354
2270
8799
8242
8233
8440
9545
4452
7450
1068
4850
4657
4090
4304
6428
6867
1265
3216
5708
7219
8178
9540
2256
7693
7767
6823
8994
387
335
2345
7824
4379
2442
4172
3841
9538
6408
3102
2584
7231
8094
8685
5523
8829
6062
6818
1558
7915
478
93
3608
461
4906
4944
9644
6121
8881
6994
7498
9465
3888
5088
7543
4625
8089
3262
5280
5899
6096
7714
537
6717
2884
9699
7582
8243
2751
3101
5009
6328
1170
8059
422
8315
2306
6385
6594
3700
899
4980
6893
3329
64
6230
849
7704
2424
4176
6898
8145
4071
1375
1114
2582
7346
7214
7183
1274
1468
6357
2452
9301
7743
3149
769
5400
298
8159
5262
3023
5076
2883
5078
6829
3750
8055
8589
5612
4445
1999
488
4607
6304
9500
474
8040
2498
7914
5434
6575
1201
3151
1166
9494
3286
7504
7373
5283
5405
778
609
2262
2306
1705
5342
9508
5244
2349
4560
2186
6433
4147
5886
5238
4926
6709
6155
7144
8387
9291
488
4444
160
2922
3752
5369
6446
3482
5826
7105
8222
3350
4120
1084
2104
2801
3763
1856
6757
1857
9575
2725
2445
8290
9698
3180
2191
3506
8684
3914
9506
8258
6041
628
1415
869
358
7155
1474
2938
789
7779
707
287
7264
5390
2364
7470
1019
1849
2829
8682
4489
5317
5764
5138
1280
6328
4983
6157
6594
6578
6771
4798
7205
9512
8044
1162
117
3373
5673
5583
86
5448
1882
9521
2946
3709
419
1139
760
2683
2847
814
597
725
4283
5580
5668
6057
8284
5201
6416
4124
5360
7475
6956
7578
8870
3609
7049
5060
5859
6645
2174
3754
4117
546
5190
9123
4624
2819
5646
7852
4729
789
1188
7622
9326
2926
1314
9167
5280
8979
6835
7509
1150
209
7804
3237
3773
5771
266
6564
8121
5123
1245
2904
1714
8639
4159
2977
4764
6017
8434
324
2466
7067
4165
7501
9437
6524
4372
3602
6036
8067
6051
3017
9133
2122
3387
2587
2674
6007
9656
5999
6242
7908
637
4345
4116
9499
2157
4508
70
9183
5203
1915
8678
1885
1481
5225
4353
939
9454
2720
7385
7470
6407
1218
9711
5969
145
1571
5795
8691
6775
9616
7795
2656
6419
7915
177
630
6865
6176
5381
3046
6808
5538
1059
8911
5609
2731
9468
1522
1864
4335
3990
8022
2193
7247
8361
3890
6797
7624
1292
7917
9065
3544
3414
4685
6872
4706
8471
4589
9599
891
2229
5991
9255
4548
9737
5019
506
1792
9621
9730
9237
8035
3131
6108
3992
2040
166
7549
5994
2177
1891
1641
938
458
5195
4866
5456
6609
1595
218
5607
7856
8155
2937
7711
3336
285
3872
1184
5972
2994
6612
4313
855
6480
5859
1637
3570
2651
1040
193
8811
175
4543
4520
2448
7574
3798
777
6616
2876
6778
1219
9648
1690
2874
7301
5959
9659
7302
2492
4077
8791
4975
9344
6620
3432
8938
4017
6843
5746
4675
6050
7637
5027
9550
7881
6964
1671
1553
7839
7597
3199
5854
7735
7488
3325
1495
7274
5747
8455
7433
8430
5329
2074
4227
3863
5762
6349
3549
6249
8358
210
2978
8185
8171
432
7205
6547
7863
4396
7936
1240
8062
6088
2106
6107
3635
2862
9799
6372
5566
6294
9212
8067
1325
9207
6218
6021
6440
5143
6265
1432
6719
4078
6445
9158
1407
6898
2397
2494
7589
4609
9388
3248
5145
392
8608
4683
6385
7073
7948
2587
3238
3964
9096
2606
3773
7121
7818
2426
6992
1924
434
6308
5947
5353
4640
5141
7290
5703
8568
5245
9772
9736
5200
8602
8841
3001
4211
8085
7578
3429
7685
1351
2732
4786
5877
2856
4940
9008
1256
9285
5729
3994
7605
2123
1175
3301
7950
9278
5248
3198
418
2917
3204
3965
1253
2363
3520
2672
4123
7697
2529
7066
1651
8159
1031
6378
3959
1757
1171
2187
1629
1173
9627
3841
8226
157
8121
7702
2987
9479
9543
5812
2123
8939
7826
1658
6534
6357
2177
3909
6688
5308
8884
3542
1336
490
4034
7571
6054
6549
3022
1854
1634
3536
6277
8221
2390
7501
6875
6450
658
190
1200
9504
6454
1194
2039
5916
5968
1430
4961
5780
6456
3931
2305
3126
451
5430
357
2054
1510
7601
7813
8890
4578
9546
8486
3712
284
9059
4064
1292
1678
3596
8462
5460
4604
7630
7559
6503
5499
889
5609
1760
8320
5932
2354
6016
1834
4985
3418
7703
6740
4142
6952
5039
369
239
7539
8507
2180
8442
5649
5164
139
7084
4406
2090
2230
5418
9232
869
2253
6668
9334
6707
1734
9484
9728
1890
9064
55
7101
378
9375
6628
4184
5834
662
8782
1998
1462
114
2758
6367
5177
1663
6548
9290
5267
2296
3384
4766
1857
2710
8167
8636
8339
2658
9443
1906
5251
5334
5647
2198
6695
5020
7569
1366
2224
5820
7013
6688
6099
2105
4262
1072
3711
6754
5315
3248
3881
2175
1433
8278
8880
3705
3794
5787
429
4290
4072
8060
1741
3990
3116
6882
9315
7705
7900
827
1194
7746
6986
7408
1755
6248
4321
9095
7964
2542
7419
2441
9372
9479
9669
4643
6378
6228
2414
1353
3231
9741
401
5148
8799
1267
7643
1610
6300
9710
385
3431
9462
5996
6757
974
9469
8170
333
3590
1852
4644
6178
2792
7397
6840
3321
4533
8783
8490
8296
2265
1366
488
7564
4283
6118
4411
2289
6031
144
7486
5799
5970
1088
6390
4989
4646
5802
2600
7365
1904
5616
3181
604
3578
5361
6
6125
4081
9433
8065
3176
7936
4153
1336
7429
9133
6920
4478
7434
3957
5988
2707
7455
5368
236
1031
3432
6915
1579
7449
275
3322
4890
6352
3825
2790
9574
4175
6620
4917
9621
7138
1536
6682
508
6602
5391
1436
1276
1206
8323
1518
474
6567
3384
6779
8280
7538
434
663
2119
7292
246
5510
21
1878
4999
8671
8939
6175
6359
1904
952
7473
3706
5851
2939
9528
1033
8963
2858
2586
1837
4159
1448
9358
8469
7029
9783
7452
1122
93
8497
8221
5153
4523
8762
4394
2164
2302
7485
3015
1561
433
8180
5386
8235
7291
1445
7289
3715
8867
7638
6692
46
6362
1332
4854
2801
1246
5729
5296
4600
8054
4285
1062
9113
4147
5048
8872
1050
8046
6560
1889
9763
2393
5032
647
95
823
8528
6318
5712
4306
5034
618
8538
9604
1219
8458
4662
705
1094
3779
8551
7848
3484
2427
5438
8937
3268
1310
3430
41
3523
6301
3188
7834
3306
7324
3337
1211
7646
3818
1066
8478
214
2356
8234
3152
6708
7913
2310
9730
9094
8696
7196
4534
4378
5487
9703
5846
7953
888
2540
8342
4723
8370
5679
6335
3719
8679
4190
3942
6466
9263
4320
7254
9524
7971
3107
9064
1347
5757
3219
8175
7843
1944
5124
2697
3405
8683
9259
7174
8542
6477
5538
3924
5589
1475
2568
8401
1097
2104
3002
1012
6943
8085
9281
6244
7252
5897
8193
2609
5861
7986
9376
7410
761
6555
4102
198
8823
8688
6861
200
8708
5201
4566
1869
4093
3467
5446
7934
2015
1047
5234
6272
1747
7800
1993
7411
9045
942
7468
3593
872
4573
2187
3037
393
2407
510
1373
5662
5953
882
6494
1536
7283
4535
8186
2748
9405
1181
111
7177
7024
7677
8236
4659
7196
7909
330
2826
4177
2132
7913
8633
4617
4017
2258
4972
4691
6687
5027
8415
8294
6200
265
7909
2227
2878
7476
988
5026
3853
2710
871
1856
8013
3014
6179
5547
7935
4756
8635
3920
627
509
389
3201
8141
5381
3107
4400
2824
652
2767
3340
9366
8378
7086
9475
7372
443
4137
2015
2390
3980
8192
6770
4104
3121
8329
8903
1288
2314
4816
2744
3476
6174
6831
4997
6614
6610
3445
8080
72
6778
4892
4612
6088
6396
6550
8094
177
4734
4462
1564
4345
9172
5117
5635
9203
9436
6041
7122
3803
82
6159
1899
4717
3314
857
6259
6651
4882
3639
2436
3885
9030
8623
3133
3992
4311
9490
4169
1666
8033
1048
2929
9236
7135
6605
9180
1490
6476
2416
1017
7849
7278
2619
4492
733
5865
9473
2868
3126
2608
7511
4236
9563
5552
2937
6888
8234
8093
4305
5212
930
8049
4705
2458
2585
7710
6313
6792
6151
1654
1058
7352
3280
8631
3604
2316
9469
5526
4715
3930
1439
3084
5860
4262
7448
7470
7661
8332
5537
125
9201
3764
75
1543
2873
8617
9542
6304
998
1470
6199
8081
1845
6947
7257
4903
2931
3111
8663
7571
8692
3185
2945
2203
7162
0
1390
7520
9218
3447
4350
9174
7366
1763
1073
3550
2291
1485
781
921
6786
5236
449
5239
6298
8860
8100
4831
5431
6246
1363
8173
9606
3330
9559
6338
9344
4482
662
1055
5811
3384
7788
488
5001
5857
4450
3860
8467
9097
3465
2513
3518
9444
2186
4449
2375
2752
1951
5954
2649
3081
1257
88
1875
7540
4893
4048
6048
3448
3815
677
8972
2955
2631
4920
3971
1823
1673
26
407
6948
5624
4104
6941
5597
8549
5546
4736
490
8295
8943
5521
4025
9019
8514
291
8086
2780
128
6924
9053
7211
7458
2963
9525
8153
1915
8598
3696
2759
2289
7199
2360
7276
304
559
3025
5771
6
6090
9452
1707
3006
2580
6714
3531
2172
8058
9130
9047
7090
7536
1268
3682
5852
9640
3733
9177
2720
4681
3489
440
5561
2579
7974
6500
7242
9313
893
4710
8758
1344
2429
8473
1283
9496
9619
2723
1835
8302
1532
615
4205
6946
7252
5990
8614
4103
2986
5831
8700
3810
3186
6473
7872
6839
2764
8499
4272
9752
7647
7482
3604
4914
2030
8404
5606
2753
6451
1936
6646
4628
2115
2824
9704
2539
7234
3415
994
5215
7710
5660
5218
8638
5875
3763
1648
5126
3042
4967
199
1838
750
9447
5819
765
5572
287
1174
1902
19
2995
7221
520
8604
3852
9315
450
8960
2823
1600
2235
976
1875
9463
3639
2112
9268
7804
6442
5637
358
6448
943
3945
1486
4285
285
8666
816
4920
4724
2115
9235
6855
9790
9775
3817
3659
1307
7897
2514
7863
7162
814
4353
1472
4244
3214
4060
9565
8582
2605
8595
6311
8148
7305
4433
2510
5198
6024
3891
8473
5940
7023
8867
1161
2530
5278
5386
4192
3120
4157
3664
8102
6565
7924
1019
2992
9544
7729
2825
1642
6816
5411
9761
7512
3456
9125
1966
7812
2950
6706
4231
4273
5881
7079
2831
6060
5438
8382
9559
8442
6867
4545
5319
8980
6404
7932
3256
8959
9465
6592
4051
6554
4275
1184
7251
2316
2347
7174
6919
5030
3087
6645
4538
1935
4392
4862
2245
9186
6051
5085
4663
8960
7450
4413
8238
3390
4104
544
8676
4717
8123
4931
9617
1147
8056
9655
8184
5654
9455
1545
9403
5130
1380
1229
9325
4511
3821
7060
2497
8400
3474
9474
9781
7314
8634
8733
5497
669
9329
8504
883
2395
1026
7632
5936
2420
9242
9721
8762
9025
4289
9424
2954
4780
5054
2231
6876
3395
4773
2036
4513
9590
345
8995
6921
6702
2757
5538
4181
9181
8227
1969
6712
9204
1573
8624
5365
175
2769
8694
3068
1072
5579
1501
1892
2755
7168
4486
5220
3794
7205
5684
52
3854
8168
4083
9562
1514
1416
5861
2458
4587
8416
7387
7545
4101
8410
7916
8632
4688
2632
4257
8299
5798
1873
2196
7335
1605
8459
5360
9499
7457
8001
9256
4275
3197
1462
5100
7347
9776
1337
6156
6652
7292
647
4730
1731
3407
835
3101
5013
5274
3620
7062
6996
2384
8499
9614
5080
5652
3429
7391
5161
4576
4121
3365
191
1316
6438
6260
3228
751
640
8254
797
901
802
7197
7180
1312
7629
3532
9083
5582
3318
4163
8570
3549
5394
2965
6432
6364
6816
8145
7125
7625
7774
8710
9716
8998
2850
7209
1736
8160
572
1530
14
3491
8734
1998
7957
131
7212
794
480
1231
7820
6852
8601
3603
2836
799
9748
8540
5621
578
8104
1607
6553
373
4160
7159
7343
4845
4280
6054
9132
8917
1884
3443
8460
2429
9490
3490
4734
2016
5779
4198
2286
4617
2650
509
9517
5553
529
4948
3286
5803
6454
5
252
7694
7808
7990
4575
3744
8317
8321
6902
5472
4467
4469
4044
6804
373
8581
6142
7520
4469
8375
6311
2002
1337
9240
2819
1131
3345
5287
7295
2385
2767
2541
9448
1339
7605
7750
728
6047
4429
3876
4217
2008
1112
800
4635
54
7466
7660
5978
415
9480
2330
3896
7745
399
5726
8508
3394
4131
6929
4294
5240
1488
9600
5271
485
2386
6815
8142
895
3414
3363
3682
5786
7118
9259
6362
3616
3796
5847
2196
7834
2895
9415
8162
5919
8358
4860
7550
6373
8716
1213
722
5753
4912
5304
2997
6424
8150
6927
6637
8986
912
2453
54
889
5432
6998
2259
3729
7021
3041
2643
7959
1449
778
8480
3960
7086
9051
7555
3930
4336
8039
7461
7425
2905
5779
2415
5784
2146
8875
2240
4394
3878
1468
7050
2164
8801
7620
6977
6014
6558
5072
2802
5289
1760
9062
6559
1520
6068
448
1180
4622
338
4712
7734
3430
150
6819
5311
4794
9697
7307
4700
7011
7872
9225
2529
1928
8801
1201
3004
6481
2884
110
989
1544
2925
4193
356
2607
6315
4392
2161
6081
4587
7443
4508
8201
485
5681
1360
5193
8898
7596
6244
7215
1095
2290
9695
9410
7397
6245
573
667
427
2565
1379
3884
2663
7801
8708
2992
6411
4940
8003
5455
4961
6945
1496
8642
6860
1220
424
9423
8773
9489
7673
1201
2958
9245
9701
7830
292
9113
2268
8202
1724
9575
3340
9529
7384
8032
8400
2495
313
6061
2067
8000
650
9523
587
879
582
2833
5042
8539
7515
2880
9767
3295
5641
1392
6010
1691
2649
6131
622
2787
1013
5758
7749
2650
3429
7681
452
5967
8743
483
767
4179
8980
1963
846
5151
9016
5386
643
3928
2200
4782
3295
7888
4086
2854
5621
7113
6151
816
6138
4951
7434
9699
6306
3589
7999
3556
5615
3333
2484
2028
6749
9349
8145
8558
2701
4871
6699
45
8339
858
2930
4791
8039
265
6744
757
9137
9139
5953
8519
9051
2475
3088
5927
8738
1981
8988
9603
5582
3011
7080
7641
6794
5134
8353
908
1568
8666
3995
7279
7972
4204
6076
1248
6303
2765
7815
7129
5634
327
1761
8681
3734
4599
5572
7958
2934
716
5430
2791
7829
8430
6762
5808
7133
3062
4972
1586
4989
2606
1182
2094
270
1001
3903
2675
4125
5386
4288
2929
8766
2691
1084
2982
4553
7451
3975
6565
1654
3889
1678
930
7608
3486
1992
2418
2762
4405
2251
9125
7139
4942
8189
4514
2886
5599
5799
6771
5630
8978
3776
4335
4768
6273
2898
8045
4307
7213
3797
2174
6877
6455
8311
4789
4920
6981
7826
4688
5047
4715
9539
8987
8032
7846
4357
1209
4900
6218
788
3211
9567
4118
2652
9326
2777
1653
4364
7040
208
8270
4448
6390
6887
2517
8875
8972
3530
1961
8309
4184
3304
8888
889
742
9451
4463
3670
612
8277
7798
9451
2477
9528
1285
6318
5870
3360
8350
1973
1914
5208
3006
2198
8531
3155
1639
7071
7270
8555
341
1873
1701
4089
2952
7796
82
3703
8043
7951
592
2452
6341
7560
3375
3795
4452
2915
7898
9494
5999
9130
4678
9644
8026
6146
8057
4913
9700
2211
4976
5202
6018
11
7598
6591
133
1265
1722
704
460
3197
2417
55
2435
6402
3654
59
8136
5239
4802
121
235
230
6718
4764
2189
1998
1732
9251
3098
103
1913
4895
5804
9028
8863
9448
4970
4971
3632
888
4385
8082
6750
4727
7856
6421
5064
2609
8392
6128
7064
7626
9029
8301
2615
9233
8602
2203
4138
335
2254
6546
4615
526
7976
4405
3964
6569
9677
3637
6863
7601
2969
1951
1892
8245
2088
6029
2982
1129
1479
3363
3152
2836
328
1883
5488
7834
9155
8549
1967
6145
724
8258
6914
1832
9453
5947
4058
208
1589
8512
2055
9500
2108
5219
740
9258
2766
1064
4802
1524
7784
4416
5010
3818
3389
9610
9565
1518
8096
922
3040
9790
2925
826
3953
4912
6705
5512
1596
1657
6564
8363
9682
8440
6067
4981
6510
1476
5706
6698
6608
6512
6301
6358
5679
6204
9296
2992
7719
6403
304
1292
2809
7661
7540
9202
2670
5896
3260
1584
149
2545
8705
7275
4347
9578
7718
6226
7623
5188
5198
453
4781
3673
5577
2982
3730
3012
5458
271
1249
7457
6046
9002
8779
5997
9557
1264
9639
8939
6426
5270
4735
1471
414
5104
1841
8766
9501
8847
2868
5231
4439
9721
966
484
9418
2093
3381
4624
2725
7738
2620
3222
3714
3125
7974
7093
2753
5910
8586
7851
9658
2881
7896
127
8859
87
3791
3605
856
2481
7819
7245
860
6563
8060
1983
3844
5534
5813
6864
2587
7478
70
188
3924
9469
5661
9043
1086
6541
9154
3426
9658
4379
6013
4721
3952
1958
9326
6173
2417
6954
91
4556
6732
7881
4559
1478
8547
4094
7551
1210
569
9706
8784
9523
1722
2710
1873
8537
7353
388
8498
1998
2844
2626
9630
9698
3438
8848
6630
6725
7017
5678
6354
1106
9367
1287
113
8655
4894
720
201
270
5193
7291
4361
5145
164
6149
6438
5844
8385
4708
544
1677
7263
9797
7455
192
174
2500
2381
5701
9265
4214
7878
100
4820
766
1774
855
5887
5256
8169
72
7920
9646
5293
277
3464
7395
6322
2275
3357
5265
4631
7519
871
3412
438
4494
469
1551
4543
3009
8090
340
9380
6392
6237
7189
5994
3157
9140
304
5021
9114
1785
815
5726
7992
4475
8899
260
2253
5940
1191
3670
8445
8821
2533
7876
7859
7306
4181
7468
4711
7280
1010
606
5717
5938
3553
7747
5283
1832
5555
6691
4651
9444
497
1520
4204
9359
2895
2251
1871
2105
2379
8751
5630
1995
7196
2962
700
9396
4850
5014
3241
6330
6097
6139
5942
2366
4182
4038
6523
3034
3720
4982
3774
5337
6933
2440
2706
1961
8102
9558
8095
6060
6685
2740
162
5408
8157
2233
2830
487
5982
6819
8452
4323
1948
4685
1259
9780
6878
76
9620
6632
1247
8034
655
8689
4267
5172
6534
3578
8019
7907
4461
3346
3580
665
3017
6615
4916
4560
482
3496
8184
613
8505
8224
5434
6209
7515
2554
7904
63
9464
5814
4302
3547
667
8012
6037
2514
9509
2621
6777
6358
2737
7319
6849
2583
454
5783
2860
917
6607
8819
5276
8681
7671
5034
2826
8235
1484
138
380
2475
8050
6168
7466
3728
3469
3339
7765
280
8932
6506
9402
1375
1771
5100
6831
9748
7558
2711
3183
4021
7393
5278
7319
6106
4874
2089
1674
3219
455
332
4687
932
8370
1771
6758
7831
3446
880
8441
4813
5747
1273
332
788
1033
2617
9756
5447
5398
1887
6965
6326
4339
7518
4625
3532
2207
6757
4679
4229
500
2507
3561
3487
5490
7803
507
8472
8853
6039
7271
7217
32
8877
3283
8579
1871
844
1421
5651
81
4499
2517
1674
1451
6989
7170
1841
2278
3303
1261
4650
133
3751
1055
6821
1927
3408
3276
9312
5532
759
5276
2676
3522
8486
8000
1592
6486
7241
3806
6047
3168
8554
719
1098
9475
1480
7290
1062
1873
4397
8574
3031
4317
9379
6585
193
7406
4442
6132
5209
2854
1580
69
7312
7147
7494
2628
8299
1512
1607
7150
5078
4267
2204
5704
4550
4059
6869
7688
1876
6737
2917
4345
8746
3854
9647
146
2074
4244
5543
4310
1572
1482
8948
4091
4876
3107
9003
5325
6303
7529
1730
853
1180
3036
7521
259
532
724
5506
1246
7909
8111
1692
7098
6271
154
640
1448
9365
9765
7028
8675
6748
1546
9730
2708
1378
8854
1312
3719
9011
6112
9021
2552
570
2968
7276
2871
4112
1499
8717
5324
5997
2114
6133
6209
4850
9065
5886
8370
3195
5281
2743
9199
2467
4275
2355
2817
7599
2867
2475
7691
7440
3438
8230
9453
4913
308
898
9384
2390
1280
146
5863
5050
5792
4268
8997
6444
4037
6074
573
5674
6661
8484
627
7912
1881
4537
7967
2367
3553
6245
6680
2478
6618
812
1737
7439
9122
5669
4647
4320
9054
1466
4735
4777
721
1332
348
8603
5991
2991
3766
8397
7977
5238
9312
9336
6943
674
4494
9455
6795
3011
6594
1414
3600
1732
7945
231
3821
6964
5556
4028
3254
2713
3037
6238
3691
8847
7905
1231
4349
8591
5832
1104
926
6602
2950
2831
9389
5540
5828
2781
9238
9551
2035
1844
5273
5467
8736
361
2491
4874
1847
9303
4491
7148
3051
6591
7424
7777
5291
6109
1001
24
5287
9071
7222
8756
1683
729
1929
6737
4571
1756
70
531
5443
3909
8861
9493
6235
6877
1601
7297
9321
3272
7984
5902
4597
3875
5200
4606
8972
3848
8602
5993
4723
8403
1698
7991
9367
6368
8140
4484
7465
258
3970
6678
6752
1437
1589
9671
2122
3503
9012
7915
8515
5295
2943
2954
121
6449
2327
8527
9104
8793
952
8522
4524
9004
7730
3105
1176
1455
5529
4543
9295
2893
4251
4538
3324
8169
1527
9323
5503
5896
2926
7077
3971
439
8840
8349
1109
1472
7150
3435
9606
9633
2073
3743
78
6782
9753
8053
8379
6826
6310
6183
2807
6917
3764
7468
6405
1724
1897
467
377
9370
4904
5652
7756
7377
3248
7975
654
7784
1579
1615
5191
6938
6742
1062
4773
9165
6250
566
4056
5268
9635
8990
3560
1247
9020
1207
7177
1321
99
4291
2425
2799
9318
2824
6771
4918
7607
6289
8515
1696
2858
6473
30
9192
6733
4564
6384
4168
2952
8983
5275
3049
5874
7942
4633
9316
758
3951
4309
4473
2702
6727
6263
6928
6536
672
5622
1913
3364
6850
85
6976
7913
4968
9427
2099
63
6196
4783
6894
9061
4078
2483
7669
2175
893
2377
3395
8786
6317
5983
8454
8688
2487
7562
996
2284
5718
1067
7396
9224
7044
3261
149
1459
6282
392
2456
1480
530
8536
195
2692
6320
5204
4998
7269
2508
4622
2939
8772
7930
692
6056
2338
2159
8209
6395
5910
6655
9770
7691
8876
5156
4510
2846
3000
3786
8757
9662
8595
5344
2542
9430
7103
5870
4336
70
763
644
1765
5211
2218
1265
426
6185
9071
873
1926
5304
5174
4149
4119
585
987
6282
1206
9163
6335
8350
8950
7672
5368
4253
1120
250
5403
2586
7315
4179
4408
7690
7956
7392
3789
2504
1546
289
8006
78
1447
5599
8551
5501
3652
5729
334
8265
3873
514
451
431
2216
4524
9007
1929
1720
516
9593
2910
7153
4866
6532
4074
4673
2812
332
8650
3231
3090
3877
9334
2830
1107
3843
4550
4328
6490
6547
1497
3240
5029
3099
4494
4286
250
8990
1216
4181
1223
3811
8799
1087
5041
4935
8252
9622
1026
519
122
5768
8408
7675
2839
9670
207
4252
8625
4526
9137
5229
8665
5055
3403
4199
5528
4232
507
9584
7449
5893
5893
2099
9176
4307
8449
614
4923
4210
4071
4025
824
4980
6751
6332
7622
3384
1324
1825
3851
3693
7274
3908
5189
8277
4656
2429
3269
5903
5700
3841
4928
6641
8404
3416
7551
5655
352
738
1387
4916
23
6254
3466
5346
6123
8073
2059
5139
295
2111
3019
4830
2959
7572
5479
9797
9317
4972
3367
2249
455
6143
1378
3008
8839
211
6790
8110
1759
8503
7785
9084
4257
5049
4719
9461
583
7377
6847
9799
2045
6853
535
8871
6787
1108
6861
5960
5749
3924
880
2981
0
6766
6186
7835
874
5326
3159
1436
5052
8068
9708
3777
5664
5320
1132
1919
1953
3677
1433
293
3684
3272
2917
1947
1354
5001
3734
6225
8693
996
9074
5784
7241
8354
1133
9216
8307
923
4876
3527
1790
6782
3663
7101
6045
3516
6539
4592
6026
9490
1156
1209
5827
7513
228
5914
1997
9675
1612
7010
6769
2869
345
8473
2820
6137
405
9712
4203
7985
3358
5278
5690
9435
3612
5836
2780
6271
8827
3064
3033
3836
435
6307
2323
8578
3500
8927
8532
3595
404
6150
3788
438
4973
1354
2650
8977
642
8510
4270
9387
1057
2776
614
9699
1784
8327
291
7506
3141
1353
5216
2432
8591
3009
899
9372
4602
5335
3285
5394
3843
2131
7052
5494
6942
5247
929
3920
3711
6637
4277
6515
1842
3060
1124
3928
1238
513
692
6131
5632
7247
6186
4762
787
4623
2200
6290
9318
2564
5349
5119
3023
8041
6461
5314
2024
6771
1920
4072
7442
3871
3990
6563
5182
3059
1438
2263
3818
4029
1260
8551
2360
570
727
8255
3932
767
7287
4789
1941
708
8876
4343
5469
1423
9036
8577
9338
5603
2229
9210
5465
1351
7749
4300
2346
1683
6487
2602
5912
9135
3614
6810
4984
9741
6504
9761
7659
4376
8143
3638
2641
5873
688
5453
4232
2970
3824
8169
5135
4130
619
3816
6791
9013
8402
5865
119
1044
3891
4569
1217
6519
3469
6403
6155
5628
3384
1867
6749
3933
7201
5738
5625
701
2844
5609
4467
6607
1942
6496
8876
6016
4804
8546
3689
6464
6558
4102
7702
2369
9380
7261
5812
816
5803
4768
3061
9636
4960
3994
2882
6931
289
6520
9440
878
542
4430
6195
2076
4059
7364
6473
5576
883
3573
3942
9241
7482
6918
3953
9117
9705
1329
1882
4243
2987
5616
6797
5986
6223
5757
7244
8306
2679
2462
2766
4934
1206
2248
4680
3766
4606
4426
2168
2682
4711
1011
4555
2570
5354
9403
7511
7514
4829
9313
9752
9202
5238
3941
9556
1672
3337
1743
1467
1942
9536
4711
9460
4006
6430
6458
5522
2213
5324
6467
9358
4578
8878
2788
1714
629
6365
1461
9329
8018
6427
8674
7956
4870
1757
9651
3332
8708
4134
1322
1265
6792
2555
1004
797
3591
8721
7321
1589
4178
9461
4042
9440
4726
6754
3826
8727
9442
7256
597
4671
7831
1015
511
5853
3892
2082
822
8793
6381
6040
2263
5206
2993
7775
3302
3400
8682
3305
7182
6367
9668
4141
7066
1570
220
8965
8032
4471
726
7543
3623
3839
6572
5562
5423
1325
5823
6426
9614
2448
6015
1109
5509
8465
1618
1291
861
4534
6592
6161
2472
5356
3066
9238
3177
5861
4258
7413
3510
6520
2053
1787
9660
3140
6087
1775
674
5032
4805
1703
6572
1492
9195
8491
7109
5299
7230
1064
9143
3485
288
568
1011
93
4494
2991
4508
8086
2252
3084
3257
218
6660
8312
7771
121
4715
3822
8695
4172
6782
800
7362
7962
905
7198
8205
3198
3343
4822
8079
5212
3161
2619
353
9425
5900
1291
6337
4970
8353
5371
7903
3735
6001
2989
3160
6600
3246
27
7535
5200
6519
5732
4180
9406
434
5889
1092
8689
5751
257
1935
2482
7274
2397
9507
8390
3183
4012
897
1945
1208
1049
4454
8528
6853
8883
9128
4032
5476
6648
8973
4764
5200
7347
5422
485
6781
2151
260
5790
6984
105
9039
5076
162
5600
570
6087
1008
632
3642
6622
9414
5950
4446
3537
4648
4384
6423
909
86
3114
666
5173
4108
6651
5314
3099
1057
2054
6253
7316
2897
5416
1460
5046
1859
9026
7466
5848
9465
8912
1129
3897
9594
6540
8989
776
8979
5172
3150
4236
4098
1021
6671
1768
2955
704
5640
4653
9131
6100
3819
8047
7326
5955
7396
938
5700
705
2450
21
6957
68
7147
5033
8166
2259
5433
6963
3430
6388
8086
3390
2990
3366
3775
9379
2711
4037
5821
1650
7739
4775
1431
4419
8625
1076
4598
8921
4438
8958
3070
8361
3775
153
4259
8609
3818
4216
3873
8057
3232
1716
2421
5687
9460
3802
4603
8456
6828
968
3782
4226
3109
7688
7362
6479
725
6414
1444
4607
9691
6499
9298
6372
3606
2405
3884
2437
8749
5064
4967
9407
8086
6824
9343
3935
9283
2975
4584
6386
842
1718
2436
3515
7151
5901
1877
1042
2154
3358
2001
3134
7946
7055
3617
1487
9006
6126
3423
3390
1836
353
2485
2864
3548
183
493
9301
1789
7690
3586
5337
247
6265
1213
5621
8643
6770
2834
1174
8883
6279
1468
6080
9150
8602
157
492
2787
6906
1368
543
5578
1157
3452
2093
3176
4710
9177
1766
4138
4016
3562
4589
4815
391
1319
7389
6738
8557
3875
4727
3847
6691
173
7139
1833
2773
4308
9283
8411
3315
3955
1849
8955
7202
9075
4371
608
8132
7517
3067
719
536
6742
6919
7856
9325
6376
5806
7377
7158
4461
669
5031
9420
7895
7174
9490
2473
295
6695
9764
3403
3717
6587
5105
5714
4201
5868
6477
6234
2807
8744
8220
3469
681
8388
6334
4403
2225
8588
6589
4191
8890
6447
8864
9784
4836
963
7698
4420
9260
2705
3872
6548
9406
9045
3767
7259
260
8753
5110
4503
862
2321
5189
3115
9385
8522
3934
5420
7205
2983
2010
3207
5483
6665
1628
3484
4207
2592
8057
8821
4067
3468
8750
7151
3860
7279
5379
881
9614
5614
2286
1409
3062
2194
3222
2017
5218
3054
4479
7310
661
4380
9731
5011
1025
2626
2836
5443
1267
8473
9239
7777
4601
8850
6967
959
4837
6060
7794
4708
3796
5775
3121
8634
6975
6658
6495
1872
8721
9308
8850
3712
4597
6793
3764
7353
7701
9195
5829
9147
8779
1142
3536
8239
6551
6509
8440
7425
3424
2790
4709
9607
2388
5306
3486
3026
4302
5115
4947
8804
1715
2893
4477
4624
2706
8746
4288
7471
4782
9302
8888
3374
7962
8051
3678
2649
7006
9458
7587
8195
3797
6172
68
3721
8477
4684
4495
1389
3020
2373
2173
2222
1618
3631
6585
2023
8703
2581
1049
6553
2300
6302
5875
6894
427
6186
6852
8214
266
1328
4339
4083
854
6326
7132
352
1607
5842
825
5383
7318
8098
1046
8561
2032
1492
4058
1720
5082
3620
6846
3356
3257
8697
3804
5243
7061
4066
7524
9687
9755
9129
1225
2532
818
727
2774
7931
6768
7323
5316
3355
7348
7505
4735
8057
2538
1618
9078
9335
8511
4559
8592
8037
9592
2384
114
6734
430
8579
1653
9688
6438
8218
2646
4342
2551
765
6922
4685
777
3398
7722
4197
9527
2855
3127
3406
5061
7212
7105
8656
393
4522
4033
8204
8676
6091
9116
5438
9233
5857
8291
8223
2717
5290
1803
4894
1253
3581
7326
2012
4759
6203
1924
6120
840
1471
6405
4521
6396
973
2397
5977
4063
5764
4084
4392
7792
5973
5129
7043
3858
6982
5048
4201
4767
7502
1910
6314
9054
2252
4407
6606
7744
3716
8285
5468
4771
1834
1853
6935
9669
9339
1301
141
9626
5056
7615
2849
1398
6088
9706
267
4029
6726
7665
619
7430
7128
7668
7236
1137
5876
9203
6767
1151
1720
9704
138
4437
7318
7878
2137
3474
8273
9215
4556
3250
8694
8751
8250
5064
8514
7911
2709
2026
7303
2912
2340
7445
6369
7276
8926
448
1459
2354
6084
47
6697
5499
2191
3058
8449
6004
4582
2711
7661
7651
5661
4233
2713
8670
5781
4878
4300
5192
986
3928
6590
1832
1870
8829
6633
9004
4409
7684
67
3432
6563
1289
4546
8247
7705
2929
3760
8173
6054
1362
2906
1905
2660
1908
524
6052
1660
1742
319
6249
532
9694
5860
2831
8816
1926
740
3350
4075
4145
1635
6162
913
6591
7591
8193
334
6003
4717
2140
1058
7518
9240
2085
4061
3328
1935
112
5584
5047
3158
7115
850
7009
322
1469
7778
4071
1223
4681
8790
7387
2973
5256
872
5591
1865
5145
4901
4124
8113
6906
8033
9109
3036
3118
6142
7976
2442
6012
6191
1752
7902
9099
7854
9310
1555
5571
523
9278
2797
8419
5502
4461
8352
9038
1369
6904
5912
8829
3721
2379
5580
838
2230
4753
5839
2432
2882
187
2212
5598
4627
5992
981
6133
4434
5211
645
3233
5816
4497
5747
942
7186
14
5227
5
5504
8177
3338
3456
7476
3046
3214
4457
1703
242
6542
4171
1936
4378
8488
8932
2136
4252
6106
8884
5773
8441
1094
9528
719
3613
6793
4359
1732
7767
5576
5562
6837
3203
5982
429
3929
8547
4795
5424
9625
8862
7409
5377
205
2181
8066
1298
8373
1077
9586
1088
6274
2577
8942
6002
1529
6955
906
919
6403
6377
8803
9191
3373
3896
2237
5138
265
7908
4294
2053
4579
7924
4879
1772
8070
4875
2282
2638
6805
1307
7093
7438
3296
2092
7958
1412
4912
5253
6856
2955
5776
4039
2989
5117
3938
597
751
9292
2360
4632
1158
3945
3038
1585
7817
5759
8754
7015
646
4523
9717
4304
6366
5474
4581
8671
4968
8936
2475
8313
9286
965
4026
6992
4350
1558
6986
4384
4307
370
7446
2862
1398
7520
8251
7452
7271
7546
2915
6252
2021
2475
3701
9127
1044
4389
7244
4642
1650
9353
5731
2881
9478
1437
2070
6970
8349
8703
5334
8040
8987
3786
3404
7044
2585
4203
5925
3054
419
9320
9779
9710
5108
2026
3023
9187
9101
8155
1694
468
5118
5426
2003
1327
6056
2464
4259
3580
1879
7025
5356
2394
1533
4838
2529
8493
2575
9087
7772
6725
4362
6314
5578
7195
4996
4005
3333
3644
5155
9072
786
7469
6456
2059
6402
9640
8380
8911
7804
7106
9439
2170
5005
9429
859
3872
2518
169
630
208
5037
9078
1227
6020
1405
9160
4183
7950
4898
7428
5101
5065
2690
5866
494
2150
4181
6528
1842
1022
5041
414
7424
5666
1938
3672
8495
4310
2273
9684
8165
1995
4970
1787
6351
384
3550
3022
3101
6384
6647
9313
9761
8904
2042
2905
8841
3080
9611
8778
7391
2559
5627
6050
5799
7012
9190
2697
6661
3887
9351
8684
8317
7393
3696
6871
8177
2535
8630
747
1523
3595
7215
4208
5761
4422
5817
5753
7946
2301
180
7525
3957
9541
8643
5436
7655
569
5017
8327
8731
4132
2188
905
3727
8923
6618
8337
1149
6603
3
3493
5243
3214
2454
1782
9321
5717
8921
5384
7004
6714
2690
4892
9778
62
2560
5833
3195
8088
6403
8395
9566
8551
1280
1103
2733
4919
3511
9325
1393
7113
4926
4550
5100
8611
6325
8307
5081
694
4957
2265
6761
7014
7031
8015
6462
7599
196
5306
8498
4128
9196
2215
4516
4574
4616
7702
1496
4417
1473
8749
3253
2192
5223
7495
4070
2201
1430
1818
4474
225
1084
6638
640
4419
8531
1419
6843
3480
3244
4754
4917
5800
4469
7665
4145
7526
6770
372
8030
2200
3087
9574
8988
3012
1369
946
8482
2737
1947
5979
2745
1393
610
7089
4924
5496
9142
1828
8520
5925
3710
9055
1753
4786
209
3225
843
1140
4198
9573
1490
6704
7756
4476
9510
4231
8280
853
3529
7100
4706
2438
6998
7490
5459
579
2627
7899
5206
7048
3728
5357
5575
7062
2225
8688
3006
9195
9378
4647
3005
7470
7861
4701
8507
1750
3192
2445
1107
8963
3191
8113
1099
1087
9656
6281
6135
264
9312
5171
6937
8986
7315
1545
2846
1319
2670
3417
6457
2562
6657
7128
9702
5963
2273
5537
5909
3400
9332
191
7509
699
7511
1743
6242
2430
4573
3649
2582
8129
9679
2019
567
1257
5810
7524
7137
9320
5407
2991
4860
5797
7490
5915
2855
6381
3534
7659
6727
1398
2967
4125
6345
6914
8500
5405
5171
218
5774
1672
3501
1752
9228
9621
8560
5825
5754
4229
9104
5512
3948
4751
3500
5357
7403
2906
6425
1217
7048
1704
3784
6242
5452
1879
7728
6570
5392
6033
35
8054
2433
2473
271
5916
9349
3696
8768
7254
2971
9466
1188
6854
1242
2234
3338
6558
9564
2869
3888
2271
5203
2027
167
9411
5813
8882
8626
382
3067
2358
5772
7525
1245
6733
8840
7579
6835
7546
958
7857
940
2856
122
9045
4444
1999
925
6516
50
5050
4270
8583
9356
5416
2481
3609
2840
2426
7863
3027
5168
2419
9684
2797
5508
9594
8073
8840
9304
4890
9252
2571
6129
3037
8687
7247
2252
7973
2675
2014
5141
9502
9157
4747
6619
6949
2097
745
5253
7152
441
2604
1548
991
4339
5025
9015
8444
5676
2300
1816
2949
6545
6293
1371
104
5973
294
7541
7617
1267
8148
2807
8943
6137
8581
2199
9773
2468
539
7228
7824
569
424
1883
1106
7591
4534
4214
3226
8130
2806
545
8789
729
8533
7555
3934
8078
3562
9470
5597
3671
7816
3204
1401
8712
3524
1668
362
8707
3366
7994
1614
557
7456
38
6070
4966
2605
7187
6295
3982
32
3170
2294
3115
2563
3893
821
7700
306
9527
9611
4912
6083
6399
5988
4110
4295
7488
9084
1955
2788
8395
5940
8201
7159
8133
7511
4343
4621
3300
2728
6995
6523
5454
5390
3072
972
8785
3216
7552
8469
5476
8686
3048
7672
6271
189
535
4251
2192
8562
4118
870
9545
8499
2986
7089
8876
8264
9401
8602
2485
4037
426
2869
1340
6180
3386
6998
7252
6329
6621
857
9319
2190
8379
2352
2742
4907
8655
2837
8008
6798
5300
8731
5072
147
7575
8152
7607
1186
1544
993
1405
9365
7983
6881
5036
966
7378
5013
6885
4778
5492
787
6165
2807
8137
774
36
726
5357
8661
8506
8450
2292
2342
7638
7582
3216
5637
5314
1454
1468
5942
522
8245
6134
5950
8510
4562
9526
1468
1680
5057
9476
5606
8067
8490
8901
8155
3264
55
5523
6347
3914
8350
1803
1094
9424
4909
3258
4235
7398
7058
5330
8718
5488
7627
790
8395
4484
3969
3750
9424
7634
3947
1782
7912
1893
743
1795
2369
2284
1602
3666
9053
1033
9179
155
950
0
2903
3191
7995
3153
7268
8813
3139
744
7069
9428
609
5458
9348
3557
9124
1942
124
2503
4007
1264
6560
4528
2714
7771
4917
9264
6741
2392
9676
8228
3006
8822
7662
6546
5551
7383
9322
5476
8697
843
908
8147
7919
2384
1030
6900
8139
1103
2433
6529
2666
2367
1413
6396
5715
4843
6190
2421
8584
1453
3660
6769
2214
7831
6309
9286
4440
5775
5162
6237
9289
8215
6714
746
3483
5185
1582
6072
9720
1538
7136
429
6611
1896
3536
4343
8137
8554
6898
415
2622
6925
6337
1216
1712
1868
3713
450
674
3850
7417
3563
3658
6816
3758
6335
3341
8652
6471
4476
7576
4864
6963
2833
8554
9690
892
8043
7428
7208
5451
7908
9539
9599
9205
5436
7289
1507
7009
7834
5762
2819
9364
3432
3495
278
2513
6352
3507
5945
8593
7807
7936
8654
5222
2449
5312
3493
9523
7078
1123
8144
7208
3729
4479
2274
513
2104
6729
7652
4092
381
5530
9025
3866
3800
3053
9235
8752
3298
3784
8185
6975
7388
4262
1970
3780
1160
1643
7293
1224
4575
6749
2745
5119
936
9699
5568
8418
2527
1708
5025
336
9248
3651
6684
1452
685
7377
8734
2728
781
5607
4223
891
6684
7945
469
7551
5017
3387
968
2657
9327
2350
9164
6283
6460
9696
7012
6121
9428
8151
2802
4277
7769
2045
6800
8713
4313
5483
9206
8703
2947
3394
3726
5947
4645
398
2988
5104
3128
6762
3406
5462
1404
4097
5794
6192
7083
247
3020
9653
561
5254
1284
1770
1018
8584
3160
2627
16
9493
2972
2778
1577
3477
3743
6930
7538
1330
1383
5248
7447
626
2375
8515
6822
7360
4518
9546
5672
6688
4593
7609
8162
3057
2934
5260
6100
4898
9436
9516
7200
6620
2674
4417
7991
2794
4851
5667
3844
9195
3545
1222
5912
457
3987
6148
4241
6084
661
903
543
6796
6140
5527
7313
4342
7736
2143
2460
92
7116
3187
5030
5539
4275
4676
5955
8221
4431
6233
5852
51
5076
5935
9030
8997
8742
1175
3948
1498
4892
7160
1408
334
9431
8329
9212
9052
5508
664
4570
7114
7611
4393
808
6261
4681
6078
2545
3901
3359
5916
2391
4079
7867
6297
9787
5124
8408
6516
53
8435
7964
9283
9224
1126
4206
1740
7646
8399
8059
1616
888
5610
7854
1374
6074
6955
8010
6343
6414
5944
4966
3099
4237
990
3629
1278
897
4566
2303
601
1178
4073
1061
1463
2123
3541
5223
4429
1246
8048
5123
5273
8156
4733
8775
8747
2057
7288
7203
8640
7048
6633
4710
7266
1904
7908
6790
4526
7271
2365
2780
545
1193
3488
9790
9037
3971
3435
6158
9591
2157
5095
1560
8799
3837
9641
9210
3608
4532
5163
3850
7036
7955
2406
7302
4024
6962
2838
9422
9462
367
6339
5684
4678
421
1021
7753
9549
6376
5645
2061
5511
6856
9024
2360
8095
9402
7939
278
7034
55
3347
7860
4477
3020
1242
1178
3837
9410
5958
421
3652
5928
9118
5989
8228
8257
8033
3661
168
660
5136
3980
3977
4231
3907
4386
4165
5411
7153
8052
591
8641
8497
1772
4766
2453
7389
1130
2973
2160
397
8917
8730
1412
491
5344
2189
3076
817
4532
2928
1510
82
490
2552
4889
4005
8406
5315
3036
9196
1947
6255
4189
7416
1975
1868
3116
7537
970
6510
57
1197
387
5558
2298
333
5949
4474
7205
9050
2268
6639
8387
53
6067
5781
4235
3075
1675
2417
6604
3837
5109
4240
2715
5093
1957
5480
884
7776
8390
4581
219
5115
4945
186
5169
2790
3640
2653
6240
1525
6368
3153
4784
4193
5259
6965
4205
1225
7706
6533
9558
3572
1308
7754
5928
9740
8763
1392
7710
863
5666
1332
8016
2144
7639
4076
1338
5794
9274
4143
4322
6801
1420
4298
1146
2952
1741
9218
9224
178
3690
3638
95
4928
6120
7418
2605
9726
1335
6603
3353
6565
2689
3314
1678
7930
2257
2798
7143
5003
612
8447
2159
4810
4559
946
1652
698
8722
1395
8099
3946
4254
2230
5746
530
3442
8910
902
7567
8740
9546
977
3650
53
3042
3509
3783
8503
3539
7867
6153
5362
8712
872
4790
8515
8234
2392
2465
5259
4748
7316
8016
7114
93
1253
9244
9785
5664
7906
2971
4490
7012
197
9319
4818
6459
7446
256
6815
8535
7664
7348
7189
9124
4418
76
5602
2640
1056
7544
1825
5047
6237
1577
1397
3707
3817
4457
3875
993
4543
7057
4537
450
2883
7495
7827
3500
4773
5043
9065
9526
8092
8276
8225
9021
4
9754
5334
3514
269
2706
1570
8482
5706
8019
3930
5240
8842
8070
1315
3248
6864
4065
6434
9501
7305
2534
1331
1069
8324
2531
8898
7358
2584
5997
6564
2375
1283
6423
1205
5864
4546
3461
5490
5664
2609
9245
7478
7371
6059
3639
7765
5493
2017
7557
2217
6796
3626
3201
2006
4440
5317
9059
5345
558
5275
2184
1788
7338
7930
5565
6288
651
9326
8446
301
5226
284
2883
9484
5008
6668
8165
1210
3020
1078
7254
9426
3862
6660
6896
8466
1779
9738
7977
8765
3990
8333
8818
9786
3933
6372
9278
1620
2283
2495
7382
6406
4271
5836
2915
8755
5181
7578
9350
1362
7834
9547
5493
7916
911
2979
312
3472
3335
9109
2065
7386
4399
6362
9139
6398
3682
8695
7180
7999
8053
5800
1710
1497
3851
7675
7687
532
9561
3646
4194
1370
6409
3565
6994
9302
5069
6518
385
8995
6442
4827
9017
863
836
4160
3261
2526
2934
4458
5913
2498
7897
396
4314
852
4026
4928
685
4343
9392
2527
207
1106
7957
7421
620
9495
7547
9731
852
9165
2422
2163
506
147
7131
1690
9311
4011
1793
1904
3539
6448
9735
3053
4708
9409
2104
4836
2629
783
3770
2953
4467
5456
3907
3114
3858
1356
1964
6160
3551
7421
2048
5808
6042
3312
4990
2986
3462
7297
3056
2754
3077
5572
7705
8389
4919
1871
9068
9045
2708
2897
3104
3235
5875
8871
8984
236
7887
7749
2954
2308
4746
5537
5383
4302
2784
6603
9219
589
8114
7532
8901
6379
2410
5365
2861
8651
3708
7903
6920
551
1681
6905
8912
2942
7907
3833
902
2152
5270
1513
6359
1555
3901
2389
4941
4894
4790
4800
2032
6977
2998
6567
421
9589
2131
1220
9245
2282
1502
2662
3327
3803
5042
9468
1674
9789
2549
6774
8668
9284
4755
7697
217
5340
2635
8124
5277
1996
6244
7570
5981
1431
8689
1177
9758
9560
2076
8084
8445
902
1876
8091
1080
8003
7872
5977
1221
1693
8643
764
1270
6790
5084
9706
4764
7185
9468
6208
8250
3385
1614
3105
9080
9077
8119
3677
7217
3019
9555
1887
1630
7752
2688
6944
581
1182
8831
7894
5287
9421
1823
1768
2126
7394
3258
1253
1855
1649
4374
1211
3926
1813
7576
4828
5967
4327
9637
4016
3398
7801
631
764
9074
4073
5571
6834
7443
5479
6079
5138
7446
2445
6766
6461
7762
3937
3529
9613
8460
653
5098
8768
9432
6112
4544
8567
7896
3399
6774
5274
5121
9373
4963
226
348
5968
7138
6059
2138
1771
4197
934
2168
8529
1133
1529
8023
6140
5779
7838
5330
1705
7631
2476
9342
953
7118
3921
7265
2329
3428
5770
2795
2467
7327
6078
1452
3570
8501
2440
9354
5720
1993
4709
3695
6768
8662
2949
1207
4722
8700
4627
359
9473
3931
4028
8651
1025
2055
368
5737
4728
8817
1871
5250
8354
1915
453
9732
1039
9405
2050
2707
3810
7446
7597
3443
5102
942
5431
7345
6970
309
4409
6686
6154
8662
6364
1849
8953
6090
9133
3630
7211
7828
1908
456
4162
8980
1448
3544
4457
827
8411
8766
6483
3232
1566
3919
9016
3096
221
2219
5309
9785
2402
124
9625
4908
2163
9436
2262
8395
7170
9429
2402
934
3809
4969
9787
9740
1878
4886
6927
996
7705
9534
5206
5125
2028
4665
9321
960
4661
7019
1102
5375
1999
6638
2822
8429
4338
1283
8442
4871
952
377
1126
4237
3062
9263
9345
4122
7042
6628
2947
6084
4936
7211
6836
6131
9732
4748
6171
2105
3572
8075
860
9045
9631
7975
2134
686
4587
8443
2553
2887
5591
6206
1580
9405
7358
3132
9588
6191
5752
2998
6669
5115
2776
6877
2701
759
4938
9369
3101
155
9792
3194
5959
9548
161
1688
3866
2601
7490
3904
1451
2164
9448
646
484
2014
6075
7027
2703
2975
8600
7422
356
3861
2993
1644
1472
8194
342
1882
5338
4965
1233
7937
5763
3754
356
5863
9652
7333
4595
9250
7223
595
1393
2600
4530
7013
3095
2713
5088
2791
415
8016
5559
4737
2473
69
616
5520
5952
6122
5541
4786
1618
9129
4272
3286
8947
434
9434
4793
7639
9164
7060
4470
4315
3493
2063
1424
3301
6266
4215
8486
7454
3976
4044
5745
4598
5168
6403
644
9375
5489
7638
6517
1675
7039
7892
2707
1411
8119
8388
9474
5834
7598
7045
8894
58
6382
706
76
8514
5479
8687
1920
2249
7088
7186
7124
2438
2767
3227
4714
9226
8090
3010
6139
1285
2627
2041
2393
6919
1606
376
9073
5791
5726
4918
2035
3149
2682
1092
9447
6305
115
3185
7721
5267
6948
7312
6692
2680
6732
7669
7497
6785
4941
4488
6065
9298
6375
3627
558
6119
3999
1263
6830
3520
8127
8212
4147
2215
5012
5770
932
6063
5197
3467
7897
5701
9272
7120
4556
6655
5894
5860
1584
303
5179
3997
4113
3285
5001
5239
278
3021
9595
7696
8731
7399
7096
1697
2689
1888
1970
2929
7033
1728
6130
2509
8453
8097
5261
3813
5658
7777
7100
4174
2721
1043
6483
4130
8489
454
9742
4127
8967
525
1003
4911
5696
6038
7929
9042
6095
3281
8742
9680
4574
3528
9150
2387
7399
5891
3567
5327
4886
8113
1261
6094
1932
4698
3913
7276
3455
202
6136
8737
5685
3545
1875
6943
2245
735
4355
5579
598
6224
5696
2586
6989
4709
9395
4055
1966
4803
7091
7550
5879
3966
7322
2948
9749
110
2538
1179
3603
7935
2018
5704
159
980
2895
1737
329
4386
8999
9498
1269
5681
7513
563
9573
1968
354
257
1250
6214
8878
7478
8710
5148
6056
5356
7886
1974
9581
8202
9500
1127
5213
47
1074
8624
3357
3122
5903
8804
471
1423
9447
7865
3719
3585
2227
9734
8441
2314
7628
9452
493
8272
5962
2900
8572
6798
6163
3557
8283
1146
9557
3401
2875
1571
3935
3831
7087
3743
1306
6745
5801
6088
1098
2939
9725
4541
6666
5478
32
6892
5337
2870
8294
6556
7781
977
7864
9568
6384
1198
2317
8442
8544
8450
9253
6530
6070
1188
8301
9468
3704
4696
5888
1221
6853
479
2035
9459
9351
9677
7624
7986
8719
2947
6598
1671
7789
3582
9419
9007
9179
2254
6327
3565
4154
4185
6558
1994
2596
4373
9272
3997
3456
6398
8146
9047
9059
8794
8187
9131
4608
6040
1560
9702
417
9526
959
5020
5129
608
9536
6217
2561
2135
2494
1030
1386
4067
73
6845
1457
4859
7222
4935
7250
3299
4980
8945
1432
7948
3847
3263
3958
1832
4253
8700
9246
3996
2661
8431
4761
3556
427
2037
2203
2322
1090
7982
666
1821
7593
2025
7508
8809
8521
6225
4630
7628
9303
4212
2730
1120
9769
6949
8683
9238
8851
6747
5058
462
4588
2941
4660
8855
6846
6378
5372
3150
3392
3008
383
7034
7007
6810
13
1314
7117
8910
1143
7160
8115
67
6699
3854
7848
3221
5505
7757
8383
4755
4545
1252
2532
3284
7244
2505
6953
9791
1383
3043
7210
1623
3443
4505
5367
5254
6506
1145
1755
3198
8941
8083
4514
7081
121
2082
3576
452
1953
2679
4493
8947
5345
2666
3114
7811
1542
5933
6504
9104
2923
7584
7853
2160
4594
7665
852
4430
3886
8479
3404
2772
1121
2942
3982
2867
2072
7441
2283
3501
5582
8729
1597
5555
7613
1359
5096
2169
6151
1121
8270
8689
9254
9151
2133
3121
1542
3361
35
3143
4726
5512
9369
9178
8966
4977
1230
5443
3324
1052
3054
2269
5119
4164
7890
9017
8004
2134
5375
1721
6417
2295
3275
7002
5587
4706
326
3419
3559
4374
4364
1695
7334
5287
3562
5369
9105
8769
5254
9324
1763
280
4078
9612
3595
8232
4356
2145
4022
3935
9241
6924
7449
376
52
7594
5009
8816
3695
5957
1305
4692
3984
5605
8720
3758
6306
6644
6406
3970
5795
9174
1182
4071
483
4381
4677
8657
4540
9082
4827
3779
4959
3346
9057
9116
1978
8162
7132
3927
2987
8384
6986
8321
6754
630
7969
9182
4550
8962
1769
5921
3230
6678
2563
1862
9198
7391
4211
6917
6504
5589
2173
5133
8959
2333
5125
6211
8100
5358
7638
1926
7351
3354
3008
8012
9240
6664
3012
6136
3207
2038
478
9308
9599
8761
8093
3359
6472
7086
6836
2336
4184
9530
2085
2896
986
7562
2852
8901
5384
7166
3782
1477
4538
4529
7354
9381
9542
9771
8378
9477
3828
6126
6428
3281
4014
3942
6175
29
1986
7384
7592
286
5587
9772
8399
1942
9506
7736
972
351
8502
3891
9479
4616
8215
3464
7357
6841
3817
6373
1421
6048
3070
4459
8661
1272
4986
2051
8591
9451
6750
2969
801
8896
5624
5247
5
2897
7763
8235
3933
9787
9297
9242
1202
6095
2037
9670
7175
5875
9402
3797
4240
6083
2661
335
2374
5349
6499
187
1840
4968
4370
9013
296
6999
7453
422
552
7670
4194
3862
2312
6796
2534
927
8730
3949
3891
5856
8649
4951
7158
6852
1494
3967
1208
119
5655
6182
206
9120
8371
6546
5199
7407
1001
9650
8374
7848
9425
4771
846
2773
4785
4076
5521
493
2501
7714
8142
3820
3639
4902
7884
5714
2217
2207
1788
7216
165
5863
5495
9161
6676
2380
5327
8634
8625
7257
5683
5899
3676
3885
2884
6298
7276
1049
4758
1296
5303
2635
8388
3809
2737
6552
1128
5037
5596
3367
279
8874
1950
7149
3995
4184
1174
1547
6250
4891
8628
515
1588
474
6912
1289
191
1484
501
4419
1725
3945
6450
4835
7921
4981
6019
4083
700
9778
5376
3870
8903
8694
5373
2313
8999
8729
8298
62
7075
9103
1428
4662
3002
4302
4364
8595
4818
3782
3431
4542
9039
4798
3035
332
7905
741
2014
5042
7925
6931
7204
1766
1160
5626
2971
4740
2933
8659
1134
6890
100
7269
2714
7394
7184
3890
8649
1041
2479
4169
7062
5777
997
1373
3298
4934
2818
9168
2224
9358
4057
8535
1232
4559
1586
96
3847
918
5389
8030
7063
1899
152
744
6114
3330
2428
2669
4297
4463
158
3763
5612
9081
459
396
7651
738
4905
4173
8298
5814
5260
4003
8603
9301
7482
1042
8559
3991
3089
5464
622
150
6513
9456
5985
4708
616
2969
1215
1336
5408
2598
8109
7605
7617
9508
6117
4612
2678
6652
1388
1979
7396
9070
4056
4110
1243
285
2609
1010
6259
8863
2560
8835
9498
5834
4460
6175
4793
2386
4646
7479
6143
1441
7308
9043
8265
4871
4255
9014
1210
1301
9242
326
9690
9595
8805
1269
1469
5904
8401
1694
7015
9601
8242
2120
3741
8098
4613
2519
9115
263
5886
3273
7133
8594
5776
480
4164
1318
133
7496
4599
2430
7176
9514
5807
438
2159
5959
9600
3005
1184
9594
4448
2128
7223
8190
3920
6028
7919
2871
9632
4481
9459
9349
9429
6872
8179
8076
9625
4493
8075
9776
2045
3687
5888
7700
4207
4224
2249
411
1961
1655
1795
7546
5164
8711
9014
9615
4686
5661
3427
136
3218
2044
6441
833
2394
4779
2403
4386
8552
6365
4913
5322
8264
66
4331
935
6424
4687
9441
3962
3191
1141
4899
2224
171
6892
1717
4293
2910
8208
5824
6113
6753
2565
8302
6042
8208
8085
7232
378
6973
5536
1987
7837
7621
5616
5515
8396
6472
5322
4721
7648
5924
2272
7164
2348
6078
1628
1062
5863
2145
6878
6503
155
8179
6967
89
9242
3385
8206
5900
7517
2407
7022
2043
9155
7458
6066
3304
4575
4412
6973
2140
942
4015
3051
2134
9281
4674
766
6351
9617
2546
1003
7874
6958
2619
4058
1112
7157
2477
7919
6616
9293
1586
6558
2374
6092
7356
8499
6118
9103
2593
7226
738
3572
2705
5252
958
1681
2469
9731
223
4499
2743
3353
3889
1747
6765
3969
4198
2502
4243
7161
4396
1205
6243
2839
6247
202
8250
950
8137
6883
9628
4332
2580
2736
6382
7215
8685
8860
3457
6445
5449
3077
8530
8368
6023
79
3446
8446
7843
3479
9733
894
1725
307
100
3865
1839
7355
6364
798
1274
2730
9594
4580
1884
3897
163
9488
4093
247
819
5434
4875
7583
8759
4576
1107
9631
2053
9353
4344
5069
7360
8933
1243
5236
1697
901
3071
2237
1701
4452
3275
504
1076
4652
8308
2398
4948
9564
7879
3565
421
1808
1294
6240
9526
359
2323
616
5933
3386
3481
7544
3604
3772
1327
7269
8422
7737
4608
5459
925
1860
8935
3120
2461
557
3500
2020
363
6425
6839
3666
6888
3191
2326
5195
4040
4640
4170
4004
8909
8093
6894
729
7922
1669
2688
8251
215
5210
7770
8620
976
4902
9474
6773
8168
2325
3370
4796
965
7209
6668
9309
5350
2452
7612
8127
9574
3769
2188
5333
7634
3543
4888
3537
5484
8716
4776
4089
393
7236
4123
3096
7800
6902
6122
5868
7034
2536
9739
6783
8421
9696
7640
1897
7237
4367
3458
2575
2059
6442
8774
1497
1255
4459
5688
4747
1186
3251
7711
4251
2977
8289
9329
7166
4831
330
9370
2869
5949
3486
8377
2753
6802
1857
6256
1156
2580
4251
3172
2200
2296
2947
8635
9650
8273
124
8436
9689
339
4000
9620
753
731
4076
3560
6527
7044
4122
7208
8553
1388
6685
7095
8852
754
581
1539
6459
5077
9060
4482
3435
1802
3853
6821
1739
3686
3220
9392
9521
2256
9519
8143
4074
2931
9252
695
7231
6903
6770
8411
375
1560
5792
2119
324
606
3570
3191
3309
7022
5307
1830
3046
9546
437
4800
3798
4135
5167
631
5911
8992
6797
134
6683
7725
741
2075
4750
1192
1766
2511
3578
2144
2396
1321
2032
8580
6196
684
8366
7825
5861
7636
4929
436
4896
7416
7880
9318
688
1617
7554
3466
4020
3059
5114
5647
8543
6865
6223
5378
947
9770
122
5280
7817
9694
1568
3650
4585
2340
3478
3395
7880
2586
9266
919
3111
7766
4764
1586
8386
904
6614
1505
3408
4277
6913
6500
9695
5821
3776
9371
8824
423
3560
5894
613
9361
6787
7414
2583
4318
9611
3180
120
4068
1325
4638
4137
818
1782
3368
4512
7954
2419
944
129
8838
912
7234
248
8209
373
9777
3385
8305
3822
6046
4530
3289
5650
3055
9228
6081
4207
5005
453
1295
3651
4920
4740
5757
4996
519
480
7457
8916
9492
8249
2826
188
2316
2750
668
7007
4171
4850
3315
1502
3810
3448
4275
4241
6908
3485
7009
5295
2328
2520
4745
3450
9322
8904
2415
5712
8019
7357
75
9053
7642
4188
1656
3855
5956
4769
5190
2500
5651
7839
6812
6408
5243
6689
2456
1812
5529
5406
584
3018
6776
6289
83
7903
6497
5482
7869
163
2129
1230
8502
617
1634
5573
7350
7610
2477
2353
5250
5880
9040
2770
7408
2289
4500
3812
8340
1033
4230
5197
5783
5655
7187
1727
1262
8598
7420
6784
9621
4539
1298
842
1633
2516
3819
4862
5826
3880
3721
9756
885
1251
7440
9555
3611
3291
5954
7085
6274
2638
1128
5876
8922
9092
7713
5040
6150
4454
5205
530
8307
1065
8478
4820
8921
7005
5893
2031
8533
9294
7533
4425
3644
2998
427
7677
6635
5894
1692
3866
3216
5205
8696
7895
8843
9412
4215
9473
8481
8311
8012
2858
2277
1180
4330
1038
2122
6251
6058
7787
6780
9651
6249
9717
7502
4948
9162
717
9794
8081
2838
5550
5048
6270
1464
7148
9624
5599
7291
7329
6215
4424
3857
4999
4363
519
1965
6912
4658
9259
4392
2805
9301
4925
3976
4533
6317
7575
637
8962
7370
4892
2124
6576
2176
9061
9402
2459
3255
1615
2434
4808
1811
4920
9341
2138
7194
1742
3717
8755
6623
2733
32
8313
3483
3217
6114
5560
6743
738
5166
9450
4945
1895
5809
5239
8334
2732
1370
3466
5049
3010
2663
6992
5976
729
8585
8791
5731
2042
3851
3409
2474
251
6806
8103
9254
5719
3671
7991
6
5448
2564
7275
1519
6223
6112
2538
5166
9779
8721
1076
5085
4718
58
6752
8855
9400
3278
8404
5069
2683
7497
9547
2128
9772
7084
9110
7063
4205
9214
3634
4398
5454
5688
8272
7289
6772
3147
7960
1618
3383
6221
4113
7194
6803
5878
7111
2051
6652
9634
1064
7340
8072
4030
6858
100
4851
7233
4214
4155
9503
7782
6636
939
3039
8618
1702
571
1955
3798
8524
221
6474
2069
316
4236
2007
8298
9069
9056
24
6941
7554
4473
7259
3503
5342
5801
8588
7295
9022
595
3720
3952
2831
327
3562
6416
2056
4649
7773
7927
2687
151
8271
5264
178
4065
6871
2353
1917
3097
9411
7380
6957
1572
1835
9699
4603
1559
1829
3145
763
8870
6980
9602
994
8459
2677
282
1166
2068
6028
6824
1111
3869
1757
4186
9480
267
1188
1197
488
6173
459
6041
3599
7618
9443
850
8503
6110
9260
6895
1981
6991
6186
9284
2392
4389
1934
7860
1006
3139
454
8343
1696
2658
4914
2972
7979
6881
4734
537
4404
9604
1
4557
1789
7934
4433
6078
4098
7809
2757
4048
1710
7547
4160
849
9610
5199
4447
514
7129
6373
6417
3984
8364
3220
9777
4958
3422
3547
3600
4787
686
7935
5187
5129
8604
3831
2420
1350
9132
951
1775
5783
7812
4947
8112
9750
8115
655
8553
3741
835
9289
5245
5322
1355
4877
9309
1094
1797
8539
8745
1441
8412
8324
4249
1203
5888
6602
6814
6766
5463
3223
9153
3147
9542
962
3711
3814
1991
1282
5604
5342
7529
1112
3198
272
1334
2346
4458
1715
3143
28
1098
9282
3122
1662
5643
2930
1709
8496
6750
317
6121
9046
1002
6898
7482
5682
3227
6227
9734
1616
9569
7546
7629
6316
3882
3588
4048
6481
7920
2812
8137
3375
7614
358
1768
9350
7359
2958
5294
6988
6013
1373
7122
3774
2401
5941
1528
2284
5730
1436
1025
7353
3213
5672
3852
5194
2688
1335
400
6383
9208
7691
8905
5124
5267
1675
4915
7395
8925
4324
8412
6726
9318
6269
6508
9131
9759
3683
2302
7136
1182
5274
9585
6055
6949
874
595
1331
7659
9638
7173
9654
8888
510
4305
2372
3061
681
7856
7816
6486
9135
4807
3203
3720
4344
3478
8403
6419
85
9337
5987
1150
1307
5044
5499
5277
7448
533
8386
5696
8533
6124
7305
1711
2681
5397
4099
386
8737
2247
4531
5521
8203
3582
8204
5298
8865
8024
3443
5270
7363
6354
2272
6758
2462
1041
9013
2765
458
7629
6431
8993
2837
2108
6590
9187
4401
6260
5720
6807
3699
6802
8744
2863
4044
6129
332
5604
7914
514
491
587
2321
5488
9378
6755
8108
1962
4673
6234
7008
8258
4144
6280
6726
9727
1293
4021
9661
2072
749
2778
9288
1569
2461
4440
4179
8400
2515
1280
8941
124
1636
887
6182
1800
605
8887
7288
3724
2006
1214
1961
1548
6729
6786
9060
8668
7153
1159
4085
3212
6449
2686
2710
9270
9035
908
3165
6595
2147
6672
5067
1528
8582
6610
1288
8807
161
8909
1864
2406
982
7126
4898
45
9677
1804
2830
2147
5176
9268
1869
2233
8788
3367
2049
818
8405
7124
1709
9274
8242
9509
6281
5671
8481
2379
5647
2880
1018
7481
6712
7561
3833
2042
9447
3014
6945
1672
1005
8484
3641
4128
5327
7891
3533
7950
9556
6645
3186
2051
5337
5049
5268
2106
4990
8344
2383
4996
1796
9681
9705
5011
1547
1831
1034
4096
5985
2078
9061
5069
2886
6300
2754
8172
4114
255
3083
7207
6252
6713
773
7243
2425
283
9020
320
5693
6017
6485
2580
860
5466
2561
5428
5122
3213
8918
7499
7769
8954
6589
4956
3007
2058
3014
1582
6109
7224
5680
6371
8863
8935
6997
451
520
1594
9193
9579
9121
177
835
6835
1057
8811
9284
9427
1950
1035
4017
334
8425
492
3913
9069
8077
5137
498
9443
7865
214
426
4319
9033
880
3666
5026
867
5877
3870
7754
8122
2064
2744
2755
602
5429
9390
2163
4423
5357
3963
8894
1196
4000
8760
4349
2567
6472
4736
6507
9332
2710
9582
2225
2934
58
4945
4335
7734
129
4586
8833
1550
8691
9471
9298
2792
8877
4839
9731
3734
1427
8992
3783
3091
756
975
6052
223
5740
5872
654
4635
5507
931
104
7580
2041
4673
926
8360
1201
9618
2891
2876
534
3982
5539
4106
5677
4491
8954
6715
6664
8013
8405
4707
421
6376
6596
9796
7190
6432
6015
4754
3568
5093
710
2947
3952
9520
4706
3537
2194
8581
1296
7715
8348
1191
9407
6748
994
4932
4169
1964
9073
2513
2281
8212
8210
1141
774
7849
5745
5024
4144
3828
8156
3095
3880
8092
7068
2756
8561
2007
6061
8429
63
9412
6475
8945
5580
1028
1677
8601
6748
5970
2054
3042
6089
1482
3490
8335
6889
3859
3923
6665
5551
4630
1477
7206
9695
8376
9329
6698
8504
6703
733
8116
3188
1594
7865
4338
3486
4458
8276
6468
7472
1924
1599
3352
9431
5742
5023
3756
3552
666
5595
289
5033
8827
4898
1540
6285
4053
3247
4685
8701
876
6701
6852
7419
5381
1286
4972
2393
7125
4431
3902
6383
694
8603
9091
2380
5132
5876
8988
4111
6830
6444
2977
9613
3680
4995
6121
1285
5597
1567
142
6653
2665
6343
7149
5728
4689
7899
9555
5425
6202
74
8710
3654
3537
924
5911
416
6706
7933
2215
6409
5724
2264
6669
3934
1968
6104
7216
4304
8989
8215
5897
6105
2738
9602
9125
8576
7941
6627
3755
5259
1973
5829
6193
5745
8533
8122
1562
3567
7533
7828
5158
7188
1411
8609
9657
9154
410
2142
38
3021
864
4255
5741
7842
1238
8385
6313
2752
7600
3189
6122
1429
2799
5356
7841
5022
2795
2997
6625
4493
525
632
7506
3932
4115
1037
991
2451
4218
6268
4323
234
4411
2331
6381
6340
8572
7979
6677
4473
471
9253
7340
685
3936
5972
6573
7344
2657
8069
1452
6970
5732
3485
2088
1282
7858
4861
6109
820
1253
6329
9090
6818
3143
5231
8398
5620
1756
970
2919
7847
7937
5612
2463
1218
8875
7462
6390
9633
5733
329
3905
4942
8244
4366
5603
4479
1977
2600
3837
7906
8541
8937
6379
4976
8348
9385
7856
867
1955
4017
3475
433
2414
4869
5738
7346
3442
4882
2500
4008
206
787
6559
866
6677
7370
5338
2295
8671
3985
5514
1446
9310
7626
6422
6096
2136
3072
8930
628
1426
8391
3938
7463
5402
266
5782
2658
5599
1304
1542
2269
8457
4050
1277
4401
646
6823
1900
1723
3768
3368
1642
6182
6569
5044
6035
3288
6236
8278
2127
6970
4778
9234
5690
8721
9452
1304
4458
418
8580
9251
3981
5312
4019
8706
1486
3521
8231
5311
9230
693
5819
2965
8829
6199
369
4273
9687
9189
4577
9133
6728
8031
2454
6058
1202
6907
5361
6825
9545
7599
7993
4637
3973
2283
5143
2472
6641
7731
6121
8154
7785
3541
6467
7416
6677
6607
9422
511
9384
1833
901
7232
2293
3358
3307
4616
5476
700
7793
9136
7849
9531
3406
5884
6292
8745
2400
2506
6834
5577
1250
4099
666
4869
7064
1292
3210
8071
8951
259
3946
3058
2409
300
664
81
170
9723
3544
386
1522
2199
924
1438
6649
7557
8096
8239
2482
3490
3345
5544
8356
3145
6904
1045
5473
3668
6076
5824
5471
7870
9704
979
9151
7841
3209
2470
4773
8305
102
5266
3946
7477
6984
6672
627
4386
4184
2482
3210
3896
4659
337
9235
3199
4311
1768
1139
6353
9005
6440
2247
1253
4760
9387
1228
7197
3389
1263
8080
1440
6905
1671
7888
7653
3813
509
7456
6870
1372
167
7085
5513
2197
1005
1930
3208
4235
2354
5162
5857
415
4059
2684
4958
5938
2806
6119
4779
1386
7529
216
4477
5725
8287
7261
1718
9234
4694
8543
4777
2299
6651
7073
1809
1209
6667
1389
6460
998
4143
2241
4703
2925
4068
9366
9584
6165
2179
5718
9102
3536
5981
9420
2274
4063
8752
4452
8497
6560
1572
9404
8122
5549
9410
1228
4338
2361
6310
5286
2228
755
9186
8683
8581
8271
7487
982
721
1250
3624
5720
3964
5873
3857
2524
5242
8214
8971
1706
3751
6476
5111
360
4519
3015
6598
7755
3681
1566
8899
6346
5101
484
6496
8957
1691
1115
8733
6023
4074
7345
4553
339
4683
2832
5598
4506
6906
126
4501
5632
9735
8597
3965
888
7137
386
9717
2267
8672
3800
8002
4171
8701
8017
778
7876
3221
1577
2832
3039
6406
1750
8449
8583
3400
5105
1051
6967
2534
1726
677
9088
7975
3647
2999
7498
9025
4106
5980
310
8520
3835
7386
5508
6685
5406
3433
5103
7716
286
6827
632
4774
84
6538
4750
3516
8469
2355
3881
1687
4191
8057
5678
437
6676
7792
1881
8152
562
6393
35
6100
7892
3497
6807
2654
3271
16
2291
8133
9727
1765
7238
9572
8445
5756
1169
2842
4549
2716
6615
6306
8253
7983
1639
5288
9568
4111
1328
1382
994
7360
7595
9544
4557
1303
9007
1544
9702
442
5410
7771
8476
2380
5298
2255
7727
6304
1550
5397
5753
8201
3707
463
1739
2564
6772
5008
2484
3267
2916
4361
4933
3329
5179
5366
4071
6189
5000
31
2921
5087
9723
1043
8489
6026
7371
5111
6160
2512
7981
4530
8591
6135
7788
3129
7144
8063
5734
8319
1814
9557
7409
8645
9087
8918
3770
6323
222
5972
1146
4383
5028
6007
8695
6173
4767
5399
5221
3924
3120
3417
3378
7934
1865
4323
8553
9557
2293
7535
2468
4347
845
7323
5477
4253
6606
4329
8251
2621
2834
5778
7666
305
7119
8519
5120
7575
6938
7041
8773
3011
1399
937
5856
9037
930
5355
4873
8048
55
2075
3603
8683
3741
1300
2869
9745
8770
7095
5926
8375
8036
568
6069
4157
6453
2691
2391
6044
8657
7339
6773
3974
4854
6334
8906
4983
8126
5908
7997
3098
6015
3380
6410
3193
7604
926
964
585
2070
113
6168
8815
9445
1530
9207
1208
7505
6895
6736
603
1109
2857
4898
5626
4825
9593
3135
6709
947
8469
2874
2792
7401
4880
2846
1581
3237
6808
1466
9621
5735
7650
5763
1719
5367
5438
8177
5519
4520
6803
8869
9740
3834
8988
4726
1657
6292
5265
1436
6700
6206
5663
1157
517
6020
6744
3304
69
2361
6239
9609
7613
9307
5120
7385
6891
8580
6932
782
8822
2978
4632
2143
6513
1785
4336
9304
5184
7632
3610
3799
9720
6668
2333
5729
5593
1535
9223
654
7953
3584
5147
1619
3427
4150
4683
2281
4331
1358
1660
5500
3807
4571
978
5586
9783
2328
794
5932
4344
9602
9107
408
1116
4185
1425
5141
7141
3299
1655
9694
3599
503
8421
2372
5928
6109
3352
5034
8516
785
6935
9778
9251
5971
8979
5202
2171
4706
1213
9045
5026
7075
8543
3474
9774
6351
1458
7364
6183
6536
2336
3840
4603
4460
3744
5588
3100
4937
7703
9292
2081
1593
723
7016
5762
3743
4569
9367
36
5821
2205
7920
4573
9700
1415
1513
5377
8042
5351
7069
1038
1172
345
2423
8561
5326
5418
254
1859
4755
9160
2220
4786
9029
2495
915
3566
3898
2018
372
5472
5305
447
8143
6488
6360
5636
5877
1022
6046
2927
4657
7344
8648
261
9169
1148
4351
4238
5573
8116
4981
6169
3561
6313
3306
9756
1428
444
868
6511
1088
2742
7599
9529
3328
527
6159
5706
5965
9343
2297
735
4693
2059
3587
5172
2328
4446
4301
139
6955
3402
5913
9348
4643
4811
4443
8977
9000
7578
2259
9643
859
1885
7893
863
7548
9189
5406
431
8924
1573
5459
2664
699
2119
5883
2687
7108
4369
6258
3750
9271
907
7308
23
4853
7073
2032
8655
4670
2745
8046
8889
5061
6179
4788
6836
2111
6363
4479
5562
5017
2351
540
7950
291
4665
5659
7375
873
6684
8863
4356
8047
3232
2002
6647
2499
8840
5252
2963
7188
6221
3565
6246
6544
1128
8902
8653
5288
2956
6033
7764
8370
467
6239
1855
7448
871
1959
4580
7997
1730
192
5389
4087
4650
4758
6659
5699
2227
2975
6914
7426
8484
7197
5333
1102
8176
8536
8650
6251
9163
1409
645
4231
5844
2754
9013
1419
1494
5831
2951
1356
3358
6919
2458
7203
1563
8006
1746
2057
6387
523
5527
682
2114
2065
5037
7788
389
8559
3020
4296
890
6282
3933
7668
7895
3911
6743
5608
5427
569
7786
3937
9648
3115
2165
1651
739
1395
3343
2346
4517
1249
2589
3588
1364
3447
3916
9376
111
3067
3012
33
2961
5077
3353
6700
5532
1882
886
8696
7074
1436
5759
7464
1140
6853
5256
6053
8007
438
2702
1448
8727
947
603
9776
546
1422
399
8369
9377
595
6119
7110
6470
1465
764
373
7118
887
7675
2886
7433
1214
4513
7405
1804
2452
5353
5584
49
752
6513
405
9727
7110
250
2663
329
8264
1502
642
1099
8488
1223
3800
6412
8353
4736
4799
7518
7904
1512
9554
6212
5457
6457
2551
2942
388
8717
7724
1276
8638
7309
4662
8475
2257
5937
4485
2970
7489
8298
9327
4597
4535
2598
6377
8301
2363
8238
2360
3381
3456
8889
2536
3586
91
8394
3441
2756
7381
6169
3218
2734
4876
3512
6200
4790
836
1140
7862
1453
4033
9046
8687
4652
4957
8333
7571
7595
3535
3887
6730
7744
2696
1917
7938
7024
26
5435
1792
8547
8019
1866
491
4533
742
3989
2960
4180
8124
7631
3007
7951
3471
692
8379
2897
4983
4292
6176
440
8419
8374
9133
961
4620
7729
3748
972
2248
6538
4146
5991
478
4726
4851
5778
2654
7470
4468
5292
5851
6879
5914
7255
1037
4005
5201
6363
7397
6505
1668
9491
3397
3012
8236
1139
7130
3179
5038
1402
5373
2194
1252
1262
3935
1654
4203
7882
2009
7108
6111
2923
7014
2107
7200
5982
8568
8496
1811
3411
6584
348
7074
3439
1114
8695
6630
486
3965
7988
6818
8868
8492
2042
8837
7379
4944
6625
6423
968
6069
9471
5289
8001
7684
1724
7183
870
6177
4257
2938
2445
4050
9279
4334
7708
6319
7972
2678
1108
6976
3923
9591
3552
4103
8716
8192
9144
6461
393
8161
9091
3242
6753
1509
8222
3949
6132
9124
9724
4457
1466
2729
1753
6155
2989
4004
8954
1378
4582
1267
2998
5413
4848
5182
5116
6468
5236
6494
924
7642
3531
7261
4214
6590
8800
1858
6986
5479
1996
9645
466
602
5079
3132
8591
2273
2804
7946
6440
8020
3736
8347
3968
9095
8070
2099
4782
513
8751
9113
7893
7128
6344
5149
3360
4730
1835
1666
5701
526
4936
77
4268
5504
4506
5496
8051
3989
5549
2296
3659
8900
2233
7211
5253
952
118
7217
1877
3625
98
6444
7764
8812
7754
6629
2297
7189
5269
9215
2686
3667
9582
2698
5607
1843
7143
3215
994
2483
8280
6199
1310
4084
2700
1766
912
7840
9686
363
3373
6422
7690
3398
8039
6515
6887
5073
7383
425
1656
1919
3317
195
1707
9103
2094
2447
8783
7760
9553
8080
5026
6856
9165
6385
8416
4209
2569
1343
8783
5705
8274
8578
3038
1403
2156
4368
5244
1305
3225
6773
9603
7797
5547
2221
8898
1220
5989
7363
5027
2941
1460
3270
5953
2828
6968
605
3211
3046
7964
8148
8026
6723
8908
6404
2139
9154
9658
9332
1770
2459
7015
5006
5199
3598
8234
2400
9657
1657
8604
980
6532
8426
2858
547
2507
8243
7171
1162
7345
3607
1240
7603
7972
4105
9639
9233
2745
4279
4368
2962
8259
7178
8816
128
9696
9174
4358
8426
1723
8451
1756
6267
9239
5937
5962
5874
4162
2495
7617
2872
7026
8877
1192
200
6061
4457
1226
3016
129
9483
2288
5531
7086
6757
7331
1203
8199
2637
8992
7090
326
697
1276
6082
4104
7069
1827
648
6270
6979
3601
5830
3836
6739
710
3279
8563
1751
4558
8687
6336
4324
304
7102
7309
2415
5448
135
5251
3936
4536
9169
3221
9107
3059
4150
6213
929
1770
2453
2461
1070
2386
8777
4808
2440
8031
4932
6478
4084
3041
8679
170
678
2278
481
6735
2538
4107
5996
4590
6952
7175
7502
2596
2599
1687
2479
2448
1468
7184
155
3963
1959
9299
5906
1277
2325
1345
8039
6970
7229
2240
4837
6691
2761
3156
4811
3632
4533
4884
5595
4713
7343
8632
421
8426
320
8795
2765
6584
8798
6469
5854
1941
1181
31
623
895
3881
6757
6269
9769
9409
9059
4072
5369
3175
5244
8316
7573
227
6817
3740
2858
24
7710
9689
2048
5323
5370
4100
806
7848
5092
5100
8418
3527
9674
6729
8528
3202
5680
9230
1913
6236
1312
9187
7465
571
3827
7863
5725
7329
5337
5635
9334
1008
8558
192
1429
9634
4745
7103
8378
6447
3753
5636
4432
3359
9615
6662
7670
6636
9471
2150
821
5305
6521
1690
6747
1531
6168
3996
8063
8619
6336
2929
41
4191
3452
8266
8742
2357
9476
1206
1371
9398
8860
3164
1659
4495
6081
5569
7168
2323
5456
1483
7292
1157
3891
4367
8422
605
5922
2212
3338
8703
9362
9619
3822
2908
3369
6714
8919
7923
2589
4250
6632
7222
1354
2601
7412
4685
8004
315
8413
5941
1888
1983
8926
3176
2025
9056
2542
816
1406
3252
5306
7388
4357
9335
4800
8433
8734
5844
3293
9758
6689
2287
6052
8516
2755
1266
8957
1705
1389
4904
6227
6877
2683
1974
7619
6201
4524
6380
5644
5838
839
6274
7861
1189
1934
8333
824
2541
6001
2472
5969
0
8290
5762
9321
5836
5397
4396
1742
885
5293
3182
5105
2559
4816
5506
2628
2766
4437
4975
1599
3575
6533
9052
799
476
4610
5888
3494
9741
737
1552
1728
7070
3696
6114
8496
3077
3580
9686
3194
4617
229
6209
1828
9003
7014
299
8429
2162
5771
9157
1218
8386
8813
7342
1449
3152
4614
9100
7261
2976
1066
3489
8705
7716
422
3152
8007
8794
7851
7764
8118
2257
3497
7136
2201
8702
316
1513
3219
9760
9012
8854
3142
4543
2161
8914
8178
2498
512
3749
4139
2213
4329
8972
3445
3297
7616
3306
283
6697
317
2087
5060
3453
8797
8056
5086
2641
8990
6712
9615
3647
8456
5149
143
1150
2102
8344
9343
9773
5031
5628
3374
9106
4070
9014
8519
1694
2718
6673
5471
5364
3168
4872
3957
9513
3702
6401
738
2545
7413
5144
6151
7268
5704
4680
6251
5966
3692
9680
2783
6965
2177
3081
7926
7403
7993
9309
405
180
4427
3678
2623
724
2537
6465
4526
688
4994
3134
5543
7530
2217
246
375
3503
4841
5847
3630
591
4759
6808
1911
652
8160
209
3513
1830
4592
4400
542
794
7609
1515
16
9630
5341
5525
4463
2894
7733
9120
227
7298
6811
3327
6062
4361
4187
5870
919
8084
3356
2862
2687
9306
1379
1058
7854
4122
7373
4404
4874
2754
7485
7342
9752
8414
3120
5815
138
1410
6103
6897
7224
384
2165
5534
638
3291
4166
4652
1184
4172
4089
5495
315
1527
8869
6225
8614
1427
8220
6964
6200
274
1840
3938
2401
5666
1750
4362
3771
9135
7123
1613
1837
1624
6091
7241
9220
9407
1305
4960
233
5008
1954
8772
1429
8570
2366
4805
1590
2373
3252
8391
1698
1456
3225
4437
2231
2839
3047
8927
341
8971
295
5474
8023
2496
1008
6227
2158
3293
1604
5151
359
8505
1696
713
348
8697
7132
4771
3846
972
3662
1734
2556
8567
7730
6386
8154
7160
1880
6146
6730
2628
2737
7853
3345
1984
1625
6268
4662
3125
6815
9398
8850
3455
5437
7487
485
4202
1214
12
9242
7781
2294
2141
8301
9635
4097
2179
8215
2404
2250
6383
1598
6093
436
4979
7260
2027
783
9514
8573
8918
6035
5965
4995
9053
5572
5705
8178
9611
3001
6953
6550
1416
9115
8387
6736
2712
1466
9553
8303
7480
9767
5540
7451
3182
2368
6215
7368
856
4578
4805
28
2060
1371
7358
8768
5567
1549
4050
6038
4401
3782
9157
9761
107
6217
8788
529
1120
2647
5745
3271
7864
1025
2538
7186
2647
6141
3351
1935
4041
3825
5598
1756
4197
1927
1841
7269
3404
2541
3142
6242
5541
5546
3907
2844
7409
3939
3627
315
4657
5558
3289
5095
1987
8494
8826
6512
1918
3749
1238
2698
6793
7317
6936
1136
7119
2979
699
5717
2117
6457
3369
5596
8432
6745
649
6744
7933
1003
5348
6535
2913
9450
2407
4046
6678
5931
5217
4276
3334
2107
1655
1855
1794
8004
7050
6451
7645
4827
4153
6934
9724
2642
8418
341
8513
8333
2959
660
2166
8097
2789
1266
5934
8399
6531
51
7128
1801
4525
2324
2192
7224
7155
4359
9488
4372
2182
1251
1375
256
2264
1397
3529
76
5495
4127
7295
6282
8791
8988
6209
8523
1444
9157
5926
9625
4647
473
3596
6215
9127
6282
1064
5991
1972
3055
515
9402
3159
3066
9673
6170
1000
2531
5302
1166
6087
9763
9385
7223
3658
8400
3088
1595
560
2821
3482
1524
8961
2589
5328
8944
2001
7458
5958
4305
784
6406
7877
4885
2063
5338
8924
3004
337
1660
5845
6763
6648
2556
1221
708
2543
180
6389
599
4933
7195
8114
3683
123
4320
5921
8334
2457
3171
4604
3263
6125
9787
8854
714
5973
8900
4260
646
9183
4395
1402
7153
8549
9291
3187
9343
7308
5609
7799
2751
8246
4979
5136
9659
1256
1075
1738
2815
737
6135
2733
2436
2237
7713
2668
8207
8712
9364
5554
1525
5326
3938
6744
6778
7903
1315
2163
7926
3738
9118
1277
2731
5146
4933
2300
7116
3510
6789
1454
8625
505
4170
8368
5023
403
1737
905
722
8364
5716
2463
1046
1781
7203
5633
9624
7741
7545
7251
2130
2151
8528
4369
3730
5256
6743
1454
4442
1678
8597
606
6279
1749
175
4609
7224
3645
4882
4517
6980
2453
173
7826
8336
4995
3096
3848
1853
867
2190
1699
6251
9480
5130
2077
6359
5199
4852
5433
2601
9048
4232
4359
7640
3900
4013
3011
4776
5365
8540
2922
1581
2446
6153
4504
5820
3422
2648
7429
89
8491
5260
6873
3314
8207
4114
5619
6814
7179
3428
8098
5729
1544
4430
7898
3508
3116
2245
5449
6789
9100
6236
9493
9037
5551
7279
9721
5455
3451
9389
9303
3988
8185
6910
1735
4015
2639
7869
2612
5462
8855
1284
9120
3622
2919
9014
9062
4797
5524
4783
1671
9081
8855
3049
229
537
5194
7221
4558
4864
3499
3953
7732
6932
2877
7513
5816
5625
3297
1516
9372
2096
6354
8959
8930
7148
9240
519
6887
2821
6322
6916
955
2801
9471
4594
985
8366
5889
3353
130
1974
6158
7807
3123
7632
8182
3129
3300
5580
7808
4749
8125
8390
9594
2410
4671
1822
4911
5689
6273
5940
3383
3606
6236
5550
3189
9455
391
2868
6402
9431
2707
2561
9128
6094
9765
7874
1084
1461
4065
5053
882
2122
3300
3261
3845
5967
1118
6720
9582
2464
3310
483
4492
6250
3759
3243
7393
2474
4402
645
6640
6875
105
1654
4506
40
9222
5777
7243
9070
7238
8599
2516
7985
3112
4117
3531
1616
798
8408
3061
6379
9165
3740
5568
2420
3942
6502
5025
814
3440
3821
3458
2278
3786
3196
9774
7041
4836
6296
6300
6450
2819
5611
1440
962
6149
4270
7523
2372
3066
743
8433
8790
1516
6728
7167
6281
2204
3704
2712
1224
2837
4618
4756
5787
8259
4983
3402
4771
4537
4762
1778
431
2971
8693
8425
6595
2660
7507
7947
2322
1620
7676
5798
5178
3202
9239
7680
1206
3820
900
5488
5436
4200
2406
9700
4240
9728
4259
9361
72
2610
4695
1701
9212
3501
1353
6450
8633
4493
3590
5084
3969
6038
5619
4230
1110
5141
1951
1847
3492
7889
2642
1907
1190
4033
3866
5310
948
413
4885
4955
8793
8901
3064
7745
6654
1015
4014
7310
1533
955
7040
7952
8091
5925
75
1370
1451
995
8957
3055
8879
3184
5818
2528
890
4932
7491
3902
7625
6917
3446
3918
1702
8176
1944
5772
8812
3394
5412
3372
7539
5209
5301
6277
6688
6243
7799
2994
4756
9275
3658
2952
6557
7423
4224
1322
8411
8954
3055
9049
1601
7894
998
8387
9067
6408
488
332
3408
5619
4643
9766
7414
6165
5120
1365
5286
4614
6880
4413
1425
1162
5467
5882
9543
9540
3670
5577
3393
2057
9335
9114
6205
8982
2798
2275
1501
4388
4093
2076
5529
7091
3464
5041
5684
1095
377
6159
8513
4899
4870
1367
6911
7382
6665
8755
256
5275
903
8663
4360
5030
1443
4236
409
7290
2234
6809
3997
8952
7451
4579
6549
5291
949
8416
487
5815
7429
5541
1060
7358
5928
2049
1328
9789
9022
7106
2919
6553
3712
3489
5616
9089
4943
2828
8262
4837
2013
9158
6754
2101
7142
6923
3294
1525
6623
3344
9502
7535
7182
7531
9181
6681
5557
7970
1300
9392
6969
496
897
492
3732
5921
3119
7803
1093
6548
5433
5222
3383
6752
8877
5628
872
103
3110
2627
1318
6864
8947
3512
2071
1373
5732
624
8419
517
4541
7025
9588
7941
2862
1471
1173
9477
7030
6316
7109
4741
2080
340
9005
7071
6919
7313
7739
4433
9777
842
8881
9496
3208
1382
9142
1854
3826
1276
7594
8178
3378
5934
5531
8603
450
1102
1711
4389
20
6389
6952
8959
5591
9089
7671
7721
1673
1758
1918
3606
1384
3504
6037
8006
2962
6619
1761
2285
7418
1141
4044
9481
2274
2229
2751
9729
5856
1057
8869
7399
5781
3322
3351
6428
4291
231
8790
3678
3218
1457
9515
2752
181
3643
7134
4434
675
8656
699
1031
2829
1924
1626
1779
3953
4423
3814
8544
768
4537
2726
2902
1533
9362
8594
1675
2312
7173
6524
5718
4935
6809
3421
8284
4688
3297
4322
3406
1950
677
6780
3681
2525
4436
4156
2742
4820
9577
4863
8854
412
1558
7475
9435
5263
3286
2678
1220
5816
4166
2698
1297
5869
7994
4788
1750
1829
6071
1234
9760
5167
8534
1022
4247
6102
974
1844
5565
7856
7378
7720
6147
267
6387
2737
2311
5684
8596
3386
7367
4818
3289
9652
9529
1250
3918
753
5832
2534
1929
1847
5353
85
2695
4983
4389
35
8892
3854
7724
7720
2078
9106
977
2501
7004
4808
6000
6739
3786
9613
6275
5138
522
9097
7849
2401
1188
2019
1303
7832
1230
9473
2145
5380
7216
4722
74
270
882
6353
3777
7493
7610
1098
6026
3342
6138
437
143
2736
4688
9277
5227
7090
6377
3784
8966
2321
3398
4451
9783
450
7195
5801
165
957
2191
4559
7870
1195
3451
9463
3127
286
7980
7916
9047
6686
6324
51
4085
6508
281
3595
545
2371
9031
5575
986
6421
473
5306
7400
6497
3395
360
864
6814
3656
4179
6933
4418
633
6248
7642
1407
2842
2116
8701
6575
2245
6713
530
4266
3069
5811
1281
6131
1243
5374
2012
367
344
7839
6512
8913
753
2614
8875
4389
7132
4580
4442
7552
1858
5860
3148
932
6696
4780
6654
3628
7267
9233
2024
8115
4590
2667
1919
9256
2951
6379
3265
6415
7608
469
5543
7187
1298
2432
5309
4093
9463
2358
701
8308
9308
2433
98
7809
4212
8059
9761
9531
3229
7146
9610
9630
4335
1515
7759
8592
1394
9308
4934
2569
9590
4667
7864
1636
7862
9008
3076
3542
5011
2526
7512
4308
5536
5920
7598
5685
8907
8189
306
5525
316
8670
5127
7913
3661
6600
5886
3201
6017
276
4503
9641
4348
7929
4955
9552
8084
5755
1374
8673
3756
9731
3557
5828
4521
9232
282
3022
2537
3599
6152
454
307
7731
5559
7112
941
531
183
2129
5795
8933
5384
8247
7889
974
2206
1186
8323
3614
9629
1697
5418
1282
6658
9330
355
2370
686
2556
8774
8519
6114
4387
9466
4180
9794
1827
6599
6522
9122
5645
3729
3590
8876
4315
5982
2803
7334
946
4405
4079
4374
7001
3887
1509
7958
3163
1794
1530
8514
2336
7336
2449
4729
974
2459
4134
9377
7737
9538
9320
3528
1867
5043
7670
3364
9439
178
3209
3087
6449
7759
4979
9725
3832
9754
7742
9755
4848
9388
2625
7054
2117
1234
1032
8035
8574
5122
8117
1138
6473
8902
4666
2596
151
1156
2300
3574
5347
6155
2864
4863
4963
112
527
2293
479
7109
2158
5529
886
6322
4619
1527
6570
3602
5137
6424
1861
5761
5710
5540
6111
2604
6009
8333
527
8302
7365
7173
9489
4610
2073
5831
693
2288
5850
6781
6838
5032
9109
244
6817
8715
2566
2306
2748
7104
8696
5067
3310
1356
3842
551
703
309
7435
3505
5516
7888
7136
9220
3869
6610
9132
6344
6930
7846
9252
272
2309
6370
3941
1470
568
36
3416
4774
3987
4624
3475
2950
2437
1308
4554
8920
5638
7823
6159
6962
6185
2317
8652
4029
6211
2297
7748
2267
3295
9596
7811
8828
7317
7845
2565
6605
5635
693
8687
7761
7134
5788
8524
1939
3470
9156
7297
2830
5214
8587
8872
3524
9667
2875
3270
6850
2841
9549
9573
7306
5363
5904
3693
7719
8415
4570
3808
8949
5288
7538
2532
7486
5213
4009
2985
367
5395
4304
9224
8920
3398
277
2146
5919
7867
712
6085
3337
2780
328
2279
7722
674
685
6253
8055
1675
5242
2320
2425
7187
6539
9210
8068
1928
3836
7053
4290
4352
5176
7828
1418
3040
9375
2030
5969
3229
5698
9527
5511
1826
1459
6086
6225
276
3203
6141
348
8357
1639
4200
5913
8286
7315
792
9255
7630
4260
2296
4076
9665
1792
4712
4397
7052
4875
8372
421
9684
4109
637
9457
2056
2793
7436
882
7674
9344
7990
7388
7350
4472
2050
1324
6561
2779
3671
7786
8272
6012
6666
7876
1532
1931
1638
6702
6055
4753
762
331
6321
2917
1826
1897
5435
9662
447
9111
3905
2801
2402
4518
4672
1727
9638
2423
6191
3394
2239
4054
6018
7991
679
840
1727
4134
5389
9139
7905
4952
4372
8637
156
191
3913
901
9219
2671
8781
1088
1826
2266
7536
2118
7858
510
3966
6033
8864
743
6296
2502
8340
4748
3228
432
6971
5854
4309
1806
6570
5592
6581
2068
2435
6021
7220
5914
5335
2623
6735
1299
4096
9439
7268
2603
8595
2411
4444
195
8034
7962
5181
1787
7124
1136
5034
9747
994
6626
1912
7639
977
4140
2047
7880
7879
5961
863
5378
3598
1847
4353
8604
4763
8383
4631
311
9430
1648
4328
9032
3463
499
7178
6890
5281
15
9348
6967
9011
9036
9064
4213
8543
7079
8211
1228
6012
6372
4359
3824
2016
5607
4893
7655
9280
7016
4585
5679
1302
986
4299
6846
9407
6809
2878
2328
2299
1123
9276
9186
7412
763
2197
9425
5443
151
2631
3646
2218
1190
6837
6676
9533
1978
8137
1020
890
2505
2156
7725
4782
497
3526
2767
7279
4367
259
5206
322
5579
3682
868
3649
9524
5059
7106
1452
4892
6273
4019
8741
7076
5929
4905
9176
9631
2885
4402
8261
3355
5997
7398
6741
9507
2778
2292
5863
7064
661
8717
2994
229
495
5785
6396
4137
8160
4663
2094
3352
3531
9457
283
9458
3978
5153
5188
1281
2651
9337
243
934
7877
2842
2976
1290
1549
6711
2067
3828
1028
3816
2463
5923
8325
547
633
5105
1059
2529
8198
9593
3568
9138
2213
7125
5164
5746
913
9511
9793
6699
2571
7416
1463
3131
8261
2022
4623
6522
3450
5474
8804
2120
9262
3768
7731
6020
936
5417
5410
9331
7567
4978
5336
5999
3402
404
4501
7226
7581
4375
5985
5445
6697
6962
795
7542
1687
181
9786
1625
5660
4549
6457
3375
2313
2937
3905
8964
2142
7420
3694
60
8667
402
9290
2308
7504
4423
7286
3619
1683
3017
7789
7712
8899
5735
8657
9080
3195
9639
6179
2367
4130
5872
5897
75
4280
478
10
3810
9577
4788
4630
6307
6792
9023
5130
7543
3795
6904
1410
1849
7132
985
1239
4480
1204
5039
7725
8784
2059
5516
5249
6695
1073
6922
199
4982
7129
5845
5022
715
8193
3978
5280
5004
7186
5176
5936
3065
9363
4956
5595
3937
9168
766
3878
5462
1557
4752
7106
9125
7836
698
9627
4479
5246
8125
5881
9111
1144
9541
1464
53
3211
2465
1617
2199
1068
1892
2823
9267
8753
1828
5075
2890
9501
1335
6312
2789
967
2907
6700
8277
6528
5153
4989
7899
4653
2318
5254
861
3308
5109
9315
980
6007
1966
4769
6915
1631
5021
7404
6046
6112
7755
8379
9558
4220
3785
654
7107
9278
2420
8225
714
8765
3618
1646
2789
3848
5335
4143
572
7171
3668
7025
5842
4153
9433
2691
1748
3586
8513
6841
8105
9507
4177
8739
1636
5120
3843
8248
9272
5765
669
8632
1365
5328
9197
3527
6576
6981
3806
5331
5226
9395
4651
9697
8814
5192
489
2574
8212
6723
6132
61
599
3736
3677
4406
9712
4822
2258
4012
7945
6474
217
6467
1597
8576
3706
351
6585
9680
8491
3970
8324
7825
1801
7572
8215
7034
4245
7821
9641
7016
3926
8424
5705
9164
8786
1591
4322
4586
1133
3763
7503
8095
8169
4818
2115
4786
2570
3471
9780
6890
8233
4182
4791
6008
8760
1906
8620
5843
9551
340
6234
4930
7736
7189
4694
9410
7868
4654
2432
8327
4679
4932
425
2555
3260
1826
2575
1417
2644
7575
2571
9559
5051
9235
5315
4562
3388
9483
7627
639
4417
2804
1877
3698
679
1372
8923
5452
6457
6682
7979
6901
4511
9535
124
8825
6826
3018
8424
2128
3231
8523
2216
8345
2001
1414
7552
4890
536
4588
2725
8564
1594
4641
1084
4803
1599
266
3490
5099
6722
328
3522
6360
1951
3582
8451
3965
2278
7971
6276
2891
2141
2992
4604
7122
9263
9403
3040
7696
1319
1171
9042
6415
4384
6699
3114
3611
8221
698
3190
5486
6720
1717
4628
6104
7664
8748
4885
2814
3283
7042
9144
7586
6298
1467
8536
4703
6078
8183
4100
1376
2734
3769
741
9740
7499
1393
698
5868
2224
3200
776
240
5829
1958
1484
2916
914
556
3522
72
694
4206
2100
4581
602
7206
4605
225
9404
3184
5694
7051
6222
3302
2870
3785
7213
9523
2039
435
600
5317
20
8784
8099
8142
5570
4376
1886
8724
1389
2105
292
5785
6178
8791
7623
2365
6701
939
7356
73
1077
7655
6487
1935
8780
3632
3154
7923
9522
8663
8488
7741
475
313
2142
4957
1427
1067
9762
8191
5022
2974
5308
7814
1116
9374
8223
832
6050
3198
4907
580
1521
2898
3959
9151
3430
9171
2512
6212
1938
8048
3708
8626
3705
6915
8605
1266
2371
8803
27
476
4054
9297
3461
4210
4973
7145
9171
1149
3369
4028
4434
2852
8925
1454
8315
4347
726
2271
4582
8720
5210
4307
2999
4869
1693
8691
6574
8135
6323
177
3381
1932
3872
6471
8994
8841
1845
5388
7980
834
2076
8934
3675
123
2153
1931
842
2247
5695
5033
5692
3299
5645
2930
2889
5914
7369
1212
3517
2993
5602
3991
791
7354
2075
6277
3484
5153
6837
7071
8634
5099
5492
5512
121
37
2644
7306
4251
3960
2562
4245
5237
9755
5551
7798
8928
153
6935
8503
6578
6976
4897
8800
8355
5640
4179
8472
3670
2638
6122
8437
629
8334
5516
7619
2747
4417
7946
6137
7872
4158
7311
514
576
6680
5024
7426
588
1259
2513
4455
4438
7214
8619
319
8147
5198
4805
5716
6006
1476
5053
6010
1928
8229
9195
5692
3018
8750
1857
6170
5110
773
4188
9254
3249
7447
7176
7967
5184
7084
4480
3545
4322
6911
5169
8854
8034
8947
4612
5130
2697
7378
3459
903
6631
1450
3944
7374
9628
7699
350
990
4480
985
62
9606
6685
2044
6086
7741
5836
503
3361
3049
2560
758
1363
2817
1726
6621
9588
8462
1595
2791
9462
2277
1200
4387
4495
2152
869
4360
5457
9350
1655
1707
2276
6083
1838
8463
1452
5965
1765
8315
4379
3204
2574
7694
8596
5922
4455
8974
3604
7229
8083
4225
9227
8853
7565
1087
5157
7143
7484
7300
6312
4809
3546
7361
3710
1125
5996
7137
8576
1306
420
8122
353
9425
8895
7100
8280
230
6525
8942
6716
502
1798
3030
4004
2377
8268
657
5412
180
4743
2287
8906
5581
7078
5608
8437
5729
3632
2028
4889
1530
9301
2195
5829
8269
6880
5625
4314
2339
3708
8293
9433
3234
4554
1420
2906
6180
6221
2616
1428
8799
2750
8757
9349
7269
5165
8812
9542
8965
6566
4492
81
566
7080
4284
6201
7021
2292
4896
707
7834
5740
388
2764
2968
5506
5558
811
696
750
2330
7231
6734
7818
354
8912
7775
8815
3332
6855
3448
6530
5422
1417
6679
9695
4239
7876
9517
5370
1007
6177
1706
3704
5323
4204
851
1412
9296
6976
6794
6314
8965
309
2939
8014
4337
5876
6776
6557
586
1297
4909
8089
5480
4725
4930
5151
318
347
5346
9246
4568
1604
2101
1858
2957
5814
6096
5205
8309
5523
9058
3551
7776
931
6279
2195
7958
3346
6441
4164
1977
3634
3636
1483
5325
6690
4003
2785
692
7967
8437
4887
174
7654
8785
771
8707
525
6250
5111
3060
1831
6185
5624
3991
7981
4671
5467
3031
8101
4383
8106
6746
2724
2653
5558
874
7281
5648
9457
4814
9589
7786
2250
142
2772
7581
7235
6794
1878
6564
5375
277
4467
1526
785
7178
8111
857
4522
2165
2623
5514
6941
2619
7778
1716
1738
5276
453
7776
1345
6791
1489
6693
6106
5321
1197
8221
229
4817
4597
860
4487
7966
6537
9659
5543
4687
5849
8614
6098
1912
3892
4262
7153
7398
1795
6812
1643
2605
4165
2777
3033
2353
5778
981
2514
6155
4489
5279
3358
7570
9575
7550
3712
9333
9198
7649
8659
7134
7146
4488
3502
1260
5216
2138
6110
6298
7682
4020
6979
8413
2099
4964
6888
7495
4052
7647
413
1878
9669
2616
2977
8773
3390
184
4082
7245
38
5689
3853
1506
1949
5000
7137
1979
8550
7469
2739
3581
9653
362
7655
1987
7557
4357
4995
3565
8385
4699
808
6736
7428
5869
1842
3281
4718
7908
9496
8020
5922
1475
6741
212
2641
3797
7584
2017
3148
4916
4838
9356
9784
324
8629
2669
1729
5680
1570
7344
3062
7839
5108
8760
882
383
3587
699
9603
916
9093
1867
3480
9086
7513
9572
7550
921
8266
2378
493
6273
5676
6144
937
4058
1163
8727
2595
872
5501
2664
7559
8303
9242
379
8186
3192
1596
5373
2410
7380
7384
5450
8373
8239
4486
6951
377
792
8174
5382
8206
92
2720
5315
3122
3526
807
1557
2712
6847
7000
3684
7637
4147
7139
7903
8017
4679
836
3605
1651
6826
6713
1956
323
2714
9653
7520
3529
6241
9695
3954
5446
1918
7451
3414
3134
6038
1403
6746
2945
5513
8586
7653
1242
682
4661
5857
6527
8257
5185
3323
8032
5814
635
4611
9321
6561
8135
6987
1282
3104
1317
8560
505
7077
7023
3201
9103
1032
9037
2412
8955
9452
9051
5951
1081
4325
4255
1041
8761
3432
9480
2618
891
7320
4239
2285
9208
8890
2758
2206
196
1432
6165
9602
7409
9799
3305
3877
5907
1115
4715
2434
7229
2072
9076
7954
3885
9243
3082
2296
5522
1821
8131
7200
689
5638
1494
9306
4672
3321
4606
6483
5179
6017
3680
6183
832
9687
5248
327
7473
9278
7139
6926
5342
7632
585
4780
6835
8707
3728
4895
5312
4837
1741
4535
3944
2850
5486
1929
6472
732
4215
1875
4382
9149
3523
6139
6905
4225
7930
3266
7412
2781
3037
4840
1179
15
1936
2907
6779
7911
739
2896
6984
9191
5840
3307
567
5061
7911
2443
4331
4863
8950
8467
9534
1078
4455
4855
6268
2700
1603
862
7939
7229
5988
4610
5102
9009
6005
1507
4450
7255
1637
2593
9459
9503
8672
2321
3856
1758
1314
2431
8335
108
3529
7800
5571
3308
4750
5319
3622
1320
3976
6758
9305
1660
6134
6904
6419
1708
9229
5661
7666
1735
9076
5339
133
62
7070
7257
6589
8551
3830
2624
1602
8431
7176
8719
4618
8913
2688
4881
5304
1939
4417
6891
1311
1619
8409
3642
4956
1373
1435
2913
9442
5553
8089
5876
311
6244
5898
1896
7797
5134
6849
5094
8681
258
3154
3578
1941
8891
5881
4114
2659
6615
7784
6945
7877
8282
8664
1591
6969
8225
7644
5614
8656
336
8158
8405
9773
3362
761
8396
780
1094
2889
7682
3686
9151
1491
5795
5257
6955
8853
5089
1711
7396
4895
3659
1931
4842
4219
5694
1304
3984
7522
732
8460
5763
2
4186
616
2074
5829
8403
3865
5201
4392
5148
2512
4069
5548
584
2031
8478
8230
897
9677
3123
1859
6890
1076
3135
4964
835
5341
6026
7878
8038
1135
6913
263
4036
6984
7563
1273
2088
2108
6830
2807
3788
669
2236
9018
2078
1030
5763
5883
8112
7819
3917
9685
6125
3242
4646
62
8293
2523
8237
817
1973
8296
1554
7174
2183
9289
4548
6082
3780
8693
5122
828
9590
3244
438
1672
5531
2502
5920
9172
7719
5770
7797
3766
4011
2886
5158
5012
5012
9532
8547
4380
4202
7860
3100
38
4020
8159
8894
5309
3283
41
4713
8805
4778
7779
7605
6957
4869
9644
8973
539
913
5554
8209
797
4300
8911
6028
9404
9530
3356
9645
901
3673
9740
222
7013
3383
8123
5717
9674
8839
1078
7114
2385
2341
5291
2705
8097
3091
9317
4502
891
913
9128
5321
6076
3081
8032
608
7068
6465
8572
712
2567
1309
6436
207
1317
4954
7233
5518
7951
5718
824
8790
7847
7893
2384
9461
7970
2062
7824
1311
1093
824
1893
5993
7336
4998
2369
9154
6531
98
3710
8317
2880
2745
5452
1861
3589
9083
5969
6756
4343
8512
2677
6126
890
1405
4022
7773
8405
898
924
9799
9166
7359
1235
45
7066
3905
1428
1841
5444
23
9629
8338
8668
3577
6533
1716
796
8979
7199
5962
1042
6455
8228
3982
9762
96
6217
1288
2577
9201
3530
8405
3233
9718
3315
1229
8122
6968
2179
812
8774
5290
7838
1208
4772
1383
6695
6859
1320
7865
2566
6777
7180
3018
6129
7753
2820
7107
8699
1246
6220
2134
7935
3442
1945
8176
9224
8131
2214
7663
8290
2173
3034
60
1104
451
1492
6407
5004
3074
429
7688
8287
5971
8684
8539
2748
2000
4938
1621
4558
1596
3437
7219
2242
1429
4625
1027
2347
9646
8756
6388
2486
8271
4159
3176
8142
9786
9233
751
3457
7960
4151
9014
9788
1634
3145
9383
1007
6081
6770
7680
6525
433
5767
9279
7150
6607
2104
8152
1850
1402
7470
8575
5166
4514
2986
7037
1498
3132
8780
6604
115
2956
1760
1736
6784
6978
6168
6109
1581
2696
4254
7050
3837
9139
8845
4372
2633
674
8566
7591
9773
6524
6240
4625
1884
7788
8863
3665
4695
3741
4305
6097
6769
129
3021
5424
3657
6032
3697
8112
8363
8667
2784
739
9258
7389
2866
3919
6825
839
5988
6286
7674
1355
871
6912
5413
3586
1093
2096
8009
8422
6540
1148
938
1587
8450
1706
5850
82
5571
8079
7953
2376
6258
1325
4114
9305
9001
6765
758
5482
6601
9414
52
5553
8507
6213
1350
7832
127
1187
9070
4224
6732
966
5199
1788
8609
5358
2940
4341
5584
1181
7456
9147
2835
3132
1476
3523
8067
5289
6982
1800
4853
7077
2216
9350
2685
4922
7428
3952
7631
1087
6931
4595
3079
395
8438
3415
9011
5706
4885
1042
1392
4356
911
143
5741
8898
5067
2611
9126
6906
264
1444
5077
4198
4904
2559
8644
3883
7097
6610
4697
4552
3026
1053
5735
278
5764
4979
4048
6061
8132
1180
6018
3649
2274
4390
6456
462
9053
2826
3220
2043
9170
5186
3697
6724
5129
750
9277
7039
4182
2489
4332
1993
8339
3872
1550
4650
1606
7515
2542
162
4039
6475
2203
1234
8255
6739
1449
9056
5787
3777
1263
7643
6857
4891
7987
1799
6857
5790
2324
7762
5292
3127
6611
8609
9656
8170
3662
1562
6811
432
9114
2743
1140
7963
467
3229
9300
3418
7285
3688
9253
6177
1108
1332
2125
4727
679
2390
3444
3460
5810
7648
6594
6492
1353
8329
4265
8655
6947
3057
5787
9391
5239
2653
9257
3455
4556
8618
5785
2406
7138
303
3663
5134
3805
3483
2101
8551
4996
2796
3043
2941
9769
2266
1379
6427
8160
83
7542
2429
7734
8150
9766
2561
1944
3066
2032
7018
4962
3009
3560
9242
3801
4943
7327
8485
4240
2260
2690
9126
9415
387
8802
74
1021
6718
4577
1107
3110
4842
2153
8704
2185
7770
8533
2025
7772
1125
3371
7040
4271
717
3221
3959
9433
9147
1771
1328
1987
796
8584
6642
7910
3919
1406
4975
8812
9033
4654
1183
3646
3281
1204
3362
7091
8857
7536
1690
7796
8493
7923
1395
1146
6933
4847
533
2401
2590
4775
5295
9474
8380
4315
4151
5524
1254
4378
2591
2768
4033
6174
4107
2791
8904
3339
7493
5466
3161
7607
1531
4644
7021
60
5094
9518
7446
1216
9454
7471
3215
2630
3981
6756
5117
9131
3676
8548
4300
4145
6953
5697
3549
6417
614
8717
6376
5394
2294
3097
9605
2602
8954
8784
7841
7902
6400
8352
2099
6922
977
9649
5003
3894
8446
4245
5077
2208
8847
8511
9401
4927
4399
7158
8245
5236
3609
6639
1985
9422
4507
4232
7511
3889
8166
430
7414
3751
806
1053
6160
2298
1028
235
651
7248
6600
4905
4302
578
2944
7866
8754
4650
4834
8867
2665
2540
9532
9188
7756
340
1235
3068
7712
1943
6863
2719
5545
4637
3093
7615
1148
5321
2254
9672
476
3828
7453
3893
5823
706
9767
8556
8109
2085
9143
7316
3432
9421
4101
2045
6516
5434
3128
5804
190
2310
1911
283
9307
9756
2376
7557
724
971
2503
6486
5214
4464
7007
3917
6922
3965
3882
2411
3373
3943
8573
3119
1213
1369
3339
1192
6728
6841
1413
4852
7868
4581
865
1526
3508
4556
3629
5334
4895
282
470
8896
1486
9325
8790
259
6724
899
2771
8058
6445
1386
7526
5605
7142
1261
9701
416
2181
6744
1021
5210
3476
1534
5063
2201
4027
9219
8694
8439
2690
2812
419
6391
899
1167
6135
2595
1643
6552
3992
2251
6641
3903
1631
2686
3204
9512
7012
1730
3453
8737
6453
2020
3269
7149
2299
2265
4825
8762
2814
1212
904
3832
3860
7788
5832
9716
4930
8893
2697
4465
4859
1383
8056
1336
2295
8590
5610
9144
5215
7994
8499
4381
770
607
457
5841
7665
3450
7704
6285
4712
9675
1952
3542
5557
6755
1853
8636
8732
1099
3102
5950
7585
4631
1287
4441
2421
4213
7190
4515
8160
366
7970
6371
7875
8454
8117
4190
5533
4772
3963
3763
8818
7602
5177
6525
6420
2510
7210
5677
409
8795
3731
9739
2423
8297
6127
6525
8381
1433
8719
894
9557
2906
4635
7422
4051
400
7093
971
4182
3656
406
9268
6315
5084
9381
5593
4983
1798
5157
1827
2877
5859
604
8646
8886
3827
4712
4722
645
7691
6342
3783
3811
5684
4566
2383
6842
6512
5429
9043
7000
1486
576
1674
7930
6184
8729
7747
7753
1124
6797
8431
5559
8078
1781
700
2845
6812
4126
34
9452
2140
8202
5592
7663
6648
2123
2610
507
3452
2539
8626
3380
8872
2194
1430
7654
7622
7487
7203
3015
5915
1770
50
6008
19
4165
2709
7092
1850
3558
6189
3353
6923
3542
3274
344
6177
931
6003
4205
593
8661
1268
5400
2288
3560
9781
4498
6675
745
382
4145
6063
7692
9098
494
1364
7567
3850
8097
1063
1677
4339
6577
684
2790
4521
5375
9609
2079
5933
5871
4140
5018
131
5506
260
2398
6201
5107
7277
4965
1584
3889
8966
7273
6503
8849
9085
8220
2580
97
9276
8495
287
4352
771
7878
3232
3235
5917
3440
4261
9435
5517
3393
3570
2107
7517
7658
2816
8777
1494
9337
8314
1592
3870
634
2918
6695
5036
8550
2123
7010
312
309
316
3929
7163
5432
3392
8490
6336
8259
8040
4943
9250
1445
1779
9582
4020
5169
9258
6166
1164
4582
5292
1578
2067
9313
4692
2781
2107
9121
2410
2719
8953
2843
8710
6181
8714
671
9379
4849
8357
7356
1813
2548
2705
4037
4009
9054
8635
5899
9723
8703
2697
6303
4591
9510
2070
7250
2012
134
7107
5149
4321
2048
722
9241
2061
2543
8930
9735
8908
8793
4881
7320
5993
6405
2201
7577
7805
9085
1354
7734
8807
2867
8834
6983
4813
5658
5746
3563
6933
6003
9654
2498
2904
7011
8736
374
4467
1132
5710
7401
4459
553
3134
4644
8364
3999
7246
3270
7817
6854
1286
3977
2287
4075
5838
1147
4440
4806
984
2276
4903
6322
6042
9175
5289
3147
718
1777
4119
5539
8150
5767
2353
4714
5837
4273
41
7581
3486
8037
6071
9619
4996
6909
3842
7047
3493
2652
1825
6972
4287
299
371
8258
6694
7609
2763
4600
6521
8224
3131
8980
9778
2605
3435
8144
6353
3594
2103
8290
7321
7944
2676
5860
7642
5871
3422
4757
8568
1585
2866
7079
5634
7519
5594
4674
9434
3981
2189
6167
330
6298
942
4885
8757
992
9427
7682
764
3396
6267
4346
615
6535
8735
1785
4101
5964
6572
6679
2351
1669
4293
265
4485
6171
5193
6584
6254
6014
4768
8767
8657
8519
1043
5924
6873
688
1995
6049
9466
1103
759
807
7588
7008
6349
7228
7537
7061
4852
2793
1099
5604
2875
3835
2340
4107
171
8196
8824
3219
5817
6714
5517
541
3141
4515
7023
6657
4884
352
1196
3041
3640
624
4805
3011
4088
5075
320
4241
873
5526
2033
9177
4489
684
8155
4522
8316
9688
5853
5159
7039
5025
5437
955
4436
1548
1488
5644
3632
3534
9413
6161
2879
8784
8719
4437
8256
2912
680
141
6042
6437
8660
4679
4866
8302
8409
9768
1577
8725
9769
7989
3291
9346
3076
4398
3267
99
8878
3589
1495
3676
833
2690
3301
5256
627
3769
2288
7975
106
8733
6471
169
4088
6223
8211
5223
6993
7988
6799
466
8916
7432
6843
3099
1609
929
4568
432
5349
6689
5135
8186
7985
1428
1683
6699
9730
2504
4830
5972
7849
7921
5430
4163
6598
3280
5524
2860
1927
9490
8585
5404
1320
2021
8994
6787
5497
5878
3819
5626
7748
9618
9242
3184
315
5782
5468
9020
5120
9721
5077
6576
7082
6640
4013
2565
4516
3951
1753
6809
7560
5530
1767
3246
7669
7075
2485
2876
6848
4583
7997
4297
6085
4720
3919
9511
6804
8893
8356
4142
1081
2039
4549
526
8127
8030
4734
3064
6450
4370
7524
2966
4065
6383
9750
3279
9400
5714
3507
877
2595
4693
8690
7629
5723
4454
5545
8053
3477
7950
4389
8991
9455
8099
5913
6623
601
1189
172
5941
7491
8952
6820
6824
853
4761
117
597
2238
2804
7723
5007
9770
4703
924
3284
6739
3399
8704
6761
4679
4125
7976
734
7350
3611
6955
2458
9173
1225
5920
1631
2689
9240
6848
215
1892
2355
9271
2350
6371
5324
4990
5946
5878
9333
1343
6452
5881
8636
282
8185
6258
7367
1830
6042
1605
9536
4193
2524
9156
8322
786
6209
7107
21
6624
3890
3246
7325
5194
9258
6712
5590
6769
4405
66
5055
6506
926
169
2935
9494
6509
2469
2232
8952
7755
4251
3645
9483
6264
6508
3321
2266
7841
9043
7822
8447
7038
4711
2172
9140
4117
5604
9655
5003
8206
3139
259
2481
8672
2971
9437
2874
408
926
8063
2806
6142
3652
4334
4657
5996
1384
8180
141
1067
3921
2017
5851
41
4751
5758
9361
6060
5158
647
1400
3232
8004
5285
3815
6365
8401
4548
4075
3150
7277
7825
2384
1004
9225
296
8230
8183
588
5706
6287
3370
2752
4593
1755
5674
564
8111
2352
1260
4214
6868
364
877
8253
7972
4634
215
6997
6375
4380
2451
8644
6996
1797
2958
6282
4946
5234
5038
2167
8430
4608
8687
1567
5082
4370
3598
7138
9608
8552
6606
8664
4215
7432
8832
2758
7382
3991
6846
4400
8233
2658
6813
4267
2523
8254
7466
2760
7561
9287
4067
1553
8973
8449
9009
9383
7941
2232
5370
7810
2539
7750
9097
3725
6930
5525
6535
5463
2918
4722
3708
7872
5644
4148
4003
5003
9287
9285
1098
7458
7003
4384
6399
6032
4156
4387
3230
1199
2949
1168
5385
5800
4964
1777
4785
3472
7697
8225
4352
5211
1282
3961
9558
9617
6104
6454
3310
6094
7610
3336
8161
4235
7763
5797
6102
2741
9401
9482
655
2945
3150
9747
558
288
4870
4819
2258
63
6067
7173
9486
1039
1803
6762
5046
20
4008
2887
5237
6360
5369
7291
3368
5040
4469
269
5717
1137
4505
9489
7515
1315
234
9777
2584
3073
8335
9229
3660
6331
8432
1941
1610
6356
7456
7816
465
864
2691
6033
2122
7265
5
6134
3732
375
1287
8163
5756
3948
5594
1302
4123
3347
5450
1515
8941
7108
5056
2300
5308
8644
3234
8251
8308
3312
7814
4964
7796
1181
5096
9197
6741
7519
1901
9415
7626
1796
6291
7543
7233
6941
4491
4701
7726
216
8195
4028
8479
8366
1175
6475
1499
8738
2738
7437
3525
5398
9207
7673
661
7155
4520
9017
3727
4368
3816
399
2261
5990
4038
6259
4486
8010
7760
4897
4705
3473
3550
2291
3194
6498
5732
538
8000
2085
5370
4280
8148
3648
3240
4720
2889
4226
9096
3690
209
8330
8304
672
4791
6710
3592
9122
6411
5384
6423
4214
1909
8769
8848
1987
1107
2306
5765
6676
7698
2926
355
2263
7213
9127
632
5955
2575
1418
3863
9191
2639
5350
9531
9182
9061
6337
5707
3847
3773
9570
6891
6997
1693
1863
9494
7815
4433
4261
4042
4435
1455
5253
6015
829
6746
4197
8868
7184
8128
4183
4696
3755
3062
8213
1294
6681
3003
1199
9518
3029
7494
9278
7693
1836
892
6761
4377
1715
64
5677
3961
1163
2019
6718
4839
9239
3891
607
4593
1065
7583
2664
6871
3617
2800
2721
3809
3273
9527
6335
5657
288
6363
1821
8767
5307
4674
8601
7469
2025
5696
5553
5704
9668
1454
295
251
338
5476
1330
2862
1181
9650
7513
5360
6779
3446
398
1656
1704
2761
6231
4853
169
3630
4748
5976
5809
183
4023
3821
5422
9420
4297
3355
3497
3628
2662
4826
4655
6405
6112
1352
2415
6045
3918
9628
5687
4967
4336
9391
4036
8992
2357
4393
5424
9456
8213
945
9468
200
9641
2599
4692
7904
9415
3293
3112
1506
2226
4521
2963
4142
4176
9449
2443
7946
16
5470
1046
2938
8036
7277
147
3787
3945
4678
6165
2092
5945
1989
8089
6855
1455
8506
3431
572
5425
6396
2409
2174
896
9345
6579
2614
5085
7896
7221
7031
4560
9229
8679
8556
2805
2920
3803
4969
8050
7424
6509
9105
3441
188
3462
2394
482
4509
1341
1450
3048
7757
3414
8482
5948
8317
3526
8905
412
7260
5386
7253
6248
8045
7528
628
3202
4777
2606
9566
7589
8158
9789
4423
6413
1069
5158
7813
5670
6224
6500
2594
4416
1817
4839
3149
8628
3496
3457
7953
7963
2243
5601
241
5263
8474
1500
3351
5917
4455
9799
6297
7809
3892
6738
7458
4267
5898
6428
7616
721
1252
2951
8139
319
2740
2794
68
8556
7303
1047
1314
2490
5134
6271
7244
8347
7957
9122
5441
8338
4991
6469
7562
4907
8760
3016
8192
565
3574
5473
7812
5232
2155
1159
6862
4460
855
7387
2086
7081
8534
5380
4134
4652
6680
9768
7116
9615
3912
224
665
2073
2853
6676
86
4906
337
3781
3553
7319
4680
2156
1653
8523
7151
3211
6632
5404
1236
3641
2823
703
4719
8391
5408
6363
7837
6522
6826
8146
3344
9267
9480
6540
6795
1769
1951
9633
8513
7519
6458
6418
2414
9466
6154
1989
676
576
2504
247
1712
8055
6754
3938
2972
7628
118
8682
780
2330
157
5998
79
1330
6067
1746
1036
3461
7464
5776
8511
8481
8476
9088
6074
4837
3275
638
8702
2473
6126
1704
6392
2727
8436
2162
8452
8563
5081
8076
6778
8977
8519
3968
6439
2183
4879
4220
4408
4684
956
1301
2871
4525
4876
5818
4253
7852
351
9646
3866
4313
9535
9108
5613
7357
9209
1296
292
8249
276
1685
4138
5347
4830
2137
1276
5674
3254
6499
3992
3804
6140
762
5041
7491
7409
4680
8130
3877
7200
9206
8751
9129
8195
4209
1384
6161
555
5335
1656
436
593
6746
6305
7701
6737
5475
5390
7596
4269
861
5900
6899
7705
3890
1684
5101
5828
1318
1125
4174
3398
4736
2930
13
1895
4158
3166
1870
1399
4711
247
5058
5103
7539
2647
9766
7706
8173
5043
7779
4963
2529
4408
6116
330
6013
2606
4421
9432
2241
8321
2967
5817
7985
2186
8012
6394
2138
561
2543
9399
9739
5351
8497
6594
6957
6460
778
3456
7096
485
5892
3231
2236
3973
3498
1837
7651
2696
9655
7946
8403
2289
7842
830
8465
3045
8103
107
931
1738
3747
2162
735
307
821
5131
2856
5236
7928
8041
7141
48
6505
9438
9042
1198
4176
8112
3196
9648
1271
2763
6891
3629
6307
9098
9705
2497
5949
3612
384
9000
992
4498
744
1898
2725
1539
7300
1089
7399
3434
7303
8201
1889
4704
5704
641
6020
3181
6037
9221
736
8413
9598
8547
8865
7710
5055
5738
2037
7820
463
9729
7096
4870
9747
2467
340
4317
2048
651
3967
57
5217
5651
6264
788
7253
768
1955
7891
1946
2025
51
7454
6516
782
2430
4582
4287
9081
3946
8736
7326
3160
9456
4681
6330
6343
808
1587
880
1793
7185
8529
4351
8597
3165
2129
5986
6142
8611
2769
5582
339
8979
7581
5259
3401
697
9462
7243
9105
6701
4839
6579
7089
4083
3444
8625
1227
4855
1655
3787
9178
9323
5230
1196
1470
2202
883
4476
1126
1259
3803
7872
2282
2923
802
2201
2295
6080
603
5677
8826
6227
1632
7753
8646
6054
5270
2072
8735
3118
4126
260
5606
4268
7699
4658
6541
6967
4473
9428
4173
3154
7533
3288
3423
5028
136
8718
5417
83
3845
4474
4634
4626
3981
27
986
1769
950
4794
1595
3707
173
8563
178
3473
8307
5310
9261
701
7337
5577
5122
6715
7474
9391
3699
1816
4253
9709
8535
6675
3826
6404
1421
8018
8831
5752
5417
3923
5491
4043
25
7618
5566
7587
3038
6286
5457
5541
7149
7038
7645
5385
7564
7368
7776
3228
2768
84
7930
5055
8547
8306
4222
9764
3249
9264
3995
5594
9228
8196
1186
8487
8546
109
2184
1258
2735
3711
5539
402
7438
7951
4060
2547
805
4672
9016
2160
2933
2851
9618
4325
1349
1215
8392
8616
4893
4316
5089
6420
4428
3021
1052
2891
4914
9748
5961
5431
7307
1526
7235
9325
7876
3858
6518
6735
3915
4511
8768
1874
849
1922
1960
4328
9177
8971
9739
2040
8243
2076
1466
8989
1178
7883
9121
4081
6184
7436
3699
4867
5399
8657
6916
3801
4736
1572
6939
9624
7472
7613
1701
4180
1814
5806
1563
9540
3684
4119
2890
3413
1447
1408
2558
1198
601
432
3745
9481
53
2684
4443
8332
3408
5998
7945
7841
9376
3831
6070
4974
9654
3136
8665
2899
9408
8713
459
6830
6531
3112
2246
6870
898
4198
9614
6062
9082
1065
6781
2551
6163
5092
2163
2736
5028
6431
5193
2943
5465
5666
8568
8859
7100
7441
8878
6785
5202
6603
7130
3135
8563
8740
9694
3985
4903
883
1579
6550
1688
7178
2521
7407
987
7106
8281
1212
4069
7572
939
7495
843
5357
5004
3449
6722
305
3022
4827
5299
8819
8458
1807
3742
9123
2667
8203
4664
5546
3229
8030
9612
8963
4752
219
7144
1350
8943
3440
1574
7074
9625
1023
1284
1321
8073
4216
2034
8393
6324
5765
1454
3286
6913
3007
3707
838
7179
9019
7202
637
4471
8836
8911
1955
1017
9190
2830
2321
9429
4283
6779
3431
3931
3737
1443
6009
9510
3105
4893
7222
1751
8667
607
3153
7637
4841
4317
6532
8884
1692
9661
3894
2576
5331
8500
5918
2405
8692
6592
8630
2750
4228
2699
6388
171
6415
3376
5770
9010
1891
4049
4108
7804
8435
88
5506
6074
8601
6913
7653
1793
2457
7535
8295
938
5840
1865
1222
1373
8332
3532
8805
4680
7364
5243
6203
7111
2483
3994
1280
2239
4985
8943
6628
9044
9150
3570
4158
774
2409
759
3547
9258
2618
2147
464
2344
6134
2106
8023
8844
8226
1235
3341
648
4523
7866
6522
6582
1526
7623
5490
2218
4066
7537
8796
3324
2347
8702
5215
7600
3617
8308
1020
9696
6387
1397
2701
8660
854
5351
8633
9386
1069
3358
7087
982
3116
3893
9791
8381
3709
4677
9322
7525
8685
2397
4500
1492
1579
7069
2178
449
1984
3004
3027
5681
425
6602
1662
1844
4378
8354
9584
8078
4826
9556
4336
6631
9418
8546
3838
6318
1983
6610
8244
2900
9797
1150
7749
963
7436
4129
6824
5721
8256
6094
2428
7505
9568
3777
236
1190
2923
5797
140
4974
6272
5867
3854
8463
6122
8768
2699
4106
8936
4382
4246
1455
637
5474
5867
5684
652
5017
248
5404
7782
6658
1187
227
1184
626
7266
8374
3593
4960
4938
2094
9442
9380
708
2432
7443
183
7489
2757
2134
8635
3380
6497
3559
2591
8307
7650
772
4168
5696
5840
3282
9112
8510
9103
1609
7408
3702
4624
4599
7157
1832
7286
6694
5749
3508
1816
4084
4124
1429
6983
9317
7522
1817
6716
7543
5848
9117
5225
8813
8720
5929
15
1578
378
633
7102
1781
1347
1632
323
9744
5584
3592
9440
9676
2354
6098
3222
342
5351
8934
9061
3323
7835
2611
1313
1708
3989
3340
3218
7240
3624
6661
5789
8088
8544
6187
3324
5873
8933
2435
5780
443
2370
1980
2566
2439
457
644
6125
6161
6380
4206
836
6286
4591
6712
7811
9203
8834
8094
1326
8060
5796
7240
9572
9795
82
3490
1631
7781
3978
2051
2114
3166
7370
480
2399
7046
6155
9200
8027
5503
9378
985
2748
8446
9071
5080
9446
6445
8497
4086
7786
8360
4401
8209
8331
1669
542
1694
1819
9398
8555
5345
2531
2248
2688
8870
2821
9318
4754
8754
3013
9243
1848
324
4411
7551
5686
813
8673
7254
8512
8123
7303
8691
2468
1074
1100
1890
9375
8940
7411
9663
582
5565
3921
7949
6398
2231
7521
4473
7054
8874
1481
2571
8724
1161
6929
6264
1509
5879
4998
5862
411
5861
6051
4441
2952
6208
1610
8022
4644
7926
3081
71
4932
7102
3946
5419
4688
325
8638
7243
391
5425
6663
9663
1759
9512
77
7814
5743
4242
3597
3530
6024
4136
6935
5470
3641
9723
2295
4663
4459
2264
2984
25
5228
4352
9053
5967
495
6985
1113
1070
1163
2726
7028
7518
7386
4470
8315
1177
7411
760
8256
5718
9494
5736
3199
4230
3164
547
3784
7974
2221
8974
2332
7435
5336
7175
5242
7386
7251
5910
7152
3465
8771
9357
9214
5057
8881
1505
2392
5259
5451
5403
4645
9063
532
1923
2319
5731
659
2357
9608
3368
9743
9766
1640
2524
1761
9196
385
1093
580
7799
372
8430
4888
836
3207
7336
4690
5656
5853
5657
9665
2371
8636
9650
4518
9552
4762
3673
3211
6983
6395
3901
5146
2620
3480
4686
6472
9737
7325
3538
8163
6818
7470
5440
7405
9099
1709
7941
1820
5137
8674
5103
2924
222
8436
4062
5301
4154
6945
1690
8763
6043
7798
1796
1319
9494
4832
793
289
580
5690
3826
483
2201
481
5023
1079
5393
1353
3489
3617
8293
7685
9257
986
1229
8203
5942
353
994
8023
7785
8590
9758
847
2643
9795
2472
6200
7444
2903
2849
2099
8239
49
9702
1496
9507
6014
1374
5552
4724
1466
719
4852
8775
3058
7973
5397
5837
7242
7590
6786
2786
4248
733
1532
7435
2678
3657
9292
9069
971
3899
5631
6715
4574
6597
8595
6269
8509
5673
7188
3673
2333
1692
8533
4092
9148
8090
566
5395
3650
5701
4768
2973
2734
3199
2527
4377
8798
3066
2800
1543
4718
4153
6760
1131
5596
7452
8194
2506
5716
8880
391
8577
9030
3125
9052
6150
8599
6334
6173
7305
6501
4024
2813
7410
6861
5215
2717
5840
9335
4799
4546
2488
4444
7313
1911
2749
8654
5523
9517
9166
2937
2226
7541
3380
2399
8600
8671
9116
9247
4496
5967
9313
5966
6857
599
532
9116
6273
7556
1885
2468
9669
4835
4099
5995
1445
3056
4205
8024
5524
3891
8645
8237
7495
3730
8924
7837
5102
757
256
2661
7568
765
9094
7985
3550
7990
6382
8190
7656
7098
4353
7890
505
1126
8261
2716
6439
4796
6633
8548
8994
5812
470
4424
7388
3662
9194
8299
3613
9418
3169
1553
1883
7282
5417
4206
4368
3159
3055
1396
7434
6101
1803
1499
7384
4516
6743
6763
8360
7498
473
7580
3115
9688
6390
7140
2482
1103
8599
8626
2369
8390
4234
3090
3317
2341
4085
6880
7461
8586
4846
2571
4074
810
5570
5924
4952
5646
4749
9742
7871
7159
1610
951
798
6982
4627
4617
550
605
8065
8879
700
6345
3785
7979
5558
5255
7643
4958
1744
9741
9319
265
2072
8319
2526
319
8971
8350
4421
3196
2222
3747
221
110
7220
9487
8282
2924
29
9356
3780
940
2674
6305
5266
6920
8670
1747
7717
5882
7820
7707
755
3912
8389
7937
7788
4372
8647
8125
4395
4545
5581
1255
7790
8786
4746
4899
2185
3240
113
6942
7806
156
7375
9527
6218
1114
7119
7580
4057
9621
1265
1764
8965
5847
9089
4440
5062
2367
3335
3600
9507
8040
9363
4901
3714
7158
9050
7630
3731
8318
349
2654
7770
5460
446
2451
918
2948
3229
2762
7186
7183
5439
42
3827
5617
529
7499
4363
1752
8493
61
6853
4248
6361
932
5020
6635
1495
3840
3786
350
6174
9408
819
6648
2893
5380
4094
7180
5031
7440
5956
7098
8933
5451
1708
5947
3863
5733
8121
8427
8024
2664
4
140
2005
593
275
102
4416
6621
9609
1629
3162
7855
6200
8999
8565
4326
2422
8621
9484
6182
1879
3561
8521
7350
6531
4865
5185
71
4430
9143
785
8877
6423
5026
3125
8628
6086
4021
594
7133
4965
7889
8796
4828
3188
708
2912
7713
5221
8100
9162
7859
6144
7321
140
6703
3586
1542
4151
1342
7531
8841
3233
4246
248
4006
6265
6888
8520
1980
6530
486
2182
7010
7498
8138
9687
4666
4859
6743
2554
9526
7316
3420
8335
1379
4426
8881
435
8674
734
3024
5900
9382
2183
9260
2273
2456
1550
1349
2126
7875
1273
7728
1957
2120
2503
6408
791
9786
2994
957
1457
223
2918
1672
1294
4670
9020
8757
9086
2242
9345
9752
7816
9003
3884
755
9021
8739
2852
5078
2148
5644
3189
5652
8964
9406
2719
7594
5991
2464
8944
3624
9403
9663
4100
2976
5274
3878
6395
4331
2341
1478
5235
4778
5710
1118
8070
8359
6693
3944
4904
7877
133
6341
2156
4435
8916
5269
894
1898
5601
1245
7196
7322
3693
5791
4824
7742
1507
6039
5207
6672
7673
7685
1774
769
4647
9347
6035
364
4292
8808
962
8382
7737
2091
5566
6356
8869
7708
5995
74
5065
2675
2292
3
7877
6943
2221
9316
1245
7093
8874
9397
1324
5856
1216
873
8731
8014
503
626
8647
9127
8849
6890
5930
3926
6956
3330
1548
6280
9639
8985
748
1938
3767
9584
61
2503
5754
4317
5980
2519
925
1309
3550
6865
4487
295
8131
3844
1176
2061
5691
9556
904
6925
2697
1392
6707
9099
210
1967
922
7597
3807
1109
4500
4612
5911
9399
5690
1478
5811
8716
4303
5182
0
3679
1612
8214
170
6086
5012
1713
3433
5383
6805
5359
2832
7320
1044
5030
8061
2905
8954
6437
266
7959
5453
7539
9760
9559
8829
2029
9547
2698
5320
4349
5592
638
5653
7987
727
3565
669
2457
7053
1971
1117
8184
100
683
7419
6320
3475
5351
6247
9041
2621
3285
9106
993
6843
1450
148
2920
6680
7232
5024
3794
116
5507
8406
4952
4613
7348
5063
2552
7782
7594
1458
7910
8866
1712
8331
5656
3255
2738
342
8767
1730
4811
981
5741
2647
4459
7586
4246
4642
6442
6767
3073
8395
5435
5307
7051
3846
4855
6363
8450
23
1665
1714
4636
3254
5467
8203
8648
1989
6228
1489
5788
9692
5075
2847
8384
1449
5493
9270
8130
3267
2259
1826
1652
6832
8251
2261
6536
8020
6331
2848
9370
7967
4074
9719
455
5156
5962
342
9000
1975
8457
5064
3407
852
4362
6280
6590
7352
5507
1563
2717
2712
5390
6910
2811
7240
347
1783
9171
3686
5505
7812
909
7648
7763
8923
1478
9051
1199
4420
7215
9063
5748
1829
5816
1147
676
7357
2594
2844
1135
4364
1626
1059
164
9160
7
8370
3880
1967
1358
9266
1027
5372
7540
7289
8664
1169
3750
8483
3583
2115
7900
3915
992
1819
4987
1301
5556
7936
5138
5078
2614
3205
5873
774
9188
3462
8537
559
1125
1410
5357
5971
3144
2221
1862
9444
9253
5349
9647
4354
402
5346
5328
226
4979
976
6275
3973
3883
7527
5928
2336
3036
7166
9018
5106
8630
2303
5442
2254
6667
1361
7704
2803
1011
8138
7827
5998
6388
7059
9796
9070
7601
4705
8414
3735
5382
7672
2937
2176
6080
4955
7741
7053
4906
6161
8211
3419
2503
1122
6299
7633
1778
2266
7343
4505
9046
5105
5492
5917
5849
252
7137
3328
1575
3486
3631
3471
4490
7718
9555
7908
7188
2549
1068
6892
1764
7582
2284
5924
4954
1575
4213
5160
2087
5456
9478
8148
2434
6635
872
540
5496
7509
8670
4573
9212
854
7874
8372
6890
8435
18
8903
256
9715
5152
1380
8591
6540
61
5047
4233
494
7839
4026
9554
1960
2741
6460
1716
9324
7157
9302
2893
1594
39
1660
8924
3271
875
4891
5915
1799
693
3425
4277
6605
6064
2084
4778
780
7071
538
7488
4034
1000
9147
1065
8574
6511
5463
3437
2928
5993
9112
2087
2642
850
7982
9131
8016
5410
2008
3939
6854
7656
3495
6434
313
9322
7591
3175
2351
7072
622
4345
9258
3057
5157
9069
2022
6439
5835
9021
7407
4213
884
8391
8546
316
5535
9201
9140
8819
6827
6663
6377
5972
203
6019
4340
2312
4238
5331
5735
8852
4307
8838
3874
2722
1954
1124
9262
3870
1976
9439
8046
355
6651
3760
8922
1071
8772
2739
1730
4446
9498
6045
1277
7689
8104
3569
8165
1269
7950
7692
188
8884
9469
3845
4924
8937
2210
6338
2349
7918
7755
2632
6694
7089
8642
6301
6081
6806
2945
7402
4243
9104
5006
1809
7226
3713
211
2771
8967
554
9178
521
8880
3443
6096
3318
3391
1975
1700
818
2206
8218
8369
566
307
1847
5196
7223
4538
2014
9391
676
9511
5437
913
3434
5011
7635
3320
3251
797
4819
4672
4375
2390
5194
5874
1528
6878
2891
8256
5255
8410
9479
6597
6816
3217
3792
1067
8635
3181
3535
9291
9722
6233
4012
8031
3518
2521
3772
2435
6301
7572
7091
1438
1108
8887
4432
3583
8161
6228
5059
6127
4658
3898
4900
2603
5786
85
9314
5727
2996
1719
1651
8873
9169
1547
3337
7720
4823
4048
346
7108
7621
481
4937
9576
7471
1151
9306
5856
5362
1701
5387
4210
6178
7287
2190
6761
851
7747
1078
1772
8275
7914
8229
1118
1397
4931
6695
6032
2787
5518
5892
7952
5411
2640
5951
4536
1245
4970
2750
6329
2497
5041
9737
4443
7020
7207
3088
2949
8833
4803
1030
5806
8447
4314
3777
4958
2273
8146
7099
3694
6707
5401
7056
8379
4414
4004
1255
5970
5313
5261
4523
4122
5973
2353
7566
1728
6608
1680
3748
4995
1653
5306
8813
2874
8249
954
6190
4436
1009
6014
3390
6520
2809
7620
6440
524
6580
7588
285
8562
9354
9142
1496
6287
6842
4300
4823
3192
8985
5188
632
3943
3341
6613
5197
3579
7529
6886
1338
3668
9488
9341
6238
6826
5917
469
6359
4609
3318
6731
1512
8262
7338
9785
145
208
3028
9794
8100
3198
8166
5033
7071
6489
6786
2918
933
2382
7457
2662
5086
3704
3374
6600
5712
5061
1556
7082
6583
204
2117
7577
284
2877
2453
9782
1586
3673
3725
6711
7370
1869
5216
5049
5127
287
2241
6362
8698
2793
937
9299
6013
6923
1443
8571
3763
1490
9079
6185
8675
6031
6729
1999
4498
5283
9296
7472
5484
1399
9544
5343
3520
2106
310
2298
9755
5384
5867
5511
2700
5166
365
1418
8476
7325
4057
9124
5372
2210
2741
8430
253
3656
6871
9454
878
3517
2578
1780
7340
1402
5610
4946
2888
1888
4845
6754
7372
7293
1632
8913
4300
7378
8980
3843
4468
73
4241
4157
9014
9496
8695
4264
3497
5825
2359
9654
8371
3444
3005
4849
5960
3966
5354
4313
4028
2317
7084
7079
6206
5909
2611
7847
4081
5934
5767
9163
4444
5994
8876
4438
1772
6459
3794
8264
6878
8239
7316
2374
4677
1211
7949
542
304
6143
2162
3168
4575
5520
7416
7081
8512
2989
5778
5059
6741
4794
6620
7694
2833
8337
1487
5676
7231
171
7331
5056
1250
399
3487
1331
7880
6673
4328
8434
9745
4073
5801
4874
6124
6796
9645
80
586
6956
4726
1689
4354
1818
2270
3482
7990
7979
4237
3635
7042
6781
1545
1597
990
4363
4465
8072
9008
1121
4630
8593
1606
5678
4024
5512
3910
2619
5203
2223
8116
6093
1612
6293
8157
7503
9331
3044
9342
6262
6020
3815
5887
2964
2131
4634
7947
9055
8436
4036
9254
4728
103
1776
2054
8698
6570
4441
4947
6020
8866
9772
1108
7142
4123
7475
3492
7826
289
8866
6684
4761
1451
282
4167
7159
6296
8061
3736
3614
9707
4693
7157
2065
6342
5224
7155
6912
4020
3077
9790
8370
6529
1276
3385
3417
6845
1303
7728
8401
9680
1585
7382
3086
907
7048
7911
6691
432
9378
2100
5586
2171
2499
4929
2466
5349
9287
7092
3334
4666
1404
2084
8382
5257
8928
6818
2950
7978
5693
9080
7882
1361
6868
7789
9335
7460
6557
4334
2544
9111
4790
2932
6996
8829
8199
3153
8827
6625
4634
8266
8930
2731
9566
2456
7481
5143
3113
4986
9713
7146
5528
2668
2595
851
2340
2126
7805
3941
5846
7888
8451
2998
8554
3555
9369
1831
5455
5411
5018
898
1794
3266
4393
593
8018
2176
2329
7797
7665
6944
9792
1615
4987
5529
1450
2279
1441
1886
1364
8550
4398
6477
1608
6750
9398
7697
1316
5229
5930
1014
9293
1333
7720
8593
232
4821
194
3100
539
2101
560
548
9623
708
1250
9686
8151
4025
5697
5164
2431
2334
2131
1865
1845
7593
5761
3427
8564
447
3814
7198
1326
7355
3763
782
577
3475
5887
5525
5803
5808
3122
7338
2936
1376
3269
3186
5178
6207
9218
1224
8810
393
4175
6616
2263
5627
2506
1127
8890
638
9638
4656
6931
588
4442
681
9704
9039
6650
3886
3995
5751
5513
210
6057
964
8663
6949
3643
6224
3577
9381
4568
9498
3774
7254
4796
3047
690
3238
2583
5663
1622
6820
4985
7550
4631
2558
9401
8758
5152
6431
2276
4357
4219
4868
9029
3078
9368
7713
4057
6549
3746
1652
7376
1720
4208
1482
6205
91
4429
8919
1520
5209
923
161
5233
706
1068
5346
7722
8011
9459
7099
7040
6196
3887
7130
4141
4400
596
7669
8548
6001
3793
2309
1831
2334
8300
6851
3595
5201
9740
5816
7335
1640
6657
4797
5243
5088
7518
8836
2327
1781
2279
9508
4714
9416
7498
6596
2365
2504
53
6041
9709
6418
6538
6095
4398
1246
709
297
3426
8306
9475
2503
2760
2717
1687
8646
1232
1055
8197
2504
5694
4373
7294
3567
1340
6961
3034
7227
7722
8485
6829
9492
2442
5433
6893
8598
4830
4816
3077
8082
4834
1796
9025
9679
7662
6309
4234
3944
4716
9778
5723
7660
2518
1521
4776
6092
7805
33
9693
1335
6039
503
8308
5333
7039
2064
8854
6267
6187
739
5908
8003
7826
7823
4830
1973
8224
7145
6073
9336
8807
6438
7237
6192
6706
4748
8191
1385
1070
3518
5744
3756
1043
7272
4621
3115
6604
4425
619
8759
1049
6418
8206
375
1191
4949
9088
6775
1608
5144
2773
3194
4619
207
4749
8642
3437
7386
5473
6002
2434
4252
6619
1230
3482
4924
4673
1011
4963
4221
9601
2859
6352
3589
1479
4069
3514
3104
4133
4195
2647
9037
4753
5650
7992
6070
7235
9570
4565
4709
2423
9042
6865
8027
6368
2609
1601
7847
1275
6194
383
5886
578
1158
4018
3021
3742
3209
3675
1119
34
9324
4639
1500
8564
3718
744
6522
1870
6921
3082
9754
8452
1559
1768
3105
3518
8840
6848
7540
5662
7385
271
3416
962
5058
8970
5805
4954
7158
7696
6315
2613
4440
9675
3274
676
579
1344
297
9775
6033
5900
4720
374
5474
1887
5725
1096
5585
2948
3775
1529
5226
2610
6868
4222
566
3206
5316
8493
4397
6889
8612
8783
3879
6127
6751
8958
2392
3090
9145
5209
7821
7693
9127
5564
7516
3197
8919
9198
5282
9287
549
4328
4060
5885
4872
4937
4641
4022
4898
2272
563
7133
2886
8281
9094
9681
4095
494
2850
6171
3380
7331
3422
205
8841
8140
154
4382
9465
6500
794
5243
5388
4432
1761
4536
3676
32
6365
8270
6883
7114
1289
3137
2685
4326
5804
8267
1900
4443
6940
8739
8692
5899
6128
7753
6391
638
4417
9539
7797
9319
5097
440
943
6811
2996
5721
3472
2438
2268
6778
7233
6712
5260
3896
7340
6311
2047
4000
5466
3004
1946
7314
6288
4659
9705
3637
8398
7569
66
4723
5772
8773
436
8019
4841
6932
7743
4504
7571
6782
1930
8401
7333
7734
9106
971
8652
6229
885
419
1417
5480
9365
3959
7036
6171
5797
9734
8946
1205
2438
6245
6385
3922
5840
4155
8391
3139
1643
3093
6918
9031
1148
9495
3179
9158
188
6201
3953
1243
4001
5975
588
754
7953
4125
947
7616
6899
772
2148
9412
5313
3170
1228
2551
1403
3794
401
5689
147
8598
2410
8404
8242
578
5531
5523
6383
4463
1580
5073
6947
3282
2098
4168
3348
31
8581
4924
9134
3387
331
6002
8921
3912
3584
7405
1733
5306
6658
2178
2567
8444
7901
2311
6880
5554
6840
2672
2625
6333
7765
4846
1564
7172
6797
6795
5699
7955
9355
4394
5505
3765
4816
2830
261
2360
3895
3085
1922
3514
9548
8613
4897
8641
6027
4787
3674
7595
687
8600
1142
5509
8465
6230
4610
6463
2681
1608
5097
5416
7985
6297
1776
2689
4604
3329
6283
7363
784
3255
1080
5560
5100
5796
5927
9367
4012
4667
1533
8538
4807
3674
1597
5649
1076
7736
8666
8709
8106
4015
4851
4131
3412
3773
4466
5891
473
4833
5121
7686
8803
1934
7183
2178
728
2547
9266
4897
2177
5795
6468
2885
203
6256
6766
2190
6334
2089
7814
9253
8000
6374
1120
7212
2704
5487
1598
8651
8753
4638
9321
4567
7748
4123
8518
9233
2699
7942
2141
2161
182
5051
2569
2550
4973
8310
7470
1699
4815
8041
6152
3484
3530
4567
9295
3717
7020
678
583
617
234
1681
2903
7294
2928
1679
1038
2389
3548
4218
1063
2884
8707
377
4434
7661
639
1277
2736
4269
812
7176
1303
782
613
2637
5388
4728
5014
3239
576
5720
7730
5764
2967
3223
306
2902
5359
2668
4431
4694
3545
7611
6444
6042
5083
9072
1307
2470
5927
408
7024
6181
3959
4762
7285
6315
6187
395
9106
6839
6877
5838
8738
6625
8607
5414
6371
8299
4132
4233
8029
4968
1667
4235
355
831
1843
2013
8245
4954
1782
5784
7685
3993
2936
2557
6924
5377
3451
5904
3069
731
6914
6673
3409
5749
5695
7167
8143
5548
9296
7302
3998
3851
6472
2487
9031
4409
3638
2432
5067
7191
3296
7441
9608
6086
911
9279
2363
9188
5307
1696
9764
6822
1010
1394
1537
5853
2235
7839
7209
3938
125
5068
39
1766
456
5204
4134
8845
282
1799
5495
7726
3034
7476
4585
5181
770
3426
9679
7552
4660
7489
5834
1704
6249
3457
9039
1410
8250
7355
5070
2658
9355
7083
2288
2579
8226
8353
4535
5449
3017
906
197
8349
7444
8386
9348
4709
873
9424
6752
8509
591
4551
1067
7968
851
5519
5334
4165
5274
318
8603
8472
1851
3860
7452
6361
6976
3481
5256
6118
5880
4163
7698
6375
4756
8252
8902
4939
8706
4905
6890
3319
7857
3409
2296
270
2961
9026
7825
4447
5398
4892
9643
4918
5182
9580
3423
9680
2909
7896
2688
285
6701
2992
5317
7776
184
5660
2558
8031
7616
7335
2240
2455
2718
19
9211
8194
4787
2794
2442
2757
928
5151
4187
422
1639
1735
7615
2808
576
5889
8102
2902
4400
6309
2726
4145
2674
297
193
6106
7212
7281
3258
1165
4727
9712
9701
5673
8930
8924
3370
3296
4250
4049
2216
7125
3864
1276
3919
6860
9597
2195
4525
5215
264
1562
25
2304
2143
2003
2258
3312
5632
8760
284
9696
5608
6928
8064
8847
6829
5808
7646
9017
8870
4928
6034
6974
5212
8627
6607
1859
8198
6698
1488
3174
5421
2086
2370
3334
8620
3121
4760
7683
1279
1382
1631
1841
1832
8747
6110
2261
486
8816
5807
1802
966
7437
5644
6849
9040
2912
5082
5518
3384
2372
7465
4132
6147
609
1080
1206
3621
206
22
2907
2076
7939
3453
6750
2654
7064
4112
8576
5507
6882
7069
9545
1956
1236
9515
3534
8272
9166
5702
7829
4510
6121
3130
2222
3738
7861
4745
9649
1449
2776
6857
8173
5208
2395
6656
3608
702
2749
7547
8734
362
8306
4809
9050
5862
3615
4135
2917
200
6835
3804
6929
1769
2078
6183
3023
4022
7010
2941
5576
881
4271
3318
8972
4
2828
5102
4318
7072
8810
8343
8754
6252
3163
8757
3134
4366
676
1685
7574
8937
6652
1530
9364
183
9768
6703
5119
4697
2700
7138
2016
6128
5169
5140
548
4757
8433
9562
8873
2662
9395
3634
3696
1615
5219
123
5081
6747
8669
5301
6284
7259
907
1986
9222
3235
6378
2422
7723
5583
575
9703
4703
1595
4505
4295
2198
909
7818
5737
6768
4736
3859
1514
423
1100
6242
7929
1633
3364
9086
9171
5768
445
1467
6395
3384
6222
7175
7287
4426
2758
9762
2789
5878
7191
5896
7379
6552
4236
7843
3222
4177
6436
6225
5484
4127
7693
4509
9471
4948
619
9077
5852
3911
107
1293
8802
7012
4115
6083
8953
9223
2097
7334
5412
7219
6476
1056
2673
5391
6063
2107
5528
3372
7675
5600
7207
9616
9453
1014
9328
7592
8156
6846
7531
1189
959
9627
4407
4782
7549
6507
9222
1411
8324
3688
9354
6975
8525
6689
6158
2760
1982
1204
9366
7326
8116
1891
7272
823
2767
8318
8295
8406
8612
9365
4973
5766
8484
1629
734
8334
6571
6086
3390
6449
8384
4838
5959
2576
7472
6637
5486
7762
513
6347
2110
1793
9657
7415
8822
6266
5709
4845
1614
6966
1844
7671
7981
4101
6686
3594
8747
7216
4329
8378
4877
8892
7984
2673
8989
1271
3813
3509
7634
7154
3069
9417
4842
3494
395
23
692
4007
5830
4675
3377
8766
8217
4667
9417
8832
59
7234
2160
7615
2768
6724
3190
7669
3072
4732
1665
2327
315
9752
3222
6617
822
5897
160
6805
9521
3908
993
4722
2010
4794
6643
4638
5885
4768
528
7050
2327
5760
8064
9008
6384
1838
5392
1051
5125
4681
3481
7980
730
6480
2880
6407
2040
5238
3263
4263
1575
8601
5090
3990
6548
7462
796
3917
4439
5302
6064
6739
7418
8867
516
663
2048
5683
812
5392
1128
2853
7246
6641
2862
6581
2537
7798
2303
6058
1423
3454
9655
760
28
1423
7242
2385
271
2522
5691
8331
5422
9747
6844
212
4853
6171
399
1110
4503
4581
3808
669
4094
2547
186
633
6777
6373
150
6840
617
7352
7967
7488
5962
2113
1625
6497
398
389
1724
4887
6837
2793
9756
3098
7451
8731
2839
7540
584
4439
8361
3
2380
5224
5484
4875
2568
3962
9436
7880
8520
3634
1554
2155
5227
6183
4831
9299
3319
9416
4008
5151
6857
1103
5918
6862
3669
2250
2103
7702
2793
8240
3330
2523
5173
8809
4374
6862
6660
1018
9408
3201
8894
7440
2218
3779
6203
8718
5649
9620
3952
4453
5673
8254
4412
2897
3541
4298
5458
6026
636
3314
2581
9054
8298
2840
6390
7661
6848
4513
2255
6762
7446
294
221
1874
1791
3553
3880
6441
7148
9179
101
1467
1035
7129
4033
2439
9250
4046
8200
9213
805
3304
7253
5794
6617
7450
2394
5186
4763
4753
6000
8422
1778
404
1702
4233
34
6414
1385
3543
1283
6157
6456
6545
769
1688
9299
2533
7854
1383
8622
3324
2488
8697
9678
9328
1870
4275
7483
9076
7993
9715
685
2476
2234
1161
5948
4160
1837
100
2893
4292
606
4595
3975
7110
1699
6277
1348
5347
4190
1179
8172
8058
5385
8577
9286
3591
7323
3552
7035
7889
5879
694
1154
326
3854
8537
7641
1962
8135
3364
5837
5034
6369
6857
9674
442
8822
8958
1881
5828
2405
8162
9135
3894
9704
2536
5012
8889
3413
670
1325
1994
7402
870
8423
3842
2662
7190
3747
2100
8597
7362
7534
9110
8940
517
1979
4742
7770
2525
841
4988
7079
6085
1705
1112
6366
5007
6518
2899
4455
6217
4624
2883
2351
5482
1450
7395
8108
22
1245
337
9689
1520
37
7681
8037
7828
9750
6494
4994
7339
9299
5046
8678
8563
7296
4165
2753
8211
4032
167
4145
6037
4070
5288
7471
2808
7374
4717
9434
5028
1005
9737
6169
2667
2704
3200
4574
9478
3921
8679
9553
4090
8997
5001
4080
1796
7813
7998
7080
6100
240
8507
5039
8869
2112
2827
7444
8163
1689
2311
6933
1546
4273
6909
2238
7221
2772
206
7738
8851
7852
2822
8934
7650
5130
3282
3884
8988
6899
3085
6633
7583
3819
7068
9671
3029
6640
4634
5536
5960
2193
4223
1463
1257
3633
679
1015
9374
7143
6188
5056
6350
4578
1207
2669
4203
832
9520
8464
4689
3539
1837
5894
7117
8813
7172
6623
681
2668
633
2756
9491
1767
8384
8638
3035
1026
3105
8139
3679
6527
4843
9077
5938
9595
6590
2208
2713
6353
8795
1295
5933
8015
5935
4322
8140
6960
6208
7230
7132
3839
5854
8305
5747
2439
8293
5944
2494
7273
4470
3897
8567
5617
9523
6221
7620
5179
1649
6149
8217
8025
9587
3939
5629
2881
4018
6743
7990
2109
3976
4993
5015
1490
3175
7676
7
2637
8426
9607
7432
143
3009
94
9236
6801
9067
8409
3636
3558
9552
6063
3950
8218
4279
1328
9560
9372
4719
8156
2163
9726
482
2743
5747
8323
2703
3307
3139
1756
9482
1034
1402
3823
4206
8774
4037
9194
2489
4401
9660
5229
8937
7820
6179
5774
3104
4821
4819
1491
1618
3902
9112
5983
7937
8018
9324
8810
6760
8336
8021
7161
3013
9596
4564
6198
8539
3005
4763
5687
1636
2506
9775
3705
6728
188
5387
2923
784
8329
3425
2073
4764
2964
4968
9181
8821
9199
3418
8104
1658
7233
3305
9162
4262
9088
6487
7699
917
6442
6722
8724
3972
3145
5958
4824
4665
399
2027
4572
5645
5225
6137
9330
4929
7193
7982
7255
5045
834
5954
2823
2307
4011
8088
3705
3101
7883
4338
6573
5872
2944
3364
5175
1571
1310
9569
3475
4845
544
2335
1988
9540
5961
2966
4443
8781
6028
2006
9793
9022
1620
6977
3037
6386
2146
9434
9012
8802
130
376
2127
5028
9150
6027
1138
6809
8740
2463
581
8428
1377
1380
2212
2852
1133
1130
4648
3749
4739
7263
7098
6483
5245
5495
2749
4306
5668
7
2103
4106
2064
7482
3978
6634
7804
3197
9634
4896
3217
5485
6986
2813
7163
837
6228
4327
890
5569
7352
6267
3247
4426
9191
9065
30
1482
579
4884
3707
1719
5447
4997
2986
5850
5548
9218
8722
7893
3991
6085
6712
118
7719
6604
8818
3144
1435
5519
1092
4257
8572
1824
4063
7248
2115
4913
4176
2465
3958
8541
2186
8544
9509
3961
6683
1901
6429
7663
4102
4774
8955
865
4120
5357
8316
4602
1469
3433
7991
1862
7487
5841
2053
7494
9722
6287
1287
9726
5514
5445
4357
8411
3726
8485
4784
8021
5655
5147
3641
2366
8767
9429
5298
8464
6310
2698
4633
2901
5567
5511
2576
3411
4579
9142
6394
3142
9042
9158
6006
7683
3916
37
6003
6583
1658
4354
7265
2952
5789
7385
4035
9265
5574
2760
2092
2701
7516
1833
5117
5656
1379
3297
630
5326
6002
5926
1553
9707
2913
5304
4908
5659
2607
726
274
8164
3479
2161
659
8596
2992
1410
1363
4246
5153
2095
8091
339
9492
3158
5212
8237
8944
2984
2091
3172
5409
9713
1616
3716
6741
3057
8447
4846
825
4066
171
9577
8218
875
6216
139
5778
2390
3316
1116
232
2396
1967
8495
3036
7938
4804
3430
6551
7496
4813
3943
8832
6836
7762
6065
5376
2931
2958
8348
3297
5184
6802
8079
1808
9363
1727
704
2223
7635
9161
9782
2331
2505
2247
6044
923
6981
754
631
7809
125
8109
439
8431
846
4090
6312
6236
3706
8681
42
1723
2364
9664
5795
3845
5192
9715
1091
1541
2710
8126
253
3865
1644
8254
6874
1970
1287
6258
1387
9441
8880
7410
6667
896
6770
5786
804
5864
1722
9103
736
9464
9520
7739
6283
9495
2051
2417
9323
5605
5966
699
8939
6735
4877
6694
8989
5030
5882
112
8087
7664
1086
7296
6238
8709
8399
7117
7794
8149
8409
5352
9329
4926
2829
4075
415
4860
1552
959
591
4976
2025
645
4117
4177
6432
8902
8164
8886
6543
4257
4216
9178
1667
5734
507
5565
3502
8612
8476
1657
3656
5996
9795
7169
4137
382
872
2113
4164
7948
6425
3325
7131
2833
650
5037
2473
6022
3801
9128
5788
6204
9069
9793
5830
2298
1539
9713
984
5797
9347
1525
5577
5136
4334
3726
8816
3661
5042
7501
2336
7956
6762
6583
4217
1561
69
2336
1534
5164
5829
1165
262
8366
5471
6576
836
5719
5866
6858
1983
5173
6627
5023
9144
57
5303
6045
7965
1115
4308
6696
3206
9100
161
6996
2870
9002
2095
1969
6233
7372
5319
8762
5213
5693
9383
6530
8515
8074
1961
7286
5292
5844
1484
3465
9395
9079
8200
362
2695
140
2062
3241
7530
777
4195
5221
2760
7392
8488
4172
7265
5322
2444
4982
5246
441
7604
7748
6499
8310
8131
2446
2014
3242
76
6927
8285
376
6908
83
3656
1060
2447
3344
9341
4844
2184
1165
2234
6621
7917
6170
137
7961
3310
4006
2549
7562
4168
1979
3028
6126
2964
6084
7342
4053
3144
5754
902
6753
702
3873
5325
2111
8873
8345
5867
5165
8510
2964
4044
9177
3738
7304
3168
5439
30
7133
6493
6420
3191
4976
2715
3336
4283
1762
1230
8456
5675
6855
1558
3997
9023
3657
8843
8438
3031
3027
1539
3292
4416
5195
5329
3563
8989
5545
4717
5237
8249
8466
8151
6158
1214
972
591
8016
805
6130
1932
7101
8385
2092
8802
3441
6903
3732
2923
6196
1434
7895
4536
9792
3363
5812
5975
7712
7606
8258
77
1983
1272
7247
486
2519
5091
8612
1236
2537
2920
3762
4001
6631
8950
6063
9642
8826
4031
2785
5067
1474
3680
8498
3088
1614
2689
4304
7680
6110
4757
2602
5469
6192
4381
3435
6707
4232
2389
3063
9506
3999
6291
6921
4755
7267
6274
4023
8103
4539
9381
8119
7024
8002
2525
5193
6366
1340
7623
9183
257
5035
184
3462
8495
9263
5576
7261
3757
3799
7606
5430
2554
5628
3987
3051
6134
6871
9194
3350
6159
6258
9603
6481
2777
4053
1896
8180
8369
5525
5572
7171
3215
4280
8690
9746
3219
4905
7609
4210
9307
3564
3979
8967
4241
4045
4709
4178
7836
4820
2936
1848
5853
9023
5654
1078
8285
5358
9587
302
7215
656
8115
2576
1346
1631
5029
9704
6602
2338
1777
7502
5437
8577
1622
1982
7951
3460
2651
8365
1724
7682
1613
9562
9372
945
19
5131
1407
2800
1037
2689
9799
7558
2871
6740
3675
6718
1417
46
2008
8776
3770
9620
5439
3504
6355
7415
6875
7825
7653
6321
4342
6858
9369
4598
3459
6934
440
1449
4100
385
1768
2239
7392
5484
7563
1753
6928
2546
4980
3184
999
228
2167
4639
7165
284
9499
8130
8965
6992
7762
3307
3304
4946
4096
1755
2582
7935
1947
9083
1073
1893
8772
6477
1426
7881
7459
7214
8948
794
7803
7971
7468
5984
1472
3917
3849
8690
1949
7796
9301
1905
4884
7113
7251
6014
8830
2782
7732
9130
6976
3010
9672
8094
7319
7987
1881
4677
5104
533
9710
5119
2301
9690
6891
4586
9632
6769
91
3653
9642
1267
2693
5393
9704
5482
7911
8564
8059
9639
2648
3930
4553
5541
8513
43
2351
8600
9585
9134
3145
7332
5281
196
6783
3905
5846
9789
1903
2396
3541
1203
3616
2961
1481
853
6101
1101
1297
9548
6144
3216
706
8907
6958
9770
2751
1055
5852
8532
6400
4545
148
5467
192
8302
2782
8981
5428
1365
9198
2854
5155
3089
5102
824
8755
3895
4753
5642
5939
8876
2118
2382
6127
89
968
2257
607
6818
35
3768
7173
9405
9748
9644
2415
2128
9298
4607
3614
9218
9504
2278
2469
7566
9644
9078
6120
395
190
1985
3995
8748
2500
8205
3890
5808
2280
8506
7195
5815
7817
294
4333
8417
467
7385
9609
9629
1019
7141
9363
2136
4462
2666
1148
8696
5999
3167
1798
3223
4095
2149
580
2207
7958
2415
6577
329
9524
1623
7926
4526
8890
3593
1474
6157
9540
8913
101
851
7656
4878
8697
4558
5036
94
3336
3714
2173
6893
209
4391
844
3929
9779
7474
9676
7324
3065
5035
2467
8055
6178
6804
4792
3560
1046
4737
6227
5237
9649
1397
851
349
6578
7637
2608
5624
4443
2282
8748
2744
3344
3193
2709
9774
5383
2003
7037
6511
5984
2943
8456
1784
1831
1346
116
2209
547
7087
9502
7975
764
2447
5319
2523
9079
32
4122
5727
9512
8444
1357
2173
5543
5824
6915
1455
2942
8591
625
1225
5620
5350
4126
920
1600
9756
3588
5861
6449
5424
7881
9315
6742
9293
6124
6005
4986
1879
4757
4648
3452
1822
8778
6218
3345
921
8181
6304
2811
4330
6202
1802
9566
3747
268
2222
536
3676
234
2268
6821
578
7640
8617
5004
2255
1195
9590
4749
5268
6429
1866
7821
5733
4865
194
2079
625
6443
9449
8214
4261
2991
7922
6418
3466
2187
7908
260
6188
5769
2497
2280
4802
8862
2054
78
1433
2066
9599
9592
6146
8316
1519
8276
6326
7193
3115
7518
4873
9150
3001
3998
9225
1981
8619
6333
5537
8428
5108
3883
3981
7952
3944
8704
4191
9123
4602
1212
2376
4712
6579
2013
3771
7320
2848
8897
5642
6692
2628
4858
6685
5070
7783
4136
3395
3280
3653
5350
6371
1701
3441
1627
1586
511
2251
56
7915
8805
7293
6765
9416
6093
1637
9290
3145
6488
6495
3790
2383
2945
5397
8676
8791
1647
8048
2279
2195
5999
1019
4801
2726
277
7580
4569
3447
4434
5852
4299
2070
1762
360
1028
675
1904
7304
915
1511
8940
2698
9181
7738
6399
2143
148
6261
894
6045
7526
1360
1003
7959
6759
6764
5913
856
8938
8864
2037
5460
9072
1713
1295
7947
7486
3973
2826
9371
6298
5734
9102
6618
5405
6421
3058
8500
2881
6073
8033
8240
2499
1457
9796
3853
735
4333
666
5533
3204
8497
9650
3425
7482
119
1110
616
4883
3279
1522
2901
3066
2393
417
1918
2133
2443
4147
2036
727
2044
6217
4152
349
4072
4379
6684
3331
2784
4828
7008
6336
5748
2140
6562
4470
9687
8311
1668
9388
5780
9596
1055
5015
9157
5185
273
8589
2254
4631
1677
639
1874
2566
323
7870
6260
8216
7495
2827
6716
6042
9791
5653
1725
6613
2807
4540
5447
1251
8705
3146
3879
2729
6870
8735
541
7714
3786
6631
9651
6839
9172
2300
6745
5308
5634
2591
1144
2290
8312
186
6463
6547
1965
7217
4013
4331
4601
9282
3262
2379
3724
7340
6444
3743
8531
450
5135
5259
1158
6990
6167
2841
1956
7315
2284
1160
1655
2596
3747
9645
1584
4719
2133
3428
923
4814
6229
2957
5181
4144
5454
9419
8806
4904
5550
630
5925
3659
5308
6949
9231
3910
680
5843
9644
8447
1807
7530
6775
2495
7895
3397
3445
2074
2715
8328
9132
2213
727
4477
3368
7095
4383
2061
3787
607
3841
716
4328
5464
4586
792
9767
8915
8279
6055
6495
9165
3354
5188
8934
8091
579
1114
2401
8808
2445
4978
2245
5120
7082
6217
3739
2276
2769
9040
9631
1716
8709
7236
2757
2444
3461
2347
3563
5626
777
3564
2880
4748
