160000
3864
8846
10574
18240
6221
15779
3660
19617
1043
16530
6909
13553
9743
12953
17332
7810
3126
2446
17603
16347
13949
886
8063
5166
15400
15282
11885
654
8346
17069
14947
16008
18778
13809
17988
11319
14125
17087
13178
5424
4660
17450
7007
18774
16982
12002
5942
13365
13722
17430
4664
18408
19639
12871
18966
9609
8150
6927
529
19522
5326
4734
18502
17382
16323
520
8127
8078
16934
8045
17993
9856
12338
10537
6505
4223
446
12361
19202
15632
15040
6368
4709
2146
13319
3716
14421
12373
12025
16627
11376
6967
3414
17405
12696
7701
1739
17546
1708
5278
7165
3605
8594
16223
3614
2223
6281
1139
6696
13971
19674
4459
16894
698
12986
17905
18628
18006
3595
12708
18002
8008
2575
9225
2167
3000
12027
4241
11235
300
18901
2891
2103
4673
8780
15965
14400
19517
9512
16075
12205
10270
17073
13912
2117
4618
14576
8639
2476
1286
10212
10426
13250
11349
9672
13021
872
8168
8602
17437
11020
19685
8083
2858
5674
9151
1574
7998
6604
19243
17906
16406
9433
46
14096
10465
11358
17778
8265
6978
7461
1713
7781
2992
8441
9919
13070
12718
5145
12552
1743
3572
6013
848
945
11575
16293
7818
2815
3113
19929
2276
19955
12992
15946
8361
11152
13174
7849
202
2493
1430
2814
9575
14051
14398
5849
19055
3021
17236
18396
5394
18557
16076
13600
1912
458
1680
8418
11994
5116
452
15203
12732
5629
5703
8069
10055
13278
11267
15236
14004
14822
17030
5837
15408
11107
15278
14411
15892
18090
1266
3045
9132
10564
7895
9075
11784
9331
8879
13245
377
2017
4747
10586
9703
14237
2694
1924
17159
1670
360
4710
11900
11204
13506
856
15513
8949
4300
4570
12331
10321
6187
9309
7826
13133
6301
13586
4695
4349
1610
208
15404
16726
1519
4532
1862
9584
4942
19041
9709
7238
15362
659
7101
13787
383
15215
4958
428
9166
1776
15364
7870
2905
1386
6611
16703
8568
3185
2521
16033
11824
15199
1369
17133
11666
8334
10728
6013
17995
12044
13581
18113
3789
1529
6251
11851
4672
15129
4164
791
9839
9136
1729
1391
14850
11172
4659
4314
4507
13098
9859
19205
8108
737
18960
1408
18381
4834
636
16456
13935
11467
3500
1571
14860
2738
8360
7433
9856
8427
14860
8478
14537
1459
15245
3161
15526
9603
10137
473
7958
7141
6463
13547
1908
6914
4091
11561
12106
1301
3283
14291
4079
18051
13297
17518
19175
19939
12537
770
15139
10027
5885
11812
10952
10612
8841
19253
12847
8957
8233
5716
3662
10277
5727
18855
12013
1229
13222
11296
818
7238
18986
4311
3741
5473
7305
17667
6863
16506
17455
7097
1960
19058
9507
6726
18284
16330
5102
12503
17787
6724
4441
18642
512
14615
377
8776
1982
15407
2492
11696
6098
8066
10830
3980
5362
4501
16944
13793
18394
5839
626
2208
15276
9535
17896
6668
11687
8792
3131
17742
10364
12523
3024
5135
9083
15154
16560
847
11401
6252
9587
11919
18958
1893
2081
2005
7569
9504
4010
6495
13358
16632
8054
4231
2243
2775
480
7469
9610
18603
662
17126
10290
8982
5844
9991
9675
15587
16123
321
887
12179
12333
8156
9419
17915
15927
6470
17434
16680
2128
6633
4435
11933
2858
14261
2097
7606
2902
5496
9400
14108
13105
15414
13140
19817
12063
16329
165
8315
4711
18518
5061
2925
19512
582
7378
6747
19182
12635
10353
2004
5057
17429
16925
11492
18504
13664
18694
6797
1552
13641
19591
17962
16300
2633
17366
13999
9638
5913
2677
10650
11061
13632
17015
2950
12523
2480
15374
200
1724
14474
1831
10289
11282
9406
16208
3619
2521
1649
1836
5486
15770
793
11312
9512
1185
7176
18283
17835
7365
172
15066
15116
16493
2694
18464
18510
9966
8315
12846
15263
3343
801
14270
10584
10927
16403
3446
4645
18406
4381
3995
14892
6013
4512
13113
2902
7779
4711
17773
11971
16249
19064
984
13042
4782
14593
9735
6406
11500
13831
14071
4670
8350
13526
19839
4091
11903
1352
3793
8798
6167
2853
4126
8868
2318
12946
7564
11405
12210
9157
13091
12091
18034
14671
5891
17259
1840
5152
7259
11851
6942
7066
10063
5119
7059
4700
16184
9458
9280
18816
1840
12801
2762
1571
2810
10234
5519
4191
3508
191
8017
16767
5277
13824
2279
16115
11070
2142
4982
1946
4810
19875
10071
13475
6152
9360
6201
13256
5982
345
8400
4691
12865
15773
9448
12614
14186
17050
19070
412
16924
5493
16177
7974
14485
12112
18036
9943
2445
10649
13417
3984
12236
14840
12799
18070
4576
3368
15922
1758
16322
14053
18777
4893
2947
19872
4314
16116
10942
8644
4231
10993
18592
1457
11082
5884
2143
11113
4763
12788
8741
18745
15248
15522
15311
10344
3167
5044
13529
19127
18292
17729
4548
19236
1963
4484
8388
4345
16711
10092
17597
4647
17547
7449
17760
16569
17329
10714
6339
16291
13354
18274
3647
1535
8622
15736
5488
18348
7775
17683
14832
1844
2481
13662
3907
15925
4983
1400
2949
16197
17647
7137
18419
9008
18968
9101
2968
7002
16279
16487
6762
1047
5727
6065
1694
10775
5623
10012
8708
2282
7509
6996
17673
16853
2075
17980
1500
2220
9490
11254
2607
13370
12038
548
7728
9842
13680
14006
960
3039
6057
14214
12606
14891
37
11446
1155
9065
6245
3995
2026
9073
8041
18931
11959
18420
623
12080
18762
18990
7753
17923
9199
17408
3407
19088
2209
12160
7942
18334
11859
19623
10480
15044
10432
1171
18324
3833
5375
13366
12224
8072
6925
12699
13651
11644
19389
15837
19545
1444
3183
19284
17673
12227
19314
6227
3389
12974
1638
15068
12066
16209
9465
6858
1991
1375
18186
18560
7050
17473
17215
17734
9303
856
3824
6234
19410
1219
8083
4767
288
16023
11259
890
4518
7814
2569
17200
5831
13082
14476
6788
3951
12879
6574
4159
8771
14619
14094
12294
1994
12127
12796
654
6015
7553
8039
18644
11447
8192
5230
134
16433
18599
17103
1113
16226
6368
2969
12718
15399
14036
10750
9533
14342
11248
4261
1760
6510
17581
14609
17590
6095
9041
11560
17051
17131
9665
12285
18372
3142
11822
16267
5440
10957
10002
108
13373
9632
20
5399
15566
4020
9509
4286
3388
3836
16009
14802
14942
17089
10706
13779
7038
11107
10266
552
5352
8416
11731
3223
190
3442
8466
10276
13651
4738
13090
11251
15611
18825
6861
7911
9620
798
8400
3371
1236
5101
19682
14696
6077
18188
10000
17996
8772
6936
17981
10912
14124
887
2893
15386
355
17166
12254
18630
14878
14208
15017
4496
18145
2184
7680
13755
2110
19827
14023
2982
17777
3499
1679
9728
19753
13139
17942
16710
12987
17225
5323
6267
8460
16803
8242
18056
17598
17097
429
4932
12015
7013
1469
3849
11854
6291
15046
17674
1437
9975
10540
8386
16463
14511
13803
14062
10952
9979
2048
5910
18577
19768
12243
19461
8724
19040
13479
16808
16584
6896
10977
12083
9372
13001
12301
1829
14557
9476
12735
15457
17164
474
16156
6721
3815
17422
937
8692
9317
8840
16067
14856
12140
8213
9895
9510
2297
5109
17136
3429
15158
5373
10148
19852
11981
13633
5538
12828
1444
14234
16040
3579
3739
7387
4083
14688
14552
18412
16474
18822
17598
18063
1950
4376
7080
16888
11058
632
10591
17000
8788
18466
1390
18007
9839
635
18451
16319
6391
6732
11443
18897
18319
13076
7350
3895
423
6230
10612
3768
15799
18624
6146
8503
13069
4147
9712
10856
137
6107
587
13827
8488
9875
9688
16978
8153
7439
12900
4087
5507
18998
15214
4740
5298
2147
8236
1423
1662
83
17550
15754
16156
11928
7370
15578
16103
2564
4982
7974
16976
4415
15620
5677
13654
14158
13886
9696
15103
18791
16806
1172
9140
5435
7873
9701
12124
412
2542
18669
15637
2421
4095
19977
19531
389
1219
7464
3429
9429
2821
2389
4840
13762
18523
5610
12547
1200
18462
11771
14784
17566
1044
12766
804
6175
6144
17035
3926
18606
17459
16418
18794
7489
13827
19068
19696
16360
3913
9033
1572
19419
17900
718
9340
10726
2176
12027
2659
5847
3025
14277
384
14092
17615
8146
446
17788
13829
18573
10407
13142
319
8917
96
13651
5289
12235
8018
735
13799
5606
1280
1434
7854
18726
1926
5803
8484
14954
3662
13606
2548
4961
3187
7242
15067
7588
9842
17897
4310
744
16687
16384
16332
823
14111
519
4041
7054
2465
18199
13804
5302
16225
4535
8051
1795
4379
13143
6796
2679
11603
19399
8518
11122
16057
3068
9470
18824
14877
11096
15354
11569
6687
3994
2149
15821
11678
18091
8649
12016
7723
19369
533
11748
8767
10626
2310
11276
16413
8346
12398
7724
6834
15631
1827
12609
19224
5199
17904
17740
7118
13788
6959
11526
801
12169
3867
6411
10871
5815
5240
7821
18415
15064
1413
17273
8786
949
10359
2719
4543
6917
15882
13052
17832
9070
5565
17846
7471
14749
17536
18180
14655
8169
3622
17298
7081
18355
236
17664
13361
19028
15514
15694
9065
18671
11808
3795
8393
10908
8956
15851
1542
803
9015
7802
16486
151
4136
1094
12785
11114
19666
8966
19092
13953
5131
9811
6752
14338
7831
15458
39
11844
9707
10524
11777
19352
14284
9843
242
15156
18293
2259
14652
3600
16833
8309
5687
17256
17390
16030
7319
16665
7651
732
5411
9535
17379
12980
16341
1203
5111
13656
8778
16720
15742
8931
16489
17610
1470
2380
13146
8511
4490
15681
6784
18369
874
2541
4702
15874
6371
2031
418
5619
14322
19130
14428
7511
1309
14600
7637
11486
15573
1993
2079
17826
16682
7290
2132
2147
4651
12587
8853
3984
907
6731
4735
19832
15133
6240
1514
5252
482
9205
16224
5014
16838
19804
968
19984
66
14333
5114
16006
17823
19181
16003
15230
351
11349
2783
7884
13849
17134
7386
1942
16502
1365
4835
5691
16572
3553
6634
1441
19239
11528
12890
18612
5777
10911
14976
13160
16552
4129
5970
6994
7299
2855
13584
15818
7945
16086
9676
4268
12484
17874
13991
19284
10889
14204
16219
12737
6252
12912
9156
15505
11285
14160
14497
10599
15078
13634
18766
12483
2809
11964
5834
11204
312
11130
3183
8102
11728
12553
18340
2900
16693
9478
8461
6038
13655
3635
16765
4466
16567
3488
19153
11439
12832
341
19405
9942
14390
19096
1435
9947
4819
11985
11947
3490
12262
5317
12310
10097
1655
10293
5859
13313
12519
13276
15946
6012
17401
10230
5299
13786
13500
3689
11037
3745
4309
1310
10947
4647
6816
9752
14662
486
18636
17970
16885
14846
12699
3039
10774
11219
13201
2286
16738
12359
9476
19319
11453
17969
3320
7747
6773
13404
14162
14733
5396
11304
3829
6852
11589
9761
3598
1745
18776
17466
8283
14099
7454
9484
8
1129
16634
14864
15976
1086
2608
17201
5062
3405
3476
3082
6713
4453
4184
2133
3088
8148
2289
1984
19074
6747
9805
15084
19148
2761
14045
16945
12291
2454
3696
9130
15660
7561
4947
17984
2707
2547
16693
1841
1795
18772
5304
11624
6575
19247
11329
18631
19039
8576
1549
16508
13254
9236
8941
6421
16533
7430
6523
6918
1784
8795
1886
1165
3836
11397
616
13844
1675
1074
14442
17257
6992
17782
9817
9119
12718
8234
5867
9124
783
17200
14579
3531
9307
11990
11508
8872
5532
16481
728
19869
12806
10408
441
17792
19618
9191
6439
14672
14696
13758
10567
7116
2847
2680
18776
5021
17598
16832
11468
16590
4837
7
15212
13023
7785
5657
4980
687
16348
16736
1195
8523
5858
3044
7777
15450
10811
18938
18408
14949
10406
18913
18234
5277
15222
12472
16086
14668
3862
15811
11335
71
11617
14480
8229
2843
15034
2965
2172
13002
12452
6169
4703
1789
3156
14709
2757
9711
5755
664
7262
16500
19237
18025
5731
6009
10087
10314
1932
11075
5565
15456
12924
19518
15165
17444
4738
15111
8219
6311
13906
19551
8856
2230
4819
4115
2255
17666
12187
12348
2344
18855
16663
19574
7655
12634
5269
4486
12981
4078
5593
4049
6510
15298
9025
9091
16528
11659
19307
11209
7804
5879
12832
15025
12240
5908
8960
5686
16081
5609
10049
8058
8569
19486
18079
10028
5985
5437
19668
9236
18832
9575
9304
15852
19491
10065
10959
5473
15451
6664
231
13528
1494
10338
548
7878
16321
19709
13288
2370
10684
15917
13982
18763
14829
13464
2623
746
478
15388
11048
2448
4098
18422
8891
16596
9486
2005
4326
13681
15638
8581
9353
5747
14317
19062
10026
9246
1240
9203
13222
6290
9522
16849
15835
8359
900
10593
9313
15767
6646
19882
18605
5637
18275
2520
4979
1676
9351
11847
9776
8628
12662
11785
12853
12382
11866
13641
1108
4925
19446
11571
16711
1140
8215
7939
2823
9418
17624
8750
2088
10336
8006
18974
17338
7873
7090
2837
2026
12290
4786
5216
6770
11120
9023
15337
7835
57
4610
16486
1056
11171
14807
16616
13703
19843
1204
10188
19953
10122
18371
14444
9611
9375
18842
11368
9786
13844
1933
7929
11702
6631
16778
17956
11622
14728
18627
8810
17785
15905
17946
10830
5885
16441
1280
8541
1922
19396
19751
986
18720
14990
7634
11062
2916
8858
15356
7772
7757
2141
14970
18663
9010
1962
708
11973
14203
10737
11702
13299
15318
18298
9110
6726
10091
9942
1836
17291
1197
9243
7688
17413
3157
5086
6965
11617
8167
18980
18624
16082
10783
13462
9489
19021
451
8257
18980
1868
4042
11806
14227
12257
138
663
7569
6068
9735
19644
18217
6042
18552
17541
10754
10554
5750
12967
1123
12683
11626
16827
4422
115
15699
12280
4169
4274
918
12792
646
17542
9093
340
6782
10134
7277
2361
116
5723
10221
9996
12637
151
11398
17537
4768
9744
7951
10275
6592
5013
12223
11026
10913
2018
19424
11699
11526
13969
8664
11527
410
18610
4612
8119
16944
18399
11566
14247
697
17556
19682
17409
2171
13336
11301
14941
17149
15582
10461
5940
19461
295
3684
11974
10726
13444
13214
15757
2213
13122
16938
19289
10389
4113
7990
537
19433
6417
7293
14759
11919
13587
2830
13188
3319
4833
17371
6601
12211
13946
3919
16404
17166
15054
17783
126
709
1520
2776
16063
12969
16876
11080
12770
2396
9914
57
1246
7786
2553
15633
19335
15952
13344
16521
1095
10504
8921
289
4527
14210
11506
18237
5267
17557
13343
5695
8943
14934
10602
2254
13334
12727
7064
1540
17652
18930
12343
5551
12124
14303
14384
13731
1612
19523
16291
7576
9539
19829
5273
9279
7301
124
14641
18134
4597
15335
19330
8808
14654
1858
15077
17811
11960
17680
19181
15577
10371
5310
2052
12157
14847
9211
9383
254
12890
15599
2996
7759
17468
18603
16846
9016
4143
16790
17814
10558
5434
3896
352
7261
10137
8709
1496
17697
3029
10708
1390
9285
15646
5743
14610
3846
12242
3058
12811
3266
16008
16534
1989
15368
15048
12694
8182
18569
14200
11530
498
18249
15548
15350
4025
8198
19787
10936
4704
1168
2840
5613
13137
6176
8151
18991
5640
4370
7114
7473
11761
4829
15187
12890
9492
17302
8721
14269
39
4720
11883
4258
7983
2310
13062
4128
7571
4142
13458
19499
6378
8660
10350
13753
16355
15152
19134
5375
10812
14552
11099
13372
16789
9993
4694
19216
17585
3103
17917
10345
13958
4987
10253
586
18625
11738
16765
1356
13475
1090
14665
11330
2457
10793
10351
2287
1942
472
13326
5491
12024
8705
6605
5429
8878
2777
923
19367
8054
12076
3767
4898
10299
19198
9078
526
2099
19577
7603
9060
17269
15399
3432
2034
18859
6437
2395
7705
16572
1582
18687
1526
13351
18743
3736
3915
11816
19329
17938
17797
15963
972
17192
18871
16098
1304
1318
2724
5053
10002
13154
1516
6932
1651
534
6907
18925
260
1413
12641
18987
18780
17536
17348
5495
17151
7685
12877
275
6481
2583
16723
16194
8671
10517
8338
9583
5726
5308
177
19960
19382
1173
427
9953
4001
14826
18823
7747
2861
2144
8121
19624
14996
17615
8874
11773
4218
9413
17873
3985
5928
6546
7121
8732
17053
8924
10639
2846
4299
410
12965
19465
8225
7556
14296
11535
1233
11225
19645
6670
8177
13649
5162
7533
16581
19555
2356
9175
7103
13665
869
6490
9351
5309
10152
210
15469
8246
15581
1039
4015
13515
3068
19881
19091
11040
4351
7943
4744
9627
16506
6563
4942
7869
18141
9098
15085
12390
14407
17960
8947
11845
8202
10099
16477
5720
10781
14550
9205
1094
76
4238
16066
9200
13445
13207
4289
10566
12763
5624
16289
13470
1185
19455
13500
18195
4615
6722
1756
657
3650
11950
15116
3727
14009
11499
13222
15153
14992
18993
7488
11890
4702
17165
10701
3066
16473
8752
16555
5711
2316
18626
11690
1245
4486
19433
11829
17533
4120
15760
19020
14656
15992
12421
4491
15616
4812
17844
5938
12971
17550
11324
16574
9745
17207
6830
55
10240
17213
5529
536
3268
1726
9456
9537
15773
10126
2792
5490
15029
15686
4961
14864
4979
1675
14778
6336
7266
10406
5627
12573
12212
6371
3159
14522
1328
12251
10380
3777
12327
11844
16850
16311
9865
17371
9155
6938
4352
13546
16614
18059
8313
15304
15877
5921
1256
14905
7237
17807
10533
686
4611
769
2445
16933
7642
18756
5293
15846
12941
5434
629
10832
8285
19492
17812
2095
18438
16289
5944
19036
1370
15496
19120
15115
850
1254
451
1749
17520
5022
4701
15686
13087
5348
12486
1447
18843
2717
11170
10189
12222
7734
11257
9109
10154
3869
11136
14830
19127
7302
9584
18043
3500
925
7465
14384
3788
19072
12927
3256
12472
15865
12220
18225
7588
15321
19342
4422
5859
9771
2545
16740
6437
3841
19273
13523
19883
7446
15230
11718
10803
2167
1005
8659
5346
1918
13648
17864
7238
7021
16567
9549
2183
5424
9415
8759
3411
10602
16015
5533
9455
4995
1142
12881
6442
17058
15832
19053
393
18131
9839
16190
799
12922
15354
19828
10525
1595
2613
11960
5160
12521
6576
12601
1272
11090
17531
8227
13709
5883
1698
4304
16085
13523
15394
18884
8667
12679
5896
4901
18551
9707
9940
6163
15567
2368
14349
2906
9822
15910
12946
18385
17095
12796
14900
1678
12467
6114
11261
16592
13746
12967
912
5971
5281
12894
7636
6200
17016
14925
16988
16640
10301
3090
7616
1574
788
19485
16883
17895
5124
10700
15241
4185
5667
2646
4004
7703
2845
9036
4504
16464
15460
11434
16058
7994
13588
1799
8671
13590
4975
6707
971
8555
11772
5808
16101
16383
10392
1736
9675
19747
16564
15906
14571
241
6557
12855
2246
10023
9268
13653
18913
3124
9493
3670
17661
17495
3433
2690
4875
1872
12628
17910
4300
19152
7470
8278
1622
5966
18114
3628
7023
6660
12001
12919
8568
19239
919
16128
8292
3426
13387
4996
10798
6171
3765
3908
13416
16555
844
8566
11353
1630
14751
2476
9909
10098
4537
2888
19229
9019
9568
13856
3170
17267
13019
6512
18982
8751
9852
9649
17815
15967
10557
3908
11333
10117
11415
4214
10096
14178
2769
17700
3573
17067
16750
19680
19795
19455
15759
5256
366
19986
8875
6848
15187
11059
17021
7509
18473
14456
15465
17685
19217
19407
14539
7083
10281
2856
1765
11077
3257
40
5920
8043
524
4090
9022
6720
3197
626
13984
5438
7547
10203
14128
4816
7845
6081
10028
2842
2057
7140
15588
13979
5887
12144
3360
16555
9242
8828
18821
9680
7096
17842
19060
5509
6992
6818
19264
1915
5240
16718
3797
268
9742
13827
4139
17709
7520
13442
19868
1722
10755
889
16454
9963
7451
1293
17901
17313
12400
19171
10231
3047
19821
1866
7364
333
15925
1194
3564
13265
19752
9174
14976
7340
1332
11790
18123
9446
2333
3450
19306
2497
19103
552
17147
17372
4363
11760
17148
14645
7899
11511
19710
9965
2155
2082
4345
11954
17744
9983
2722
10783
15755
148
6241
4849
8072
835
3940
15022
19441
10802
3592
5681
18788
5248
2567
1143
5750
9255
6985
9041
15994
2464
15934
1358
17660
11823
8186
5139
4130
15008
16163
5523
1721
6963
19717
2836
7921
19770
2997
8425
6021
11466
17984
13495
13072
16451
4620
18830
5927
15423
5823
4381
15826
829
1788
9084
286
970
14288
18861
960
15390
16400
15097
14139
7302
12123
4610
3324
6694
16192
8672
1348
8295
17539
12060
5929
9071
11749
19104
17867
16994
11426
4174
12119
19609
11904
2010
11953
4259
6674
4076
12783
15406
11858
6209
5098
9002
17957
19883
16362
6517
11772
1233
1025
6955
9100
177
4837
7193
13921
11892
4075
19340
4398
13080
1925
2901
13491
13955
11209
6208
16156
11003
10117
3974
17200
19672
9110
2018
13800
4191
16607
3196
3543
13920
3904
5528
13970
19356
8632
11488
11712
18726
15283
17921
5459
15671
11162
392
15598
1425
2475
5495
15742
10053
16224
18753
5829
10516
10453
16116
12792
208
12555
7463
10138
16472
12281
6550
19462
9615
16940
8788
4135
15457
15147
2798
5209
7574
17507
9221
13150
2537
881
4782
11644
5091
14015
17798
18484
8933
10329
8227
4379
4679
1390
9833
12465
18532
19181
93
5305
4802
7855
9548
14742
4777
8215
18286
15879
9805
18817
12786
12823
8118
9283
4980
6542
19474
12611
7769
8722
11637
11972
16344
1654
183
10852
14154
11894
930
2879
2745
17231
6189
9997
9528
14614
11661
12711
18330
19282
10761
7675
10049
1477
5409
8907
9198
19378
260
18650
14309
9035
7832
2392
8486
14772
14884
979
1224
15986
17087
3475
13464
18435
16061
14390
13906
17560
3669
9207
5039
4930
11593
8890
18785
452
4478
1317
18281
2681
4707
7113
15019
19839
8060
18912
16154
11930
6577
14554
8957
3671
2491
15959
536
10568
9956
16827
2667
17937
1945
10148
13626
8711
14391
10239
11686
17411
13836
11352
4323
17360
16085
10470
4577
3691
2522
17015
5184
3754
798
10384
19748
7907
4686
12236
11501
10912
14061
14930
11332
15146
2397
7056
2511
9426
13184
12173
12893
19415
13544
15258
7968
3915
7898
8739
8334
4141
9445
5153
16270
10837
2585
10804
2356
17665
11268
5539
18529
4816
2673
2424
7880
13253
13462
4373
6580
10527
13682
13301
4
4651
10659
18119
13219
16422
2726
14150
5667
7691
13276
11339
15945
517
12065
9392
16458
8527
11816
6942
12529
11080
3735
4019
11400
522
1009
51
2714
16196
2825
17596
11633
4490
18445
11807
18519
11304
15694
7280
1988
11114
252
458
10803
72
9139
1553
10949
8253
15837
6348
18665
8999
2521
11293
12822
9981
10977
4438
19201
19365
19926
14491
6749
18955
4474
9408
15764
18148
8575
3064
5151
2846
7625
9291
6210
19948
9740
4061
19899
10382
9359
588
14726
14332
15493
11705
10921
16114
4464
1613
6560
13589
13496
4530
5526
15166
12760
15486
853
9687
19806
14916
11688
14865
8489
7382
14504
3944
1129
4563
4687
3086
11937
7886
11466
19800
4721
9026
15935
3421
14890
19782
6752
770
3917
17186
1669
9262
17543
18826
991
14120
17763
12820
16974
7033
10814
17542
19309
7255
14895
13113
8888
18477
17589
11142
6329
7306
14648
18073
7712
15176
5067
9022
2886
8698
3963
8701
8718
16731
340
5658
19435
18446
6902
4648
5246
16918
14907
15143
5295
10120
13720
9535
7976
1880
7551
5705
8801
14272
14997
1624
6666
4347
16877
17489
14633
13109
12668
14246
16870
8243
16498
3892
2958
782
17017
16477
13838
5181
7039
15131
1611
1676
810
1443
14141
9718
17804
8340
9597
11820
34
8743
3661
14548
9990
6844
11618
1544
14297
5208
12493
571
979
17464
8352
2105
3988
2606
17974
12920
7144
2748
8691
11277
3932
13340
13919
9363
3307
3352
1143
6768
9876
8750
16203
17929
16205
7627
19106
17726
3606
13852
16277
19693
6717
3051
11549
1388
13510
5154
4912
11025
14932
6768
18396
19188
5432
13125
2386
15637
762
15298
17132
8809
10519
11461
11514
12825
14212
18591
13623
14829
870
13604
14584
6074
749
157
9785
6447
7791
12609
19839
11883
14583
11797
2135
3552
11379
488
12789
15696
6908
14256
8086
997
7594
11090
4318
4541
6181
1787
16131
13552
7521
18442
11436
1358
5170
10235
8494
3094
15001
14094
7542
10436
14594
16703
16785
12371
8212
15777
14222
16243
7503
6023
13558
19175
6869
19681
17749
10629
18962
3667
18283
6485
19958
3941
16577
17700
1906
10374
14612
18986
6652
10213
11085
14018
5678
9447
3099
17880
16617
10286
17575
10205
14382
9838
8503
10235
10511
8201
4216
3371
11529
7804
2930
2907
12176
14682
1930
11249
5981
5887
11076
16378
2800
15421
2687
2588
17615
4203
1068
4943
14569
10111
9570
4672
11299
5585
3081
19395
15652
9902
17175
17290
7021
10688
11197
6251
12163
11836
4468
12711
7170
15087
796
18027
12549
12818
2650
16179
17636
785
8066
8634
3951
17021
10603
2904
14399
5435
13459
7357
2992
5346
2863
16281
12812
8657
6612
17885
624
1926
853
15667
4439
5842
5890
17791
13490
2758
17408
6696
5331
5897
14503
12791
1010
1273
18572
3771
17412
5259
9681
4330
19943
2051
16725
18922
7896
4736
512
5986
1891
13281
11413
4891
15540
13061
2944
10974
9387
17349
7613
3384
391
13004
18632
2066
18395
1445
13045
6486
9514
8105
11519
9191
3849
2175
2371
19158
7718
3529
14139
13179
1599
18165
611
19875
59
18065
10416
9013
12642
6114
9145
9318
12131
7615
1930
12859
3270
7317
15132
5370
6963
10157
6771
2982
5618
7947
7772
2475
16922
19732
1563
17073
1404
287
12958
2562
15333
13214
3351
10202
18616
11960
11366
170
1138
6035
10710
12422
12728
18498
2273
11707
16812
8289
12517
16432
13469
2632
14150
10972
18909
7141
4342
11669
11623
15544
2524
827
5890
11078
4130
6593
12223
18905
12652
18024
18415
14207
10178
11403
10218
9455
14884
19884
1774
7195
6846
19714
38
17516
1937
5801
17818
2698
4103
1668
14032
9009
3600
14457
15905
6599
13584
1713
16173
9366
2231
1166
11994
4304
10702
17251
12977
18252
18877
12819
947
1007
19178
911
17575
3385
14961
17705
17406
17471
13470
14837
3671
17879
310
15708
19007
15968
11538
12562
19270
15010
346
8446
14190
8048
9257
13210
18893
3782
6606
287
6231
5737
3868
18486
19574
10894
5
83
10542
11631
5459
8732
4248
2497
2351
4006
6008
13590
8795
16443
6069
12213
16056
13246
9183
2131
5766
14736
2086
9990
7989
10151
13431
17202
11545
11843
16516
6567
538
15803
16865
12989
1180
6788
17666
15665
12188
15481
2604
3774
11976
7399
2567
5345
3596
16572
6833
11411
15068
8060
3670
1238
19963
13603
12370
4828
11707
18129
887
13107
8840
7215
10385
3902
4789
3813
3030
8196
16968
3217
10453
15489
2963
17252
8134
13271
9004
17797
18546
13313
7827
9421
9619
5937
19533
3070
9468
12045
2269
2178
17697
14783
2621
974
4050
19566
11988
11325
14242
14868
10548
10841
3678
6253
2296
9850
8124
6255
7679
3158
10618
7421
12942
14011
11692
12589
2302
5982
9877
14418
4479
15295
7482
10510
19690
17751
6919
14374
9300
15267
9474
6176
4344
414
17673
14017
8559
203
7595
5884
12408
11861
10143
15310
7648
14588
9276
5347
6087
464
19153
7567
18051
12103
16093
17522
5504
7799
19464
2359
18615
1371
3714
2631
5885
11681
10476
1000
13982
8306
11049
14346
12166
15045
12435
5753
13797
1022
12435
8878
16748
16776
8614
413
2687
5847
13484
17335
11919
19175
4869
3579
4857
10677
3387
17131
1838
19552
1969
1430
5685
12355
14848
15253
11415
3779
12733
13750
14314
15631
19278
3874
12540
4172
8886
11410
1984
15387
11811
19865
12732
5098
14293
4438
6827
11594
17375
5697
10209
5096
11212
19152
7279
12206
18494
383
7946
11050
11065
4446
11368
3755
14428
5401
118
3664
9651
13383
3296
11441
1659
6484
4730
19395
8522
5839
16332
16595
8084
89
1166
17171
17806
3378
8115
9691
7037
17994
8918
19930
19858
15977
3493
15406
9633
15560
740
13847
3287
6076
11486
15630
4694
11252
14170
2674
3432
13467
3194
13846
8831
15598
11563
3665
2605
17705
9098
18623
2470
9692
2201
18305
11406
12058
6035
13235
3390
7982
17575
17651
2061
10580
4984
11706
6656
3702
14865
4658
19275
19290
5717
19315
9013
15644
5455
9346
16662
9137
16726
9508
6990
7483
7934
4157
19037
8770
18371
16094
19521
3555
19706
19605
15047
19583
17881
7395
14748
12118
650
1198
9662
17568
7490
14920
12498
35
13925
4621
11574
225
874
17741
18609
6932
14318
2193
16965
4698
15448
394
4843
9865
14968
13913
19625
8152
2345
3587
13215
8911
9946
8316
3986
471
14692
7038
18363
7503
13422
17827
17694
6856
12675
8631
10814
5785
4957
2455
930
6584
13745
1165
16037
15014
3322
6188
19745
2954
10264
7243
3904
6416
13538
3808
17850
7177
14141
12752
16127
6821
1180
16663
8610
2033
10457
14653
15440
10073
17338
16330
4237
18526
4257
6202
14102
13143
3826
16122
4795
13889
13594
13132
7638
10236
7931
5035
929
9257
3714
19880
2101
2183
17790
15330
18960
19818
2424
5472
12359
5209
9798
8314
18439
10900
3431
13954
5984
68
1837
15789
6432
18328
165
642
16775
7068
259
1739
9593
5225
6837
4140
15311
3422
18814
16048
13869
17961
15902
477
833
3142
10065
6488
15924
19104
13984
6959
7259
13733
12350
2872
3507
10742
19950
9723
8527
1777
9027
14745
17400
11469
3343
5277
12097
15799
19254
5212
6780
14588
13007
4584
4832
18766
16022
4828
4291
16820
17745
18531
9206
17916
11817
82
910
18894
4334
19138
2582
11657
7451
8479
10790
7617
12996
1089
19845
15657
19956
12759
19837
9348
8762
16719
2222
9347
5127
18292
7412
6128
1713
275
11037
13963
485
16210
8658
16892
2725
5733
2598
1920
9062
1999
7592
17334
12990
14741
10885
222
4256
19642
17566
16227
10221
2676
16796
4465
9253
14201
5838
8491
13636
15335
16762
15088
14720
8707
16118
14939
19963
3302
2214
17149
16918
14590
5469
1022
15731
10825
13519
6228
17708
18721
17422
13760
18498
7923
12281
16327
8901
7826
14662
10918
7075
16183
10309
7888
2534
718
19700
11004
19958
902
418
4044
18068
7457
18822
11994
12397
13555
18033
8236
1237
7964
14050
19890
5315
7194
17767
4910
2854
13204
1894
7391
15715
6828
12615
10164
4980
921
17642
6554
1662
18093
3088
5066
18454
12892
17659
11574
15890
3873
10521
18373
7759
9900
1198
7408
12499
4807
6172
685
4237
3382
15533
9547
753
5690
6189
18746
2574
3986
828
9337
12777
212
7832
15435
7211
7419
10738
13228
13889
17664
7588
436
6823
9414
652
5118
8568
9544
2461
15514
16310
8273
7390
18049
1444
6868
16446
9090
18047
723
2122
17495
11721
11942
19152
17419
18846
12856
5462
11468
11390
10831
12495
613
6228
15051
15535
11803
18091
14049
14886
4238
15233
12773
2883
48
8017
6322
17873
18408
18658
17394
18380
11035
3835
17780
12888
11951
4225
5105
9427
14481
10662
18519
1908
6597
10403
6549
7951
13059
8822
11390
9558
2996
3075
5529
15887
16776
6461
2609
15849
14791
19985
16681
5970
16622
16589
4617
8052
13463
5311
5627
6583
17754
2272
1964
2443
17448
13672
7284
6524
3778
9421
11143
3768
16119
7120
17987
18597
12301
19938
1679
8509
11126
2063
18393
15520
4368
15631
12779
3238
15094
15931
5346
19082
3803
4834
11807
10247
8353
3382
18054
17183
2196
4058
8816
6110
8094
4200
14967
13668
19059
1478
14122
8869
1548
517
19308
15065
10858
18519
9521
123
6392
3383
119
1874
12164
11660
14292
3116
16854
19117
816
12761
18018
10324
5908
4250
11045
1381
6279
9976
755
9824
422
7736
18837
8135
17288
13792
1452
7367
16304
236
18023
8243
13503
18559
4755
19792
6725
942
13075
3671
12868
2481
18236
7841
14523
9036
817
11510
5302
1733
2754
2331
14496
4961
8418
11163
17232
5985
8729
19488
11240
17616
1752
7984
9661
900
3659
13940
11909
14021
19148
7689
18143
5783
19939
7117
17109
15440
12655
5769
16775
14192
6304
13523
17487
11429
7678
18381
18587
9562
10963
3112
5362
2811
1957
9601
2382
3803
7773
14563
1625
7748
15353
6048
14649
11078
7606
3050
5237
17891
6891
18309
19244
19837
18441
12933
3318
11700
3618
5554
18457
384
5581
13866
2973
12381
17021
13061
8756
16763
2041
10058
18285
4980
4261
729
7854
17686
17654
10724
241
13013
8978
14238
11026
9192
9181
3787
1708
4337
788
3656
6818
3851
18682
1770
13698
15342
2339
15275
122
1508
8978
8119
3096
13952
6484
15802
17802
6565
5680
10667
13456
17107
333
14383
4546
16953
4402
6496
444
7540
19428
235
7039
1735
16505
5435
790
6989
3537
15082
3801
11964
4776
17015
147
9954
16150
8560
12414
14471
11434
15807
2540
18827
18171
6354
18069
1463
14206
14009
2540
19883
11685
16679
18813
190
1196
19610
3429
7361
16055
2707
15370
9162
13298
563
14513
12857
17874
11405
9754
1302
2259
6158
479
9624
3935
1446
5645
7242
2962
6093
4287
15382
5353
6189
15227
7658
6287
12141
16911
13851
11295
4572
17609
6083
18154
6339
13535
1067
15461
16377
17328
18082
4202
12138
7325
6000
5973
12034
13253
2003
5417
10119
11797
1818
10804
19996
2754
7595
16056
8136
3539
10168
16153
6216
13829
17326
9643
9857
11947
10756
19839
15850
8385
298
14537
9524
9633
5364
6022
14299
3369
6845
6965
11858
4106
2212
3326
2724
17711
834
11373
15035
18708
17692
13041
3430
1144
19960
2831
1326
18167
17028
3310
11026
6730
687
14184
1194
3423
8224
19703
10142
11598
10398
6568
15852
1264
4104
3800
3822
12225
8606
19783
19363
13062
8293
8134
4384
1350
13411
6713
16689
14917
12419
5577
9771
19732
1507
14174
17616
19025
5805
11691
1470
14208
9503
12202
10113
2241
13290
15952
3841
7426
10269
261
10107
5732
11189
19580
1791
15656
18817
17019
845
8106
16965
18015
5440
7144
4342
18972
18760
18306
16802
1794
16411
10827
4649
17909
8227
11042
18899
15264
5299
11258
7740
1635
11755
17911
8779
10661
1020
6369
4584
12614
17405
15545
11827
2064
10906
17922
9611
1861
4495
14375
2951
17620
5540
12526
14951
11440
9835
5017
8981
16801
9663
7943
2536
7940
4481
18759
2985
17492
15055
10736
5666
17570
8055
8829
14732
15849
13388
19275
9481
3280
12867
3936
16565
13645
1169
19461
6116
9690
3612
13209
10190
4855
17395
12003
8175
1720
13111
15789
11129
2537
2681
19899
9002
2022
1087
11386
9780
9869
16981
8299
15186
11388
7243
10711
19942
6128
15470
16674
13905
5115
13304
17419
17178
9531
9554
2728
5689
1743
18190
14325
7343
7447
1869
17017
8779
11260
19437
14756
476
14504
12554
1353
4480
19078
4496
5342
3173
2012
16304
13477
2462
19891
18222
3145
16094
4191
12366
6870
13726
10315
12104
6197
4262
10360
13197
10462
385
18619
1973
2530
16079
12145
568
17022
15606
12183
6797
19172
4797
17007
1296
16027
10727
7353
15062
18735
2082
2522
10491
148
18222
11642
15535
12858
18386
17456
15101
10678
11868
7335
13453
15712
4855
11950
13530
7208
13657
12202
299
12579
15732
15052
18142
16542
8169
9073
15181
5410
8205
14460
12168
8924
15255
17919
11659
7497
7402
16849
19561
9282
11703
16111
15944
12948
6786
9938
7283
6732
4379
14760
9323
15012
9609
12530
13676
3664
14931
14763
4745
445
16888
19799
11824
5556
4317
3394
771
2885
16425
17850
11662
703
19285
15761
4199
10886
5945
197
259
14367
4367
14997
13659
18644
8143
16490
2235
16049
11221
3689
3298
10853
11006
19595
3327
8646
10410
18532
12656
16534
12557
6237
6470
9748
19167
1754
17037
17909
11554
2753
5139
18073
8796
14669
892
6375
15713
2438
15098
2382
5209
9755
683
18527
9544
15765
6277
8863
8339
4168
4427
14200
18848
9827
19998
5601
13010
19084
5444
1806
5568
4763
6597
14047
17840
7812
16383
7850
1398
17481
10925
4917
17260
7477
1665
16369
4807
14080
14639
14882
4839
13018
5684
3040
2028
14377
6756
10643
13322
18682
16685
15025
9255
19839
8426
1804
8730
8764
1176
9602
5253
14921
6540
11803
8248
4481
17002
3622
9801
8410
15122
8395
9144
4302
12849
1293
13084
9079
7172
2628
7985
8543
10046
12882
10337
19088
9178
2786
12068
3309
13015
6500
13384
8056
11340
5369
12885
12194
14084
2609
12240
14411
9932
12305
4213
2553
11718
13579
18586
12534
14003
7481
12189
15329
15649
12464
2858
15827
5557
10863
14403
9580
4658
17460
17702
12294
19238
14409
16124
17589
3604
11504
7981
18966
9911
11929
12287
16484
1705
16454
2708
100
3872
7918
6795
13216
15059
3947
14078
12661
4461
12036
5464
13236
10820
18249
16005
15614
6534
15932
579
948
5946
6499
6681
10312
2572
10951
6612
1540
2620
999
6854
9798
2984
14377
18248
1063
8590
14091
14690
884
17126
16193
8923
14556
9907
11146
7836
7299
6753
16179
19317
14242
16550
10772
8239
8310
6387
16991
5031
8567
10936
1115
890
7645
10283
6081
12734
10657
10181
18001
8375
18761
3752
4716
7225
12520
5505
743
307
12076
7129
9977
12833
14941
1254
17294
19479
5988
14115
6478
1762
7362
10106
11252
859
13525
18810
1880
7774
321
14834
5969
12661
18803
1958
19023
8374
1442
14626
10381
19416
14348
12391
6605
9481
3937
14380
2138
13321
6071
14119
18049
2889
1558
19104
10525
10399
12860
13588
6666
8553
18114
18212
10366
4903
18313
10773
11754
5585
7910
11902
8126
19071
15117
14567
15342
1387
3655
16107
8758
6819
11867
12588
13669
19596
14405
1048
19796
1547
17765
2535
15425
4918
15184
6337
7824
18029
14407
9074
8293
12103
5821
5897
4042
13503
10392
10467
12581
3281
6230
13118
3154
19122
19428
9558
12039
14502
10518
3095
2687
5470
1192
6383
13676
488
1009
51
9329
5489
11806
2725
19063
19155
11367
16753
17773
16840
3052
14175
15401
7891
8129
6170
9576
17556
2171
16697
2781
17085
6818
14903
139
11457
18086
3436
10806
12788
10250
4778
11615
4455
13993
9257
3916
6775
4748
14881
18309
1960
3914
1686
3831
1336
1193
5722
17341
10302
1668
17916
1680
4851
535
16448
9596
9448
15936
18701
3723
17532
2188
6714
2972
9398
6853
9428
5988
16702
9649
12211
9139
17712
17083
9452
15650
8823
11311
13977
19080
12631
8823
7563
6019
16329
8321
14047
5989
1895
5154
5061
1040
18919
19226
5602
9143
5609
7809
8938
19815
13452
8424
1859
7118
18064
11662
16097
7260
17786
11031
14154
19694
18399
3054
4214
13455
13732
15789
7719
15590
8032
8858
12641
17118
13330
9554
5894
350
11436
18823
14218
9779
1803
5382
5491
16395
16755
17285
18957
11854
10201
18656
9762
10938
4776
2026
16723
15076
8772
1878
1207
4377
18520
4252
8273
4845
3880
2953
19493
6742
3886
17296
3284
2859
18688
14293
5454
13814
14905
13128
11160
15707
12730
3567
19928
5732
10369
3131
8302
19908
5290
9725
13104
16815
4308
14622
4257
5405
13992
503
11314
16062
19503
438
11663
2708
14740
19361
12727
5799
8502
4755
19356
3325
1422
18213
19318
13333
18233
2971
7399
18128
7144
4623
19470
18185
18933
15137
9971
2320
7880
6361
13563
7212
19272
6669
13165
9219
13799
14297
17582
2435
14047
8696
10627
12583
9313
5156
17822
19376
9615
18419
16548
9205
10870
17791
17213
15262
16807
1195
18422
15133
7126
18867
10659
2319
9537
4518
18293
3171
4992
7648
4661
4630
6670
8609
6925
14011
17620
14891
16078
9799
17902
9565
5261
1156
2422
14018
11944
5686
6869
14986
13666
2209
6947
17398
18978
7070
9984
12304
539
14759
2666
5761
1661
10004
6259
7875
13734
9351
11757
19738
6066
838
17824
15062
15901
12271
12299
8066
14024
13926
10177
17339
1893
14434
8438
1368
2937
5049
19697
10147
11701
8030
18781
5121
16426
12279
2425
16446
11029
7046
9102
9570
8732
469
16686
14984
14092
3606
4846
4029
5161
5554
14795
11825
17753
14219
18066
18849
17485
11442
200
14720
4113
7871
3107
11858
1435
3647
6250
17292
14226
8368
1896
18056
10115
16161
10035
12492
3745
2600
4554
17135
19756
17987
9892
10911
14369
7213
12343
17779
2374
14017
7962
8659
2997
1841
5637
17032
17617
3112
3646
18006
19047
17920
9143
11857
2917
1535
19714
6573
13211
9471
13830
14724
10445
13017
2016
5182
13123
11648
8221
11482
9018
6527
4750
3934
5310
1526
8791
17444
13536
17845
9898
11798
3337
18610
1487
19059
18361
14082
2136
2370
15757
9357
7278
6864
8283
11573
18965
3801
3756
13047
7532
14661
7869
16828
5165
19193
8186
4179
8996
14158
12079
6924
17125
3004
17115
17156
19843
12542
17508
13013
10632
4686
11564
14680
13120
12058
11527
11071
10284
16332
6940
3483
11043
6871
9429
19237
4072
10991
1672
9717
2757
5476
7104
6917
17934
2324
16432
8394
19890
13378
15981
11086
11398
12351
16384
6313
2304
3844
16993
12559
12607
12599
17253
19001
19518
8508
11205
4453
7418
16387
8607
16192
18193
13083
7774
13185
11826
12248
2156
19911
13370
10594
116
5315
4957
2313
1538
19664
15204
2701
6215
1859
12404
3678
2149
8192
18137
19422
8738
17118
16147
7309
8983
6191
18820
18785
19236
10169
2078
3950
16575
9752
13758
13437
19836
8656
19402
12995
6857
5367
17319
5233
8045
669
12277
3572
4902
6070
1678
7733
17027
4433
16147
18418
5196
7677
1429
1239
5255
8476
8716
13584
3433
3416
13679
1937
19749
16632
2503
15567
2919
1638
10389
17858
18820
7874
4820
14451
15119
94
149
2008
19176
4160
11932
9652
16848
5544
15569
632
13120
8678
11136
8004
9051
16614
7913
18644
543
2595
15592
15552
19461
16356
2129
10400
15088
8718
8852
6519
18253
3198
724
16290
4625
15241
5164
14040
11603
19870
11421
5398
18360
16071
8650
18287
16499
14667
4488
4187
1761
18561
14513
14300
16434
18208
14441
761
2051
15965
15443
7002
11359
16329
7578
19005
14428
7113
15134
679
12863
1902
9896
17123
9998
8675
3481
876
15536
3133
4842
18049
6436
5094
6181
7241
2022
7634
14522
12123
3453
10292
19663
12061
1876
14326
701
16037
13839
11367
16432
16515
5333
13233
501
2141
8582
5445
3985
19868
4215
11217
4948
2479
15952
8815
716
19147
19933
16242
7135
10435
13713
11658
220
15375
4761
9324
2904
16776
19393
19539
18826
13290
12452
18608
19750
7427
7907
2516
128
17990
2600
6484
3799
8330
18194
19603
15811
10652
16418
6444
12790
18835
4083
18872
15956
17604
11014
803
9444
7853
11193
11539
2770
11700
4725
12008
14758
5818
7341
16689
13562
3493
14815
16792
3585
805
12149
16558
19141
7951
5651
10004
15748
11990
3502
2151
15642
12326
7326
8036
6176
1803
17845
17867
16687
11411
13580
17312
10836
2235
14119
2628
11652
8026
7744
8104
13081
668
18784
4084
8549
19430
8248
3492
15804
7565
11279
4552
2693
3365
11067
19190
1827
11836
15518
1395
10487
5378
13386
4038
8247
13602
11499
12822
1227
1042
2964
12931
19066
11905
10672
6934
3777
4272
7920
18718
12666
11704
331
934
15675
9447
1416
7644
6891
13251
2174
1998
16882
10512
8487
11430
2062
5492
4799
4001
11829
15427
3499
5122
74
296
19260
9501
4683
4140
13980
17291
7177
14814
8411
18279
10169
8231
8349
722
11821
3598
4842
3770
19035
15555
18881
11776
13463
1333
11303
18064
17865
13821
5510
2217
11182
3837
8085
10384
18446
7852
8883
1906
3086
2720
8442
10620
9489
111
1497
2973
8136
11514
985
14412
17050
3850
13478
6284
11635
3360
5843
6691
10566
1201
4969
17492
8161
14548
8672
7560
670
1602
17503
10889
12673
7483
13140
5698
9155
16881
14727
6284
5513
13338
1572
15559
8225
14546
9780
8700
15529
5006
9515
14976
7852
15664
4329
10454
15041
5517
6857
15998
14084
11724
6256
17159
12217
17152
18616
8021
16193
10054
16159
18932
13726
19844
12079
2525
10798
19888
18424
14247
5029
14055
16569
1404
10361
4018
2776
9642
1673
4732
14290
9768
951
8879
13297
11983
10640
647
16852
10396
13431
17674
1145
18779
19011
18617
2754
8596
7375
2580
3373
18907
2486
18936
17455
6649
12473
16887
14933
2156
16606
8884
9937
10599
18222
16960
2922
2109
8042
17835
764
18707
18656
13946
11961
19386
11970
13202
8997
7379
6232
135
8330
13180
9185
1257
13085
15241
548
5704
12226
5370
12880
15457
10302
12466
19646
12166
15278
9075
3387
15639
7625
18428
957
3160
1329
5275
7605
10582
2331
1638
12426
7897
3323
635
7817
9389
16439
238
14579
826
3521
2098
18743
14880
395
2190
18061
4132
13793
18659
11409
14391
11664
18357
12929
9613
9642
4510
6903
10438
2003
5879
2218
5049
18607
592
12121
1273
15955
5329
4043
18312
16775
8658
14034
2869
7094
1949
11677
517
13094
13697
6198
5702
15213
14154
3039
14199
495
5108
5765
13682
12218
1978
10357
8053
12831
9836
7706
18419
18220
13353
17546
4634
13675
12063
2932
14987
17105
11567
16066
10714
5493
95
18424
17795
18657
8803
10987
15056
10619
8308
2366
15044
14885
16520
18097
19932
6198
16964
4122
18692
8706
13764
17715
4490
15509
18168
18207
699
2033
15197
7597
18699
17482
18879
403
8013
12685
10635
14859
563
2021
14342
14723
7610
9221
16742
18174
7033
12398
4066
12864
11715
14792
19647
16263
6773
13838
2280
2532
1607
1981
15455
13313
19480
9411
2500
16620
6591
9025
19929
7719
12147
11977
2488
3389
13277
4153
5788
9574
12603
792
7690
16312
5146
4619
18436
6911
10771
16102
18003
9380
12533
12364
9159
11337
3195
220
17881
14780
12382
9922
644
10025
5117
4324
31
8509
5961
6007
12327
7313
14249
17584
12217
8046
7829
14110
16409
4106
3249
16842
3604
2754
17378
3273
3130
14275
1021
4314
15882
17344
208
12077
9385
11015
14958
13786
685
1079
10588
9885
13644
13452
487
16745
5243
2766
1250
5021
7536
3188
19497
5790
14815
15524
4674
13508
15302
6033
4530
18084
2811
6541
6918
10889
16642
17858
13344
13264
16203
119
11715
12353
2944
1703
373
4464
14663
13612
8114
14918
15145
6214
5664
1701
15106
3005
11961
10543
19529
1513
14890
15790
3440
9218
3665
911
11016
9567
11659
5606
19257
1288
8792
18372
17149
19538
5901
6191
5939
10030
11695
10258
18961
12940
12764
12469
4322
8030
12512
615
17441
14908
18372
4665
13025
1824
14098
3888
9550
185
16061
10372
19769
10995
11400
6084
19884
8761
17275
18751
16718
7353
8934
13480
10575
12132
18319
1785
6227
11925
5474
11321
12631
9053
6042
2743
7201
10290
5350
17833
18250
12863
12384
4334
16333
15555
1589
3217
6093
15686
15618
1935
5603
9576
15755
17841
15502
17720
19745
8466
373
17361
5020
5594
3775
14312
15768
2918
19008
833
4639
12598
11624
5782
9508
15604
18998
3700
18966
18539
3311
1737
17351
14349
6858
2834
15408
13951
4871
16
8559
2290
5218
13982
8505
19710
14968
18017
19049
5859
963
19116
17110
19861
1436
1521
11998
17122
19201
7440
19835
9483
9366
3529
2555
9072
4801
17995
17281
19199
3359
11800
15775
15144
13430
13427
9777
4993
6623
18273
18582
11318
7344
4804
500
353
16869
15293
17600
4322
10504
10775
18496
18233
3238
7276
14533
6588
15708
15456
594
17368
77
16544
8563
8938
10212
9931
4869
15897
284
17520
7198
168
15989
17717
6192
3922
6540
9323
10045
280
16908
13739
12003
6552
11331
870
6303
8951
11158
16797
18442
12617
14845
7154
1260
12852
8028
18491
12143
13197
729
7124
2983
12466
14403
10448
538
8797
4456
19655
14844
12353
17511
4023
1425
3266
3042
9964
9251
14619
5521
8471
6198
5805
14873
175
7052
16421
767
4472
2551
117
10682
1543
6078
19737
16923
2782
16672
13966
1837
18305
6352
1865
8402
1950
11965
12028
17966
14868
2517
13280
3880
5384
4232
1601
18768
17509
1129
12080
3601
2332
13628
5987
14442
12939
10967
15098
8471
15079
12871
19544
4969
7754
16934
2235
11147
1683
17584
5079
17514
15260
1779
14346
15663
7323
898
18835
12134
14585
19726
17538
9394
19524
3513
9439
1386
322
11218
1861
1876
15464
8906
18877
5430
11174
10255
18237
13428
6744
3980
10862
3943
11220
19031
16695
13335
8891
18219
6087
3586
17992
1570
16700
10707
2794
16552
13085
14026
17408
18661
6340
19296
12352
14894
7345
6243
6982
13596
13859
2012
2593
7272
14117
11471
19358
18930
10265
12350
17847
899
4887
5930
5410
14379
5012
8745
8038
13264
3855
3385
14295
18521
12397
5609
281
17328
1374
5277
3770
2517
17710
3860
17201
4484
12114
19906
9629
12365
16508
9794
13595
4462
2308
6817
17679
1200
18530
7184
19668
13613
8043
9932
10204
17241
7925
1498
13045
17869
8338
12885
18348
15689
10288
13
3225
3694
11553
3909
1319
5629
784
12194
11581
3148
4366
10798
6921
13891
12844
11255
13213
3975
5447
18198
16346
18555
13567
5799
11612
8012
11417
2976
5218
17384
7959
6596
5383
5043
19506
16516
14974
14355
13564
16576
14784
15102
8855
12539
2846
6594
13868
2886
4279
8679
12582
18316
15487
18328
10998
12667
11701
7051
17571
8132
16330
8822
19937
7408
13763
859
7251
16392
13866
11566
2560
14181
14502
18049
628
6904
2481
18703
14846
10455
6366
9736
4527
10122
17548
18491
904
5892
5975
4916
147
9200
18008
12662
776
4558
16964
7669
10440
18982
18919
16035
8167
15600
6987
14297
4384
15891
9464
7703
12070
11366
13187
12195
15203
19919
10265
8783
19574
14046
18230
5873
17472
2516
13193
19112
18287
11012
14032
11018
19006
8711
8168
3033
16947
4183
2481
6438
17025
13146
9246
656
3820
8440
7683
2518
11795
2186
767
19161
14550
3598
12085
19470
62
11978
2730
7105
12735
17102
7433
4817
18247
8469
13905
922
3699
5651
4429
2052
9369
10524
15993
10126
5744
8353
19865
10485
14685
1779
19920
2157
7679
2774
12896
18386
15959
4825
5728
12795
12091
19533
9060
13146
18046
7385
4784
6414
8557
9230
1813
1380
7553
8616
15592
14531
2449
16120
12622
14996
16988
13012
17117
11364
16352
18492
200
1251
18314
6165
16667
5473
14565
16899
10782
12912
2438
14544
12554
14387
2542
7311
9795
10831
6562
8083
8781
16687
12116
11234
18920
3345
6923
18979
5062
5032
18337
18453
19938
14362
19519
19896
1781
13402
16605
4527
13396
15923
12879
7105
2723
6285
5337
2214
8604
3882
17398
16964
8827
2228
11166
4594
3913
1367
16897
13008
3983
10083
10186
6270
17765
19512
8209
19318
3803
7455
775
19490
3057
16858
11242
14998
11510
8183
7088
2238
11172
8245
16425
19921
10231
5653
13134
19732
4824
12263
11242
11821
13991
1060
8111
9833
13807
2258
833
7785
11508
3453
7991
970
14259
7918
13577
12994
395
7797
4894
11496
2349
19750
17055
3262
2439
13803
17586
8823
3005
12267
7805
11213
5280
18811
2991
5163
324
11878
3888
7682
4444
17352
14493
10321
16049
15714
4779
13289
5888
524
6131
5390
19806
16569
4964
4194
16385
18805
18327
13107
13518
1434
17282
18667
17999
9108
19934
18727
6967
3589
2974
10395
9504
5199
17584
10500
18764
12960
6570
17322
7474
17399
6666
3560
17003
1328
8404
13434
1833
13103
1683
7353
18681
1839
3709
16752
344
14738
6332
12866
11142
6595
8839
14549
865
13857
16918
4554
17654
2204
7283
11442
5324
17914
14486
983
11189
7889
1289
13456
1052
6506
5284
4504
368
4245
13514
16446
14581
12286
18122
11087
16778
15096
2092
9663
7508
3467
2420
16224
16182
13973
2007
16421
13598
11302
2773
12012
3827
19861
13537
4064
14233
8738
5591
18876
15304
3329
17311
12633
603
9027
5014
4927
6491
14307
2930
14410
2201
4070
9472
4885
18042
9940
9487
1592
2586
11436
18781
1309
6085
19087
16783
2848
4928
19009
19689
13851
17949
10806
296
10119
7117
19092
1800
18302
18761
12259
8109
3452
18574
17683
9858
6574
2813
12500
3179
4963
9260
9301
19183
7944
7044
12038
15954
8187
17452
14012
12047
15213
9215
17265
6628
6200
2793
10727
5118
10814
3793
10982
18293
7301
4170
9153
6363
1143
2508
19370
14608
17584
11890
18504
13251
9239
5688
10217
15523
9202
6846
13214
12361
18401
7500
16764
1230
9661
17727
17602
16300
15822
2678
6977
14098
19259
16077
14653
17999
9285
6162
6580
15969
6889
11609
598
11612
19894
15505
15664
16961
2901
1921
8070
8025
19267
11393
7528
18855
17800
17182
293
1606
5999
16206
8915
564
17081
12030
11890
8154
7531
19453
2814
11319
9485
1845
13437
546
15497
13835
12600
19412
1720
17559
3560
3459
2534
14904
9399
19348
8715
5547
6378
18855
4223
14488
10000
14892
8453
19627
15833
15454
14681
8924
18391
9378
565
16491
19719
7038
19910
6545
4359
3287
6724
8760
18943
9377
8010
5141
7941
19915
10067
12728
13014
1413
5964
10728
13037
12345
9635
9357
3858
4733
4863
14133
14563
18118
16921
11170
8521
63
4514
201
10868
3737
5581
15542
771
6252
9407
15968
7840
4591
4091
3207
10847
16885
149
612
7922
8832
5269
1201
19977
18994
9603
2275
2122
2597
3144
9203
12595
7082
9898
8188
16939
11477
17237
2763
3505
2700
5482
7025
14159
4273
4831
11
8992
18686
1234
2342
8762
12743
6473
9537
16336
3396
4218
17196
7557
14277
6179
11872
10330
10626
16671
18512
6045
14101
5535
8258
10897
5263
1849
6785
2805
16628
13473
19803
17477
7908
12917
4355
5829
16299
491
13006
18197
16315
12123
3747
12498
13186
16360
3519
2693
17042
9868
17472
11700
13371
6574
8366
14739
7156
11811
12151
19790
9019
12459
18475
13352
16396
7249
17137
6949
4824
11124
14701
7680
7816
2495
11965
9006
10186
7056
6688
12295
10352
17140
8815
11691
13353
17383
8075
18615
15159
12707
5619
16858
9570
8601
10626
8623
19065
15446
18709
5776
7411
19080
13463
13446
7732
10482
3835
14036
11710
16879
13264
3818
724
2733
15116
3262
11857
5508
8778
1420
7654
11217
11821
5404
11480
11534
2611
2253
11791
6230
4940
13171
5188
2911
17354
17410
9220
7065
16817
3020
11993
5234
11283
8745
10141
10784
18583
1042
16991
19557
16352
6548
14343
4569
11699
9834
6007
6243
6808
7646
13656
2804
10951
2773
3904
6704
4471
13942
6031
382
7589
6539
3313
8420
11027
19264
1739
7872
5094
13694
18382
17481
1652
6732
19768
12116
14358
5716
1842
18354
2820
17215
2722
907
12744
18855
2067
4995
11826
4743
9115
19894
19967
10989
4765
12925
1112
18943
5068
660
9196
2278
2484
10872
7383
19824
4096
242
1154
12874
5805
6020
14884
9726
17623
15669
5
19655
6214
4094
8793
16737
19166
9412
10590
1684
4175
16695
15757
3030
2045
13173
12003
10807
472
1300
14917
3177
13333
17118
8461
16595
19754
4528
9859
17945
9078
849
382
16150
18591
14720
729
17375
3374
9985
4662
12275
9959
19858
15845
562
4590
4465
11685
7784
19797
4038
19794
11725
16041
2309
10240
19943
11939
3116
18736
19557
14103
2451
18592
4169
10396
14731
14559
9880
6979
16318
10848
17423
650
14721
16072
8803
15531
2088
10504
7140
7956
17675
15687
8506
3363
18745
14005
16539
9712
6466
12208
17340
7189
2151
14854
7561
4557
9282
3770
15725
10158
6005
15591
6422
9200
1717
4539
8372
8182
6803
3060
13144
11692
14204
4506
4768
16160
17372
17379
3576
10927
15528
2623
12614
4797
14177
1737
5642
16595
5433
12908
10854
16206
5775
12106
16349
2141
360
9922
14568
16907
8060
5325
6888
17109
2026
5967
14259
19037
13068
15182
4663
10147
13505
17274
18078
17758
15760
3990
15469
12826
19793
2707
2472
8160
19637
10481
17173
10904
800
8892
17513
19707
14198
5733
12850
8198
6729
2478
6623
15333
13803
5150
697
8925
6435
13235
15092
19465
14599
12333
7135
17950
3830
212
8399
10368
10687
4545
5600
6222
4228
17360
16751
9999
18128
3551
19510
6906
3081
14670
16087
9007
17625
11505
789
17912
2645
8443
8923
9250
15913
19850
18396
17432
8500
15221
2851
6118
10862
3902
1046
12049
17703
13195
15034
10549
4533
18987
7713
12197
17270
6388
1206
13124
15377
17722
14814
4917
17652
9930
8489
12696
12913
14035
14038
1181
5566
15775
4620
9259
5936
17461
10498
17718
19073
565
15234
13912
8562
8276
5551
13298
9830
15317
2022
8173
1716
8942
12253
17702
5092
6825
4439
18458
18908
12305
17277
14458
8586
11592
6953
5582
7784
18794
13143
17864
3520
16480
13812
18932
18111
8475
13492
776
5510
3893
19784
14340
15672
13190
1313
3449
10273
19094
4513
11056
7933
15611
1553
5525
13488
4650
6498
8034
11172
11529
1289
19024
9545
4368
10411
18536
2550
1827
16933
14453
15331
17798
11921
19993
18017
17035
2889
1092
14765
709
2445
2288
547
14292
1572
3725
16320
18696
17001
10356
2316
3306
15491
6879
2350
18570
5956
10301
8254
14413
6949
4411
12723
4489
2402
261
2489
6814
11947
9998
3047
19511
294
5503
10635
8687
12731
1850
18191
14776
14606
6981
9574
2455
9733
10893
3434
16424
5131
8296
15048
3336
11547
10003
4951
8767
15384
3236
15203
12460
6176
15710
3914
11930
11381
7343
4334
18953
19770
9369
12410
11762
10525
8322
10152
4623
18256
2287
6825
2988
14817
17033
18270
11011
8137
18662
12316
5383
10384
5688
9096
18779
19081
9742
15866
17959
9047
5307
6438
10973
1368
5601
7145
5076
3946
13311
19334
18003
11495
11132
1599
9673
17463
15229
19523
18299
11360
8200
14164
9513
7598
14291
13385
6748
2335
14111
9802
5547
1087
3156
6864
15554
11346
10718
4035
3061
357
7146
6530
16364
9846
536
12555
3290
15421
6683
6518
6233
15340
3465
11263
18052
8790
9717
14863
15704
5531
2588
15657
14596
18536
10297
15777
14298
5329
11074
8831
8089
4019
9414
736
8656
9238
14940
19276
13924
8194
1187
15849
15929
14721
18491
17274
13920
18958
5802
14899
4980
3354
19228
11505
15127
16962
9608
6470
1625
14225
11476
8851
2634
10856
3486
1790
8280
7197
7579
1294
12129
1185
19234
12381
15985
12313
5472
10013
13961
18171
9222
6979
6201
8648
17632
391
1471
15696
17970
11434
136
8178
5248
547
348
2988
8723
16958
19918
2713
16315
1323
14269
5282
13999
16986
12922
381
419
13964
7836
10957
12802
4722
18001
18326
10845
16493
6685
1310
3873
17640
14632
12103
648
18360
18072
16668
5042
1601
13980
19363
12009
18673
4981
6477
2108
8565
2610
10287
12717
2670
12205
14426
13993
7783
12383
12025
5570
16032
4784
15283
9883
12268
16404
16519
17898
19289
13866
6563
4965
13316
17212
1819
5685
12017
1697
8540
19012
15493
19861
9201
18177
18335
13519
13676
18789
8138
11545
1338
6931
12086
11842
11732
11701
2103
13788
17706
8898
13414
5625
3947
14304
9576
9018
15615
11673
15333
12140
1796
18099
15405
13176
12836
839
5303
10661
15326
16465
18714
4978
4320
17406
4088
1693
10430
3812
10210
6844
15493
12311
9079
7171
13676
3635
16236
18503
6328
9899
11509
3852
16189
11030
1114
3769
1487
16271
16664
18796
13976
13573
9311
11453
1829
13089
15837
14709
1130
1505
17149
13403
14717
12855
2275
15317
19191
11997
3618
6707
2892
5705
7108
7340
2950
17857
2105
17062
16050
4738
16325
10843
17440
12183
9699
5737
5239
529
17361
15287
6391
14675
8345
15259
7001
4021
16064
1196
5632
6036
9662
297
19339
3532
12935
11131
18070
13115
3227
6972
15137
1649
2182
18325
3454
5097
11826
4414
16273
5262
9731
11541
15522
15058
2928
19798
1696
8026
10417
18354
2024
863
19333
1499
8334
5829
18931
8690
8600
16042
1483
4587
4714
19313
17729
815
1114
5294
17469
19322
15541
16778
10427
16754
494
14499
3087
5197
12258
11384
14769
12542
425
6265
4922
7069
7085
5234
9520
2864
898
13652
4259
5740
6902
12569
577
649
12698
3955
12256
715
12568
11213
9500
3357
5799
6820
5957
6638
10520
14981
4042
10936
9673
4394
5080
3624
12314
12058
2149
4149
11037
719
10318
10218
17224
7756
13505
12864
19132
2091
5321
3614
5185
14714
1404
7983
17381
12951
1950
10825
1011
4600
13119
2496
1407
19243
10315
19443
275
3804
15625
19518
434
383
11404
1522
9757
10219
1556
16903
14838
17684
19761
17182
14709
6388
9193
12379
9038
1549
9139
7185
8881
9945
18519
17378
3008
5000
14371
16633
18510
8722
9076
14161
16789
13553
9466
13572
8071
15028
15875
12010
4783
405
7593
7269
12489
9188
18018
19118
13310
16294
3712
18767
18181
1323
10518
18618
18403
19442
455
4323
16386
15415
6017
5697
18572
1699
7949
4786
18533
7700
12078
8475
9976
1819
18764
19415
14849
19940
15748
1975
19879
4676
6978
801
17686
842
12533
11298
388
17600
15422
8036
12215
14306
11228
14216
6316
5604
13081
9906
14085
7465
11357
9825
13835
2411
11380
6638
7890
2948
5729
2833
926
10475
16929
3717
13696
4503
5275
15068
1821
18519
6674
18268
4028
6138
14848
3673
13909
2995
15817
15312
19965
18141
11106
2966
13031
3353
15186
15502
10731
11460
13699
481
6440
13992
8327
18521
14766
4153
1327
5330
136
9181
15879
5156
520
5864
16449
4090
13225
9629
4227
5128
1949
8144
6995
10324
154
10066
14180
18806
19352
9405
15996
859
8548
12099
5059
13892
1110
1468
615
2246
16253
18085
10893
4240
6690
18741
19625
14339
15215
12973
11003
18108
8890
620
19374
15174
8988
19797
19835
9838
13921
18363
19623
8473
10911
19630
2960
9837
11412
10613
4895
4556
6093
2316
11080
9934
15082
15038
3954
17247
1637
17211
13803
8840
18990
13328
14661
4765
14947
12542
10137
11367
14191
17272
6230
19234
8201
12400
12866
14644
422
4686
3058
13206
7556
10593
17178
1261
7188
8795
4638
11392
12032
5274
16406
18002
1231
14444
8023
12922
7095
2358
15922
5266
12896
2827
4108
8309
8574
7302
13147
2209
19519
12507
6075
17601
13127
9685
15843
15401
1580
3380
625
4374
7346
17554
4057
11101
596
1547
7278
13300
8019
9332
2186
10874
13284
10478
15816
5040
7612
16440
17914
13696
13221
17641
1309
17688
11246
9535
15860
9801
2931
15194
2014
1866
5929
19889
8786
117
18050
17016
14796
13274
16138
4565
264
630
18724
5128
16358
12665
10211
16005
8440
15128
18408
11750
18335
17124
18248
9499
17067
14660
1375
14390
5390
7686
18442
4212
17782
14672
13168
6319
17127
17607
9257
19337
16557
15414
17032
19576
4172
15626
923
10523
14718
12165
15157
15949
19442
2335
10298
1095
18086
3497
11005
1891
1571
11792
6288
16868
4860
10749
5101
2296
19646
87
17078
11754
15701
2535
797
15344
5278
18081
8121
13907
3821
14389
6726
485
17300
8915
3380
16217
18087
15721
2142
6494
3307
14404
5629
1751
4457
1986
11541
19832
467
18247
18323
1285
8958
12969
3477
2999
17970
13957
15339
11956
18287
10918
612
5786
8033
1850
16335
19699
6158
19812
12812
5945
16002
7469
5086
12336
8043
1669
19127
14173
16579
12610
619
3091
5444
13067
18098
11150
360
14421
19857
9340
18910
11398
17333
5306
13020
12745
14335
17900
13919
12612
9575
16478
16407
7062
5105
17085
454
14484
9014
5365
15392
17792
19500
14161
16320
2508
2110
15154
4959
15577
3322
14484
5842
15197
12172
13601
11199
9092
8196
6044
12974
1521
10158
8696
3116
10483
6511
18826
5444
9712
11377
14001
12359
4071
1072
11231
14553
16535
11467
3905
16356
14508
830
1858
3207
10115
8620
4307
13033
16926
17099
16928
913
13987
2834
9068
3952
15140
9582
9230
17064
1694
6531
13879
17049
4232
18734
5682
12031
16136
18610
13175
6692
4022
19584
19042
2602
3908
9252
3037
13946
16744
14587
9750
14149
12238
8808
7277
5653
14097
17387
9047
7762
8194
11536
14801
3681
14374
7761
6655
13204
2964
9119
17318
10722
13023
1055
2489
19843
16778
574
19689
4161
2030
9780
7899
9938
18161
16010
18241
13605
241
4821
9721
16782
9945
7973
2981
8988
17698
35
2713
12394
380
17781
14686
14541
11940
9178
16535
3801
5142
5109
12755
10284
9826
16313
11244
18427
11317
100
14093
11829
16586
9023
4363
1152
191
5909
16661
15247
9680
9184
14893
14866
17363
12527
2277
4950
4995
7792
13861
8680
1500
5008
12864
18720
2938
18533
11170
15109
2114
2014
4881
19432
527
10629
1044
19310
7726
12113
18396
5445
7063
3868
1117
18865
17466
7216
12584
18017
19221
4273
14848
8987
1711
13825
14452
11105
12454
2312
18559
6424
5061
5471
14289
11637
19412
6637
8244
3669
10010
14617
14953
15657
18433
8843
19664
11655
19510
19769
13947
18054
13879
12854
14962
5393
15183
8834
8499
18344
3924
11268
10467
5222
4779
13006
13184
4961
5392
1806
10915
19888
3399
2894
6827
1163
16092
9215
289
15396
2120
9446
9733
13669
8382
2895
12460
18637
18044
8206
12120
8258
17421
5693
16616
19823
15855
1230
6198
6559
11073
11996
16033
14146
3767
1632
10282
9409
15249
8875
18440
10220
14339
13599
15495
3738
9389
15878
3132
17666
1484
6773
1555
13585
18122
8797
9537
7256
16064
3914
3940
2495
12467
6758
9050
16047
5700
7486
19263
17137
16144
17403
6185
13678
14217
10891
9382
5102
4984
3540
9722
19321
9396
3642
19600
15904
10160
16896
6618
2350
19367
8554
3417
5105
4261
16675
17364
16268
19750
14311
2866
2393
6345
14682
17550
3680
14726
14697
18523
13394
6249
3226
18589
365
19901
12672
19969
17868
8867
8544
19854
17087
17484
3498
2945
19595
976
11800
15246
15651
938
16371
6358
19734
959
6718
11064
14866
3950
12530
15431
4849
3985
6169
6531
7658
9262
7332
10397
15957
8933
1635
2294
12577
17775
4385
6676
18292
6774
8352
17297
18285
8515
2950
17085
415
14006
5494
16944
1663
10032
18606
7206
12272
18616
3926
130
4805
9577
10442
960
18909
11177
5999
548
14776
18241
11910
4511
19594
19979
9362
4379
10721
4014
4726
6084
16167
3438
10640
9669
8891
9312
17518
7846
19314
11305
9774
14205
1771
9690
8298
19629
7124
9513
19539
4913
17264
3621
8151
3821
306
7049
9428
10457
3579
12511
7398
18804
7213
659
810
9722
4362
7414
13525
2762
15676
11717
18877
8323
14762
13556
15731
1411
13307
19483
5461
3868
11708
896
12934
9667
4677
18601
5436
7199
9242
1166
3581
7615
14783
12671
7016
6524
2287
14770
19937
1889
95
18722
17762
899
15171
2797
9580
1449
12051
19513
2991
2644
4243
11401
9087
9669
477
1158
3529
17736
12936
1715
10803
17977
13091
7066
6353
17623
13663
11195
8316
12141
5660
3743
18975
486
15588
9921
12288
10025
5996
8770
9078
12533
10691
15163
10222
2474
19678
3248
8689
235
6536
17698
3141
137
1527
6867
775
10905
6422
19251
10784
8332
10470
16524
9224
1797
15316
15947
6642
16191
15107
14431
17982
9571
14635
3334
13857
5174
18004
7688
15421
14358
7249
9482
16662
5023
13942
6129
11552
17146
8595
9778
6699
136
5482
18371
12299
14967
4757
8318
12552
11228
7600
7456
16856
5452
1832
6063
17294
10620
8293
17839
4764
876
13497
9729
15204
11710
18317
2074
13791
16155
17206
15207
15040
17570
16438
16902
15052
3882
15388
12829
12199
16622
18551
10777
10270
8859
12289
8938
17130
15038
6178
19714
14929
13817
10472
11561
14626
13474
12756
14662
3870
12229
11084
8464
13115
12711
7983
10993
15966
10932
3827
7171
18507
14041
13434
9910
14351
8921
6430
1691
5628
15784
3343
10396
7391
10859
8540
859
18443
7561
14673
9604
11450
10265
6028
3362
8973
12852
9747
171
4483
13489
6570
5602
2164
6407
19519
12954
12659
18088
19535
19404
13583
17232
13781
19531
1556
11490
5715
7107
14285
15086
19243
3921
8738
18228
8120
12804
8816
3983
6474
13665
2268
4673
4507
2979
15065
3100
11382
7542
1667
297
6395
9476
1962
10433
13384
1677
16159
174
3415
18694
19098
13532
446
10230
14203
2990
8041
4550
17556
6653
16215
7456
5176
4385
9701
19818
3331
12242
14324
19360
9297
12054
2783
7170
5530
3110
9593
18609
5796
13545
1850
3903
12401
1701
15239
14876
9191
2478
9258
1627
14937
2039
19726
13816
10958
12869
15217
13542
2667
12433
17489
6232
4514
8283
1448
16607
18459
1394
15195
18605
13788
18532
15135
3700
15095
16566
19650
7619
1948
5831
15025
4221
7143
19737
7946
18536
2225
17454
6226
7008
19733
6119
10423
5905
12857
15532
9793
16326
2800
14196
9669
11758
449
16158
8044
4317
2694
11598
5953
4612
16503
11047
13029
741
5849
14017
12035
8988
13623
19416
11382
15171
12325
15090
11038
17495
19568
8536
19826
17006
16844
175
10322
1030
5038
198
7628
17668
17373
16044
16358
5889
14619
10369
6452
4622
1300
1765
468
305
14452
12108
7677
1192
8540
7056
8219
19059
17307
2145
10878
3330
6489
19867
19703
8482
1355
15692
12343
711
3950
3438
8057
7387
1043
6172
2717
19366
17945
12365
11178
19783
16371
2321
16974
3522
2049
6235
12324
6906
16638
14051
11272
10630
14774
5399
10835
10438
19236
11002
11719
19132
19968
9794
15709
7324
2788
2759
8044
3274
2706
12562
9603
4688
16248
19830
19449
6802
9837
15653
594
5086
3290
15706
18324
10496
7528
12677
12594
17481
19631
14225
8753
6639
15411
13254
3619
17305
2180
18362
15185
19490
469
1632
19345
12594
9193
19826
19473
110
14404
2479
1740
502
16980
7217
14865
17120
12593
17168
19942
12411
2450
6953
18381
16531
19791
15188
258
3226
1009
4306
8174
4672
18070
9335
4795
8215
8981
3837
4076
10074
6495
10070
11068
1347
7341
9333
9697
19260
14583
262
14049
9010
7666
16018
853
291
15661
12747
8435
19253
5069
11716
2945
12061
19515
6019
14724
6561
18212
6814
11164
4870
16975
18400
11571
15659
12509
18292
17413
18455
14903
8047
17261
18046
10171
17075
3300
12098
16480
3591
5999
89
6842
18867
12318
14461
15124
5062
13746
16835
3805
8422
11707
1931
15510
19533
8873
8012
15562
14483
15531
5687
18451
16330
11199
17214
12453
19892
9905
15728
17456
7205
4309
15767
10950
6580
19905
6119
5409
17437
10003
11340
12175
17212
13830
6665
2945
8252
9815
9863
1340
757
15181
5104
15611
6567
14273
18869
19758
8303
3770
11611
4783
18687
8126
17217
14836
3672
18226
12912
11875
15323
10446
13073
2142
19237
11156
13496
13759
13383
18804
16813
13101
4572
8022
17294
690
4686
10267
18663
17928
2664
16275
12196
5760
13446
12148
1752
9774
10846
13111
6344
4711
10324
1927
12782
4724
6807
17270
17948
12509
19237
9410
6051
10900
15103
6984
1085
16661
18834
7988
15864
9007
6678
18828
4782
7906
17323
17927
9246
5966
2773
12589
14273
1706
13298
2598
12470
14111
9344
16345
7821
14116
11411
6704
6894
19962
5972
14550
1806
2507
12075
18021
11727
15895
13062
18579
734
8268
5085
9745
9553
1110
539
872
11874
13839
7199
19990
13205
7035
9689
6797
4450
13307
6151
1413
3446
3231
16576
16939
8653
7864
10252
2797
19731
9008
5502
12199
12313
10547
1947
11605
14523
7033
8165
11742
10093
2668
9797
6858
15874
13838
6519
14150
9817
915
10062
16508
8348
19495
14003
8897
119
7534
2853
7616
13543
13774
10210
18721
9903
8742
1161
831
194
3681
7838
11735
6265
15271
6483
7859
11356
14347
8578
5791
2046
13524
2910
6304
4001
10316
3176
17363
17321
19555
4201
11428
12916
14832
6147
14302
9549
3436
15984
14715
7194
19555
777
6483
5611
5574
17029
12484
15851
17395
5007
7893
3340
11385
14975
13497
8216
13327
1891
9683
17447
16243
13369
11782
3881
14989
1133
10957
2123
11315
8191
1084
1868
12952
18188
15544
4041
4105
12445
16435
6830
778
13955
1973
14956
311
5110
11511
2445
16482
7909
8032
8363
6615
18440
18149
5363
15622
9685
17515
6239
19131
9376
2393
10376
3984
5044
8108
13483
988
4058
13977
13191
442
10332
18965
18159
2152
12568
10202
318
10493
18613
1443
18300
113
11479
5462
9229
5643
11532
1828
8040
13937
7662
15192
9288
3555
17329
11787
4402
13822
6809
19634
17628
1197
13197
16756
19867
14824
1206
12920
15934
6155
10066
124
8861
1187
4500
2351
12066
11133
16545
14139
2698
6660
5130
11185
19684
10242
10520
14486
16039
10558
17271
17034
2225
17211
7875
13006
12323
5685
9023
9283
19685
14269
4887
5817
4708
9451
14439
6129
9236
3442
11080
10120
11695
370
17074
9605
8954
3516
7813
8348
2213
16231
12735
3508
13459
19910
6668
1932
10998
7764
19255
10865
870
14258
17076
18833
19467
2301
14689
13416
19121
18693
8693
9615
14544
8763
3515
19042
11619
3430
3270
6004
12643
19815
16866
19207
3944
19430
8445
2761
2198
9916
10861
14379
8440
5535
9120
3312
19572
13263
10467
12507
18679
5180
10417
11276
16475
5518
6175
11719
6527
4148
18930
9139
17255
15357
17501
6097
9006
8196
19612
19297
16152
11779
2627
16974
7847
12403
4711
10635
8216
3372
12283
1249
8025
7296
13742
5734
6383
615
17103
4475
2010
17936
12596
15411
4707
5661
10766
18257
18610
5583
4704
14921
16536
9841
15411
6834
11711
4723
5816
6354
16050
4033
18072
5984
17874
4653
4626
18552
16338
3561
1561
1867
19530
19856
19125
3121
16856
15558
588
731
16289
18194
16232
10272
3120
975
436
6759
19357
3049
16594
14861
10084
13741
3910
10273
11885
15871
5778
16795
10279
9670
17649
14182
2376
1527
5369
5294
12477
12412
18447
14516
2265
14323
8888
17253
6454
10413
16263
16772
15432
6401
19558
4167
17506
4302
19345
16100
9248
2564
2707
1140
852
12070
505
14566
19929
2767
16744
12563
12199
9422
9556
13637
11158
6068
13256
8064
10231
12960
14027
6881
9757
19435
10002
9813
256
1132
12924
10960
12109
13982
2771
13090
5824
15548
32
4058
8730
12577
12733
9900
15193
17607
13679
11095
7633
327
4407
9296
17459
10232
11082
11030
12485
18274
18385
12188
320
9780
11511
2203
5701
5548
4701
3269
9494
11891
893
7367
12286
12112
18055
10789
19580
12158
8698
12274
6023
4892
10931
3428
18429
11297
18966
4760
5056
19124
12571
10657
10011
12328
11723
10887
16554
4431
13051
10924
1799
8195
8434
13110
5172
17039
14714
1094
11485
4771
13504
2361
1667
4950
19647
18752
14620
16407
10499
12374
2779
11977
91
4807
11335
13457
17680
12577
8107
8291
5112
18088
9034
13159
1408
6115
6748
11985
19209
5549
10924
780
13539
10427
9770
14135
7969
2509
3926
6353
13449
15482
14664
5276
14397
3650
7999
10777
17801
10824
14118
9020
8892
9453
4349
10680
10470
5360
17943
9623
16621
19443
2961
18977
327
560
19697
1250
9602
18594
19517
15831
15693
5927
18892
3943
8114
10946
10768
17706
7697
993
1149
16436
12755
13613
15437
7151
15506
18845
11258
9536
10263
4460
9607
6314
8326
7669
12559
4132
10857
14361
16438
15970
17948
18074
1622
6343
9343
11881
13659
19803
3197
6050
8087
9030
13724
7878
6887
17245
5608
15706
5594
17901
2901
14993
6385
14895
23
14715
8714
2100
7755
13595
2668
9815
13828
16251
585
17240
13184
6008
2612
10752
9461
10019
13847
11601
18138
8628
18305
8668
7159
14597
13832
2640
2424
4412
9909
5299
6371
7710
2947
15341
6848
8914
6431
6464
5243
7873
5714
12276
14707
1522
9474
3884
6181
2095
6245
15922
2452
12709
1446
5620
3913
17813
8970
17534
1745
15016
2638
2303
8608
4061
12972
345
5432
2772
6509
3933
16105
3051
16563
15895
7724
12563
13112
10641
15018
19978
6259
9329
1013
12440
13789
6979
14148
13841
1872
13251
5103
9539
3685
19953
16007
17026
19845
227
7519
15900
2574
11280
9098
12136
13437
1052
2755
6162
2457
15436
11236
6393
1407
19725
18514
13163
6789
403
1139
6811
17183
12803
7204
14360
18900
19304
14392
7527
3113
19900
16808
1493
5149
2595
13988
12174
6365
10297
19584
17938
53
406
19394
12844
15905
5732
5641
11787
8203
7639
2756
2858
13423
8237
11197
3236
14965
2473
18989
17733
434
14111
6208
13509
5230
15973
13675
19800
13761
4405
8784
18122
14191
5107
1465
17963
476
8974
13972
4444
3572
8258
2496
17952
11260
6794
1648
19307
6978
12710
15445
4520
19710
16193
6379
2047
6377
4176
10531
3058
2571
12571
13510
18561
17005
1953
15796
5811
13154
6315
6271
4726
4652
15766
10208
1934
17390
11756
9869
17676
7392
17667
10296
13638
17462
4357
13439
10205
1090
13899
14380
16441
16959
1609
19974
2240
13538
9812
17585
17617
17760
9276
11488
14998
150
13979
5440
5884
18249
6570
5997
19275
1722
19080
7771
6509
1966
18992
9725
13254
1327
4442
17370
13867
616
2951
15042
18967
16071
17034
17119
796
12863
10244
6751
6666
14499
3394
19271
7515
4915
8596
13170
3252
13423
17162
18303
16519
3397
6279
8741
2300
3464
2604
17470
17187
11083
1362
18235
11359
12839
15442
14841
6592
776
15961
13266
10774
17853
15750
1340
19110
1912
4661
9930
3304
11570
15961
17564
3571
5740
17651
17125
7489
15720
10615
4551
3929
13512
14281
68
1300
7254
614
6651
3737
7006
2075
14511
19262
8330
1550
15751
19212
1552
19
7502
9745
4918
15487
17207
7369
19263
5892
13805
2795
796
1657
19126
11
6090
10807
14183
17418
9576
917
17700
4621
10274
6462
18962
727
7263
8688
18200
18593
11224
12598
17715
5631
8208
13985
18476
6325
1504
7254
7571
13556
10578
7133
2519
17514
11262
18509
11398
17440
13889
19239
12253
16323
8494
1883
3586
5698
3435
17769
8358
2388
6478
16915
7856
3604
19250
11420
3968
6496
16826
15584
13813
14981
18104
717
6231
12264
13325
863
412
16665
15507
10726
10545
16240
19832
11929
10848
19470
10479
15724
8521
11116
18261
5606
19479
15464
2750
602
7828
484
7410
3981
7255
11763
11877
7422
1833
8438
5205
16559
546
17991
10836
269
12070
7210
1652
14738
5759
8826
1345
16840
3942
11170
7290
9498
3318
17557
3411
1404
10598
18494
18525
6323
19825
552
739
2894
19633
19725
6354
14623
12872
1637
5497
735
9421
5025
13413
17336
18531
5495
4855
17559
3326
16291
18722
8073
17052
244
654
2658
12546
9968
13127
14743
15662
17864
5266
10133
17578
11797
2862
9239
12844
15684
15903
19606
6357
3005
7632
11697
11996
14886
10359
10645
8088
8226
3274
1504
14632
15722
2998
7773
18151
352
4182
7715
3802
5274
11924
13594
12001
19510
14797
6844
9144
10446
8574
917
18940
3602
11997
5176
15893
8992
2169
10395
6178
619
11361
15223
8802
2571
4828
4896
12017
14700
18989
11968
19487
17436
3872
13377
13951
14507
15605
1351
12029
7411
11413
9194
7927
33
427
9694
18640
17326
6723
13055
5711
3740
8675
10688
7557
8366
11085
16155
7509
12638
958
1817
10651
336
10742
2824
7745
7389
11198
2552
4813
11814
10151
15593
3504
7416
3886
6413
8759
8310
6134
18693
9561
2774
6725
11037
15933
3121
15131
6851
27
6261
18902
10029
9928
19126
14180
10144
2198
13776
19512
4310
19374
8762
7614
1222
8342
18129
2170
3991
7974
12766
11954
3202
14650
3219
9644
14650
8881
14522
15869
9115
4872
7059
19220
12424
13027
19511
8533
13559
18171
5991
11161
6529
19645
19776
16075
227
7991
9200
13033
18544
9381
18631
6946
9690
16873
19374
7444
16399
10882
3232
6427
6611
16056
18033
1483
11496
10300
864
10022
17641
2231
19268
2810
2463
4196
6667
16628
7205
3078
19267
8099
2731
19256
1494
15890
17375
12691
551
16138
9530
15244
14895
10161
3281
16544
7660
8150
16451
15594
19542
15577
14408
18821
6390
12468
4612
1003
18879
5564
19679
1617
19901
14511
4414
8002
18011
4009
11972
12947
6747
7080
704
6696
15696
12052
10028
6939
7870
16309
15198
3144
16210
4903
13249
18654
3489
7560
10771
4997
10569
17444
18793
7966
16908
849
13979
11289
16038
1976
18297
12008
2830
419
104
4721
14055
17345
9920
17377
6216
2543
16423
17921
12925
2738
5858
19834
17118
13466
10592
1360
15865
5846
2466
2705
10025
14695
13531
4143
5471
9180
17676
7792
375
14450
16732
718
1689
6186
3237
15213
2053
17581
5382
6707
16722
1046
4892
11563
18159
7470
3369
2826
15413
10343
634
8186
2986
6844
8642
10539
14642
17601
4651
13176
3523
5013
9999
183
1433
18297
15401
6889
1607
2150
8012
2701
9324
10763
15875
19088
11380
15291
17211
14544
8357
1476
16706
6370
8093
17520
4079
7412
8950
8329
19051
19076
8142
10396
15280
4288
6999
18933
18260
6344
6382
7782
5952
5782
12230
3245
2583
18702
1795
5948
5998
8511
17356
15092
1880
14405
10066
15803
12147
5533
3956
11753
14578
8445
8157
6503
14942
12369
17045
6821
18689
3194
13068
18593
7639
5625
11916
8697
311
16344
19337
3818
2112
12850
46
1155
941
9794
14541
805
7550
12076
1106
9102
6102
14033
7487
13264
9581
10840
2959
9984
15220
17394
12119
14901
16380
15817
7101
7282
15286
695
17251
12873
1938
7643
1253
10731
9311
5056
9216
2493
15723
11328
15549
13942
12815
11173
7016
16503
4637
18998
5597
16550
15636
11546
18241
10357
196
12059
12987
5468
2046
13961
2904
2594
19096
2463
4596
5477
19505
1193
1555
19570
6659
17365
925
9552
1530
18866
19736
4970
8009
1247
15711
14348
18674
4793
4776
10962
15963
18529
13715
8585
19497
226
12440
8212
15236
9084
18277
642
16704
6288
19953
17631
2688
19710
276
11416
4591
15034
6540
15884
7600
321
2908
16612
10012
12307
9123
17744
1868
18039
18617
14175
16743
16061
12904
892
8289
11281
1362
2727
18732
18537
19729
10927
10939
8219
3045
13023
17588
8325
14267
2735
7423
2202
14927
1053
17614
3481
1021
9484
15352
6376
4103
15459
3258
3293
11014
5300
6579
4890
13516
5873
11263
13746
4409
2167
9522
10704
3202
2159
362
17887
19483
1352
19371
12686
6096
14570
839
3289
6323
3093
18291
7830
12873
19146
3155
9614
1354
10532
4635
19567
3938
11546
18685
4423
18364
16444
19548
3222
16425
14350
8379
14320
1588
8876
14452
10575
2674
15521
9001
4013
3808
16980
16361
12236
13748
14314
12937
163
13341
2550
13083
18471
2377
10393
790
10834
16055
1633
536
783
15871
9833
12840
895
222
17658
18797
2979
10186
18966
17435
2943
12200
13495
6504
4367
5730
44
9087
6959
7139
6944
15951
5055
14131
14735
19725
7349
14811
8434
14523
2440
11830
901
4024
13102
5962
15683
6463
6866
9966
18498
1338
13866
8975
12775
4996
10349
18
12261
4336
16803
8965
4463
14431
2071
19022
13044
19869
3651
9769
14096
16536
12000
4237
3145
15244
5866
7242
4372
12704
1988
3961
4263
9292
13152
14331
555
10717
16998
16532
10231
11451
12337
16836
12022
15749
12915
14027
12841
6343
855
16187
11140
1112
2554
15960
1550
2165
19880
6280
14788
15925
9081
5591
1173
14520
4328
19701
4929
2427
8206
11702
13079
4623
10752
7964
7349
3799
7960
19883
18512
8822
424
19592
1149
1719
5606
6606
16956
18695
1914
8421
9491
7041
19351
4200
2396
2013
5165
5771
15476
14513
12196
2108
9852
2845
16468
3233
4750
8514
4934
9994
6712
16207
10151
2367
13164
13808
18171
5154
6488
4034
16420
14952
7821
17678
4844
15864
591
13817
18775
18981
71
2917
3857
654
5805
15983
5308
2601
9147
1501
12511
1953
6201
12153
19682
4929
2000
2444
17507
5743
12480
16636
18583
14256
1465
6160
129
4308
18551
320
16302
14651
13149
19347
83
17059
773
17073
2150
7008
18104
7811
10144
1389
6248
14645
4595
662
15817
14453
7980
163
5313
8159
14315
17005
18373
16568
2633
2867
17352
19348
7135
2419
11766
13637
9963
3162
11209
19863
17193
1350
10507
2598
1059
1439
13584
18165
19643
469
17748
13795
19590
14191
2555
4241
19594
4543
19673
10981
18699
968
5297
8629
13246
17704
7827
2609
4234
7485
531
2812
19578
12670
17289
16457
5243
2566
12759
12023
13643
3186
17403
12490
16254
13039
2364
790
17385
19583
3466
18603
7876
6921
4286
7408
18725
12623
13027
14944
3863
3987
249
17
2401
9314
6251
7730
16396
645
6098
1838
9056
2951
12372
6727
5756
5132
8726
15712
13717
4165
12055
8846
12680
6786
11941
1666
13776
4319
10393
14439
16410
17535
18191
7802
5011
9463
13163
11454
17658
6921
13194
7449
11678
1405
11893
14064
1476
15971
10887
3885
15886
19183
8377
5882
11256
1385
12167
9718
2941
8878
8695
7888
6084
6708
11482
5326
4243
17410
18903
12787
15322
11987
10365
2252
1637
15230
9390
14438
10611
11520
18470
3119
11210
14888
4434
16478
415
530
9657
8481
6769
17369
18961
18116
4847
10269
19675
3704
12571
4827
14806
19514
16294
14260
3813
13026
10207
270
12683
8229
12186
2196
17914
1077
6432
10326
10621
5373
19530
19970
10064
2147
2088
11374
5584
11283
19367
16272
6870
9960
17924
18641
19290
8535
2670
8799
900
10992
2224
5235
2641
14801
10604
12526
11590
15934
13398
4967
9405
3902
14696
16867
17072
8314
14751
4941
18151
6600
5596
8622
2367
12190
2376
16394
11830
5866
10651
17127
14345
19127
15953
17863
17030
291
9827
5457
2632
5219
14849
6955
18670
17787
5913
10680
11722
9400
12565
3443
19853
10826
2055
12277
886
12799
19113
12135
1605
9403
10681
8098
7245
2259
13681
7859
9606
18538
6823
16016
17907
3877
4719
15441
17973
3886
13466
10389
3662
5313
11559
19533
9814
12222
4431
9663
10629
2708
16958
82
13888
15381
7556
2425
6485
19417
7947
907
15577
17942
19613
1680
10087
15836
9894
10638
8227
7338
5940
8360
14388
12134
9871
14316
12452
9788
1068
18767
10222
8520
9664
8641
14737
5821
8098
6244
14371
3775
5458
18823
14336
7882
2670
9111
11918
982
18282
18691
2161
5683
16602
988
12560
4704
5635
7364
17367
14856
19902
19537
2915
5559
7771
8855
11671
15726
17031
9640
17992
13774
6225
5928
12757
8389
12581
7613
4467
17188
15902
17647
3097
5320
6438
14431
11267
6558
5336
6658
808
12567
6914
16255
14742
9810
5680
270
1743
3885
19740
3202
150
13237
9952
3369
19076
19445
257
17398
9263
5297
18817
16234
13831
13786
7460
17187
11800
19749
1418
10514
17429
12817
6712
11172
9680
19435
7955
11685
5137
18803
8095
6756
2674
7490
19213
5011
16195
18833
3807
15308
19872
19159
11687
4220
15718
11137
16370
16604
12928
5611
12601
11264
12308
10761
15235
17849
525
18002
3214
18302
7751
17097
13509
5416
9606
12131
3278
17743
6072
17990
10773
1947
16582
7314
11255
17156
7285
13813
3705
5630
13996
3221
19249
17317
1502
5350
5617
11701
8267
128
9123
6235
897
14137
5259
13075
17354
6557
10129
2344
1276
2645
14517
3648
5398
17467
5208
14936
3199
2888
19231
7004
10476
19620
2750
11906
14399
12735
9992
14714
18447
2624
7872
7583
5183
14459
13873
3131
15818
16798
15659
10363
6225
14709
369
15265
14494
10246
3073
12136
2231
7378
19468
15813
18690
3511
7301
768
14851
11810
15008
2570
2942
16750
10938
12557
6513
769
8848
7871
13132
17181
4851
8871
5964
7553
18591
5382
7274
1750
18754
19779
11814
5211
2651
2492
3011
1771
4853
17590
11911
6500
5372
19181
17223
13413
8711
15927
77
2034
9642
12979
1939
16540
9898
12620
5708
14083
12850
11812
7079
11285
5375
4575
11979
5663
17699
216
13712
3740
8550
6699
7437
13820
16625
16907
3103
14414
11464
881
6672
15311
6715
10472
6413
10363
15966
2610
12106
8275
13760
981
19782
14694
16650
10721
19398
8421
11262
13101
11530
5969
10669
18963
13807
2076
16412
5988
3940
18057
4302
2828
5989
2296
19586
2623
14174
182
12728
1304
10838
6869
7088
16801
18341
17780
15235
18930
15737
4541
19414
12668
12318
6468
5378
2277
11598
7453
16597
15743
2112
15523
2264
9572
7013
8769
19027
10838
14865
5316
2416
14779
9536
4730
566
13550
7577
8780
11004
18239
2197
9182
10275
12826
13627
5158
19456
3869
15981
4507
13464
16762
13423
1341
1798
19522
13779
15720
6169
15152
6702
4194
7776
8532
400
5887
3192
19807
4265
7829
13179
17672
1805
11952
12978
12952
14640
18460
16133
14382
6102
17743
19669
13309
9653
14925
3150
2349
19005
11280
5554
963
9572
9271
15045
597
12584
13192
17447
7150
17795
7890
8380
10310
2671
12246
7166
797
397
13128
4462
13295
15758
6050
2815
11216
9336
5513
14623
9921
19319
3908
16424
15311
12452
8345
16910
7142
7448
11380
184
1942
8904
5592
364
548
3092
16101
5411
933
483
15878
16836
5178
2195
6677
19960
3149
3461
4283
19287
7794
19436
15894
8957
10727
19806
3970
16409
2817
7977
14584
17540
18634
14538
10635
4579
3457
6911
14200
4988
4937
8358
2192
4940
8815
17096
4074
4362
16598
9179
12360
14025
13184
2890
19040
1358
2740
5394
17626
1368
15482
5692
8656
9211
7992
10166
10280
19126
15170
5546
117
1496
705
13883
19173
6089
677
15468
5877
4819
18083
5436
12716
17386
14321
18099
14649
621
16432
3248
10698
7532
14276
18618
5326
11125
15413
7930
8079
18404
18334
9287
7592
3810
829
16244
5210
13171
10062
12762
1258
3476
45
8948
17261
18500
17256
5586
3350
15177
8265
10840
11180
16112
7128
6236
15538
14156
8762
10762
2925
5579
6893
13936
11451
3987
19551
6464
15142
6963
19027
2861
10587
19517
5836
10579
17815
1622
2260
2930
8086
792
19418
16029
5432
14554
17893
10978
14663
3037
11348
11138
15113
12830
19028
12279
8008
2884
10978
11501
8931
19941
3009
11967
3824
16697
8463
6273
14073
16162
64
4760
7874
14171
12709
19082
15336
16323
6381
11025
10240
7548
15626
3095
14729
5377
13744
1974
5249
82
161
8854
3675
15745
17173
18560
11982
19341
4540
8605
6813
1049
3796
4195
14763
13661
12463
19696
6034
13192
16395
19676
6507
2847
1925
6166
4513
12245
8427
10195
16083
11341
10255
5778
17907
11646
4333
13263
2242
1608
14674
12259
11839
3809
511
9515
2595
9919
5798
7269
8022
17522
2680
9702
7597
17475
14552
6220
14312
19393
60
15801
1947
17862
7532
18635
16135
4695
1170
7228
17349
2139
17059
19188
427
16872
16956
3809
7790
16822
3829
8009
8585
18309
6521
17770
19711
12566
6775
10764
11421
17011
19133
9108
585
18185
10646
8873
11896
1000
12813
19987
4648
4869
19049
3792
11162
10471
13237
14847
4585
19176
18460
18558
17153
18208
13382
3645
3288
6815
7557
8636
10796
10081
10907
4878
1693
12617
15940
15033
2410
15923
7153
8332
8214
9583
6907
11531
16561
1301
17866
178
156
7383
16460
11001
6615
17215
7695
6329
1131
18409
2355
16221
15978
8051
18476
8901
10159
9902
4251
3241
17313
13141
1753
7979
8559
1606
9536
6509
7230
16183
7905
19621
18075
10402
16762
9869
13837
14418
18367
1068
524
6862
12811
1106
4146
11727
15363
1445
15246
9669
16662
10043
11974
3041
16406
18263
1171
15420
13079
15241
7566
8734
557
11500
13923
10646
19909
9059
7431
10601
17717
10948
10442
2978
8062
16144
6974
9160
13668
2827
12224
15685
12054
7039
285
17978
6436
14664
8582
5773
47
19377
14046
1860
15215
6903
16578
6027
2712
18401
16094
6542
6637
13885
5454
4566
15380
850
8207
3111
9515
11293
8700
11155
10881
5781
15440
18329
7975
5960
4460
11137
17617
2510
13561
1580
15886
9997
15826
19088
16048
17189
5006
15011
18107
12193
8603
2244
3688
14703
17086
1414
2603
9547
6386
15452
1802
6016
16888
17766
5180
17603
3743
7968
13439
8159
9389
16312
4137
15120
10719
13939
7477
12175
7269
504
9569
15619
7131
2616
15070
16350
18590
12335
15350
4095
6459
16937
7129
11136
16320
2265
3336
10788
18194
17849
14018
7559
17167
262
8963
16170
4948
4966
1437
3795
5187
5908
11511
3790
6555
9105
19667
15657
18964
5442
7082
18079
18159
15408
6251
15715
7011
9446
5327
7749
5207
10715
16642
2285
14976
12189
19379
17055
19225
3169
8939
16805
1887
14077
2357
1023
7881
4550
15279
19434
10477
11376
3933
14903
17037
6371
3125
17955
18793
13705
5171
10447
11452
7100
1349
12536
9055
5783
4108
12724
4226
6948
10296
19584
19800
2726
4757
11758
9693
13197
8927
172
16927
10236
6607
17028
15453
11529
1024
9420
9233
6828
526
12062
17225
8612
14490
12600
9254
7382
15906
221
1096
8383
14437
1381
10562
18707
2009
15750
16957
7276
1753
14757
10567
6526
8693
17683
8616
14456
12266
8955
7655
1193
10212
6480
51
3804
5049
15424
13279
19745
9877
18381
14130
3320
7192
6831
10972
282
9395
6617
6111
4689
8734
11406
6757
13248
15264
8037
13895
1508
2503
5159
17888
13454
1719
8932
15323
17747
8850
736
5337
12621
5895
14013
2883
4702
18194
15929
12443
314
2720
9393
8269
18682
13598
18667
15545
3561
9531
15522
1108
16518
15821
17498
10389
6865
758
15556
13028
11506
908
44
17166
15526
8095
13957
894
19346
7985
3902
2689
9368
7526
3124
11963
18483
7807
16395
2835
6537
2516
6763
10428
17200
17798
13479
3968
3057
640
13565
19878
3660
14715
12915
18918
19562
10017
4135
8219
17771
17114
19934
1036
9698
14153
8223
11725
13530
18138
19380
12319
15261
17574
7673
6283
8728
4591
9514
11296
11184
10909
4098
2354
3764
12784
8719
1583
17474
5461
7516
19945
12146
12370
5160
1622
18609
19005
4694
13603
13221
16518
3880
14160
12302
6600
2941
6268
11611
93
2103
15716
10986
17942
3898
3295
17089
19831
12315
19184
316
2403
5395
5846
5789
8836
1502
10276
17560
8215
2940
15508
6941
9806
13338
9548
16603
16001
7070
1531
9669
11786
6753
7609
18482
151
224
16719
13314
3285
16149
16883
7124
17996
10692
1920
791
11473
4053
16109
12508
8283
6599
13016
2191
19375
1274
17006
14180
11503
16881
1184
891
5858
16977
2867
5360
9879
11687
135
1373
6368
468
17636
16813
18202
15689
2985
9684
14568
4128
2392
15966
14179
13884
14299
8873
5729
878
5759
12099
4518
15277
4181
12859
13652
228
5675
12613
19239
3277
11953
19736
6026
13852
7878
8860
774
19432
3818
8253
10278
16552
7572
17888
4060
19580
18512
11642
4273
16656
13061
15402
14840
989
5754
4636
11204
18433
10888
14130
1848
2085
12129
15313
2469
13924
16216
776
10902
3879
7625
16214
8542
15311
13942
8467
5448
7398
18234
15733
17715
17122
1899
1538
1598
11987
340
1662
10531
5857
15603
7345
5773
13519
15791
19202
2367
7922
10470
10520
14371
11012
14029
11156
4127
14789
3796
7853
12229
8461
19922
15465
1241
8237
10876
5852
1472
4052
13936
4583
5823
10352
16226
6204
13527
18620
7492
18434
19354
17739
7335
2801
15659
18482
10230
18544
17237
2053
583
9234
8772
18321
13090
9941
17531
16269
9805
1256
18471
10912
15255
15791
18028
15123
13302
8199
4464
4
4791
6902
14446
15345
12895
4210
6984
11207
2562
3114
8331
13686
4988
15652
15243
15408
8643
15086
12247
17915
321
2382
7220
17115
12041
106
6211
14777
17884
17827
9309
14381
7032
13547
19329
311
16956
619
3104
16525
7732
14686
14360
7903
10842
3816
2614
1950
5190
2287
14081
9118
16980
14873
4133
10122
18087
6066
18931
1394
7200
7983
14031
18354
19286
2097
2979
3533
4413
13002
12648
19408
6197
2774
19341
7339
16953
13988
2188
305
18601
462
5799
11235
11227
13024
18210
5527
15793
3170
14738
388
15282
4964
1290
2904
11592
13953
6759
12926
10210
5735
10876
5450
8192
2041
13561
15940
9588
15358
15576
3445
1675
10847
10084
16224
2426
14217
16820
14323
2640
2424
4164
6123
15025
5387
5112
13174
19249
12863
2197
14268
17646
14920
15667
1885
8808
6015
5245
19271
13641
16937
4330
4696
10657
16042
17686
10304
1590
2924
3171
19083
18570
16365
12572
13840
4521
910
9072
16549
17599
13558
1584
3471
16133
3153
1195
12104
2448
18266
5395
7896
8733
16709
19527
19515
9120
14350
4225
18970
13942
15737
13682
2361
18036
19147
12782
8273
8997
18599
17076
6643
15548
4526
3335
8198
16878
8598
1603
2821
16273
16264
10985
17603
15579
18846
12011
14812
9756
5778
4306
7592
4133
17832
12953
17945
9685
1245
291
13701
15832
567
5610
12842
5559
14386
438
11665
2030
2185
2333
12043
9085
785
5863
16246
9786
2265
10556
4964
5644
7994
19588
8763
9496
11747
19380
17497
17945
10132
13127
19572
7684
15140
11834
10863
2732
7962
9728
1160
9097
8153
578
13534
18201
1865
4629
16888
15409
14165
6104
19581
5203
3367
4609
17922
12454
15225
12932
14087
12635
13942
6779
5745
9503
19069
18681
13219
985
18097
16848
8398
11168
7462
16189
19497
18067
4088
4309
12847
685
8532
12726
2046
7884
3151
16384
5406
13706
15083
2769
12895
16774
15985
12137
8832
11154
17335
14787
14014
9055
634
19788
9018
9155
9005
8725
7229
10110
4215
739
13530
12064
2506
2066
16852
8325
6814
15576
13006
10576
3031
9026
15606
19951
5162
19959
4636
10121
7939
1565
6129
12615
15341
6384
3602
19371
18083
12933
3209
4171
15900
5360
17757
5626
9638
1257
19636
6262
12636
16690
14419
12681
4168
1848
7099
11470
13983
5591
15418
15631
9619
457
6715
9850
5373
8215
9931
4740
18514
11152
9147
6392
4502
3676
7934
18527
14074
18198
14826
16816
10710
7308
5518
5132
18251
17781
18014
14588
14051
11519
3465
17230
8076
15597
14223
5344
2083
7824
4927
3887
2479
9625
19097
7390
16130
19720
11358
2357
16340
11291
17816
7823
16329
11188
17653
1081
2313
9926
12068
13318
4115
19192
11063
12383
13944
11581
15564
6253
14637
1624
828
11786
7171
4017
3790
13548
14660
18216
1066
607
10484
13983
16926
10652
7400
399
1780
2906
3063
2950
8841
3970
18099
11865
10567
16000
2407
14105
13418
17132
7233
7092
10585
16474
10350
15762
532
14530
10094
15991
4764
16821
11675
10902
9732
8537
10718
2407
14422
17477
17159
17391
14492
14825
6560
1219
8259
17461
52
17637
15346
9550
15331
5234
6224
10181
14586
7946
3980
16199
16942
18807
6592
12165
4313
9156
18212
6208
4569
7244
7863
1862
11997
14370
10961
2106
7347
1711
13747
11171
3070
2906
10492
10865
8093
3
18286
7417
10240
7096
3703
18871
11930
1275
8467
8881
17057
4328
6694
17194
2420
5649
15559
18350
1666
15579
4175
8702
12147
15774
11582
16838
4748
1509
8211
13097
15413
19271
3261
6663
1813
16509
12572
14515
11850
4342
6101
5416
8584
2980
6456
11433
18377
17564
1168
6851
7225
2580
14244
6397
3943
18562
10762
5392
2432
5557
13448
1851
3607
11838
13251
12363
17127
1892
5097
320
7673
16550
15245
2749
19508
16528
1146
13492
10747
16062
16099
6252
4513
14170
9393
10923
11420
3365
13498
15414
3973
17645
4170
9498
9587
6986
6034
8571
6922
14498
3858
192
11390
9732
5488
8530
17369
955
2720
17568
1595
12041
7150
17205
419
7596
2455
16121
18211
15067
5971
10438
3765
1230
15786
502
11572
18444
1749
4834
8479
1400
14412
1069
5100
19680
18331
17175
15865
3725
11432
6622
869
17045
7314
11361
6292
19305
2324
12332
13092
8214
18735
7660
15856
14306
17536
1971
14285
19187
16703
14577
16529
3855
18968
10551
10642
7512
2028
9766
6872
39
4226
5460
16275
9425
10606
5287
8224
5461
17083
16770
15174
7071
9957
17325
10696
4306
5081
14518
18981
268
19680
8838
3787
14482
3655
4069
17448
4768
17410
9552
13213
12276
11646
17562
9421
14968
3251
18071
2638
4432
4829
9554
16242
4916
2156
16068
4324
15861
5533
7967
5832
18455
745
2430
6968
1470
13474
919
11762
8806
12382
12082
2907
147
5939
2662
12932
10644
14354
15877
14792
17472
15527
7280
6571
8490
6773
16361
4614
180
1218
12749
2698
8649
11898
11031
15813
17722
8205
4160
12590
5102
12102
6085
5495
18754
12224
14340
11010
19004
7441
17588
3515
9931
6099
1779
9917
3260
9995
4117
19783
65
4266
6508
11202
2850
12701
16612
16137
16426
11662
16313
15815
1953
4694
10131
4809
18981
13929
17104
10722
10480
8462
19467
7884
6182
17051
19354
10190
10609
17344
8967
11716
5694
18676
6528
10950
10920
18102
10649
7322
15448
9410
13230
3311
1164
16088
8750
15597
838
17227
15211
8251
2023
17818
19374
16580
3862
5559
14207
15925
14333
2054
17718
17264
9553
13243
8111
8044
6117
16978
17800
18583
8904
3166
10848
9529
19465
3663
11397
8846
12214
3924
11135
5580
1421
12515
14263
3783
4828
7349
2215
19883
6627
12317
14376
12132
13737
12420
16853
10791
15532
14530
7067
13752
553
9917
5453
19222
394
10581
11373
3180
10207
5441
14860
12693
12967
14690
4219
7505
17024
19458
7229
9522
13105
7746
19057
5896
19636
6282
4827
14919
13154
6595
14691
11188
17888
15478
12841
4775
19333
18876
18910
13947
6913
16470
15043
4522
6329
4599
11153
18374
10607
13712
10981
4227
3935
17841
9154
18093
8580
7268
12257
12664
19218
16250
5178
145
14185
18562
9887
19363
2357
13744
1211
802
8807
10329
18640
2137
15605
6694
11295
16507
19347
14453
19060
6694
19179
4852
2797
17525
4461
15239
3889
4500
243
4105
17423
15006
18579
5235
802
5655
9482
6531
15856
18915
16870
9057
14607
6774
18344
1148
14829
18294
1453
1704
9197
14660
18537
9080
9129
10289
3997
9272
10805
1652
10456
19629
19774
4174
9054
5433
10685
11658
7500
11700
11988
12562
15663
6612
19591
14686
6091
1205
5223
606
18534
14716
5340
19362
17244
11461
12206
18175
1262
17217
19437
5635
19818
11728
19877
5873
13219
8602
7934
11342
68
15670
2373
5561
16392
13609
16017
8438
8003
15197
15293
6300
18292
7870
4740
449
945
9945
12507
12646
18118
12063
12280
13108
19079
8039
14682
11230
19372
9241
1263
3825
1871
6665
3568
10581
6632
15274
9858
15447
1477
18571
5472
6187
17364
629
18864
6180
15497
10873
4675
15238
4151
18478
6440
3678
19834
18095
6563
5417
3701
18152
12771
7603
17758
8692
8083
8349
2752
14554
15181
16514
15669
3463
10866
19952
3692
19683
5605
13652
4298
8261
12459
6294
3928
17856
6240
18844
7099
1994
5943
10020
19610
11679
19930
12347
11072
5451
6400
1113
16677
6107
3294
12738
9699
18435
10555
9052
17477
6763
13706
8673
10286
990
18025
8793
15544
8707
12346
2521
10107
17900
5350
2186
1254
7866
13082
8644
2181
3902
1411
7699
17024
8893
11745
1169
10065
7011
3124
19329
5747
11223
3978
18058
12000
3128
1503
4257
553
3453
19341
11719
3944
17437
3426
2757
2010
7107
14755
4674
12913
5316
13994
11884
2184
16506
10556
15573
3127
19879
19380
14388
10925
9027
1502
3031
2170
3824
5884
638
1499
13871
2813
5266
11874
13397
4787
2284
14070
1014
12236
17896
11852
5728
1067
4676
19831
11065
13316
18579
5503
6736
6810
6154
16324
4678
12240
15688
1773
13918
846
19724
15614
11517
4271
12893
7094
13078
4111
4905
2031
11634
10429
17186
17124
7182
5417
16955
11703
3487
922
17987
3341
7638
8061
13424
5328
4252
1588
18800
3811
6699
13327
7715
7205
13168
13571
10104
18298
17525
12748
16508
7196
2111
3285
4383
12428
6866
3115
11130
18250
13727
11372
14528
19606
13249
10154
2640
17419
19504
6273
17683
12881
17711
17316
10379
1842
1029
4761
18756
18907
3282
3180
4894
17245
9253
5798
17517
6790
18518
19072
13743
12043
18787
6028
15135
9046
909
19982
7094
16780
6662
14729
7237
2475
12366
1589
8067
1405
3491
6910
4563
11075
12876
17664
11048
19336
2450
7009
1520
16989
11692
9666
8827
12600
19272
389
2188
14927
18715
3346
15734
17614
2601
9546
1614
14379
18153
16800
11789
14846
15009
3938
2314
3212
8957
9417
8701
14197
4917
11796
16886
16021
7866
13248
14342
13878
13093
4596
16431
14075
12184
5203
8322
11452
3263
4673
16570
8336
18705
18836
18073
16680
16914
6971
18268
19614
11176
12125
7209
15530
2009
9683
13694
7921
12250
8333
5649
9014
15870
18888
3607
15422
17212
7271
17966
9245
8644
11029
16034
1445
12095
16332
7053
4057
639
12504
16790
7724
17728
4800
17817
5063
2263
5691
12390
19017
4836
3936
5869
11547
17050
1443
10506
12288
12940
4405
1350
5585
12959
4831
4981
8261
1154
9486
2034
7400
16694
16405
12137
4655
10651
10262
14022
12997
10773
10444
15602
17391
18386
17547
15621
395
13403
6871
13014
4553
3705
1684
10915
4974
17304
1383
129
323
7075
4294
4172
15734
13552
18493
17265
11168
5168
16780
17614
4710
9113
10694
14699
12251
3193
17202
7941
17752
12821
7645
13872
10535
10821
18216
3126
17430
8010
4975
4154
8510
7844
11264
16885
16252
11354
14417
12455
14241
16273
10021
2218
18597
9342
15226
5917
8552
11847
15222
14757
5881
19017
1065
17600
1312
12220
17530
11199
3107
12550
5171
9723
10452
624
18222
15012
17980
3483
10598
10927
19548
4138
3032
7396
1275
11354
3826
19629
15246
9151
13738
7938
8431
18751
18781
9360
13822
4296
19375
14323
17559
1439
14817
18277
2316
6815
5428
13390
6874
5783
8988
14455
13432
8059
11611
14133
2181
3139
13188
14060
1268
4593
30
14450
8370
7893
1122
716
4338
2471
14238
16523
13837
227
11879
10776
19703
17254
15630
386
13806
11284
5576
13383
14923
11395
8800
10128
9639
10431
9178
11845
5794
14853
988
7150
1291
19615
6822
2155
18162
19351
3892
18439
8798
133
3503
6369
15249
1970
921
17472
5746
7033
17735
730
12420
3639
2954
11346
13943
8241
1878
16648
14318
15295
19612
1685
14109
4618
19542
19541
17800
19395
16977
18804
3044
18200
228
16182
1142
10891
11002
18121
7327
7246
15991
10306
5263
4955
5760
12206
2264
13077
16646
2141
5409
9518
17522
454
14849
16724
17348
4254
1525
19779
7372
9943
10259
18564
195
4891
2372
11624
15617
18057
10960
8482
3891
5637
12774
8683
4774
15247
12049
776
7741
8149
6676
19827
951
3687
11049
8036
7844
19186
12256
3487
18985
7306
10029
6551
9991
12911
6882
14830
19433
5011
10637
11346
19233
5871
10884
13078
3114
392
16920
7093
19184
18983
18180
13139
9829
2353
7195
1471
742
8342
5596
15119
2345
19080
2249
19193
8983
11352
18113
14482
4944
18542
498
13609
2405
12021
14375
12402
3604
19769
14603
9131
17645
13468
9878
3741
7924
6501
16930
9817
10930
18296
11299
208
8844
13350
3798
1510
4881
3820
16497
817
2270
4757
16971
489
9939
15903
6789
14966
2410
5393
15096
19428
17238
4202
2160
14233
2118
17021
2320
17488
9167
3439
19449
10268
14978
1580
3799
19389
8441
2626
15086
14949
9163
11938
16988
13211
13223
6092
19281
677
13864
18255
6140
5185
14233
16492
6378
17205
14372
10822
1972
8497
1222
5247
5671
6666
14876
11077
11429
10755
19067
2448
11441
13392
7946
7587
4381
2821
2489
10651
14537
6277
7419
18725
2251
16927
2023
14774
1496
18729
11899
13968
2578
11109
17378
8353
9608
3709
16584
15974
2238
1797
9581
10361
19686
6350
14182
15202
11068
12576
1332
277
8293
10842
18076
10050
9758
3395
6249
1735
558
19903
19354
16135
18225
3035
2824
7412
1253
16715
506
13231
12247
11763
7337
14368
8298
1089
13723
4299
11393
7217
4873
8341
19776
6363
6754
15109
1497
15690
4742
8203
11166
12285
10607
16615
5120
4332
2871
5705
18515
12113
5658
310
19292
4859
4681
2127
1104
9033
8495
1941
13094
19590
2002
9072
2657
11246
17531
16545
8234
4126
14467
2732
14694
14208
14525
14368
3742
10115
10286
669
3294
6768
3920
4586
11962
2436
18082
15897
3037
17949
10505
6238
13280
5374
10419
8159
6125
13174
18390
4387
8137
15037
1039
3540
8247
1755
12033
19166
1093
1237
2787
13846
3646
7554
19819
19739
12884
354
13300
16878
319
13627
3958
15546
14351
4073
12303
846
17508
8568
15338
1466
10960
7357
7729
19943
10577
4806
17363
15136
13264
16781
4278
9151
5098
17951
426
12039
3933
11984
15429
9672
8169
6070
4647
3068
8781
12363
19966
19019
14334
13426
2988
12174
5189
19687
1244
15745
13909
2115
3785
16587
6628
3882
13997
5280
9702
17930
15685
1048
13886
19724
17395
19549
9600
7138
13256
7950
15619
5048
767
11012
8285
10768
8387
4736
14332
6660
2431
12659
606
8702
9110
945
15613
850
12308
6565
3221
7359
11180
3895
10559
17855
8999
13904
6483
6051
14711
9631
10607
9600
1582
4406
4485
4329
1250
18611
11588
1476
13326
12965
14791
11851
1669
1759
7098
1581
19012
59
17192
1986
14664
15204
9226
11510
9467
10368
4797
2411
4680
16705
11817
17914
17156
4275
6180
5
4695
5720
4789
5516
15523
9624
2927
775
261
10724
2537
12505
9951
13082
2157
17626
8108
18258
16021
8679
2549
16570
9914
14944
3228
11755
1515
3559
9334
2717
13314
2887
10103
14252
5905
2093
638
2326
11013
9798
18797
4581
19113
18086
16624
13591
9674
4020
4630
13601
10962
12802
426
10564
15181
19311
10597
3757
16914
16899
16745
3242
17625
2323
8958
19058
16706
15729
17923
12945
6429
3599
13713
7444
16052
8426
11751
11044
3219
19885
17802
19575
6959
6008
17514
16819
15141
7706
381
14770
10573
17359
994
17903
3055
1497
6758
9073
835
19942
16608
11238
14687
10798
295
549
11100
14641
7236
15024
4243
15381
14420
6399
19401
18076
670
237
13786
11136
12177
16338
10613
19406
623
15738
13533
19816
9034
11035
9543
11968
13950
16562
15295
12997
1143
13342
6546
14945
5459
996
17197
5622
7166
9175
15301
9694
5364
19932
14609
9230
5039
13383
15308
5625
8674
5308
15881
3541
10906
19205
142
3446
6865
18069
6138
3202
10080
18590
15446
10415
12392
5004
19635
11738
17049
15217
5711
14723
14428
6720
12957
11157
12328
10918
16678
9475
4040
14160
5275
10362
400
19931
9982
18648
18863
9075
10275
10145
5760
1379
5630
16002
10046
11470
15603
11365
6969
9357
4559
1307
4987
6324
10185
10228
6254
10187
11981
5589
18463
19455
17445
8551
2690
12921
13989
1877
12561
2173
6809
3960
9840
4712
3602
1864
10855
2081
10471
8225
19718
3914
19894
15452
8789
7520
11710
5368
15030
10922
5902
7971
15171
3780
6429
18546
17899
14804
10118
111
4892
19814
19593
12334
3518
4086
1761
16146
7292
19448
9534
19003
10963
1337
2099
13969
10053
9938
7681
17391
15814
5673
16742
6186
7056
141
18570
19129
8201
11950
17021
13095
12421
11747
18115
6994
15842
4595
7301
15526
14296
10123
7335
12170
5220
14988
8605
11616
16620
10489
6701
2038
15767
4597
108
6543
18714
3879
16694
15284
18532
10644
16962
14220
19785
786
14711
943
810
1484
13540
11938
540
17061
17722
14723
6253
13894
15397
17609
4450
8246
15977
10832
15608
4299
6439
5796
6247
2330
17934
10066
10939
5534
12323
15139
15119
54
17834
2482
18452
10502
18379
12585
15358
3606
13005
4766
16872
11060
14809
5665
18581
18478
9483
16347
1834
2488
18602
15296
11814
9208
6430
5801
17510
1610
11114
9527
7733
7666
9598
16046
4334
7722
483
9184
2122
8029
6131
3196
1741
19350
14976
18332
18880
15792
10330
2590
8833
9245
14991
17322
8282
9745
195
13981
11372
6433
10406
15599
12944
12127
14126
18011
18622
18209
9802
11046
9656
6055
3634
7959
5014
12583
14352
2386
9719
1619
16788
2582
4114
4912
16262
18351
1592
1968
4007
8674
1371
10000
9430
14128
7507
2025
15336
2928
3939
7042
14914
3918
5432
12210
1281
14439
2900
1305
6241
10248
9525
5530
11059
1320
9866
15269
706
18468
15174
18019
3251
16504
1938
18348
14184
14774
18051
8125
1012
1058
10943
15862
10167
3113
11882
19415
9737
10464
4192
19744
1714
19766
15771
17544
3846
6547
3549
5141
15265
6007
9806
12095
13300
14291
13569
7040
15596
17168
12292
4810
11640
11618
5373
19599
2706
16891
18722
10765
14287
2836
16438
16564
12291
8699
8378
14672
10609
7953
3560
12383
9252
17609
14767
14531
11814
3017
7881
14509
859
9210
5342
13336
13234
8182
388
12028
6654
5270
15150
4485
17150
5477
19097
12555
3795
2465
15782
10165
8548
14147
8246
17944
7773
8589
15472
18276
8643
18196
16816
13023
13893
2507
1968
15240
19387
12528
3708
9596
8234
5211
10816
1916
9218
14198
13941
8700
2898
11131
12040
13033
13272
4833
18219
1895
4836
19779
9264
13261
18313
18970
16327
5720
10735
5470
12984
12705
11692
8615
10930
3687
629
11609
7242
8049
1611
7223
9990
8172
16541
7455
5026
1569
6258
16160
9065
8677
14054
18143
9699
10967
3594
84
17484
5021
9096
3443
9628
19429
2510
15661
4067
14860
8722
956
4992
10644
4099
487
6348
5818
18884
5948
10166
13005
6393
13626
14136
6720
6112
11322
4728
5159
19846
4256
19524
17126
10738
4419
18107
15294
18270
14025
7814
10466
2629
13207
1875
12447
11486
8538
12029
10029
9895
17088
6177
10026
5198
15160
11281
17080
6796
17457
5174
16713
19578
604
782
4935
19054
2452
2955
286
9748
12532
18412
5968
4115
7724
14298
16963
4704
10336
7702
14135
14557
7700
6605
19223
1250
7882
823
7347
4285
15784
4468
8852
834
11892
15025
15832
16751
14856
13365
13549
17894
17766
4073
6087
13596
16664
10402
12274
15142
6221
11326
17748
5620
13748
5374
19550
8368
12855
17266
15603
8901
13393
7121
4086
13935
9993
9419
17733
18411
9547
15560
11161
15764
13486
6540
10662
8490
15277
8011
7942
6947
4105
1144
1842
13392
6385
13896
19382
14402
12248
12001
12019
2690
15902
7990
15300
10388
7380
4462
2474
19280
8282
8702
1264
2823
561
7922
7248
1535
11506
10628
14620
2743
9638
19582
12515
1777
354
6300
16231
9526
9169
1297
11654
6675
17998
10090
14578
11587
7145
10177
17103
6250
17575
7139
1211
7163
6879
15265
15360
12705
2423
1078
307
234
19966
17181
3881
8824
14929
19777
13455
15058
1218
19833
3003
13634
3861
12230
7504
8094
6766
19574
13188
12421
1689
1040
16925
5371
5659
7403
1005
126
13406
493
14023
16885
13108
15385
19945
7711
11337
15475
4534
10766
174
8172
13402
3899
11217
13045
4351
6565
13054
7693
19121
15261
17437
9705
14575
6234
1028
11423
16537
7717
9844
202
894
6131
7558
8543
18659
19888
984
14241
2676
2712
14287
2092
17040
14419
9798
16233
2384
19508
3651
15383
15415
17687
7697
1482
3868
3890
16537
10843
13836
4065
4945
13731
4963
16330
4612
13351
14116
17749
6351
5683
4530
1450
13743
11201
5643
1101
3510
9803
5550
16241
6687
12913
14934
9892
3722
13430
6921
6167
4898
3505
6099
16730
16936
18763
1496
5897
12978
19227
15826
5771
5580
4671
9492
13985
10579
9150
13881
19187
13277
6644
14386
1127
13409
2453
4430
12942
11011
10570
3223
12775
15434
14057
2389
17559
19773
14127
1359
15050
10617
9700
18604
12753
10060
14509
17796
12260
2125
12889
6887
17493
16799
13749
7353
1793
15580
2843
18213
1961
8481
14586
16551
2452
11405
9737
17576
1330
19500
6545
6900
18320
13448
15474
14004
5739
10793
8956
10261
2562
15037
17952
8166
15321
13591
18241
16364
6810
6156
19681
8918
18109
4345
4642
6387
1605
19394
16162
10702
14807
14165
15166
4066
16207
1014
4405
8926
17279
5899
18585
10472
17731
11066
15735
9881
9489
14438
7168
5631
18702
3577
18740
6647
520
5021
11676
17309
1309
9465
11975
8834
11622
16376
10674
12851
11329
15821
16748
17678
6415
4211
17121
11115
19635
1307
11725
14373
9980
14419
19878
9683
2957
9928
526
14170
18477
13985
4329
10026
16876
8935
10339
8119
2458
1478
3386
19285
12547
5009
5760
14486
19603
11387
15169
9905
9833
15270
6923
3037
11216
8712
8895
353
14861
18394
14599
691
18695
4734
1644
4495
6466
16594
957
8031
11942
16754
17706
11743
10503
16580
18033
235
1371
16833
4991
9131
69
16042
4388
18280
12343
9876
17266
10064
16682
18868
15486
2813
9453
6256
13502
227
6475
2171
3049
11423
18951
4700
9936
12862
12852
13020
17816
17672
16978
5506
8722
12821
5665
18823
9103
15264
4119
3807
6051
1062
765
6481
14860
15896
5429
10325
13655
7799
13100
17230
10196
2942
7691
18565
10263
17337
16015
14062
3188
2913
12117
6560
15296
2814
12316
1546
5700
13938
3617
17401
2849
18386
18031
12993
13073
5813
10780
13376
6127
19884
13396
16205
13861
11776
2836
2936
13957
13658
1975
9107
1429
14295
7074
6063
2509
14749
8127
245
4562
15782
8266
938
10420
6398
5554
19863
15171
7952
914
8907
11528
15844
15479
11454
16633
6392
4146
16428
19759
10047
18427
7483
17474
1091
1329
16221
9709
12485
9807
5950
11679
9533
17619
5735
18137
2753
12149
14780
15447
16967
16824
1927
11183
15461
2155
10130
3805
9300
5925
689
4249
15680
14250
11074
19433
16058
8183
11328
19811
5374
5192
4697
14536
5771
2807
13446
4285
14235
16631
16158
3104
269
8189
15965
401
4575
2505
11247
5596
7705
18577
15588
1459
15693
15897
5055
6424
3970
17797
13271
15585
17530
9792
6372
913
2046
12065
18890
15964
1171
9115
16528
7141
15873
19270
18141
19836
11185
16211
1899
11587
1672
7470
16382
10437
2225
12407
7256
12284
11444
4473
5798
17707
15840
389
10759
2750
16262
587
10915
11685
194
17545
14979
7487
12081
1264
11678
5482
4642
13537
3059
4473
2281
8093
9194
4889
8011
18527
16021
756
3523
16185
17964
10565
5477
6968
12524
6913
13140
17564
8232
16711
17164
17402
10313
6224
9757
2733
9611
15356
17001
8259
13139
4954
3307
16447
11033
12190
5202
9624
3283
19248
13312
17906
12804
11307
131
11452
19790
12351
19998
2285
6643
9914
7834
19577
2796
10177
17875
12859
17514
7750
8647
4882
1334
3424
11795
19529
13927
11551
10459
12462
8689
801
6716
85
4238
3014
5501
6432
2749
18697
8747
2897
540
6313
4042
4923
1152
16615
6222
6256
8394
14655
14612
1286
12532
1723
7324
7854
9865
15883
19231
10462
15355
9652
238
17517
9670
10650
15383
8713
18489
9767
3950
17496
760
16071
7663
16127
2229
16768
8771
2456
11970
18854
12388
12205
13050
17810
6352
11645
7481
19085
15667
17243
5654
12875
2049
16901
1867
13062
18960
3010
4291
784
7961
11292
109
16411
271
9876
9621
15212
6951
6259
5877
5324
6460
13787
9824
16226
19160
3793
512
7198
9395
17089
10402
17583
12693
3754
19230
4997
3151
792
7776
15396
9143
19012
8654
8299
18718
5273
2307
18510
1916
18438
12746
2877
6829
17868
18799
6407
8059
10459
13429
13887
3575
15454
4383
17621
9273
17017
19767
16930
17535
16483
1226
6945
4257
4896
8801
7590
411
17092
1187
1075
12362
17680
9980
13640
13034
13884
19379
18887
10394
5534
16605
12046
19507
10190
10833
11082
13622
13876
2632
9692
12368
19914
913
2279
19582
4235
332
15853
5362
6383
8733
852
2433
50
14680
8897
15198
16895
3175
14005
404
7051
13022
15385
10985
18274
14067
16870
1895
9024
4548
7318
12551
10191
10318
3328
17901
4535
10392
19810
18416
7344
847
14648
19519
8443
7310
2385
1785
12456
18062
17154
13250
2784
9038
14267
5542
11459
302
12804
13049
13689
1896
12084
238
5916
3653
4948
17941
17276
4084
11708
19215
413
6057
11818
13000
15696
14213
18427
4734
6833
16677
17731
7363
4530
2232
16608
13343
5468
6321
10988
5311
2985
3142
3124
2110
7358
19508
614
4094
8122
17094
17860
16898
15575
16818
2798
15336
14527
15176
5503
16128
16657
14311
15321
5534
10603
5806
13487
16287
13051
11317
10163
19384
2620
16314
1091
10378
353
19224
10568
10364
3822
3737
14029
1440
9461
18567
19389
12683
13515
4567
18462
4777
12722
11471
1737
8165
9774
13482
12132
13529
18392
6547
6711
15623
2756
9538
12288
2295
6023
19920
9571
14195
11371
10830
11920
9635
8238
3511
18853
17939
2273
3178
9255
8540
17246
11118
5695
2250
15424
5901
14690
19164
18315
3685
12903
3609
3256
7835
11809
17991
14600
10067
13259
10089
2856
2980
12009
7094
17619
10819
66
17636
18000
8878
19559
6069
1512
400
2292
5645
9125
8359
11864
1698
16946
4850
10448
19467
7400
5241
7155
13393
10269
1760
10532
4343
12933
10317
1257
9322
14698
1702
13015
2405
7408
9605
1330
375
9725
19137
11490
4032
6171
2535
7578
7467
3408
19694
14057
15758
7019
7444
3676
393
16758
2346
11362
10486
8467
875
5443
9398
4400
16384
14637
8128
9573
10935
12261
17368
13724
13477
697
19364
3733
11827
17280
13849
1625
6047
746
7982
624
7889
16839
6968
13242
14401
17221
6014
8350
362
4790
3084
9457
3840
14791
4027
16552
13691
9408
4167
19289
549
13203
15884
15547
19235
7161
11729
576
17091
12246
11290
12065
5416
2925
8932
732
3332
3814
6248
19356
9438
162
11614
2460
1412
17038
5028
13603
14177
8909
13587
15375
19201
10378
3015
12342
3111
19272
18638
11811
11019
18415
18550
19598
15174
8919
11416
17967
2381
12606
7501
9292
8015
53
10396
10741
2805
15663
15545
1631
14711
7567
14501
4965
17197
535
5720
12914
4714
9012
15516
1312
15032
8224
13961
879
4543
795
6124
10617
4336
4610
9708
1532
6394
5214
10444
14102
7484
17014
12636
14898
6262
2675
5639
5122
12783
2528
14028
16563
6346
10921
4111
16837
2316
3624
6288
7485
1695
16421
17816
12817
18162
147
15566
17731
517
18048
2139
14517
3316
11242
6791
15319
14655
11741
16339
7747
4254
17932
10892
18728
8551
12660
7898
9098
6072
10801
7597
16761
5065
10232
10698
5165
5501
16556
4219
6039
18517
2520
19166
4762
13231
5926
11898
9062
18786
86
1153
13555
14940
14848
13332
3312
3771
1255
4616
14857
8881
18485
17893
450
15642
5640
7484
11707
8231
7029
7739
16412
19672
9206
1676
5712
1674
10722
11521
8255
14913
3661
15646
632
2775
14064
4762
7713
3410
5548
16694
5790
9825
9067
12396
7572
4303
10680
13019
16825
11399
9764
912
8943
11306
17027
18440
7777
16723
7489
8532
19082
5458
12357
6533
14515
6269
12693
3614
17838
11111
13087
15223
16381
15283
5191
3243
4625
6731
5660
13760
19270
16422
11478
2059
479
8794
9961
1729
19585
15589
2043
6564
10907
3657
8325
18768
19409
15775
2283
2794
4797
17921
3132
11742
16668
9560
5709
1684
10745
812
1733
1613
12036
3431
1359
14850
9603
12932
13200
13958
13189
16840
12126
19642
4568
17334
16828
6817
15053
10108
3492
13902
9375
2805
15061
2894
19698
5873
19662
10026
7619
8754
9930
2794
15351
18019
5881
19455
4301
9887
14974
6113
3214
589
15347
7047
8739
15607
15404
7423
2863
9303
262
11188
16273
16687
8447
12784
2261
7686
6242
19606
18475
1162
4320
1260
8056
4746
9194
11857
6592
7242
743
13385
19782
1293
12341
12503
12195
11957
19271
6231
15799
15810
1723
18738
10015
13158
19535
8112
447
6896
12292
5834
19816
12802
9424
8876
13983
768
1427
5508
13747
4894
12181
19754
19757
13319
18936
4677
224
6708
15214
4669
3067
6957
1697
13619
8424
15201
19520
897
14596
16926
10405
2369
1985
12063
14308
16987
2022
7222
6023
2953
10731
299
15131
16167
8955
7044
18347
5803
6615
15725
10574
18502
18718
15265
7511
130
4797
5807
12701
10536
2651
12351
17076
17434
8753
16769
14140
15621
15262
3457
1913
4685
6533
13820
4120
3254
4035
8341
12553
18418
697
1944
13110
10955
1140
12046
12385
19819
8521
13439
14162
10122
18081
16298
19421
747
14702
16450
2341
16075
5032
16709
14391
18502
9615
5688
3737
7140
16069
4393
12394
6703
16802
4499
18966
17634
8388
16664
17677
8528
13723
12648
3141
7851
14085
11544
15594
18044
33
16139
3506
15388
1292
255
13568
24
7607
1200
2998
9403
19793
9929
18265
17303
17749
8925
10857
192
10095
4601
2627
2463
5638
8913
2627
46
14661
16704
12447
19715
7199
3754
13246
17608
13614
17095
12173
3059
15216
3734
17345
6448
12376
15688
7823
7580
15018
8041
19691
11937
7494
13113
12281
14220
19103
8347
17724
13100
10935
15659
15670
14502
18522
19885
6832
8177
6792
8701
3244
15525
18936
10153
7182
9793
1753
9485
7203
11239
4986
16430
2757
19077
13901
752
10782
4086
4658
4412
17723
1442
14831
17812
12202
7675
14097
18115
12022
12906
15163
11775
12200
9746
1583
3068
16583
16287
6884
2426
17471
18350
1544
16264
17035
16295
18550
14470
11724
4634
2484
19423
13282
15378
14912
17974
14150
9284
10034
12679
2301
5993
3496
17139
14869
18851
12474
4766
19331
9035
1491
11366
7229
16182
3832
14693
1940
13326
18564
11700
5707
7961
11009
16607
16438
474
12524
17530
14324
8505
9155
8209
9801
1225
16306
9204
2240
6108
3759
14424
11303
13040
196
13795
3028
13362
1968
4754
10617
18739
963
47
12820
11292
16629
17107
17595
16215
2084
15783
18865
17865
18589
4268
7516
5370
8445
4566
15843
4909
15005
11476
3022
10740
2082
4164
16601
9355
8561
5696
1870
18881
624
2290
10574
11134
8870
19795
10456
16040
14254
892
14761
10418
8927
8185
13650
14353
15198
2466
13270
15688
19971
3845
11972
9929
486
19304
18437
10242
16478
19837
7325
16826
443
14950
4812
9301
8014
12989
11820
18681
8879
6633
9916
2911
17288
15755
12357
12117
18339
498
11259
5576
17792
16527
13233
3708
8637
7359
18951
16132
14490
11067
7967
2970
17426
364
3380
19509
12215
16162
17577
7568
13618
15051
13680
2986
18768
6754
16719
19857
7820
11164
10353
18452
3160
11184
2699
16309
12827
11092
11855
9543
6247
4918
1679
12759
5525
12926
946
15583
5
16088
13279
134
1544
12190
9376
19414
8186
18660
18060
11938
7960
12842
14368
10159
18810
17499
1269
9895
5378
13347
16412
7013
16516
15766
594
13442
381
2807
5815
10686
9791
18278
2193
12698
15043
1602
18750
18392
7456
11344
12399
9160
12840
7372
18648
17136
2821
13766
1534
10470
4
15917
4389
19890
15476
5024
1318
2618
6021
1010
18954
14572
744
15474
3150
382
16069
6906
18195
5888
6764
9734
14227
4391
3645
17780
5489
13034
17551
807
18196
961
4584
6716
1331
2453
8665
1708
4879
13975
4772
4643
12466
3864
15577
2236
9477
14971
11518
2819
2389
8706
4258
16599
5316
2271
18134
17229
14433
1368
18734
19179
10151
1993
18975
19958
8790
8724
9447
3801
14764
8492
10946
5271
1099
18612
3250
17935
2115
16770
5329
1442
5481
1545
11638
11015
3595
19319
15654
19648
16241
2993
2383
11169
13126
6487
27
16129
14991
7585
4445
4504
2791
17632
10695
11838
5657
5021
9844
10118
15057
5728
11439
10341
13378
7583
244
19620
15351
12393
16907
16090
15201
7163
18039
1495
16837
131
14051
5196
12741
4460
16228
18809
2607
16695
4078
8106
16067
9524
1762
9025
17145
6358
5827
11316
14754
4693
5909
9644
7774
15040
11914
2250
9129
8193
7163
10314
17338
14889
16144
1875
715
14930
1023
1244
1226
8589
19501
2492
5290
1881
11703
11270
4531
13146
6630
2946
8599
16051
10866
9422
3255
4009
9381
10185
7570
954
19292
4534
16348
7332
16258
7546
3983
10521
9415
3046
7909
19174
15390
6250
9284
17224
11348
19100
9512
5093
4508
15591
15300
11611
16853
18540
16562
17216
9478
18658
13195
7704
15127
4603
8205
11902
10087
2392
220
5871
18449
2658
11417
19778
928
18454
12377
10840
3515
7485
4124
11756
14066
7579
17287
18726
9508
3983
15878
8757
18543
1695
1204
1985
15482
18697
18211
8808
14055
16597
8129
8983
11482
7514
19151
505
8359
10694
7731
7860
1561
19065
19620
6462
4801
5472
17169
7932
12300
1408
3410
14445
8719
8459
15298
15126
2212
17205
15479
10480
8392
14600
14236
8983
1901
1904
11740
1085
8486
6540
9899
13102
13778
8597
3453
2582
3265
13162
13709
7892
12486
12339
4982
8024
15475
7722
17524
2355
7932
7420
1303
7632
73
6119
10141
14558
12298
18772
14113
17230
8539
6735
19401
13646
18707
335
14913
2006
10132
10496
9690
17656
7848
18329
15461
1909
16938
9979
19106
16812
6625
13950
8880
13127
19853
10285
14197
304
18483
5064
13
4912
13895
14831
1497
18318
4751
13882
19619
16091
2319
943
19190
15001
10587
449
18343
16950
7112
8655
10264
8947
12912
9088
10084
15535
11292
17897
17500
8384
11288
6723
10297
3562
19679
6072
3247
19278
2490
13076
17505
8553
7664
6544
8318
5837
5978
15026
12930
13158
3719
15096
7073
5894
17602
5144
17996
17289
15651
19259
7269
16670
2267
6491
14722
6475
12390
14481
17885
16276
12853
11675
421
885
9750
9459
6297
16444
9101
1367
2899
3610
9142
6504
8046
13334
3076
17601
7235
11918
845
13341
15360
6933
14621
2043
15976
13695
5952
6046
8831
12383
16282
247
5043
16722
19558
19140
13413
15925
6199
5385
6709
16050
16644
16281
716
149
13793
14890
13134
368
19680
18284
5229
18565
5928
4245
16211
388
4317
12217
12134
11553
17429
19558
16542
15810
17226
11349
11438
14050
17056
6036
3944
14981
7959
5789
19036
5026
6073
8845
10084
4673
3483
3030
1636
7205
13924
16492
12910
7766
12231
6074
15256
10424
6280
18060
17326
16849
13029
7551
12059
9580
16835
5446
13904
8968
2235
18435
12706
14572
18792
6634
12368
309
10285
18124
5103
19945
11311
9540
16944
19332
456
25
8725
10546
14814
14500
19205
5442
14291
6774
6360
1435
16783
11681
5285
3891
6296
17519
8212
16909
14576
7736
13639
13144
11646
10965
4757
15090
3670
17267
4900
5663
13080
2871
10180
9053
17776
8952
16244
11407
7195
11935
7392
11039
6326
8405
10819
5173
19838
14135
19014
13181
16465
18532
4408
18577
1282
861
10793
15027
17311
4471
17067
5418
3707
9939
19582
19866
10105
12067
19552
19522
8274
16585
7096
18820
18941
10190
14598
3819
1580
6189
11957
12291
16501
15848
7098
4272
6227
13645
342
9590
2732
6584
6400
8776
8518
297
9511
4935
270
2732
7240
15316
10
8092
7002
7203
8593
5342
3859
11751
16601
4341
14159
6186
8401
14886
19913
15377
2823
11041
12676
7249
19721
11627
2429
8580
10091
1798
4395
14310
15175
14093
16396
12086
14386
19199
11202
16445
195
10339
13908
11851
14800
932
4028
17594
16312
7305
9881
8752
7
13455
11625
7326
9243
13305
10847
6403
13408
18800
4044
585
8848
3690
15222
13513
34
19791
9089
7191
5187
8048
11504
11273
17152
11809
19237
10010
19138
2915
3563
17255
14041
11759
11853
17513
19814
4470
16804
2121
450
1694
4297
14741
19601
6568
14309
12976
3990
18197
7629
6467
8498
1547
9482
14307
3270
18418
8172
7858
17739
6343
13183
5351
14708
18437
13766
5789
9028
7541
8250
12717
15337
12166
5345
8397
18989
985
19491
15532
13773
2733
7932
6810
1730
17682
2865
17940
5457
18151
7640
4619
450
5642
5513
14106
4275
15910
15746
1120
9457
1052
6197
3939
19677
1123
16196
14252
10801
4952
18157
9598
1863
8223
10801
17865
6952
14792
6425
7923
12729
2557
6341
5952
734
9458
7708
8573
11392
7820
8598
2913
12653
15993
8296
15079
15200
2683
6855
10086
15340
4496
9979
12401
4234
10697
10860
1317
1609
13331
4678
7515
13196
14525
11805
11757
5285
1612
958
2443
14141
713
13299
2909
16853
8258
1201
13522
15718
1159
8235
223
3768
14598
7944
15177
11993
16563
16117
16831
9639
13671
11593
9307
681
17451
2722
5504
5766
11564
6164
11866
15652
14152
8441
19794
6558
15167
258
11689
14260
6560
17194
11244
12814
12878
9521
2271
10203
10403
5032
15711
11379
12216
13975
6742
8709
3931
1361
15160
16469
16597
11398
4634
9095
9159
10639
18828
12083
6113
4896
19892
12954
69
6231
10415
16677
13554
317
7389
12132
12371
1664
2074
7209
805
10929
15871
18228
8133
5725
9747
19188
14950
19509
7559
8881
12429
10603
18760
5979
6038
4703
503
8229
12040
13575
10472
14746
4088
15631
9325
33
2745
16026
9617
5592
15586
7470
5937
7863
5513
6739
2755
6502
18610
7631
9634
12130
14066
13768
77
8201
2053
4525
5852
8812
17966
12312
4159
3570
11025
15201
589
8450
7436
4347
2707
15168
5761
13026
7267
18703
3163
12629
5623
7526
18880
6435
11539
3286
3671
2957
14887
17858
6738
8912
16987
17657
15388
2800
4867
6749
852
12150
11032
18910
218
17795
12351
18861
3230
3663
8916
11917
5975
14287
12703
15034
6524
16603
10154
1437
11703
8622
9992
13490
19462
17779
9330
4487
10515
4699
15510
4926
9356
5425
1038
18683
14113
19344
10547
16959
7147
1899
2821
19015
7843
775
19834
10133
19797
9718
1145
5846
13715
638
5206
6026
8453
1592
16127
18972
9339
2196
5499
242
14450
13277
18391
18119
16645
16547
16089
3377
13812
18332
807
6618
9698
6358
15223
12975
3077
12550
19169
19541
6601
10567
11145
15812
17761
16968
13751
10129
14347
6711
5797
1963
14027
15269
19545
8256
7696
9568
10372
2676
2430
10196
543
19267
1380
4877
7390
15645
9788
11374
11257
13666
18650
9025
16731
9206
19905
2276
6407
17573
12498
16142
2120
449
3022
18575
11811
9970
3917
1749
8907
11681
13225
5085
8790
16502
11853
7536
9045
4244
6443
1959
6324
3265
411
14569
8532
19703
17391
12329
15176
7670
17887
19168
16539
16194
7307
6842
19976
4672
532
13109
10477
1590
3622
7374
12097
824
595
488
10133
13594
4778
17918
11156
9122
5282
3659
1966
14746
10271
14057
836
11650
9905
11420
4603
2744
4320
17937
16939
14830
4341
14972
14053
18218
15539
14131
13465
1185
8837
7869
1705
15573
9784
14189
13664
13964
15860
10969
11988
19765
17926
4311
6110
4118
7819
12488
16223
13979
1764
8200
2855
13513
3002
19163
3101
15080
6762
14073
17269
11528
18635
6221
17661
6331
9580
2044
12905
18013
6778
11388
10586
19993
19632
1992
4362
12970
6696
17001
14005
11499
11174
9697
2563
195
527
1095
9095
4104
12780
14555
6582
19952
11372
732
8241
6842
10509
6357
16545
19486
11858
6986
17634
19950
112
6229
6125
10590
11368
16098
1773
15242
15673
18064
10620
19636
13770
15960
1953
16512
5366
6881
6112
19464
19221
975
5029
16046
18215
12218
6261
16155
15209
8128
10308
2399
17880
2886
9043
4715
9610
16603
5009
10950
12262
8291
19016
15121
6331
12273
16392
16944
7209
12661
10541
8461
10294
12275
1385
8436
5622
16040
8676
1762
738
7273
7285
2696
15407
5447
12749
12130
1194
310
2309
2643
15812
13437
11388
13562
15640
3413
11225
5681
2032
19559
5931
12167
5474
10818
13858
12826
146
9137
2989
17901
15754
6623
7687
9816
19602
4123
13784
4511
1297
1607
2690
13767
13201
18770
18842
13858
10030
13074
19446
19793
5945
18607
11407
13304
8465
3542
4144
13904
13511
18429
16493
5269
6538
9878
5329
11820
9239
14375
13862
7050
11202
14157
8715
15509
12528
8563
14929
17799
12800
19223
15499
15443
15758
18433
13033
11699
10108
19280
14805
16682
11487
6479
6586
15629
18685
8931
10589
9299
2385
2098
557
12770
12951
17422
4837
9883
727
8864
11150
16918
12964
7248
12201
1604
5249
8895
1932
6418
900
792
14893
14077
14058
16087
1011
13064
13222
14904
16843
4557
16183
9236
17767
12511
10340
11038
10659
436
12591
4651
1521
12343
11868
10484
1288
15886
2482
8262
14044
8530
14958
8156
794
19069
16063
5933
18379
7375
18841
64
12167
14457
10999
7654
12984
17838
9639
658
3704
10514
8716
19979
2533
19024
13193
2342
10726
1438
2174
5877
18324
17488
11479
15900
17087
986
6798
7170
12200
9964
7400
12161
15442
19949
2540
4100
1387
8900
13223
10787
11361
19340
4041
1120
17898
1820
10540
3987
3864
2612
13496
12507
16661
15396
9578
1915
19795
12183
15621
5386
14487
3618
6285
1481
14885
12011
4015
16073
6879
3406
4416
10493
18705
1295
15339
3255
9034
9134
13050
10472
3744
16472
14669
14621
12452
19186
1691
14021
11036
14527
13828
5349
18032
9971
12619
14157
6566
8520
9141
9356
13292
18388
4204
13981
2906
7578
6474
13135
15152
16880
6335
14650
12299
11807
5455
5750
4344
15620
9870
6546
15886
18946
16318
7645
10480
1122
12531
4300
13562
11791
11111
11013
18217
17026
3658
10405
234
307
19832
19982
3264
15612
598
12513
13307
10951
7239
9203
17554
15888
12639
8880
6252
659
5540
1762
10398
15142
17978
8020
3041
15205
4554
10353
12957
18419
3654
1874
11182
10010
16860
12722
4964
3447
17644
15209
6384
16368
15418
5013
18850
19977
14287
4176
7016
12739
6952
6587
1285
15363
17164
15222
6606
16875
18288
14611
1697
3434
13342
14809
7539
19203
13975
13541
13470
7000
18472
19169
2130
18514
831
1545
17323
1398
7811
8081
9624
1391
16008
8994
5899
5220
10914
11261
3313
19029
7144
9778
13077
7136
5248
2043
721
2893
9049
14651
5335
9039
10816
9330
9479
15480
16129
15106
16379
326
1255
13969
695
577
2137
16876
6260
2386
16108
5956
2382
4177
14684
5492
4201
5839
5075
6826
17235
15251
7360
2857
17142
6671
7411
17566
2042
30
2590
6089
18709
17660
4912
4312
9211
5179
17141
313
6498
5405
9243
13299
18097
15532
5805
17206
5165
6029
6096
1550
17706
9158
941
17828
18841
6707
11966
2103
19629
2658
15702
18031
6954
15535
15737
159
18777
4870
3653
19509
12573
9916
10764
12350
8387
13999
10041
15626
11871
721
10733
16239
17133
17372
76
9071
8010
9752
6302
17700
3631
13964
107
1047
16237
4335
13916
7701
15922
4282
18213
19556
17596
6522
13487
15146
19543
702
9263
18639
2146
1536
7323
4002
5501
13700
15780
13657
8323
11379
407
975
12083
7018
18686
4077
11015
18555
3000
11535
4054
15469
1764
11177
3810
2772
7851
4308
9380
12261
9751
4250
16852
19373
7089
5347
16928
5882
11985
7648
472
8991
11875
18825
3805
8633
15253
1158
1329
17017
14236
12369
18874
5605
19912
7423
16512
2797
18333
9423
9168
1379
17243
14448
3993
14280
1799
17256
800
5271
2464
17747
12314
8140
1032
8314
10339
18719
6173
18731
6556
12650
6080
12843
11989
15677
13113
7838
3157
16804
11276
16485
3503
9656
4543
11552
9742
12038
15349
13055
15441
6537
17425
14913
19742
16462
11174
18223
6205
19579
8070
15339
19324
15800
14394
5935
13137
19639
904
3355
11833
1494
18354
2345
3985
15348
6203
4142
18387
14210
6700
17499
15009
8969
7404
18667
17951
13864
2012
18914
8324
6581
11157
18520
3046
12278
4184
2767
13059
10260
10728
4309
14451
9454
15988
2560
18255
11759
15747
16666
17576
12254
8720
7792
17197
14990
12028
19673
13217
14164
7813
10000
11411
2757
16024
6155
4115
19267
4960
17863
2217
4420
18749
1972
2241
10571
14820
4705
17102
125
5699
3186
2744
6996
1026
19016
824
15657
9092
4665
7139
5463
4468
3137
10439
666
18652
6018
18860
7516
19879
12679
1925
11460
299
15329
5594
3788
8101
9467
2080
2013
3647
5632
3075
19906
13901
2447
4886
6537
15472
3446
4397
3134
13357
9871
7949
10135
7297
18877
19935
9708
2740
322
12516
13784
255
16083
12475
8488
1537
2725
14934
10711
11511
19307
4449
4189
3397
15876
13976
16868
17064
6469
19379
8195
5485
4851
17986
1582
3950
13191
14177
1059
3860
9600
1073
11221
12918
14048
15817
10101
18066
15130
3851
18036
19709
966
14652
14322
7756
5911
10492
10200
8574
2978
7624
6709
8721
10547
14014
18355
14999
16353
9654
10508
18239
10515
16564
6655
5596
12688
13049
10178
8680
18584
15101
4976
9711
18006
572
12297
16099
12878
12573
9219
17166
8945
15472
6989
15266
13523
14644
10911
10511
11318
1103
11084
8898
16934
14868
19591
978
8136
13440
19874
3791
6620
12605
17701
3556
6941
5464
13731
4922
17465
5731
9215
14076
12597
452
3681
1887
2112
18944
4717
9491
7921
8587
17868
16045
6554
13565
9665
17784
19913
9586
7950
1853
5975
19212
11525
16830
19491
6234
19509
10995
17451
3412
4946
2799
9851
3261
4829
10061
5889
16337
9278
7157
18562
8502
15588
18973
2852
13447
16805
2286
4193
10043
15531
2411
5310
5479
10204
13192
9065
1069
7529
19687
12339
11731
6177
18431
10856
3641
827
2575
3019
2244
6208
4063
12300
17519
8154
247
9935
12292
13913
8838
18820
4898
6809
4898
19464
7939
15382
16644
14393
12877
4647
4257
8961
2468
8095
7028
19886
15123
10957
7378
4145
17786
8310
2298
12657
18978
8669
19986
16286
5773
1658
7738
14785
6822
11984
15710
1078
11731
16663
19156
19964
9647
15526
5655
17924
11296
15359
11380
7155
18237
15302
12896
12808
10526
3628
3520
4470
12251
16803
1812
255
18103
6716
341
8541
6292
7067
18127
2545
5233
15462
14090
8264
13632
601
13781
3748
6544
12947
17018
7320
2832
15411
17295
10975
5676
6407
9483
16898
6823
13863
5855
8112
10148
1655
284
14677
4914
14272
14509
290
12488
13512
9438
5672
15601
4237
3713
11827
14310
8004
14839
3056
3601
6976
4670
12808
17553
2261
11232
4314
18303
17591
18500
2401
15286
10519
2278
16487
7765
5762
4606
169
14539
12803
824
16441
13753
17984
2717
7176
12210
6854
8944
18930
16134
12359
17750
3191
50
6722
17320
12671
553
13916
8196
2239
3585
2988
18748
6143
5134
9063
3029
9867
11149
2650
7692
3120
19885
3861
4219
14048
2876
17458
9184
8491
13603
15678
1904
3613
8953
14144
3217
3272
6044
13417
15338
15982
17042
7503
18160
17716
15604
3655
8476
9749
6111
19554
11585
4205
19928
3959
13295
19536
19232
7021
8229
15181
10208
8362
19379
2870
3305
6890
3065
6888
16420
12001
17946
2642
9355
2455
16685
2880
15087
4420
7288
11113
24
10278
7052
13750
5350
9818
10688
1883
17817
18353
12077
9408
17434
3701
15741
10181
13800
11585
18409
6180
18030
7315
5484
18126
1059
17399
10878
7377
16977
15475
15417
153
13426
9984
1786
10913
14624
13718
18866
1780
5914
17671
9133
18520
9014
18396
16597
13549
6727
3370
9605
6794
15341
815
3218
11780
1519
10566
124
8740
10063
7270
9003
9518
16333
11901
14046
2338
3537
19684
7663
8281
12453
13791
10740
16891
5017
19381
16476
7447
12762
8785
19110
13802
4460
14338
3622
17328
5934
13028
397
18105
8263
17689
5622
8746
19371
14982
3749
14158
13653
19938
7009
9502
4014
6472
19539
14760
14241
14505
2572
11315
13222
19521
1264
18040
6497
1825
12774
3343
15297
9567
13862
14010
9527
7294
10778
11865
12709
484
2320
7296
18757
7072
6499
16087
16309
19541
8679
11122
18944
10711
15129
3698
6320
11891
391
15478
15976
9766
14592
14344
7826
8889
4776
18369
12194
16784
19447
9465
12883
3557
8300
13451
5709
17581
4038
17862
14946
1842
2867
2886
1656
3452
5759
12445
5923
8285
17661
6117
14211
7332
4511
3545
18085
14961
17333
9892
8963
4260
14311
6271
14973
5204
15384
11343
6892
3889
16873
3179
9671
4098
5584
965
14618
15714
12230
11490
10612
19532
1432
18920
11993
10324
8428
7078
11815
17837
10093
3981
19030
2634
7109
10590
16012
12748
19462
17707
14354
8369
12297
13739
14531
4760
651
282
11326
6855
18296
17826
2816
13729
6008
1103
9306
10393
18166
2683
8565
794
11908
7558
18199
19281
14100
4768
3311
342
15052
15546
16199
9825
13050
17829
6373
19274
11333
817
19644
6223
11757
15433
3182
44
3645
13840
6079
5817
17380
11793
14573
15972
14966
3294
5487
6843
8657
13191
1540
13911
4164
14839
18349
10079
13564
6956
12016
11812
11618
9249
6234
17587
8069
1824
10100
7406
4598
2155
11310
16592
5159
5371
867
16561
6371
11860
12354
9207
4549
17226
10408
8400
708
14842
8293
13779
18216
5055
14560
5844
16970
9103
2502
19274
10674
12011
2256
16511
6004
16549
3923
15069
17552
3501
5425
17764
2449
496
3408
1655
8071
5047
1321
17503
2107
822
6085
8600
13835
14757
14316
10221
10961
15444
5453
16820
1021
17643
17929
13602
6104
15713
6729
7910
6476
4447
2597
10573
6341
18710
12304
16126
7857
1037
16363
15134
7225
731
19135
13205
6433
3390
11530
12446
502
17831
14738
2654
8340
12834
13951
3225
15127
7650
11689
8325
18566
16275
2109
18049
9042
18517
28
17524
11607
18530
8182
1026
17717
19830
7348
9907
2056
1485
3
10991
12054
16489
17593
15018
3363
6116
1757
6786
14312
9705
16136
13872
17963
13619
9495
18980
17904
19282
18332
4678
13689
4943
19795
11194
14024
17165
12554
5195
1044
7962
8465
981
12198
18704
11881
16621
16540
10211
17036
11784
5919
10404
7104
1775
9591
2295
5650
2729
9537
15259
15257
11262
6846
12206
7882
610
16719
19759
16791
10684
6690
17281
17506
7489
13838
14557
17969
4449
6974
311
4390
5185
5331
19231
2526
17949
16557
2819
12059
2332
1446
2492
4803
7700
8491
8511
3962
7209
11444
6324
2001
12946
7413
2478
4018
19052
56
5439
4195
13994
14326
266
1877
1239
16413
6405
18603
249
4639
368
3856
11949
12601
14963
11111
2458
14170
15262
5543
7795
4664
16598
12915
11853
12178
7674
11665
11531
11404
9004
3556
4891
1202
15986
14624
15845
2291
13112
17532
1865
4612
6462
9438
2853
5983
17622
13121
386
1492
7742
19917
14854
17403
5005
15973
18734
10375
19446
13440
2013
2755
6509
19627
15939
10470
7826
5377
1
1443
14736
6627
12508
15413
4876
6050
17597
10757
15409
8815
4031
17352
10532
9176
7812
13864
14566
496
13440
9769
14666
3826
457
11209
2965
2425
10096
15246
1636
8089
9776
19394
11587
9131
13098
3596
7077
17295
15625
14087
18458
11929
11581
15231
9751
11093
18094
3094
17506
12096
13702
5605
17323
14108
12058
2192
13819
5389
9843
14089
18569
19547
10971
4379
3156
9398
10098
16655
18048
598
3498
7549
1235
9778
14744
7115
15924
13412
5420
4546
19447
5715
14264
10660
7929
18108
13204
19452
1267
9675
13206
311
11255
18446
2851
16666
5769
15240
9796
8348
391
3246
11802
19702
2955
13775
8112
17918
18703
15736
2963
13281
315
1061
19883
13115
13096
2062
13981
17655
1882
7199
12914
789
10298
12434
18077
18954
2674
8430
16387
8336
2373
3471
15811
6901
8928
16895
5742
15662
6071
15866
6076
3493
8717
14943
13759
14874
4890
18390
15132
10887
16690
12265
4754
17510
2521
2907
11505
17862
11789
11085
6007
8160
9474
19640
7006
3564
14536
6161
18896
1188
11660
11179
7396
4224
10734
14795
0
4354
1725
6106
14611
6134
10309
13234
6271
11632
12597
8737
6390
8942
4611
11416
12387
1469
3395
13328
12687
5790
12180
15731
14663
8899
391
14789
17748
5833
10644
971
19145
3700
14462
19513
4245
15788
13275
9351
12664
7800
12542
10964
7927
1789
5066
13840
7127
2536
966
13773
16888
651
12498
13149
8609
3140
12860
9607
14318
8381
22
1301
1637
5884
8670
2793
5225
9855
17321
9251
15961
12205
11712
3205
12697
19776
17629
14722
6414
19332
8011
5403
2643
7059
15434
10215
11111
1141
9517
6944
15143
12323
3657
10554
14029
6052
6628
1518
18949
19477
4343
18982
13394
10771
5615
5319
19154
14136
10646
16745
18628
17671
3180
2896
6974
3169
16733
13818
5949
9264
13944
13390
6104
8073
19251
1538
17242
2407
9988
9443
15550
13515
1086
7752
9719
18653
2463
10768
6118
10326
13627
1396
19953
14086
19921
8050
3104
11302
13815
10034
13362
2901
14494
19354
17074
19708
18856
11773
13005
8038
11417
3874
3430
7662
17133
14688
3053
10814
16523
63
12907
1968
16785
13091
19868
3099
11588
7016
196
14371
16018
18420
5541
71
17074
796
6341
15864
5563
3189
14236
12400
2321
8412
14090
5497
6370
11537
16972
8922
7407
17527
10769
16484
619
7085
3138
17166
1371
5545
15624
14724
11134
7079
17027
15193
1263
16445
6298
9069
5809
8260
4442
1055
12348
15327
18742
9010
13050
18329
14652
15070
2355
16495
5144
19460
12590
11045
7989
1452
12907
481
17592
6049
7227
3635
2627
139
4193
2327
4603
56
3810
18184
3344
18837
17785
15525
9466
13264
8183
1172
19853
9458
4924
1070
1335
696
1135
6530
542
18392
13376
14093
11183
18212
2417
17080
11257
9618
13733
5484
1737
5721
2629
16563
4895
17606
12164
1724
1517
14461
12643
14634
15939
19987
6314
7118
12422
5546
490
9616
14988
1004
11386
12227
4298
14500
5474
15584
11833
4416
11544
6332
8744
10456
15089
18196
12620
2230
13141
2025
19
13322
1738
16409
627
13336
7858
18117
19083
884
2225
19295
5628
5607
4419
2106
9622
17802
12983
4433
13321
8028
18587
12705
14437
17805
7187
5655
1088
7261
16945
7666
6519
18634
2469
7375
16164
4759
660
11672
7873
6336
19698
6601
18336
10870
4710
15765
4025
4962
7153
5825
3407
14935
6310
15997
1941
8744
12519
5810
7487
4996
13248
9658
17423
8594
6168
357
15484
4744
15541
16021
600
1565
3856
14688
13906
17662
17056
709
16157
1116
15652
14752
8359
393
16981
3926
12152
2250
12509
8661
11200
149
10624
18843
17041
19719
1034
15117
9785
5116
12101
10092
13565
1195
16043
3205
18944
7977
8652
17313
3460
11795
17837
18150
3706
4494
16081
10094
2455
11526
6931
13498
17646
1533
11458
19770
18383
2581
6894
1417
11535
2996
140
7158
7089
17212
7442
1004
11271
404
2524
15477
13880
9338
3891
18513
17093
14485
12512
1690
5726
4830
428
16265
4068
2498
8618
19281
18259
14261
5221
1409
12472
64
18429
11635
3151
18173
9908
2335
18138
5555
434
11264
2016
3299
10340
18967
16459
7434
6309
8511
18664
820
15180
3022
4623
9138
10142
15941
13366
4849
4532
12865
17947
16758
4664
14914
1444
3034
1361
13189
5231
6377
7766
14436
12504
14828
17458
395
17602
10830
11835
836
13729
17366
15969
7741
1942
5034
12332
9885
4346
14743
6244
9007
13476
9230
13054
4509
1785
3613
8938
3204
9852
9924
7026
13357
9731
14296
13917
7257
19476
2164
16084
7149
8813
11008
19456
8323
2138
4003
4526
11230
13255
10679
1687
19324
16181
11755
15783
3070
15808
12675
13972
4840
10050
10541
4040
14642
10407
17999
8216
3619
11521
8369
920
9171
19162
6689
15753
18854
7220
18485
9625
7926
157
4866
13310
13386
18165
5385
17433
3422
11269
9645
6688
19240
8264
1973
14920
18208
6142
10517
5694
18254
19471
513
19897
9455
18150
13108
12952
2835
10842
2201
2058
16046
17979
8603
8750
4962
3499
7944
5123
7694
8599
19478
16344
8314
8668
9535
12531
4729
3527
10062
19512
6647
19798
16619
10118
18879
1171
16510
16540
5344
13000
18373
18101
10035
11909
19434
10792
16871
5299
10521
16249
6970
14959
9335
3624
4918
3818
17588
16987
9907
498
10328
7107
17968
5111
5358
13392
8287
13915
10702
15252
112
8566
2556
16875
10015
16496
14953
14359
10399
6178
4695
17382
8946
7737
16909
13394
8593
2258
15900
12454
11000
9017
11051
14006
5599
804
3837
16919
7780
4542
18644
16710
9758
19331
13084
18219
10296
3413
5213
8884
5536
18675
4548
15277
15458
8683
3376
15365
19998
12810
12823
17920
356
19271
1587
19704
5327
12540
6282
5701
5930
2955
11584
15192
18745
18088
452
6922
9815
7215
16951
6182
19721
471
6988
1503
8326
16897
14838
1998
17136
13862
11548
9172
10293
14722
2465
14354
8989
14513
16093
12213
6240
4057
10093
3778
7835
15062
561
3351
10587
18023
19568
18384
3884
8526
16591
17673
2281
17226
9624
18364
14888
7032
14987
17310
16707
5030
6359
13321
4404
9346
3308
2101
13926
13420
14052
3100
3535
19311
1383
17060
7834
16423
15928
18309
8762
7097
5170
17109
3633
12416
18245
17793
2164
10300
7797
4569
10706
646
4335
17674
13257
14706
15994
3136
15965
4501
2860
4298
5704
5212
6539
16791
4854
3792
7283
5105
8123
5673
7518
2872
7909
8992
4995
2922
11236
11238
1916
19287
2175
18262
10565
13577
3664
7422
16898
6855
15122
6926
15784
19853
6868
5022
17751
14351
18361
12608
7055
6947
559
3667
4121
11050
4371
1739
18691
12939
10506
16077
13249
15080
17752
14387
266
800
3937
16006
1518
4925
19268
8692
4103
15511
7553
14798
14997
15644
6179
291
9921
17640
813
12003
11564
1118
1403
7286
15983
14620
9922
3518
15571
12141
17445
4781
14995
8040
10129
1732
10915
14318
12384
10425
40
3621
3112
11388
3755
11475
10475
14641
7664
17558
11694
3857
14938
9364
17779
1380
2037
15953
9528
2672
7229
2341
4963
11406
11121
19336
15815
10796
6502
14422
17893
4197
17195
18670
6938
17609
15796
7495
1067
12625
13688
152
14778
4050
19794
14527
3247
10956
6115
11118
8447
3692
9107
9445
8032
5354
1312
15284
12054
10315
14133
2471
16801
16017
1974
9323
5059
14914
12772
3286
9622
5129
19777
16273
16676
18145
8426
14299
5731
9516
4063
7293
14363
14732
9081
1305
8933
16643
1470
17657
14409
17314
9948
19412
10849
8710
15210
7695
3495
5120
8387
245
16965
1287
141
16445
8136
10086
16575
11194
6721
12548
1921
15536
2649
1451
11462
10225
4371
17367
11606
14230
9924
2515
1071
7212
10239
8022
7171
11456
7262
12184
15303
16566
18491
9526
7395
4843
3750
13335
1279
2948
17511
9067
8112
5661
17664
16632
11596
12308
7647
17826
354
8403
19754
11513
2759
1037
10587
12452
15616
5798
13876
15066
1384
4167
6424
3997
17188
10391
14155
8849
10722
346
7454
11377
3323
8138
7576
15149
6346
5863
15942
2306
1943
5587
9830
7686
17067
2541
15933
11439
13945
11568
4354
11601
3301
19151
8998
11387
14877
17567
3081
15070
14914
1755
14958
9331
934
10188
19955
11446
406
15678
1349
1510
1597
2248
18479
14463
10428
11844
15710
402
15253
12430
3776
4388
18387
16156
16809
15562
18115
1297
11449
14395
15350
3854
1003
10423
8653
17210
2104
484
3191
4012
10745
12513
14582
18973
511
5149
2379
10292
17194
15155
9829
3265
5388
1116
954
14889
16190
8998
6941
10925
10265
19764
4162
15199
860
6408
5439
16509
7134
4595
3847
13820
6771
10402
355
19194
5503
3573
3658
17007
14088
18476
8884
13661
9118
6419
1359
19322
17697
10823
5024
17025
14008
2493
4415
52
1696
10727
13388
16732
9054
14452
1834
14759
4263
19085
9670
5557
6551
16199
5378
6239
10997
13305
10038
3291
3174
10754
13205
6607
16260
13528
9714
15463
16303
10957
6418
12412
9904
12161
9105
14157
19925
5426
4000
14133
1114
3814
19928
9746
5998
11423
2524
8414
2406
3592
1339
337
16454
17621
7247
15280
9048
17176
12480
8789
9141
2725
12930
5181
15131
13415
6911
16251
13436
10401
2312
2092
6176
14801
6010
14341
16573
1108
17842
252
11802
15792
17462
9653
5805
4890
5366
3246
5524
9743
18749
2154
312
2715
10995
2863
6261
7524
4366
17770
12921
10143
5048
3526
9379
1001
872
1308
3962
3646
9783
8728
17861
12484
8606
11271
14890
261
18599
15732
7137
10202
5047
12546
7620
4009
16898
9927
16150
16056
15001
19059
17485
5879
9967
3761
14799
19177
8265
8103
7302
8112
17368
4328
9817
34
2567
7111
18596
4809
7197
647
15618
9258
2390
15858
3934
3715
14970
19419
5842
8686
8117
7278
11766
11847
10550
2419
10751
2817
16723
17269
15007
8986
10951
16898
5780
7562
12038
5388
5420
17951
17886
14021
8793
15187
14377
14259
15953
18127
14783
7436
8108
11231
13476
10787
9560
517
2182
5087
9327
5330
5507
16858
15397
10140
19491
17448
16979
4316
3802
14278
7535
8610
15664
18579
18400
13716
16624
7842
19367
8782
16646
1095
12048
8716
12899
12565
939
7381
11410
18326
15433
19920
14702
10839
12774
13041
16776
14194
13848
10823
15958
5616
13935
1856
306
2603
6150
14746
17043
7991
17048
5099
570
1424
6888
5488
13543
17730
13916
5840
10502
7556
13895
6016
9890
18301
812
10318
2740
3855
15111
16254
4722
6930
14489
18899
17137
2058
14052
316
17098
1072
4463
12946
6793
5915
12362
6886
4043
8328
11931
16166
8596
3355
1690
6473
11859
4633
7157
7129
13756
2154
13104
5343
5943
10178
11272
18142
7560
7051
6612
46
15281
3301
11071
13627
1394
2094
14485
10146
14697
12376
18449
13305
15680
9738
12870
7192
17955
17139
11915
4636
5948
7071
18230
15441
7452
1141
3412
1367
17900
19362
10668
1700
11155
17710
6605
6958
10262
10998
8960
7887
15645
2875
19362
17191
12976
12721
2416
6626
9436
10702
6148
644
7003
7622
4533
17223
1829
18789
18939
18946
11120
5360
3494
17831
18950
15649
3388
4322
10138
4696
3736
2187
12736
12502
16611
12581
6249
5229
11523
13111
2028
15065
16247
6161
9668
13615
16753
17006
10190
18863
2380
14080
7570
18216
12857
16761
5705
2313
2343
5042
14052
2676
8616
3607
2264
8162
2062
14504
13711
4863
8094
8943
9524
12545
17079
17250
8086
10940
4010
19107
16515
6779
14936
18556
13405
13664
9056
10566
14029
15424
14142
9429
7730
2549
6885
12470
6621
16850
583
876
16851
9162
12740
3705
8849
11942
6087
5764
2764
1767
10277
17713
7515
14366
14532
17158
8971
9554
14492
961
15105
473
18906
18325
15162
17034
3240
9684
10099
13046
15268
2621
5248
15265
19786
9589
2877
4850
18387
4226
10241
9733
10591
15146
7888
11503
675
12750
5320
4685
605
1733
3346
2446
1969
14768
15751
11399
916
6686
18324
12733
15104
6529
15648
8528
15110
8074
14041
6543
17862
14091
9131
6530
1945
1052
2907
9470
10746
6953
16237
8145
9763
3760
229
18707
19241
3218
17501
2644
18301
9604
14836
9416
4192
2622
1021
14082
1454
17538
15466
18873
7594
18744
7025
4854
5136
267
16909
18520
18737
3377
260
16310
8601
7918
10516
2332
18434
2006
15003
2603
1446
7394
1842
6092
3383
907
5614
7282
11526
10682
13644
5019
12436
12420
1548
8942
5868
17688
6449
303
19540
15760
5502
12997
1308
5097
14465
4426
9015
10890
18607
10039
3959
12141
1278
9716
19189
17561
19988
15415
3416
7739
7694
13806
19302
4159
12757
19172
9516
597
10983
17768
2560
11198
10969
13956
16890
14966
4734
6450
14370
11841
8505
16225
10598
12505
3898
8893
19955
11894
8460
14413
19262
8646
11995
9525
217
18196
1062
4541
3736
6256
14899
15228
11827
5915
12609
15563
7109
15362
984
16549
9016
17206
2375
6974
15610
14991
6594
15210
12180
13290
11474
17476
7805
3601
17105
13045
16855
10780
7072
10878
5987
1137
17344
9724
17435
16502
10974
16256
7328
1439
17954
10633
2340
18683
14706
6379
5806
2850
2477
18096
8666
6910
16952
16095
19343
12862
8964
14821
18677
6390
13461
11819
10653
690
18342
15332
6351
11049
16285
8829
14943
10287
18003
11314
2005
16543
7667
109
13348
14004
19734
14591
334
16738
12665
7607
1784
15895
2914
10482
4195
5239
15442
357
18879
13420
16545
4465
19238
3275
1391
13262
16915
13760
4534
10244
12780
9250
14038
6507
11418
19816
14557
15038
15108
15170
10755
3100
1054
11657
19480
12355
9298
3636
7513
8310
16999
9844
16989
18272
12062
19011
13025
18628
18223
7528
18416
8793
9814
19265
2710
13401
14557
11856
13756
9124
19692
13240
18276
10330
944
9663
5150
18326
7944
18843
19623
1950
5324
7034
6659
18680
7794
5130
15826
10929
9137
18051
16490
5737
4631
4052
4573
18097
6979
13189
10879
17970
8509
11412
19548
5991
11765
15158
8439
13645
6353
14439
619
930
15626
14600
6428
8096
13621
281
11618
16933
7207
7554
9953
2221
965
1482
12015
14198
285
35
2576
3302
17749
4612
15200
14750
3965
4961
6525
16550
9362
7280
6431
12602
2116
12709
12542
6493
4697
3378
16397
1675
6794
19344
8503
16016
6294
15154
16570
9929
11718
7390
16857
19120
17694
18565
2251
6331
19678
11128
5967
18417
2765
6618
12704
1098
6625
18429
16207
19185
7268
4489
7447
6045
18435
12937
12347
1806
11072
1877
7504
8930
16673
14724
952
18885
19202
9595
13625
10199
9799
3705
10011
11165
13406
107
18068
7883
16653
973
4030
8714
10789
5040
5303
3435
16375
17115
6803
8198
18495
590
14778
326
3069
7926
10266
8678
4737
2094
14717
14361
19255
7863
14648
6437
14769
15034
460
16387
18201
16168
1401
9578
19095
15604
6268
12939
11371
19864
1174
11151
4085
10149
7841
2168
14107
19675
16098
17282
3924
9181
5963
8387
4216
1254
19075
18328
16320
18540
5348
19435
9547
15189
17733
6362
5874
10275
372
9836
16798
560
19196
9693
14889
9872
2844
6119
3145
5894
11647
14215
15047
8015
16929
16931
18919
19963
13020
2078
13772
4634
10750
19062
17349
8741
8261
9672
6816
16505
17978
15927
10291
17663
3894
15636
15993
4003
7932
4475
16750
2980
4293
17115
8367
12491
3502
17106
16836
18743
1129
13785
5227
6765
3308
17804
12773
14977
6754
15081
10932
17594
16417
15555
507
4871
9677
17374
15285
7243
7414
12664
7931
3403
3974
2931
19717
4622
13162
982
2592
16985
10762
2055
18481
7825
3695
2668
7884
19925
16546
18365
11846
19315
16399
7587
13732
180
1335
14138
15147
13831
436
10527
5504
14551
6436
17378
8294
17432
19407
7570
16597
10588
176
5522
10053
15724
3812
11538
11779
9160
1485
19886
10269
10064
8496
4379
198
2361
14243
425
10640
8165
12241
386
12282
1643
11573
18988
10161
15661
3910
19160
4188
7728
11437
9213
8315
11275
7038
12830
4049
6039
7915
18884
6932
19429
19121
10425
9435
19812
12831
4911
62
15300
5314
741
6799
1319
8883
11812
16516
3349
3306
2301
6312
13243
6261
18576
11307
2032
16807
12418
8268
1604
12877
16025
2984
13505
10021
5252
8974
15142
13610
15645
7767
2042
10457
2748
5145
10206
3470
2397
6448
2430
17974
1351
12133
14828
7976
7356
17550
11275
1386
8763
798
18085
4055
19607
7509
19578
19316
13631
7083
4101
6386
13581
14885
10733
6678
1918
13194
4559
5303
6043
15126
6507
17519
2636
3426
10488
14413
13548
898
17633
16601
5705
6492
1078
12536
18837
14600
16362
12113
18710
17040
17626
3922
14824
7231
12817
11247
383
8857
15200
19546
17418
13334
5988
15689
13619
5479
43
11138
7709
15389
10712
4591
14484
11039
5295
36
16407
3069
2919
1893
11551
6817
6507
3451
4923
2927
7519
6939
12315
13488
18878
7298
9043
4327
17333
10249
5822
19962
16448
4615
6424
1226
2810
7525
5845
6816
7340
1138
14270
1888
3909
3467
3863
4572
3875
10020
7244
18764
13400
13257
17243
17023
14331
17563
12098
13795
17567
15711
15116
18729
11476
6498
9116
2927
7836
2007
406
5772
18819
13828
3515
11146
11553
19923
18576
896
18325
17264
13385
12851
6018
16518
6279
10101
2409
12275
2824
6441
12482
8410
17466
12845
13592
16922
19838
12158
13309
8189
3416
12283
14825
9803
16620
18646
2184
1247
18441
18423
59
8712
6662
11042
17669
6467
14443
12202
8862
6713
7403
2584
4166
5482
966
810
1623
513
17365
7397
8238
3107
19457
12954
19707
8978
5222
13302
4657
18714
6179
16120
8320
10092
5219
3376
12372
14798
7179
11406
16560
16395
10674
4269
3251
7803
15038
7918
17156
18220
9712
7321
1541
1688
8303
9628
11063
18407
11166
17774
5850
3778
15672
17072
2216
5980
9651
4851
10309
15437
16472
9832
19895
16942
10294
5769
2662
16116
7163
3405
7168
15721
478
16744
2283
4327
16640
240
776
11106
11245
12728
630
19496
13127
4618
2531
4009
7766
4893
10483
18973
8815
17178
3195
3051
5492
5807
19962
14637
16107
952
19800
14700
15614
4429
16894
5867
2732
8423
1004
14872
19212
19145
14177
1935
15332
9961
15008
3592
18054
7846
12124
7243
13651
7838
2337
7760
2093
7629
1265
4054
12952
14833
7530
5142
16722
6623
10450
4225
15880
3743
18262
970
7334
18336
12899
10124
18430
4521
14344
18227
18200
18830
9024
11769
5215
5903
5991
17488
3481
10906
13755
737
7252
18786
18577
4460
7533
15286
13469
6131
19461
5455
15545
14973
754
14576
156
307
6506
3573
17523
9210
16797
1531
1859
12416
6246
17476
17420
13118
11063
13199
13300
10447
1591
13383
7112
16621
1271
15910
17373
15442
513
8304
13749
8192
5738
2129
11375
13473
10051
9904
17008
11221
2849
19441
16822
19142
3562
1703
7014
7945
17409
16293
15954
17467
10372
8385
5718
13567
15181
1094
8007
10167
19987
1688
1012
16701
12231
10198
8743
18066
11446
17286
5492
10882
15852
9437
18858
5089
13345
4022
6975
2419
9394
16003
8702
17592
3049
11099
5223
18164
1000
2568
3686
4674
9284
2488
11347
16385
9887
17759
1075
6377
19559
9687
3355
18183
10547
19077
2542
18852
15929
9233
7939
1283
8912
17875
2210
1952
12302
17261
19457
15064
17041
6154
18913
16729
13410
1088
15628
16404
16239
3599
5460
9570
6924
10889
7898
7496
11936
3535
6214
14666
17413
2379
8826
8103
2939
4271
9740
5662
16100
13305
16506
8810
8799
8882
18321
11186
5447
7601
19912
13486
18909
9987
18988
2807
4773
15504
9121
16735
10648
4339
11154
7468
7828
16983
8079
1037
11609
14622
4307
15564
17500
17424
8342
16436
9926
17672
18168
6542
13958
1585
12637
19977
13404
19002
5431
6632
16950
2437
10260
13850
583
12534
18262
15699
13714
2291
14446
9717
5738
18905
10944
17856
2258
11634
13793
13069
2507
1867
5408
5610
14501
8506
1026
5493
6283
2177
14442
18593
16126
435
7818
19113
7814
15602
9070
9782
9156
15106
18401
18173
14546
17418
6564
17385
15977
14592
4466
7785
2811
5720
8490
7110
16367
10717
7504
7108
11334
2728
13169
2739
14006
13949
6012
9531
10157
11108
2305
19979
6161
9362
713
2545
14788
5842
10423
19781
8215
13103
18793
8401
14823
4084
9328
19291
12131
11101
15564
4564
16220
8493
16394
2888
3146
14659
11668
1322
4241
15230
3448
19434
12973
14430
17665
3917
4617
14906
1343
8432
19004
19971
4909
18657
11569
2576
6843
18141
9656
18600
7964
14658
13024
14429
11418
8267
5731
17684
6037
8502
6022
13407
13751
13578
5066
7458
1828
2734
12052
4410
3073
2866
5358
8913
3162
9234
14941
12598
5673
9138
12694
10257
6853
18282
9144
16397
19525
13740
18427
12962
10508
11501
8227
16643
13116
17439
12004
7137
10076
11446
16281
14654
963
12831
106
15366
12212
4668
16376
8972
19971
11520
2629
7832
12256
6690
17110
18723
18712
17421
2221
18250
4450
8447
8063
1701
2015
14560
14607
6962
17301
9722
2482
13808
15120
368
13007
3894
15312
18054
7047
16791
12111
2731
13473
14110
17668
6683
14990
6158
12166
842
5091
8453
4683
18815
17357
3410
1922
8917
6092
6000
14800
11848
12943
2433
5405
4240
5518
10769
1085
682
942
1630
4427
16263
9867
17569
19597
5918
657
2076
4988
10258
6347
16848
1391
471
13896
5037
10638
11663
2688
10914
7424
6457
13429
4262
3685
6418
17250
1613
9969
13668
2071
12040
1948
9856
11096
18929
7140
7450
19888
19123
12640
12998
5684
3946
1935
4986
12745
15382
6719
1678
644
1359
6678
7006
12737
2339
6407
679
18878
14177
4176
5656
12093
11722
5217
17315
12345
1964
2863
7305
11887
6010
9564
8929
8628
2231
12642
12646
5660
12433
7952
19888
19690
12373
12019
8940
11526
293
13765
1122
542
15798
7202
8560
3999
5053
8498
3259
10100
721
3125
2328
9650
8909
17796
13350
15468
9059
8245
1469
8016
14725
2676
9589
13842
18254
12611
16961
12985
18549
14875
18789
2159
7988
14548
14995
16196
9281
14553
18633
12897
13571
14270
18359
13232
9284
11457
7525
1691
6675
11493
3268
3641
787
2619
578
4034
9314
7285
16893
1390
10227
14111
7329
19543
9265
7347
14144
18479
14308
13292
5022
17139
7227
13178
13130
11295
19584
13841
3018
3227
5494
2870
17261
445
18882
8890
5410
534
9365
1825
19581
566
14625
10764
13381
5858
9735
1523
5934
6941
7352
18052
5339
10275
18439
19967
18149
2854
744
16136
17884
3676
18475
16631
4640
4931
2449
15841
14396
18100
14455
8532
14769
15024
1901
15891
3726
16333
13185
10446
4677
1184
10303
5126
12712
10462
14614
11004
5333
1938
19622
12611
7874
16532
18829
6866
17598
9867
13325
13867
8817
16817
14548
17453
10319
9964
7731
11884
16052
16546
16621
555
7441
16823
13864
19403
1664
3590
16613
11560
9173
7190
14354
10823
4574
13925
3389
17963
15826
18631
2204
2818
13095
17038
3690
3691
12119
14543
19316
17577
14785
15643
2740
4152
6231
17885
1852
1762
2596
3563
5563
7289
14614
5827
11418
7963
9113
18407
4801
1648
18581
11612
3410
8685
5878
19284
9271
7714
6640
2035
19188
12377
10331
7185
2212
17770
7257
2904
15546
9095
10290
18448
15640
17089
18660
369
10382
7005
14558
15828
10648
14281
18599
15837
11609
19996
7734
10424
10985
7084
9359
3190
115
8661
7004
16251
17404
6306
12204
7498
5414
17333
17822
11088
3390
17982
7762
13534
130
6895
15885
4599
19159
18236
19360
4436
16111
16542
7342
1731
2766
11044
6093
2004
14618
13970
14827
2949
3283
3684
2445
2537
10392
17819
19874
10273
4586
19488
11048
12869
6725
19600
11762
2014
18804
7818
1126
15880
8556
19506
11285
3220
7369
1298
97
12540
15245
15154
6321
8312
7876
4481
18686
3411
8369
10438
3779
8821
6545
8020
2310
8489
2405
14805
5712
19423
11039
10216
19406
19308
7537
4740
17515
10633
2740
14389
6469
9553
16252
10639
8848
15655
417
1074
16435
14680
11311
2750
10011
4857
16277
1320
2982
2394
10148
7791
8976
16750
12796
16754
5263
6887
9856
9520
11421
11344
14394
13521
11526
7418
9450
16414
3582
1542
1413
19196
10954
15272
9891
1380
9247
8862
17333
18696
12487
17304
16614
16147
199
5949
3842
3650
5740
8584
6481
12395
3317
3220
8266
11735
13167
11284
19847
16587
13247
12489
4696
9760
16642
4969
10897
5022
13783
7877
12967
14645
13356
11791
11044
7016
16276
4905
4862
11191
13190
6082
5343
9049
17672
10538
10996
11199
2664
17868
4373
15599
18322
10491
6873
378
3901
9282
10127
7654
17681
19420
8541
15274
779
1482
8689
7255
10936
2990
12066
13296
376
9781
16619
13271
16253
13044
18342
15526
6843
17393
8037
3678
8534
5028
5775
12632
11042
5859
17412
7876
4359
18190
15412
16056
11517
6982
8376
4184
16748
14448
3052
9463
18647
13398
31
19862
8459
10104
16057
14978
2984
6843
11518
3259
10344
3520
18926
3720
15311
17575
2283
2519
83
18010
12375
11960
12898
7745
1936
19873
17425
11206
4617
3209
1959
16723
10264
6202
10425
5202
10872
7820
3512
12250
8277
19362
11838
3633
7938
12921
2996
7807
4786
14984
12079
6562
5545
19901
14978
17036
10981
2748
1362
5438
12517
13142
14263
14318
1692
996
15296
1402
16518
6316
2256
2684
3148
16433
7871
4940
3715
3597
16068
11309
602
2920
7108
18278
9331
888
13120
5362
7030
1118
3846
18328
4873
8507
8421
8442
3207
15189
13717
18342
1513
5663
17095
17138
6473
14818
16735
19683
19087
5268
6081
16526
7025
4168
11424
6017
9112
8010
10413
3988
2730
17013
1847
18179
373
6437
12289
2917
16717
4847
7134
18912
390
18756
11684
1413
4925
9009
13155
17095
16501
11124
3462
7801
4290
6553
17771
12704
6724
2639
9955
9066
1755
11614
9267
7768
17174
5581
10678
4887
15183
13813
11760
10246
1214
17181
13856
14740
2868
19289
14298
11631
5518
13715
5545
7165
6627
17059
4953
1703
19330
18516
1930
6011
18339
18658
5890
13888
2688
19970
15514
15559
17330
441
14817
15881
1881
9962
16865
1228
2844
11851
1117
8561
12132
5409
4272
20
16740
19169
8416
6941
2112
13232
16547
5611
17561
12061
2287
5945
3891
13650
15108
12446
3258
4735
19111
12762
4582
15812
6560
6512
1709
18136
6177
6308
15891
11441
18795
16700
12282
17514
10121
10857
1202
6930
12624
6834
6780
14449
7610
3158
13543
5217
1691
3574
3225
14026
14627
292
5574
14166
9442
4392
10247
4285
19633
8435
9541
15073
235
10376
19795
18321
17147
16122
10533
18788
14548
4295
3025
18320
5225
6114
6074
4573
577
5567
6791
1511
5141
1863
14262
8577
12636
13866
14019
4010
6581
3806
5020
5947
18053
19408
2974
9014
13135
13823
17169
392
4444
8038
1027
14682
10362
4752
7997
9370
1594
17179
2874
6702
19463
12448
9337
5757
9780
15010
10571
3865
16434
6956
14727
946
15197
6417
8062
13268
13302
13000
7630
4264
5626
11116
9321
363
7543
12723
19644
5119
5872
257
17762
18789
1553
10552
7213
19483
10936
7878
4975
1363
1224
10985
2880
17557
18411
16313
3376
15651
1070
7002
16899
4404
10806
11792
10187
19739
10867
17857
5446
6201
4072
6244
18866
2654
16481
16118
11940
17211
18419
7015
12564
6899
19304
13615
5145
16865
2770
16785
8516
12666
19071
381
13611
18368
6196
8451
8597
6817
11647
1896
18544
10452
3550
777
13502
17583
3280
8087
3008
8207
1226
13849
10943
13119
1793
16196
14789
17980
3338
10441
7369
4139
12563
5883
14399
180
9495
1146
5866
6887
12324
10073
7380
8528
11923
13199
11372
9214
9105
19377
10770
8944
2456
16611
3199
8220
718
11743
3449
483
7022
7630
5249
14584
12047
15702
8289
13678
18689
19643
19351
4378
2532
17574
17861
9875
12838
2568
641
12891
19255
12276
18441
2968
12056
11301
10259
6992
9085
16802
4037
10784
18191
1759
9289
19273
4287
11642
11040
5615
322
16215
8668
15764
18954
13566
13963
14803
1370
12232
7954
18132
15180
18576
19244
16621
3152
7503
4886
11697
17163
2544
9065
5292
9604
13170
17776
5153
16069
10548
2989
19353
334
13914
1465
18122
19274
8061
15238
9024
18374
13114
8732
17193
3949
13774
13507
18357
8877
17337
5731
10679
16684
1911
1569
6951
9353
7370
4600
17676
18889
19551
7038
11236
9949
17217
18956
4054
4853
7098
9161
15324
3208
11973
15800
7409
10063
9360
14391
16823
8773
726
2242
371
4171
12083
3195
9493
2286
7097
16611
6183
18774
1805
842
15046
8105
1186
14086
13723
12511
11322
3710
19166
17531
6364
17567
6067
18398
12631
11973
17639
312
6654
12569
19805
12415
19629
2283
1583
11523
342
14400
12044
16107
19800
7073
12220
3570
15974
5620
19265
15615
14040
8999
15791
17376
12114
11901
4772
366
15260
8947
1440
5524
14706
1568
10989
19721
10581
15018
5662
8305
1879
11905
10226
12464
13220
18106
7226
18561
14985
6680
9335
16870
14694
10126
9223
19699
8656
1883
3001
15695
56
8920
16207
2385
13688
13662
1205
6200
3042
18823
1924
5265
9067
19284
9579
9387
18733
4820
9172
6523
10099
9367
16079
4620
12502
4254
2088
3092
3883
4816
339
13163
16039
15178
9838
7135
9217
7698
13579
931
5718
16799
13435
13275
15053
4299
12826
11135
15726
4373
2045
2210
13483
8920
677
7455
15719
15597
19552
5149
1362
15087
10172
14810
1898
5967
17081
9226
3810
456
5793
6492
3845
5609
13992
7857
7812
14541
11693
3465
575
5424
10228
12451
9456
14730
14866
3340
13554
8899
9907
6678
19992
19719
8493
16768
12475
13942
19117
14712
14874
2777
1100
8175
19848
17236
10808
9135
651
9367
13403
8920
154
18882
3642
3205
16414
16110
12393
12964
7690
17764
12450
15715
4804
6517
11120
15474
2569
7318
8749
12405
1978
15633
2720
16558
1963
6899
13759
9401
3976
13366
5772
1539
10611
1508
16084
1384
7123
7881
19392
12750
14310
1710
9281
14201
13654
18121
8363
2366
8099
5148
11913
6399
2024
18166
11979
13188
6208
12231
1990
10453
14425
12434
10038
17797
11316
15682
18546
13161
1522
10369
11392
16211
12585
2530
13655
3141
15625
5537
10833
12574
1786
6301
991
18144
2203
7416
5347
5064
503
13296
16390
558
9867
6590
17098
6425
17172
14480
16764
15788
7783
2079
13840
18554
8708
5379
9203
4599
18117
18244
19912
16382
9953
11232
5946
19021
17187
7128
17930
7014
1852
6924
6648
7424
6857
8643
149
8992
844
16230
16069
1438
6576
10921
6222
9977
14469
15477
11432
5477
4890
15463
19876
6052
15002
14333
17031
8055
15170
17388
11162
2053
10902
17838
7826
9789
6333
5778
4639
18582
5591
4158
3113
16893
13282
4154
18546
749
18307
10433
6596
11229
14337
4813
19524
9330
8901
4145
10184
17992
16206
16637
18238
15813
15
2680
6091
4378
1703
17026
2344
4041
16882
19159
4667
16239
4662
7018
6293
7535
17896
7612
18723
8956
13944
16140
18932
9924
8591
16198
18774
4193
11521
11525
12638
1302
451
14075
9488
10016
19955
4489
11594
11021
492
10622
6933
13244
3772
8571
1242
10539
2614
13655
19932
16882
787
7003
11680
5879
15973
15102
10863
15906
19300
7075
3613
6701
2996
14264
3345
19411
8559
15824
7965
15947
5709
14808
5583
4400
3883
9864
9881
4937
15611
18064
955
8462
5197
6803
11177
11664
4402
8075
10816
6121
18998
16890
11717
3106
16892
7235
14859
734
12279
6328
2409
6754
10247
8277
6630
19729
7087
3797
19534
13031
11591
19281
11558
19425
7610
5585
10299
2663
7268
758
7978
5759
11142
6561
2898
10370
469
12451
11061
9989
14215
3117
13887
18464
300
15399
18295
17660
8617
11568
16389
1030
12440
12168
15998
19864
13730
10992
13012
2692
3813
5593
11769
13356
10799
4422
824
4824
8964
12168
1894
18438
17156
10956
5832
13053
3654
579
3269
18168
5104
9599
14171
1770
1694
18752
19086
11905
1168
15327
10505
14998
2114
12509
1251
6489
18915
19640
8739
4551
17661
12506
18309
8035
12440
8162
7665
5296
18689
3274
7798
5040
17828
15826
16367
3876
5352
13617
10618
13752
18649
19542
8181
18180
10706
8473
13940
139
11377
19374
9648
3358
13292
2049
1399
13317
4264
3184
12456
16088
14583
15320
11492
12337
4305
13707
19207
17713
11934
6670
18720
8990
6156
2543
6478
19459
6706
2655
11112
6888
7946
12102
16367
13350
8337
1525
13632
12008
13090
6773
5591
9716
18736
9110
13248
3764
12940
6843
2500
10171
19940
1743
4915
13225
1463
13421
14574
15126
18883
9828
12737
19535
10170
10056
15362
7277
12133
3346
11504
2060
16169
13607
19457
14543
8630
6297
9269
11937
18368
16074
6269
11108
14114
16005
13675
3285
7027
8721
9553
1219
19453
19380
13972
12606
4760
10113
17979
14075
2928
12199
476
3514
17377
14245
5114
13031
6586
4089
2047
13517
16935
7649
7417
17208
12398
3464
9551
1612
10561
18766
6758
5323
2303
10279
16281
17204
8155
2950
6253
9974
8637
9755
7634
4674
16146
12315
9485
9075
811
16041
2123
4358
12423
14697
17341
4882
3871
8596
8016
8638
18702
9737
14086
14232
6880
16696
19413
14109
12369
474
3326
12608
4680
1228
11010
19400
6349
13022
11104
8582
4679
18562
9353
550
13714
1653
10014
13505
19688
7526
13996
4368
3062
9013
5275
8885
8154
19793
5517
12053
7810
11532
6796
6787
13215
6601
1963
13221
10934
5894
14161
7886
8933
14601
8475
8139
17197
5587
15050
11502
19638
16579
5071
18783
15512
389
9320
17541
17030
11144
5659
5143
712
3781
18742
15506
12324
3846
16098
8943
13255
5952
12167
4459
822
19336
12164
5618
3605
16125
17647
10800
2583
17315
4424
10030
6630
19823
17953
9237
6982
9970
14205
8242
11486
4333
2066
11775
2877
4356
2862
8197
14506
2070
7749
7948
15807
19891
7697
162
2338
16236
19213
19840
3407
14149
4448
13238
3990
11588
19245
19526
15994
2794
6144
2591
835
856
3605
3099
18432
4372
14699
7123
18741
9804
16012
13413
10189
10932
10942
3309
11393
17435
694
10777
2398
4553
18698
11625
14402
5445
7031
4215
16846
9309
387
12219
15605
12206
15615
3100
5053
10173
1056
8727
1583
7113
7751
10350
18762
16139
6989
4643
14852
1941
964
7971
7364
6466
19014
19485
12640
17097
13429
9403
14267
17769
3233
11447
7287
9773
9052
13254
14910
12053
8023
2365
7280
6148
8121
12489
14362
759
129
4574
7380
6475
14936
10595
17494
2803
15078
19414
5636
19811
17899
16329
19365
7869
11189
4516
18730
9415
3454
18611
12448
17631
18958
15982
2705
4317
15286
7897
19594
17548
16112
15346
19416
6052
13539
11926
5486
7885
8694
7208
300
11029
12092
10997
7654
16274
6972
11593
7110
9879
7541
10924
13966
10582
18781
9352
17045
2659
4635
1853
7795
16884
10069
19349
9750
4996
6582
1028
14195
1628
4954
14120
12009
13216
10551
11607
14442
12791
379
301
16609
17739
3915
7219
14651
8408
11818
16254
16005
7716
9742
8285
13214
19433
13493
18434
18513
3831
18809
15193
5597
19364
7271
17933
8139
12714
8605
19108
4803
16427
19990
17184
15616
4976
19996
937
19086
10519
6173
6476
13154
19588
7577
11832
8804
11738
15061
12525
12743
11649
17699
1012
13742
19705
7795
2663
1471
8883
4775
18569
13488
7322
19621
9266
16596
16923
14545
692
9331
5563
13378
2940
7628
19999
11428
8350
11923
17878
4004
6994
16646
1980
18869
1987
11198
5028
4716
2633
14020
3255
23
3375
10421
5833
8313
5670
16583
2978
10227
14440
8978
15139
10758
2611
3583
6009
1218
8225
2966
9185
17437
16661
8527
404
11655
18223
5072
18441
11761
1227
13086
11914
3711
16811
13316
16848
827
17300
19211
9149
12090
19468
12010
11887
18092
13427
5230
6527
19503
7156
9205
11539
1780
19580
9521
1768
5426
15167
5869
2308
12547
10436
5449
1549
19367
16650
15535
2054
6138
3192
5878
6914
17521
2848
12154
10706
9574
4713
5884
10362
18650
9552
15163
12564
8219
6721
10037
2915
9929
10248
5230
10068
8390
17350
14617
12681
769
6511
15411
15964
6094
6068
11995
1927
11094
16350
13459
7166
2954
8703
13165
19019
2061
17876
19283
11437
9117
10738
5755
18584
2300
15984
13919
10443
18008
15212
2504
724
9804
11911
18481
15431
6337
19606
4082
14556
2515
3050
19260
11169
6381
13038
4308
4536
18732
10605
4090
8937
4112
16561
4762
4689
11950
12724
19662
8179
10753
2358
18750
14947
17106
4233
45
939
12428
4354
11052
17356
12317
6121
1218
3784
8452
15151
2512
2804
13429
1998
5084
11455
295
11994
13091
18255
12805
17695
19377
16123
903
16786
14896
2443
7248
17824
2889
12849
14661
6571
16593
7611
14650
4584
11063
13395
13713
10378
21
11686
16423
4596
14618
14978
2372
19556
11559
18545
11903
17478
1051
4472
2746
16761
1536
16625
14343
4405
13486
14355
11713
4028
16337
3317
5175
3509
9352
7036
5796
9277
3372
5535
2782
1224
7278
2999
12893
1222
12710
79
172
19554
7725
3225
359
11515
9438
6313
12625
9316
18483
336
18397
9793
16487
13965
9702
10109
19317
12020
13727
5834
18779
13076
17116
14524
15673
7647
5244
4271
8747
15295
16856
2321
15598
6843
19984
16176
3393
883
12849
18096
2316
13789
6313
2961
11903
15502
14252
5674
13200
8678
18757
5351
5416
11892
7912
6612
17401
3658
13075
18765
867
2829
3428
13958
3044
1014
19990
17528
543
2044
5613
2705
1562
11191
1882
3494
7316
15348
3192
2910
17185
6056
1997
3700
14999
14715
6082
2251
16984
9298
8928
8939
12954
3337
670
14010
7346
6152
9067
17876
4471
3063
407
4558
9603
17574
16495
19971
10818
19370
8583
1703
13551
8698
4887
10914
8956
16814
4247
7901
12788
17452
7925
2097
4087
7955
2476
3549
19084
334
11008
11915
15638
18415
232
18136
18261
3358
19340
6208
15158
19046
16306
8243
11611
14538
2086
13717
16963
14554
16687
14998
5784
18956
3226
19277
17389
8676
9317
8050
9956
10324
3362
14714
10828
589
10642
2969
16359
17552
12987
1603
3402
18394
6695
15642
537
4667
9794
10728
16356
13043
19990
15914
7674
2714
12485
19310
2069
3909
14626
350
1092
18421
17976
3850
12553
5242
5904
10846
6969
11924
3057
19991
13039
17794
865
14729
3258
690
454
9900
1305
9545
6575
17870
15923
189
13882
6987
17670
18613
10766
10168
12046
2506
8558
16441
761
18007
10748
13066
2163
11956
14006
9319
18876
18994
2433
6669
8521
14844
5493
159
7933
6809
12806
917
16460
2407
16929
7316
8990
10619
4853
8097
4754
4161
2973
10554
1488
14683
2733
14834
13152
6097
15579
5107
16723
8925
9033
4580
1934
14556
5782
13415
14287
3669
10561
3813
14465
2495
12579
6636
1476
16681
18134
13543
9222
13136
15069
11840
10144
4832
10680
17931
4022
18154
4290
3784
11014
4391
13204
13803
19107
6453
1481
12956
17598
8518
8130
7919
14267
1732
1356
14244
11354
16789
519
12630
5083
19869
12926
17726
14626
232
18832
7269
12803
9924
18479
18159
2472
1371
3369
9656
14123
15454
10938
1777
9130
4194
7795
10024
11704
18177
16307
3083
4128
15043
615
7400
3448
12738
7524
18321
13704
11630
3529
14151
1196
11747
7096
18684
1264
19963
12371
10115
8358
8433
10388
8717
15744
1942
9196
6652
15252
9727
8660
10224
11244
8338
13262
9576
4163
19814
18343
1743
8457
1427
17785
19993
15908
9860
3288
6863
9895
10397
18363
17549
5906
19808
18404
11474
18607
9117
7997
14952
14326
15793
774
3775
1240
13228
11636
10371
14672
7671
19899
4851
11473
12624
9739
12501
5850
8658
5921
3686
12066
14542
19723
878
18557
5849
18917
3766
11376
10417
594
9909
752
11899
4509
10742
11705
7445
3055
15525
6677
7775
19025
11863
12588
19965
15685
5406
10136
19386
14684
7924
556
8748
13980
3240
2124
15380
10067
15346
15216
18318
1513
1863
19061
8557
17576
11440
10191
10229
17066
12082
19712
195
13453
8327
16627
11381
3713
4295
12604
9457
11997
11032
5894
4741
9611
13455
9333
12086
15042
8994
795
12137
1459
9132
4262
9337
2472
18247
14721
12534
17630
12529
14431
9310
4102
18420
668
11684
18120
346
13755
17183
18217
16172
6300
19387
5706
14023
13058
8999
4737
15908
3504
10702
17181
15158
9412
10169
11111
16719
8687
11042
11771
8626
18079
8819
14499
9658
7962
14107
17312
19586
6155
10744
19846
12157
1594
6491
11121
14879
8608
14193
11377
7631
5724
4295
3733
18727
7385
10800
7134
2858
2038
3324
19141
12020
7911
17233
3742
10124
10533
8429
12854
9582
17935
10080
14520
5935
13150
1993
14838
11400
6924
1686
14679
15217
19055
6999
19421
9347
3026
12050
14835
1847
4183
16493
10236
889
18432
15680
12747
4226
19485
11369
9505
1073
13178
284
19371
6516
19442
399
969
18515
14190
2318
13371
5368
7175
5095
11117
12719
356
8328
7302
8085
13575
13948
10211
79
6278
19456
11921
11895
11032
3956
7966
361
5847
2984
6087
6640
15064
12430
19145
4165
14401
17079
16379
18559
1310
8644
1053
10266
5214
7462
9505
11939
5396
7404
19000
7376
10258
7136
10584
4937
6775
13343
16827
10501
8635
9144
18505
3022
366
8113
19410
7910
1560
17098
11252
2495
14387
2248
3614
424
14927
12499
15112
16431
11931
10313
6980
19805
3600
18332
2437
4533
11935
18359
7815
19022
18899
17768
14436
2721
16175
10287
8864
9030
4357
18343
1239
16910
299
6569
18523
9166
6648
15809
5072
17931
761
19695
15007
6369
17642
14007
2381
11757
814
4733
12473
14356
8802
1824
2233
12606
16235
14953
11666
9714
13461
14481
17251
8649
8632
5309
3070
18050
6197
17825
13792
17071
948
10417
9379
3424
345
7906
19149
4114
16743
16513
18652
3109
9099
4668
2951
18617
10575
2886
4631
15291
1105
11501
4707
12620
9058
5874
9183
4836
16379
18469
271
11376
2282
19898
11175
2900
10571
19817
7201
7963
14607
7813
6908
7839
10196
7863
6878
4074
17775
9746
18133
4758
514
986
19325
4000
18316
8456
3097
5534
1309
10316
3521
5361
5619
10371
13775
1501
12581
1686
12437
16072
7122
3347
14651
8977
3436
5734
9686
18192
15370
17961
17979
14083
2297
11908
1491
17680
15307
5361
13980
2860
6831
17070
10434
4271
2685
9483
1771
6561
13024
11728
3920
8102
5917
1362
16863
18215
10573
96
6690
6722
18205
13229
9901
515
4731
9159
17467
1584
4240
1123
16276
12520
8705
3913
7022
16412
7709
1381
8271
15300
12637
8188
14772
14443
9606
1552
3656
19792
3712
15510
8196
638
16076
541
7269
3731
18565
3065
15766
13810
12849
681
3689
1429
1036
7046
19690
3385
8949
5396
9640
9676
11546
6518
7744
12342
1198
2118
6886
17107
12645
15060
8182
16919
5758
18650
10131
11866
5246
14420
5293
6657
9844
3005
10594
2371
12699
9341
14768
11571
17299
16160
6067
17851
6705
18976
7748
10032
4631
6783
13700
8935
13337
8991
2435
12973
3495
3065
7076
10602
9561
14535
19623
6671
10551
9450
16452
3078
5774
3054
4869
16841
6245
16628
10744
12366
151
4936
1700
9963
14219
430
1559
14124
16917
2257
5956
17942
1748
7652
12669
10319
1562
8135
9376
5290
13301
8011
15537
7324
16952
16901
13865
16109
7121
7011
2601
15219
18443
15895
9823
9813
16659
13184
16636
6881
2747
19788
17255
989
5977
16105
6522
16103
9339
13869
9277
599
13531
13432
12818
14564
14294
11963
19836
15416
1776
15809
19359
15329
18169
6362
3335
10129
5487
15424
18467
3167
7779
5728
414
10183
6404
17430
17285
14641
19926
3874
7472
14050
11185
2438
11862
4730
19716
2933
7917
954
7977
13445
10815
13269
11266
15830
1391
9164
11807
6078
19991
7586
16360
10858
13332
4340
11048
13729
10683
7187
18489
3859
12139
4942
3164
2403
11956
8117
3011
17339
8818
3452
8197
15743
10814
6404
5778
15505
11279
3680
2178
18686
14303
1864
18008
5426
7774
16519
2602
4090
6335
16759
2293
1000
14356
11818
10698
8706
6280
615
14972
2388
12681
11385
16515
3680
14072
14370
10245
15758
11047
5145
3722
6648
15075
18718
12410
403
4743
13244
13400
1324
15141
13586
16466
2108
14110
9597
9918
13700
15936
10737
5233
3065
11847
10655
19885
8406
11949
12548
3882
2681
6184
2637
2973
17212
15679
18782
6395
14823
3028
12647
13693
9920
9425
11916
5207
7635
13943
10582
10198
15295
17797
14781
18127
13295
19571
14024
18322
19222
4842
11210
6654
1464
7979
3745
6698
3968
19373
18005
17863
13812
1644
10959
17485
10474
7673
8203
13895
19129
3719
2467
10405
6327
19105
1978
1357
5911
9951
4266
7125
13283
3539
8474
10829
16039
14304
9641
2530
9664
1501
19851
17366
1280
372
857
16720
12960
2142
16113
8126
18312
5085
7267
14518
13212
16280
5722
2277
17337
16821
5177
19765
14651
4689
10002
18540
3030
1604
1046
7867
19871
14689
8257
8558
4847
5959
17140
10143
14636
5201
1009
10669
6512
10739
4204
6238
6749
8700
2654
5404
7843
19887
3517
11916
13212
15227
3482
19921
15963
17845
6279
17644
11783
2879
19486
9146
19686
18823
14432
5169
18395
1707
18362
8313
9033
11715
8990
14136
142
15118
11002
16091
13290
6910
10
14766
16868
17637
13958
12286
13366
7633
7794
5412
15928
3246
18219
7830
3335
12634
4034
9126
17679
12496
9090
18009
4176
18190
17287
7756
8240
927
9856
16805
7919
301
16333
7310
15616
18545
177
18819
8364
16455
19436
10851
12985
2164
9751
7498
8557
15935
13345
6633
2223
843
1986
11035
16851
10452
14573
3953
913
14533
19634
9913
13744
10411
3584
12358
1500
9970
9839
4706
17451
18895
9533
17255
13342
10980
14307
5951
17386
15326
14945
5017
4059
8790
13091
13704
9400
13816
8294
18806
1455
7819
10714
16549
18220
3067
6026
11173
15003
1600
10338
9447
10711
4629
12392
483
10066
14888
19681
3184
10069
15339
3867
14829
15178
16208
1338
18666
18730
17260
13344
12268
17507
1968
2209
11254
1716
3973
19157
661
17595
8403
9177
15156
7852
2879
19
934
19306
17730
19160
11043
9223
14296
4485
11149
17944
6975
14011
3446
5758
5020
14980
2233
9416
13308
14808
3161
19966
8719
9935
18941
18792
1997
13167
3137
19706
10076
6822
10505
17435
6743
10008
17366
3439
4824
12279
7812
16539
6360
16051
16023
16650
2211
10941
1369
13503
7651
5089
5069
14928
10455
6152
18163
2724
182
3304
12049
10747
16748
15536
9705
19437
5368
16844
12792
10768
4360
9942
16252
16916
3610
15113
1493
10979
16566
7147
13331
4788
7523
8945
17196
15847
10646
7345
14157
8144
2051
16995
3084
16053
12782
336
8591
13600
2483
2378
15963
7765
9035
14549
786
4390
8141
9428
13402
1403
3691
3747
4773
7179
774
18418
19515
9898
8004
9836
16417
653
8837
19763
6340
13371
9259
17327
8819
11729
154
16823
16467
3052
7170
2175
13713
2710
5996
3879
10180
18952
12085
953
14157
15851
5860
13971
19541
3025
16798
14765
17260
7490
7396
10291
12211
9661
14937
13358
16428
1471
16142
5461
17265
11328
5250
15386
9385
2991
13518
8501
17505
17057
12013
1899
17924
8667
14255
6072
16301
14670
6444
7055
1685
13969
7889
2174
17686
2255
17072
14129
16986
3453
2023
19443
11880
207
9826
12861
16851
10869
520
9811
10790
18407
14357
201
15568
12149
16220
2975
12977
3523
18535
9632
13834
14451
8000
12418
16181
5982
1257
2676
14468
12271
12961
2843
16390
2743
2646
15980
10901
15931
15859
1380
13960
2694
9164
6672
7149
19469
16527
14276
1573
16727
6733
5613
1125
5064
19246
5552
4764
9689
16831
2132
4252
19709
12899
14035
69
17973
19583
8425
5102
17525
18173
12813
5975
19798
8067
17898
821
12719
9125
338
15062
19467
5854
14943
13725
16167
2033
14954
4092
3529
5764
18960
7706
10965
6444
7221
14068
5610
11230
5395
9270
16999
11596
8526
13989
12908
12771
5641
7741
12587
18078
18138
13245
4575
1937
13546
10933
751
8486
10707
2274
9485
4822
11726
18737
19902
8785
1224
8694
18501
16220
12153
41
15922
9136
18667
7137
16881
1700
4245
6637
15660
16499
398
19242
18213
19089
13689
11410
10352
12769
1897
1977
11115
19817
9606
10958
18431
1532
114
15092
3615
2218
18434
8042
1879
3327
432
14733
17886
18489
12280
140
14053
4495
9968
12394
866
19505
15197
17158
15627
17492
5846
16571
17299
9893
2484
9704
3781
13625
14097
19913
17656
3350
3148
16274
2384
8587
19083
9878
6960
8867
6941
19491
13021
19126
7033
18041
9844
8958
1760
3147
4790
19122
17880
19381
5790
10207
3803
11473
9634
1368
8935
16733
12255
13454
3080
17071
14013
4188
11966
12744
13860
15121
7797
18247
15313
13180
17479
2687
4581
3846
16449
14408
5247
17940
9565
17153
11872
17287
18955
15829
11726
1849
1668
10274
1033
6205
166
16707
5163
14189
19897
4822
10658
11054
9552
14942
709
16473
17582
11121
17599
19973
11961
13912
3657
13028
191
194
19311
8628
3945
18508
1516
7246
4900
13229
4824
18800
11558
17878
2822
9303
3562
17043
12857
10497
2505
14615
15219
12690
12552
3711
12930
13776
15086
5862
7600
17009
8075
1584
17973
15930
12812
11544
6228
2806
3020
5415
18926
9023
14454
2211
13204
11667
14226
15072
3217
1288
16971
10912
7065
19587
7862
12723
3721
16667
5070
16130
4852
3719
13960
767
6153
12176
4731
2963
17507
6769
7876
7319
18623
14979
13558
4040
15746
18243
3200
16351
9151
12863
10216
9906
13830
2984
15203
10494
9533
21
3306
4648
14925
2818
3177
8596
9552
617
1973
18148
805
1477
11115
7497
2306
733
14837
9223
2145
19281
7552
7442
4528
12396
15925
12288
13803
10900
6602
15670
7970
6002
3548
11394
7808
17757
15191
12106
4264
13948
8101
18035
13021
9523
11261
19529
8943
1128
9582
19671
4345
15325
8391
6917
6495
2546
8650
12351
2536
19486
18729
780
767
11619
4078
440
8848
16163
2791
14825
5588
12511
8697
10674
18288
1951
1994
10810
13232
4298
4178
15314
9297
18373
7853
12301
15958
15377
6833
39
5852
7725
12928
2384
19557
14415
2790
2704
7077
8978
8599
8098
2852
11693
7303
18625
1613
4526
2377
6409
18711
11723
18755
19016
1568
11722
5558
5378
2689
16583
16694
12605
16358
4765
5096
10676
1177
18742
17480
18473
18177
14930
16624
17504
9636
10025
12583
11650
4628
4790
19207
7388
12289
17515
19217
7370
15352
11548
6408
11840
16646
8765
17663
12921
12427
3783
3346
6062
15462
4907
14215
1843
15822
5713
17628
16489
7428
13064
12762
18892
5660
10300
18680
8178
3455
11339
17090
2081
9491
10518
10852
15881
5853
2711
17356
2526
7959
10376
11483
3579
14870
15247
5857
14249
16960
12879
18329
16278
7230
5058
19362
424
3711
13874
11711
274
17233
12475
9167
4012
15210
14139
6677
8211
8959
16371
9171
1729
8609
4607
14794
19711
10036
2816
15022
6402
15647
14950
9399
4759
387
4057
7955
19228
15688
17616
18743
12103
12013
19579
2918
1652
3958
6236
217
3231
12281
16803
6576
3068
1594
16416
6181
306
9809
12219
12879
2400
7360
11862
517
10336
12454
15501
16745
10847
10945
16686
17746
3263
11493
19493
15195
1187
1558
2194
14084
9969
18935
5719
17759
10595
16132
2329
16396
18885
10568
15307
800
13553
17573
12365
5857
19424
18991
18642
15915
3020
2081
12308
5683
3564
9857
10736
5495
19447
4641
6686
17271
12875
1401
18683
1809
10029
10059
3228
7152
19113
18587
7866
14279
13616
2827
18728
18618
8300
15380
10535
16370
19280
11679
18789
7440
5935
5224
15519
6615
19442
1841
18266
12215
9029
15529
5595
11246
9059
19895
13536
8606
12068
11420
9785
10664
19170
1425
13451
10104
891
17281
6330
8877
10820
7488
7877
18706
13067
15580
18745
13950
8987
8096
17596
7333
15949
14791
10719
797
18961
8388
5590
13999
10225
7677
18424
13533
9783
10957
2144
7928
17895
14197
4276
16288
16539
18193
10003
1243
899
6052
6561
9966
9358
7925
12423
13528
11873
8143
7119
713
9192
653
5772
4890
18061
2630
14416
19028
14571
17987
9796
5941
2989
3155
1753
2719
15692
9159
14121
18128
5335
1113
16785
14495
7790
14207
14043
8165
7956
13380
844
5402
3054
1175
13849
13273
15323
2253
10595
4902
15881
18476
3610
14903
2582
14472
13812
7236
6054
13083
13660
13545
4180
1183
9854
9752
5520
10879
16494
9731
19432
12074
18641
2220
15765
473
15789
2410
1938
18849
14857
2185
15285
17422
11992
2737
12178
14366
14642
15404
17065
19898
12659
19366
8934
1131
8558
6505
2693
15899
8220
17226
11206
1322
1123
2086
6610
18543
18008
13514
14757
8503
18299
2102
18270
6487
8861
9364
267
13899
1599
5412
10248
9
3038
8213
17206
17380
10089
4795
18252
6145
19445
3307
4781
2166
3677
10762
687
18493
18479
99
9672
10788
17739
14770
1550
6353
112
769
18947
16442
9344
9933
9823
8313
16164
17681
5524
8449
18313
7904
7410
19806
8580
19565
11366
3602
4926
14275
12123
12891
14433
2404
10507
14107
17947
10807
13870
5826
6744
1228
5953
1615
18697
18739
16896
5569
10822
3986
14183
11961
7673
15154
211
6252
13411
3541
18684
19405
7075
11523
1057
108
9612
17279
2569
11404
12992
15691
19145
7217
2150
14038
3097
4583
15679
17872
3034
12397
14180
19650
11003
5650
7169
6538
14479
1192
2475
11785
14452
19592
131
13374
5535
1442
10991
15093
16711
3974
10597
1295
7991
15409
1907
13072
19076
19913
1247
9255
819
4900
10458
493
15505
12410
18201
15189
7915
19650
15383
14310
7614
12499
18721
16402
2670
14787
17662
12823
14881
19285
12192
3929
133
18075
9449
13921
4589
3839
5457
17265
10545
10765
17664
12462
3469
8707
3719
5227
9083
13737
14287
7177
5642
18714
15534
13711
13360
10608
15299
7095
17732
6115
9667
15675
4553
1823
19176
3442
10137
3633
14592
66
2987
12769
2478
4990
12625
14382
18285
13218
5869
10192
3208
8131
19061
3267
2862
4066
5177
1424
5682
7311
9687
14619
1965
12747
6343
3117
2072
15926
5334
15596
8550
8131
7918
16651
6990
2556
11361
13170
18028
6210
13172
520
8422
7440
2429
10454
12172
3827
6952
12480
15979
1800
7650
2529
7417
15658
15797
9353
9231
14323
7339
14660
16186
4009
4506
2909
3796
6053
4890
13446
14790
4435
15504
14426
15208
7443
4906
8125
7234
6131
15856
5436
18770
16811
14642
7915
9962
18468
2601
8292
17052
3622
3886
18229
16868
7862
6012
5012
15250
11323
2070
11472
10090
19989
9562
17952
19727
4436
12618
8669
5177
2119
8814
747
10466
9981
5724
14536
13994
16923
12758
11027
10004
506
7814
9714
8910
13977
6144
17564
7745
10507
1565
2794
6882
19568
7910
17219
2823
16225
15047
2056
5415
11968
5072
10816
9820
18594
4832
5367
18384
500
13464
1550
6604
15005
10968
15195
2238
10297
6551
11657
10726
10980
14284
14666
13056
1394
2809
16660
9585
13790
16620
9786
1385
7499
15675
603
19822
16267
991
1913
8755
19893
18535
14693
8423
1937
4811
3956
1485
17960
8612
12712
4137
19739
10220
16653
5572
15619
2344
6710
10839
1435
11081
13801
16190
1396
18902
1667
11237
13900
12185
7414
8690
16884
10709
19694
1623
673
10473
14437
9
1117
5221
1671
12290
12189
11627
707
14077
17988
5694
18272
3112
6824
17271
16160
4871
5238
6756
10558
16050
8056
10391
16875
4007
7405
2824
13915
19546
13850
14335
3955
3362
10405
3453
12948
6363
13418
9172
15138
14480
9460
1232
7281
18685
19802
1787
1563
5437
1705
2489
13875
98
3480
8813
12684
4954
14401
15018
8084
18367
19190
16053
9543
13911
13562
3835
15341
6003
3869
12035
17049
10042
12474
14631
16278
3925
12384
9984
19513
9485
1204
4741
3491
10870
1537
13362
4634
9974
18544
13600
3488
9975
1817
5151
1283
5769
9080
4635
967
15334
15897
1692
6656
4525
2013
11691
13302
8197
16226
7841
14117
18462
19041
4939
18827
17127
12456
2314
6658
3751
10819
13982
3842
1056
5556
16966
5626
2402
9064
7721
14597
2232
18999
7767
7374
16550
17181
40
17572
402
14554
10853
331
10782
12485
17692
16684
13984
8112
11422
1093
1501
6908
17209
5509
2351
13199
1361
6363
6639
4964
18419
2888
12116
6536
16072
14376
9423
8421
8681
1410
2771
16679
435
14758
11471
1229
5756
19925
19047
14099
4693
4883
8077
15156
13258
1730
2324
12185
1650
10682
18619
7617
1613
18012
18904
8850
2886
922
12076
9094
3478
195
19409
9168
14045
17131
13035
2044
976
15624
16202
17684
13880
5522
3524
12889
213
1189
11513
19941
1770
5237
533
4737
7759
10784
17402
9024
14091
6739
13480
8105
11907
11834
9641
9838
17312
12648
13260
16126
15118
6195
19275
6756
184
18398
12221
4147
10449
5581
13512
18577
7429
2673
10335
14449
2135
9469
8040
19116
3451
6071
2258
5020
13557
19849
19032
6818
2189
474
3927
14842
10153
1937
19057
3483
263
16387
18350
3299
18804
9435
13622
12187
18512
7087
10799
18124
11082
440
5654
3390
15985
15899
11251
845
8611
12622
13196
1359
2216
2654
10669
2526
9113
19086
18304
5160
1451
5253
668
4993
4454
16663
9963
9647
18053
5140
10157
18255
3687
277
4484
14551
7843
14613
10250
18580
16972
5832
408
19010
18003
12818
554
8417
18610
19709
8964
18807
13553
15709
7806
18836
9084
7737
12551
11870
301
8855
3916
16986
10807
9808
15490
16513
4590
8301
19452
13105
17128
14884
15830
18244
19230
2437
6591
14150
18202
4893
12560
405
996
13533
18459
2548
15931
10280
3675
13782
6369
3898
10558
18978
5410
313
7894
11024
1745
14689
17673
5771
16146
16540
10373
7264
6384
2998
10095
14725
15788
13223
17215
15993
11821
3317
12704
17895
15075
9474
10460
15152
6721
10112
7404
6784
19540
12367
6349
14146
10266
10209
16387
12897
15959
14736
11579
19750
4041
2190
19560
6778
18758
17484
1015
13233
2761
11991
14679
2141
16433
9785
14018
14040
9766
12832
6266
16396
18193
14307
17177
12999
3402
12716
12966
19012
4214
9619
19858
16342
6448
7441
244
17190
12821
88
2536
9436
1533
13402
18228
18276
17681
7524
15323
9775
9126
12627
6098
1868
5865
14807
18311
8042
5912
6222
6704
15479
15165
19625
8726
16629
18057
7130
7032
19989
5468
10251
12618
3941
3040
13359
4565
3882
11234
10451
1989
3840
4831
14658
3739
9045
9342
15986
12062
19217
6135
13934
19838
3256
12016
8473
16647
19620
1181
7847
6247
16597
6760
16667
11395
5025
9703
10434
9453
8373
17485
2113
352
2860
587
6173
1494
7517
9286
14658
406
19464
7188
9847
8634
3068
2704
15627
4116
7366
759
19380
1844
10514
9249
4673
8182
2349
8551
15907
11054
15043
5622
7184
328
9668
356
10083
9302
8380
10369
12034
6580
18341
1708
3187
10756
10905
10536
18745
13160
11094
54
10414
754
16351
12543
19989
9032
2247
5823
5672
1645
5463
9630
8103
15398
12731
164
5046
9671
8802
2661
12936
1394
14131
12549
17233
6424
14870
12255
15623
8948
15635
17571
13080
12985
34
8778
6986
17777
8194
9293
11920
5697
13610
17766
995
2050
6894
19127
14922
13018
4779
3841
9201
490
9090
18114
15082
1933
4514
7967
1923
5141
9642
16308
9109
2078
100
10075
4721
8037
3861
17917
5105
576
5648
12989
12830
15159
1643
6427
12914
3069
6316
2110
16456
13469
18824
5185
1094
6533
6055
15587
12080
14457
19716
3579
3546
17855
18998
8092
18688
19641
6376
14374
4078
3820
19898
17993
16729
18083
1295
14085
16764
9424
10234
18641
14897
808
18517
4228
9679
5399
14590
9390
8947
15112
3616
16325
1495
19195
9830
17599
8175
15611
16123
3224
19754
12549
2713
3250
2410
10556
8419
16048
18228
11256
10741
15619
8651
18169
10085
19245
10891
11175
5656
5971
15009
8297
5933
223
10652
15608
14970
15363
11260
1727
15796
13697
19182
13635
11657
1729
6365
8177
10417
4592
6616
6729
1298
268
7968
2211
19911
2306
8919
14301
3574
4039
7253
17142
12187
16795
3558
14276
4100
10187
1155
8026
8149
8271
1079
8303
18777
5768
4903
10686
4481
13471
17325
6859
15308
8610
17911
3528
16896
8803
15776
9022
8489
19574
2108
19538
17505
19111
8928
3700
10424
17723
19796
17934
10574
9238
18705
16478
2425
9477
4455
2315
3848
14833
18912
1189
1739
15585
19172
15522
2562
9837
6365
8877
14502
11569
4344
19775
13978
2105
8898
609
17237
10537
16479
12638
16504
17298
931
10076
11448
4051
57
10616
13177
1618
18889
8840
15795
5181
14363
7709
11674
2569
12393
4380
191
12768
630
10759
19034
1478
14761
15560
299
9114
6033
7599
5500
16231
1884
14813
11595
9176
16927
833
11011
15113
8635
19598
13490
4485
13598
4210
804
13048
16254
19888
3417
9591
10162
11377
11352
2815
7806
5498
2741
20
363
14984
4194
3968
11321
9564
6077
9394
8993
11721
18928
8740
9417
12213
407
9101
19360
12566
18484
8060
10287
14362
5390
16447
12136
15369
10120
13450
10920
4089
12728
19360
6497
18681
4643
4379
10432
4887
592
19075
1369
1617
8050
6559
19276
17868
16410
16373
14951
1023
3313
15173
7964
8316
11329
6864
9913
17040
3505
18000
2731
3706
12621
5145
19637
18080
5400
15032
8253
11241
4977
7020
16991
7547
7028
10670
5931
2264
6367
9922
10344
13836
5085
17564
12381
2395
10646
318
4572
4334
2802
9753
488
4488
3329
7915
8906
4480
12162
16435
11101
7684
6965
3759
6059
8820
9328
5608
3154
14956
5949
6924
19549
8970
7631
11205
15443
10356
275
13121
11035
179
14093
11851
12917
6697
12236
19247
9247
5614
17305
13022
8684
12028
3296
3869
1185
7887
3017
8776
6068
18094
5556
14877
14585
3050
8294
6488
11521
19668
2444
19109
8965
10006
19266
16463
8156
6802
4609
16175
12249
9115
6878
15967
6250
14318
4238
18289
14526
9055
15513
8871
9439
372
2764
18151
11451
3949
7133
4597
1191
11115
230
300
236
957
12505
9168
19729
16238
8853
19257
14816
17937
1639
8370
7613
19293
7368
16431
10733
13310
13547
778
14145
8454
12853
8882
18428
17086
9324
9814
2689
17825
15224
9512
13329
8951
17715
3013
3346
4291
11294
17347
11753
17239
19569
1891
1011
15529
17545
6083
15419
9316
1786
3467
11859
19317
19141
17429
17098
2236
18112
12176
13219
14062
7196
19486
2351
5896
11165
18991
19444
8544
466
14860
4148
97
19233
2041
4064
11493
4552
15223
4954
5833
4030
4984
8625
4244
5792
7890
17159
11691
5964
14283
12193
11568
9068
5650
18479
18507
5356
5324
7119
10274
13341
18059
16758
6768
19768
1505
10864
7148
4584
5936
8883
2719
18028
1529
17891
18212
18209
2817
9883
315
13773
16723
15513
11370
3745
10418
510
18043
15035
19886
7571
17691
10623
8243
2543
10110
10123
15421
2624
11591
12444
18444
13408
11046
608
17415
7025
13117
1225
13240
3716
3836
6273
4010
804
7132
3738
3008
6403
8980
1307
6255
9546
15395
2482
12535
2602
9174
6110
6127
6874
8334
11233
7569
10641
1196
9837
13634
8816
3456
8251
11218
4173
4498
8477
4747
19488
18675
16354
10513
17148
6210
14712
509
16843
17873
6676
13363
16756
11179
4688
10946
1835
8158
3032
2297
6395
17217
16884
9358
18291
4836
18496
9453
12169
14881
10769
19284
7956
4690
11501
15996
9911
5301
16536
2650
12649
2329
13916
9894
2839
5148
7324
6976
14397
5495
12876
12413
6347
1436
7306
5505
6558
17051
13245
3491
19410
14264
19982
7638
18870
19049
7788
18975
819
17052
2172
1832
7182
7110
13577
892
10029
8206
6249
17042
164
4405
15939
2698
5554
3468
16096
17179
9441
5388
1313
18091
2844
12929
17844
5476
2559
210
1784
7634
432
13415
16696
12167
5825
13645
13312
13062
10388
12493
10661
19320
1808
10310
9549
13121
8967
18412
19738
1693
19614
7507
4989
19205
17401
11308
8515
8783
3817
11443
2830
5862
17677
16440
2133
4016
18316
13253
5036
13366
16416
11846
6457
11501
16304
15540
4477
11951
14648
19021
14501
1229
35
16626
18446
379
2562
18005
1477
5319
2442
4314
18228
18315
14967
2928
4839
7290
19022
7259
4290
16654
9888
17865
5123
15374
19349
10690
14922
594
13595
19811
11378
9199
11928
10345
4540
16503
3400
250
9887
15041
12142
11785
1785
12022
6451
8977
19979
19895
6941
19106
15745
3989
10400
4684
12839
899
12721
2979
7501
11285
6925
6997
12089
9005
14610
196
392
7908
13583
17656
4181
13153
13323
8147
5148
17786
17402
18833
17523
4023
6016
1742
5531
6355
48
6330
10989
17318
447
15713
2365
12402
2655
1577
5429
17306
11252
9529
10917
13242
7189
11933
15272
6983
1255
4789
3833
17277
16211
15995
2040
8378
6642
17613
2825
5242
7032
8105
2295
16579
17689
18371
2557
1473
7461
17048
5289
558
13950
19546
18678
15945
7745
15580
8290
13450
12481
660
6688
17965
13120
17468
12333
12037
18414
1911
9501
15941
14675
16836
16608
2354
2671
13887
15655
8747
7435
5994
17730
19121
13237
13682
16514
14047
4488
14544
4453
10731
19558
10882
1982
4469
11955
7248
2009
10593
12752
4707
8195
19022
19443
12831
4629
12613
16174
2973
7771
16991
7377
5254
10256
1463
8528
14382
4701
17738
5766
13719
3247
7119
19947
3222
19652
19622
18663
3457
14749
2795
19484
8759
2528
5023
4487
11658
19156
10579
4971
1493
6483
3841
17486
17763
10453
1357
12907
2081
361
15980
11555
18203
18741
12233
12943
10085
18146
4357
15783
4171
3376
6654
3283
15543
7330
19807
319
11156
15730
6875
768
5266
6948
3563
15561
19851
17010
4477
15862
3473
13091
12331
4530
15447
18230
11813
19733
19627
9396
46
11599
13227
7844
12022
17767
10289
7262
18384
1618
13999
11707
7154
5763
1279
4193
16238
2401
12365
11086
7286
16398
9496
13482
11054
18681
5781
12246
17489
8190
11402
14468
11386
1200
12737
6438
7426
10355
17722
3791
3790
12319
2920
9750
11497
12995
16935
18650
7630
4706
15722
6847
15308
14222
4795
3379
4576
6684
19605
3086
7331
6511
9994
6637
10351
2920
6080
9007
2785
16526
6443
8659
6994
16170
465
19556
13367
17232
4516
7693
14566
11444
13843
4903
7567
18386
19241
10106
9500
12837
18651
12791
17298
4867
7336
1324
17101
3873
10518
2890
12400
5437
5316
8311
6987
8686
1568
997
8382
15697
11947
13207
16635
10152
12434
17261
4178
5278
17565
5702
3368
11231
11854
13354
10676
15373
16189
10247
11494
12
13884
5259
16449
707
8436
2894
6533
4264
167
7582
13037
7567
10734
3184
1080
3388
17910
14058
7516
6035
12182
14765
6502
4916
3837
19863
5804
14490
5110
19363
19625
15225
15554
567
19398
6006
4446
13158
16298
9574
13618
4182
15353
14105
6728
4456
18127
605
97
12964
11202
14599
1747
328
9109
644
7054
12754
1
16838
11926
15552
6556
13116
18658
600
19066
110
9884
10037
13237
14629
18406
5014
7120
714
17967
11328
12369
18784
5235
7952
132
9698
6093
6883
4514
15794
12393
448
5901
10006
17739
4101
5476
10246
6900
14363
14898
19908
7482
13967
3717
6118
14856
7547
7261
3060
15920
6761
4229
13952
4888
5318
17194
19099
1143
15966
4365
10862
9150
13441
18497
912
17916
11540
19177
7398
12094
11743
8110
3605
4541
15477
17042
4913
3773
9830
16038
6846
12250
12986
5664
6772
17058
3742
9296
501
15212
3300
7015
10827
2887
3578
923
4046
19607
8886
9058
2877
16246
14138
19379
7552
14238
5031
18364
11829
18981
531
114
14565
11287
17002
13736
13948
7500
12685
9720
1146
4005
3649
11227
18157
9690
19523
2754
1542
4603
8975
1798
13845
18739
13229
12599
6505
16958
16517
6946
2069
11790
874
14726
16504
18728
694
4422
17565
11875
8580
9966
15
2390
5340
5912
10756
18100
15473
1717
18614
1444
4519
19986
8609
7214
11971
6340
16901
9988
3016
16305
3276
18073
15185
17370
17384
643
11440
19968
19951
16268
6451
15196
1417
13793
11176
3133
2390
15850
358
9106
13914
13903
10181
9270
876
2929
7316
669
2031
18480
7692
6535
17452
7031
1165
5965
1926
7246
11332
5727
5682
11240
2941
16415
6544
8156
6575
5802
5467
6473
15903
8192
2795
16328
16751
6870
19166
1408
4584
19244
3673
18246
5787
10166
8646
14911
9933
3727
16645
4628
18115
13539
14652
6401
17704
17851
15071
8451
12055
8455
8382
15853
15805
12755
68
8612
18994
17102
19350
14940
17379
620
11787
60
6658
16393
2170
11821
5551
5286
7624
7850
19561
8110
9481
17553
10631
7030
7359
14803
4856
4252
14891
15456
11410
12710
7947
12457
11926
16769
11999
11314
791
8256
13714
2544
8317
6438
2945
19759
639
16247
17663
16674
4688
1634
3572
2273
737
11725
19697
10336
6160
12785
3082
19045
10791
8945
7735
17257
16230
13487
12981
13170
53
12030
14223
19228
8137
3830
5107
4389
5443
7220
17394
1268
14818
4728
176
19685
3424
19757
1603
4770
8796
13226
5231
6017
3121
5754
3294
17593
14557
13919
128
14431
17820
11885
17934
4421
1019
12841
19645
397
1100
18141
2545
67
13761
16068
12071
1804
887
19321
5449
9803
14961
4212
17474
18331
16465
19522
4921
4431
15682
13099
8039
6092
9971
3873
1719
6078
2385
2098
5659
3352
265
2298
10302
17594
8385
5512
15728
19302
6710
13736
5496
16043
6914
13863
6975
16567
10878
14907
5764
19965
9161
12227
5449
9815
9992
17155
19120
4976
3855
6179
17768
11630
17324
4733
2341
14457
16647
6853
5085
19639
18292
6884
17257
2461
14395
4246
6614
13252
9318
6196
2883
16309
12381
8930
11364
12360
15156
7608
15659
4988
3392
18745
17705
15607
12699
3074
7362
9759
6063
10691
10198
8790
3204
2747
8920
11780
13608
17742
10404
3473
4911
18227
9394
7868
15637
803
8091
1296
13082
10977
12401
4438
9000
11833
9092
5604
16104
17897
16243
4904
8307
13588
16766
1217
15105
3146
1851
9345
10576
17491
6806
7776
19223
11402
9623
17053
6777
4417
18295
742
1238
19243
11241
722
11914
19767
6485
1835
10987
12900
379
4165
660
18722
17093
6021
15089
1518
15059
2682
2372
14830
3075
9037
3205
5813
2857
13251
19641
5810
1711
136
10064
18273
3218
8513
9259
6316
19024
3109
10092
15574
5836
11026
11073
4064
15333
14125
15033
6382
4521
13903
15394
17969
1948
1176
13620
15643
8759
11044
11102
7066
3716
13426
10653
14837
17744
4266
2532
10261
3086
14800
8914
17549
18145
13398
5011
1749
18368
12899
10754
15154
7065
18525
3930
8344
17383
13031
3276
167
7011
4611
14265
18861
14036
5041
1461
16610
6326
2051
12784
4321
17367
9250
4042
4855
11195
9278
9260
14676
11842
16659
16731
15162
15559
2833
2620
16139
19696
15292
5146
3134
9070
15055
13138
10049
17335
4767
18265
9323
15728
8471
19435
13185
1349
2582
248
2962
3251
6446
8284
19408
17659
14501
4985
1061
4189
19508
12039
5821
9008
10041
19161
13072
3299
5523
18453
18113
5877
4285
11517
12713
1433
10395
16284
12564
1038
13436
5556
2494
5458
1548
7916
4259
7659
13827
14039
1294
18851
7495
15319
13465
14422
11222
3132
335
11895
12062
19302
2518
19783
17415
10894
3563
11337
359
10969
7204
9674
19602
1114
7722
11648
17503
1941
16529
1351
12476
1634
14763
9303
2933
19116
15457
16799
10578
247
3917
17517
18744
3146
12298
14605
8362
17131
8161
15173
4987
11509
13853
13830
7211
16730
8261
1525
19190
19482
18207
8513
6980
15907
19354
16342
2309
6921
13465
13632
5147
2180
18402
4855
211
9143
3640
5153
158
17221
12559
4785
1693
8000
16469
10410
18948
4723
3797
13002
15257
15158
2871
17340
11034
1666
11736
3621
11280
6339
5595
6063
5118
2783
8550
4495
9141
4595
7869
2667
14835
1872
525
10385
19204
11359
14915
14251
11948
12535
3273
7230
1867
13821
17071
10467
12563
3703
15230
15191
2285
2501
6043
17254
15519
3507
10860
12198
11233
19951
14059
742
1209
89
7392
18247
13528
13974
14449
11646
5335
9834
18059
18786
11378
13928
1825
10406
15924
12840
8518
5637
3420
10900
3479
19338
16378
4006
15635
11422
6987
3999
18741
10330
18495
10162
17743
10126
16408
16854
13687
5949
18924
6030
19009
17635
8085
8667
8636
9915
7160
8492
6454
2916
9300
13196
7144
18360
13303
9106
13118
8620
7957
19734
15913
1949
6471
1095
317
4629
13743
1594
17865
17926
2769
9747
15870
18337
16231
11016
10613
8575
17003
10219
10854
2525
11135
2402
14632
6550
5935
9053
4317
19578
5505
4706
4795
5191
5937
9154
6263
14663
12657
1869
6793
5990
1621
11808
16428
7161
376
11541
5451
11051
4680
17889
12096
2242
12291
6262
8185
7982
19102
419
3843
1110
8377
235
12707
10654
1420
7438
19545
4781
814
5206
12346
2136
453
19466
10337
956
14407
10512
16310
6400
18668
11998
717
16296
6153
10130
9062
11888
1007
15180
8119
19584
749
10638
16467
7035
8746
2838
19959
19150
18166
7966
10482
4458
12214
3566
11373
64
18092
11832
19135
5586
19621
19878
15038
9834
8576
3225
1415
12190
4557
19298
723
11733
17962
10282
11076
12736
14102
1765
3153
13525
1858
16474
7014
1914
12200
101
18195
2302
9191
3240
14256
13257
15305
10546
14769
18330
6202
11748
15469
8170
11510
4324
4645
14516
2478
1046
10666
10626
2931
10153
12145
915
12937
2921
7610
17792
8686
17407
6771
12451
13033
5454
17892
14168
6845
12111
7376
11448
11676
2750
1326
17639
16128
10763
10574
18126
13439
4540
18312
3990
599
15309
1741
285
4635
8621
11167
14230
4220
13162
13312
18795
17301
4148
13036
9779
6279
18258
2270
835
4377
14629
10765
12006
5124
15586
16561
4089
4296
19665
12064
995
13642
11277
1159
17062
728
18653
10467
12372
16753
13564
859
18863
14286
7889
18453
9647
9535
7726
15331
3399
10592
898
10168
5840
8198
2796
16540
2552
7322
10278
13899
11908
13329
7901
13773
19792
15308
18353
6004
3119
9046
6320
9793
12304
14001
8070
9656
5898
16349
2460
11063
19841
4427
17416
12980
7159
3448
5537
12292
11199
10008
18532
5713
15008
14638
15438
16529
4023
13313
10268
1849
11599
18216
9822
14647
4930
10601
4587
928
10800
1098
15371
3266
15033
8350
2493
2873
11341
6456
15075
16987
3399
16082
8393
14040
11109
3553
9138
10399
18622
1353
14765
7700
4628
8986
1219
19981
9654
16120
18658
13623
19609
1229
1312
8558
12003
14989
18655
8119
8293
17379
8628
17810
11195
7482
16673
10379
16085
18851
10589
4922
16781
12444
9220
6551
5481
3609
158
3497
9477
14732
2201
6877
15089
6116
235
2657
10135
12550
13718
654
11902
15710
13723
13467
11451
3101
8721
1777
11192
9646
12915
8759
1558
19701
6067
9497
14283
14534
211
123
9479
18045
9015
18262
13600
15819
14463
6997
10498
18910
10071
2373
16795
17252
18801
9287
16556
8611
8546
19325
14909
19391
6791
18861
5121
17116
7210
3693
6766
18641
10895
11192
13250
6416
18874
17033
6420
7483
8699
6708
15982
10693
4930
215
8433
11866
18677
13095
1641
9699
8915
19707
7723
16496
19477
3801
16309
15435
17960
9821
9923
15034
17083
12501
6357
14589
12214
16220
5823
19740
14163
6632
1733
17931
1548
12144
16073
1635
11667
11183
12611
3505
2305
1530
19318
15426
18081
18451
10267
11287
10643
7248
2581
6062
1082
17284
10555
4869
935
9873
11522
15989
3252
10355
10984
7588
6118
11847
9270
19712
7200
18452
13962
14498
9040
10987
15507
6194
14028
19457
12219
17666
18189
14555
18206
9848
9187
9770
16403
18694
19735
5236
117
13367
14754
8432
10619
14683
8514
9971
12880
4294
16091
7675
11621
7877
4615
1297
14493
1702
7601
8668
12626
14038
144
12439
9610
6880
9107
3661
6363
4984
15672
8665
19227
972
3056
7030
10352
19891
992
5515
4221
3861
4180
7196
16958
5498
17083
19373
11650
10045
19338
8129
19295
3073
11111
2828
14846
9009
1143
1767
1696
10102
10732
5381
18796
197
15149
19161
6322
9871
18567
12364
19543
5804
8058
9203
4974
17464
2717
5115
4913
10168
3135
792
13703
3003
6081
17994
6465
2522
18578
8045
2234
19183
12237
4730
19663
16750
6625
10306
12442
11407
13115
13521
4731
8825
11226
12903
19939
6193
18056
12010
17202
16174
18430
15058
13134
18515
8473
3982
1429
18015
8739
11233
6375
8033
9421
2613
2148
13862
12378
4157
16035
16579
15305
19141
1458
10450
16490
16326
3711
598
8055
7554
17599
6392
15868
5714
19297
11310
15099
16088
6524
18577
5190
10694
17835
9426
2914
4523
6879
2317
12373
11129
18952
18638
16010
18042
12707
16673
7057
2899
3495
1545
15147
11187
19493
9145
7393
5726
10397
4632
6613
2806
14525
5882
11375
7086
7103
6285
18656
17953
17052
10876
12660
103
15271
3940
11117
19586
2571
6610
15755
18262
17353
6993
4974
9205
12043
10404
8460
8210
294
3279
15070
6393
10234
4422
8074
15797
4038
3854
15490
10411
2424
11395
12616
17969
10713
6024
6514
17774
19321
15999
3404
5059
1300
18358
2618
18594
9224
19788
16822
1132
6175
10629
1569
18753
16173
17146
19902
15966
4382
10287
3892
13339
1
11620
7917
10313
16772
2715
1965
14466
9708
15845
10058
3678
17189
1764
9987
4531
10560
13009
1461
2554
13745
5579
9233
16582
19635
5058
15501
340
8310
18155
9412
19687
4938
6746
969
11724
9823
5034
17374
13949
6207
2699
4441
19376
12822
15416
6092
18829
9776
3722
906
5992
7262
5635
11449
14712
1637
4701
5664
14458
13272
888
16046
14175
2247
5188
16166
19326
12563
2292
3000
497
12478
17041
16787
2605
16889
13813
7747
16241
13416
19375
1650
5229
1133
4094
7614
9153
14305
17471
18157
12486
10772
17829
14460
1141
8527
19476
3100
401
8275
7557
4576
6865
6965
18389
3076
1700
10523
4900
6651
3501
17008
9470
14028
17563
12195
10697
1351
18883
19588
2398
4510
6115
2420
9648
11604
15404
9386
10400
17899
19902
3860
10939
14475
16678
15445
4678
11582
15467
15908
243
9910
13071
8743
19766
15236
12361
2438
10392
2020
9848
431
7830
18413
11341
2037
12264
13559
4362
18214
264
6487
4156
19
12656
19669
16962
457
18505
4749
3338
440
8010
1170
15134
15765
6420
16078
6520
16000
13677
10665
12512
4
2490
17787
2058
13712
1151
11271
13344
11443
5871
5592
13232
5348
12040
7449
18783
14408
8824
5008
1449
3083
6458
13323
15960
11899
10702
17266
11455
15994
11849
6899
10492
1275
3936
15245
7825
15796
5584
9528
9880
5638
7671
1821
6310
17173
19442
14997
4336
1914
17320
5402
5706
12844
14024
12431
13494
8469
17394
2042
5713
17442
10226
19338
577
2691
13510
16779
6229
11937
19359
3681
10410
7351
3526
4831
5679
17724
443
15084
13890
15756
6225
16653
7764
15330
1678
8862
3286
16731
1097
12055
11271
6533
2617
4428
10481
5871
4360
17481
1558
15232
12549
9799
8350
13949
16866
1
14034
13235
1770
17253
3773
10748
5565
5619
12105
15202
6553
17937
2850
15652
8543
16966
3252
6653
13763
11631
13229
8232
4509
7487
9825
18753
6820
19704
5286
1661
8879
16660
5767
945
13956
1231
1889
16228
17596
3458
1306
17547
5787
12662
8830
17722
3344
10584
18431
1747
19150
3229
5192
13411
5871
8066
935
1145
7684
8972
17723
19644
13360
9121
227
6624
5136
5162
2925
19358
11078
6839
3486
5782
3674
5341
14211
1206
1858
15635
16439
5395
19231
14079
12261
9647
18531
6039
8851
1928
2105
4517
12916
5382
10459
8825
5463
14716
8614
945
12330
6564
12119
8332
12514
10818
57
9200
10698
16534
6911
12204
3281
18307
16369
19564
2847
19614
15646
4418
13956
7499
16638
13819
13649
8830
6216
8317
15313
4401
6868
1395
13061
2174
13016
12320
14670
10308
10760
18585
513
13837
15996
15812
8865
15520
530
1029
11538
5963
3475
6764
8412
16648
10501
12141
1978
6703
2966
6133
5212
6100
13148
12482
10195
8249
6360
8410
3689
5928
1727
11878
439
6372
8902
15509
4111
632
14289
924
10379
1598
3548
5381
16555
18517
9628
12838
6665
17970
3224
16508
9814
3672
2318
8386
12767
9116
16268
7474
9197
8497
8681
5780
19989
13138
5944
13414
19649
15594
5615
15140
4502
19422
14617
209
15449
4242
2227
7784
9483
7092
6466
18119
1223
2761
5841
11630
9107
9187
16583
632
11749
10223
8756
4823
9231
19777
7699
2825
7539
18932
13907
5481
10489
1113
14412
16981
1243
4736
4228
14880
17507
9665
17299
6849
17975
19793
7542
1027
7802
19653
6800
9212
6519
10016
2207
19637
7746
10590
11982
4387
12270
19598
337
10134
14282
19610
19033
9088
2354
8846
5421
14940
15414
9563
8973
4167
9578
1227
2840
19013
14794
8466
13133
17607
16064
7342
12399
1523
18948
17229
16338
19141
13372
10715
14320
10042
6859
12781
445
514
9582
11008
18345
11546
16081
4893
4991
2641
19941
8940
12406
16244
6621
11729
18582
3213
17682
4565
15782
19679
13150
9614
2135
1254
11311
8652
14902
18751
1623
17699
9841
13264
19638
19612
137
14044
17343
12122
6756
13002
17210
7179
15547
17373
15648
17707
18677
3056
17581
5018
14234
11841
3620
18247
15638
1777
3158
5713
1623
9435
6769
1953
11730
3605
11273
6520
4817
11513
1636
1813
16657
11383
7211
19298
11193
16646
7478
1812
13589
3566
9810
12959
1651
14044
9231
2873
19768
9399
7875
5262
10719
2198
11464
1031
17966
890
11810
3085
7145
9596
8517
5200
4560
12706
1210
13320
16643
5251
14457
7284
12715
14300
14527
13342
14419
5326
8139
2240
3657
4327
7914
15751
1481
16627
435
18259
8286
13732
12151
18486
10964
149
11574
8027
10293
16130
4004
14321
7782
4970
9707
8820
10688
19275
13337
15637
9991
8129
13655
18715
4749
2664
17426
17743
16780
3877
8069
15419
7399
8670
1748
8856
13915
17642
15050
5534
6803
10034
14792
1259
2364
1789
9109
1207
8395
11642
3847
13291
4831
17395
18558
9733
17668
14844
3223
16818
16205
16356
6522
2065
9982
11112
232
17837
18293
15164
3878
18366
16996
3456
1958
15783
1011
7548
12999
9194
6226
13407
9166
5802
3839
12746
6966
17828
6002
999
14752
12511
12040
12735
18689
7865
12981
11735
1194
4158
2698
13933
1154
7386
8411
8937
11741
14706
13596
18050
9398
6243
7635
8295
8420
1621
8597
11857
19552
16539
9331
19617
174
4644
14343
11800
5766
7351
1216
15072
8842
14172
14323
12393
13003
7135
10189
3273
283
6689
18381
15158
7069
13791
15717
9511
1649
9647
19033
8015
1925
17592
12113
7068
10306
3316
7640
18757
16122
4184
13847
987
3532
104
13898
2726
12494
19806
5154
4088
3669
1603
19786
1889
466
16737
15852
9285
3509
13376
19514
1924
10548
19790
16580
8824
17172
5931
5825
5937
14646
16919
12453
8633
1951
18190
12386
18444
7452
18929
6392
18220
7956
2319
18964
16133
15505
703
2566
3518
6472
2669
7849
17302
16158
6219
10533
5456
5973
8770
9936
3872
256
9705
7868
14131
14918
15586
14180
8718
16616
2064
19820
15269
8704
11740
16968
8522
9283
256
14583
13827
14264
19358
13137
9008
3791
10916
10156
12117
19410
7183
19279
16511
15468
13930
17273
13626
16125
5690
8589
19444
14586
10619
19185
6766
1869
13902
9761
15499
5748
6566
7449
8601
12163
8383
4017
12687
2232
1522
6188
3412
13322
14197
3919
7833
12566
2405
2361
8067
14744
19418
5291
19008
6847
16279
8854
7575
5705
9116
3033
11073
5704
3033
18918
10700
14514
5653
9990
19751
8162
2337
19279
19583
10778
16415
11002
8856
7585
7196
17703
14175
5264
4391
1573
5134
817
2850
12846
2579
2911
10557
1083
18664
6034
14868
9951
10392
16526
7780
7374
15839
19270
16981
6844
4321
11871
10766
11770
7492
18040
9791
915
4602
6303
16486
16047
16018
8782
10225
19187
8238
6172
12144
9688
19927
14989
14108
10069
13995
4892
17973
10461
9572
5304
15080
7480
4339
13147
16059
4375
4448
19937
19137
17092
11249
9772
7918
3149
17409
12656
8829
9218
10883
7913
10018
445
8113
2424
4511
821
350
5003
13642
15945
14867
6148
16658
16804
17852
10806
19342
18535
568
16953
15974
15607
11958
4749
4696
6497
5627
17132
9356
8407
6783
10099
19291
19462
17153
3959
15289
16672
411
3769
5433
9853
19325
7781
6032
5127
15640
19862
18486
14631
3110
10172
1179
12955
5135
8363
12118
16416
4399
1464
13507
13899
16413
3586
9183
4676
3778
416
18948
198
7233
15303
16553
363
12536
12458
19821
13543
4434
17957
10937
14214
11530
2604
537
18606
1870
761
1932
969
4500
12801
18142
15749
3666
18727
8649
17393
13730
2171
13235
10386
9412
8705
7734
2880
17449
19765
12971
18113
11574
19608
9983
9374
11286
13406
13610
9453
12688
8362
8497
8444
8689
4378
4909
17717
12924
9229
2782
13870
14726
17810
19622
1057
3376
1070
15656
15816
2615
18884
16528
19911
5066
15741
14509
6732
12978
18933
16820
4587
19542
18570
3355
1464
14632
4868
3495
3203
11174
10439
17448
681
16303
297
19296
2467
2500
18485
2156
4963
1896
10570
1538
4192
12824
2925
8977
14510
9239
15775
5042
17986
7379
9557
18406
3200
3368
7909
14970
6688
17431
14575
1261
12212
16035
16660
17036
5336
9155
3535
3329
12419
14429
13855
18662
1017
13671
3584
3828
14069
4858
19184
8728
7748
9992
17903
7801
4374
15620
13497
15310
14946
1455
16108
19018
14396
1763
5254
3349
11578
19138
13487
6093
3404
647
100
6744
16939
4493
5733
3210
1261
10656
17103
4461
18103
17274
374
15581
10270
19361
19261
5666
13602
10359
8895
3544
7682
3321
15301
11867
13148
528
2195
3791
18690
7912
3521
4210
4385
499
2348
17152
2162
18428
14802
12439
6974
19803
14297
1172
15745
5808
16225
13323
4792
17509
2818
11253
1928
1372
8438
9823
15060
9238
7306
14431
2846
8598
13490
10595
8025
6070
18832
8409
13456
8140
16177
5549
10929
16580
14587
6763
17417
16890
2982
1833
3272
6240
12767
5257
2687
15042
3715
2130
2255
2983
1134
706
17095
8768
8656
2912
1291
5809
12546
16036
6140
6174
15614
7031
12074
14353
19885
7430
10796
10484
788
7962
13682
13576
12267
14249
19900
4946
5138
3845
19193
15594
19472
4571
14064
5511
17396
11441
10059
6513
6841
4500
1690
6522
7106
463
4537
10874
9777
15624
6165
763
8960
6290
11663
15912
14758
5722
14015
10577
5086
10058
17383
8349
14042
4497
9781
17916
11115
18779
16220
6274
13612
13650
12209
14375
14169
15049
9709
3640
3713
13909
16208
8707
14445
4861
7444
17618
17262
6873
10588
4636
7984
18735
15791
1493
2424
2608
7425
15727
12028
6337
2499
17803
9686
14198
14740
13274
1556
15988
1671
18873
3788
8443
2350
5133
19144
5823
16171
7994
11239
14149
223
10950
19960
5035
8814
19465
14118
120
9757
4734
3247
15560
6286
12691
10426
19550
9585
6032
12004
8865
7769
12152
12115
10373
9180
1333
18747
1659
1282
19673
3924
17959
5650
1365
4688
16380
13005
9541
3616
12076
16935
5027
16341
11922
9431
17462
15150
14938
1900
18284
1131
8567
17212
19388
7781
799
12442
13481
12541
13156
16477
7900
5873
13583
14520
4567
5890
17232
10433
10953
16009
11364
10126
7861
11053
5121
6426
1518
3189
5183
13182
8120
17072
19550
347
977
10385
18481
18280
1190
6777
8303
1093
1581
19679
3165
5356
6056
3756
3920
1258
13558
10117
11089
18619
18995
17585
14708
6778
4208
7532
14469
11449
16374
206
17441
16180
12047
13900
11356
10029
16145
18375
12558
2907
9681
19031
1592
8616
10933
13429
14966
5906
10538
9339
12229
17309
12769
16717
10370
18110
7644
17122
17828
15240
8401
15975
295
637
8373
16634
7416
13585
13678
18241
7446
12898
13679
2380
18888
5199
3045
5744
14432
534
4068
15291
14235
16641
13006
17020
3225
10345
16430
11364
11136
19756
593
10115
1447
4390
591
13815
17773
6652
11195
11141
3047
15062
18133
18045
11154
11837
9587
6492
10556
14154
3305
13329
17064
18002
5437
6964
12658
17833
17736
1202
18826
11021
3692
2648
1602
10323
8420
6440
18046
5420
10629
8460
3473
8500
705
8672
9277
13024
17895
16321
8779
10944
9306
12751
4815
4714
16102
14562
5256
3325
8124
18749
18519
5409
16470
875
6356
19142
11248
810
3278
2107
979
9871
16826
11307
1917
16102
18077
2307
9587
19208
17189
5156
5531
13438
6854
436
4757
2102
12586
18703
13160
4973
14631
2308
10699
19247
9511
10872
12540
16688
282
12723
19130
6163
16106
18857
7230
7731
11468
12269
17635
10647
15147
16973
4697
241
16631
1099
6239
7189
10436
5587
10442
5260
18073
3296
8335
9920
944
5099
5298
14906
11424
19139
19831
6511
17248
4752
7456
15305
18915
7385
8633
1081
455
18674
17074
17269
5923
3567
12682
2236
6466
8954
14495
18086
4876
6184
61
10597
10077
19436
8805
15254
1711
5151
18602
19039
17636
15059
18453
7898
9729
17846
4493
19390
7418
1343
10255
2243
6468
7084
3979
13740
7057
5044
13430
2127
5076
11770
2160
6051
10352
12101
10219
12948
381
5664
7537
19066
4722
18282
8805
6603
4141
5633
1463
18158
4459
8936
10861
16303
7162
9133
4709
16018
12703
13509
7908
16328
2649
1383
1903
2096
10041
19593
18706
4309
1696
3132
2040
858
3081
18690
867
6755
11138
18928
7834
724
19536
13256
13400
14066
8569
2219
5081
17701
15318
6538
11282
5000
8742
836
11406
12212
7247
6755
10736
14145
12792
1245
6268
6917
12360
3785
3173
12056
7032
15792
12637
15766
6235
2195
14815
10012
5734
7848
15630
12586
1684
1667
18409
1819
19725
14213
12843
18642
15648
4222
12248
9352
19661
14215
18170
14069
8714
15575
11389
4121
8218
8127
14926
16854
4590
14517
3720
10901
7642
5104
2254
7862
9101
3446
9709
17150
19810
17224
6850
4697
1556
9902
16179
8914
5170
1820
16668
439
2459
995
17243
12726
768
6791
3223
7516
3618
7110
13260
12258
7654
12955
8870
13358
12039
752
6056
12856
5602
12249
14677
18546
1000
16587
15753
11705
17804
3752
2166
3026
9796
6545
13126
7504
3289
19020
16642
5678
15573
10420
3328
9341
14632
3760
9927
6964
6003
9306
18989
2657
11956
16092
6198
5896
16417
11027
9896
5204
4139
13808
9133
13759
3096
14364
13010
6811
10725
8187
10065
11086
1578
12698
13035
10312
14112
12046
9750
3674
15875
1097
3134
12807
5604
8968
17202
12319
17378
1344
13624
12826
15802
107
2509
12534
10696
3723
8909
18027
14362
6212
15215
6000
17063
9418
18479
177
18251
19957
1080
4239
883
17370
8760
7233
14492
14708
15638
19233
11894
3111
12227
8036
2406
19523
16353
10833
4236
6372
8662
7499
7787
903
14280
4060
6306
11113
1832
11836
5103
8858
7426
7247
1244
19843
18304
938
7856
13690
3695
19438
15137
16753
7181
10747
7165
7103
18538
16373
1524
13959
3107
4411
11294
2661
13171
6394
7628
6324
98
11754
6930
10824
2165
4486
3022
11617
16662
11351
9079
15606
14098
12650
13875
9648
13476
3071
12428
1953
3438
868
4906
893
17591
14626
6060
6595
1198
11606
137
18995
9613
4409
10875
11056
11788
9892
893
7321
4397
13252
4016
12520
1235
5527
6183
7476
15519
7980
731
19642
14248
2721
10768
12444
8294
13411
330
1163
3634
1024
1337
9422
8846
11803
7817
2714
18427
2583
1057
13304
1755
9682
17404
141
6839
12655
15584
9731
18602
7801
15132
887
12538
19458
18402
18731
7927
17051
15879
14042
359
9810
18649
15726
6091
11978
11842
7024
19033
10209
11636
2768
14124
7041
6737
18254
15841
18857
4200
17402
18419
8625
10896
1736
14937
48
13872
12720
9468
16405
6226
15438
13090
10276
10917
1279
18941
14309
1062
7002
5979
11789
5232
2653
4990
18141
17210
5992
19513
5500
16862
16554
18646
5765
14913
11142
16372
9243
15609
7048
18945
4496
14089
3193
18491
15775
15099
12597
16511
15233
993
19642
12162
11538
9992
1223
18185
8047
17910
1870
4648
2615
1459
13278
6054
17310
7138
732
7970
4966
14356
17113
3568
2062
8557
16367
2176
7624
1115
9024
11093
18326
15875
17409
18627
4211
4242
19501
9711
16828
14067
8809
7718
5246
7181
5447
17326
6611
3082
13310
8950
9359
1922
10875
15422
8193
19017
14513
18215
15672
4311
12482
11804
4353
741
14129
5751
1780
11001
9080
15360
12497
10140
8751
9540
12567
12700
19036
5177
12842
17147
16645
17714
2488
17983
3976
5811
2944
9980
9960
14309
19454
12674
12944
13772
17996
9266
6697
2448
3364
14522
5460
11891
16023
4130
485
800
6586
6901
18350
12356
13501
1821
19830
4704
10150
17053
7012
5397
364
15022
18339
4180
19316
15144
18006
4893
17999
11114
8042
4377
14683
6865
19780
2019
3431
121
237
10692
16321
2203
10004
7490
9450
13733
19927
5346
6726
7354
7714
8728
9558
1574
4125
9279
6696
14741
18383
5246
12061
2549
19836
18814
14264
6120
8109
12919
16685
12783
5377
8545
16835
11151
3013
4183
15293
8141
2075
15932
7473
16190
1078
19515
11648
5891
7530
12625
6587
14224
19081
10954
15949
17839
11024
13128
14729
338
4862
11112
4880
5292
16535
19094
1770
14407
11356
13628
9600
678
14766
9025
3503
12395
17226
1637
17830
1178
18952
1249
7448
1890
15313
18426
19100
107
5047
12916
4999
2426
19744
15827
10509
8332
3078
8667
2727
7569
5907
15180
1591
5565
2997
15901
18780
9970
7948
1832
10577
13896
18060
18116
12754
11611
14467
17171
711
2067
11186
6127
14056
15263
1398
18181
5063
17653
15854
10513
13940
15855
16806
560
19686
11251
13814
5006
10563
1516
3763
11113
10522
1988
1127
3989
18236
4443
16249
18306
3291
3277
16986
10759
5447
3992
2803
17379
7586
4708
10560
7632
8870
17303
7267
18208
5832
14971
8139
13722
15343
12832
10358
1196
16159
8837
19021
14310
4538
291
13394
10588
1502
14026
15453
12964
13840
6672
8006
17222
14656
5329
8398
1107
2683
7704
19418
15399
3434
15161
7907
12742
1330
18203
4149
5844
4832
6703
9121
6442
3702
1825
12190
12682
5174
17020
15271
12025
4503
12458
8716
15589
14320
7636
11499
10768
5183
19569
5607
15618
6149
14255
580
17386
18965
8140
12059
6306
10960
9545
16308
17763
6776
3341
13011
13099
16913
9040
16414
2710
12418
1032
11164
12585
14821
7711
2139
15437
6152
13658
15458
18682
11533
12987
19454
9572
13345
18075
3197
9290
3063
599
3286
6052
13139
7117
19398
3136
15095
2968
901
8852
3306
9464
4146
11650
15155
17184
8450
3989
14495
8522
4059
19193
2062
153
7881
9289
2050
18077
11052
7029
8213
3498
17117
13851
10542
9865
5946
6163
8526
8101
13454
8332
11532
1958
15062
16777
17859
1084
10194
14735
19951
10991
15919
119
11280
18980
18432
14315
5305
16753
18796
9406
14539
5314
12465
6350
2080
5943
2841
13083
11407
19401
1411
16476
6611
8396
14000
5735
17040
7938
9963
10174
4920
1699
3939
1671
18794
4998
12854
18736
8767
4764
3516
10805
794
6518
10103
15752
7561
6124
4707
18749
19056
11727
4972
18474
18881
19874
3701
11668
19355
799
11959
1430
4838
16608
6156
10035
10868
15035
19395
1649
8874
8709
5572
6788
14275
7919
11688
11268
12270
7573
16259
9076
583
10465
9078
19959
9804
7897
15445
13387
8538
17161
3420
14762
11434
4921
2881
16989
2541
8414
14543
593
17151
19038
3192
430
8447
19852
14690
3975
9344
7418
5908
15219
10579
18057
2227
9319
2922
3404
14457
17890
19579
369
19760
12108
11226
9011
3876
6443
11809
13873
11916
6916
19450
19055
14675
5936
4515
7112
13223
7806
1723
663
6950
16929
17991
19888
486
4281
1026
13081
1385
3393
19482
9153
585
9638
17580
6905
13187
14969
7878
5206
1335
5974
8101
12427
17283
13028
2549
14862
10344
3514
3686
9094
7934
9176
18669
2100
14541
10049
13260
3760
16441
10500
15846
7649
3687
1683
1058
6288
10658
6157
17981
7905
5543
6264
5511
9856
18077
10850
17843
7434
8373
9013
7036
19884
9077
16782
14370
16075
12973
2032
8932
4121
84
4531
4477
14562
2992
8972
5369
7064
13313
4886
10051
13195
16162
4311
7804
5795
16038
6596
4865
8517
4676
11974
7809
6
12782
7991
10664
13271
12369
15671
3504
5924
16201
4553
18374
16363
9809
12756
18348
5403
6873
3670
5472
14677
16600
11417
3656
1756
2015
1498
13374
12666
3773
3849
16035
16031
8186
17974
19249
1653
1334
15864
12854
8242
2257
13431
18980
2597
1327
1796
1125
13632
19471
6185
19693
10320
15848
10217
19209
12972
16776
9519
16730
17946
8119
5569
10167
13196
3565
11713
6900
11332
11543
8399
19203
2333
18546
1681
8771
13023
1774
2422
14979
15955
279
19803
14468
8024
9710
5414
4104
4429
14236
7309
18559
14295
18849
5260
743
2451
17151
5736
14834
9793
7357
14811
12865
15128
10693
6040
10590
5284
15170
18717
15938
2304
1859
12242
3399
18423
12975
3169
19602
4164
9720
2498
15505
3518
1634
11149
7280
14210
7571
9988
19222
5907
8234
19488
7148
7920
15449
6653
8744
12321
17795
15443
11736
576
3129
12712
9267
2262
7677
15440
10060
13771
3238
5197
10058
18391
6723
1252
1058
1628
18065
114
12776
2177
13805
4046
9211
8093
16900
3156
11666
17012
17259
19757
12084
14456
338
19356
15079
6272
10536
7632
13099
8935
5689
11736
1222
7738
2494
14310
13202
17244
8863
7427
9325
7524
18862
1969
17927
8207
10660
17711
16066
318
477
17756
13460
19862
16775
11355
10572
8621
16734
13660
2293
9129
6026
3062
1204
9614
2550
2866
7340
19191
16919
7926
12489
17799
6852
16905
2524
17089
803
4963
14631
10528
12573
1581
1686
16879
9134
13592
19864
14209
9908
3253
14564
19366
12566
4904
414
7569
6237
13817
15376
138
6722
1969
1396
656
10639
12503
18885
17786
16768
3309
9424
7206
2131
4992
6684
4838
10928
1351
7552
4207
3238
15461
13970
2738
12407
4760
3983
7828
5465
16667
6132
8493
3786
14433
2465
14734
19701
12271
4547
9256
15220
18934
7673
10276
4274
13130
7636
7981
1429
18528
8180
6247
11973
16626
7980
4732
969
9912
17036
8168
11116
8397
18102
4296
7199
3659
17579
9773
5080
11537
16669
16952
15109
9496
19326
16546
14078
12476
2072
1494
4868
4139
10311
7076
8559
14658
4096
3417
5448
7618
3747
304
2393
7041
19922
5400
7594
4900
14051
3050
9317
7073
12481
6883
19436
7443
5837
16335
15940
6711
8369
3967
1508
19588
18864
14338
3553
16220
19279
4301
15848
18408
14755
3470
14777
18767
8499
8597
12172
12337
6276
14262
1213
7765
13898
4550
19182
16233
19285
15938
4681
10500
2190
11924
3484
7584
15450
6928
1458
14424
1838
13613
14247
9882
12752
12747
13582
5162
3010
5917
13952
8839
18602
12308
13482
14218
3115
5391
15765
1758
12940
17098
15879
15454
902
4301
9920
11159
15967
15579
5312
11741
18285
8851
13465
14267
9515
12595
16398
3203
1854
10587
3266
1243
9165
11095
7464
7239
14444
1633
15952
831
2090
19901
2149
8247
7654
5278
819
14827
5060
12680
7308
10315
590
1639
6730
9746
16274
16161
5029
8187
3706
14530
5344
10902
15494
7022
11215
14916
4976
855
8429
8098
10128
8993
1613
18997
12534
25
7991
3385
1000
17850
17263
17150
15882
8916
16407
6373
4339
2776
19516
11112
11120
19117
18026
17042
7522
8710
11705
5090
3375
13725
9169
7123
7741
12219
7551
13367
203
19692
11751
11966
11144
19557
19772
14959
4031
12077
989
17993
10176
1520
6505
10401
12057
6254
18102
15836
4707
4276
14176
3580
8253
17776
7988
12212
3720
2356
4652
3440
4839
10497
5708
4306
12881
16281
5571
4669
835
13667
3979
12485
4547
9880
18080
17687
8562
14046
17989
17534
6462
15368
19912
12371
10838
19801
17001
7122
3241
7104
14632
10478
10799
3749
15146
3715
88
5994
4687
10944
5043
9348
9844
7620
399
13074
11973
6850
16998
17806
7810
18883
13086
7070
19112
17875
1902
8925
9073
18250
664
1206
3843
17088
1984
10683
4715
19922
12283
13991
11571
4735
8349
18189
9057
977
14721
15295
17401
5638
9674
7481
14240
8751
11168
16414
12088
19820
5330
14346
12119
1421
18360
12880
3928
2710
15040
13387
7392
9248
10275
19030
212
9952
1462
17512
15659
19237
11874
3330
17133
10388
14168
15508
15319
1167
9957
9715
19903
9371
11605
10885
17148
9459
16575
2481
18221
8006
6609
14996
18943
12582
12828
17439
2405
10240
17498
210
10179
13101
2159
19261
304
770
5601
1468
13691
15278
10582
1982
9347
14137
9352
17390
11653
18840
5852
12541
15916
12732
3590
10497
9597
14653
1025
6557
13678
12551
18286
14128
2360
13841
4385
2756
19965
11620
14513
12387
7978
12394
6608
17478
5962
16326
11108
14678
15785
1333
19225
14213
9202
14619
7221
16271
1440
650
13441
13352
10514
1833
17040
19770
6267
8050
19737
17078
10079
13730
15609
1128
2098
11931
2851
7341
10808
4539
10441
9368
3857
8843
6098
18534
2690
10978
18885
10714
10460
6629
5276
14303
11040
15240
16209
5386
13217
18795
6315
12159
19547
15914
2073
18362
14961
19449
9865
5808
16756
4816
8264
344
7129
5564
19309
11160
1746
4630
16186
254
7459
8191
4894
6684
12775
3152
2531
7436
13470
11673
3788
3853
3168
14074
8627
10956
755
15983
11128
6995
1182
15674
18264
13629
1884
15206
19916
14744
3548
1437
6302
918
10613
17655
14855
13710
1456
901
11386
277
2158
4267
6757
1346
19331
6172
9867
7127
15913
9360
15406
16534
18959
1260
3538
1996
10934
10749
15957
18959
225
10915
9483
1580
13686
4509
19238
5016
10247
19599
14950
14064
12180
12108
15221
8123
17176
2893
11317
12814
16433
11338
16916
5002
6245
4371
16274
6791
2027
16066
12121
12603
12779
6996
10002
17719
9340
13288
9170
5053
461
4507
10522
7468
4867
3098
10458
12604
18637
883
6448
4577
5307
4751
1378
10244
18604
4365
4209
8587
4234
1731
16773
5123
19419
2255
14635
19641
11506
4321
11584
4916
16526
10633
5240
3144
9519
2092
14832
8222
3460
2479
3976
7810
7069
9501
19472
16624
15776
6888
17724
18682
16511
13770
11349
8731
2501
16072
15719
17396
7649
6710
5645
14015
9341
14476
2670
1305
10309
14253
7472
19149
14365
17388
19527
13970
17551
5728
15250
8054
17383
16083
13629
12652
9126
14176
14052
16173
7937
5172
11424
15122
12669
18122
6979
11590
17427
12390
6911
17027
7494
7262
519
9802
9111
4301
8827
17900
14545
8436
6104
1567
13823
449
6095
3989
4710
17857
2640
5498
19674
9408
16462
5069
11492
9870
15938
15976
693
14731
18776
6448
4393
2449
17830
3221
11494
67
6467
7680
2532
7341
6145
19799
8664
5557
18169
4676
17090
15503
19704
5730
13026
5712
9699
16728
11812
16884
15635
251
14876
16699
18974
1151
12506
17125
17470
14497
9682
7693
15011
18777
10632
12264
4962
10763
15853
605
15426
18
19179
14243
5897
1235
15021
7637
12641
7334
1967
2358
18573
13502
3187
11592
13966
5767
17018
882
7663
11232
1277
1523
1671
183
15699
1621
11162
15762
5961
18425
10430
13119
5851
10400
2059
12153
9733
18921
10970
19510
15162
10888
7302
5100
18425
850
3177
4573
13221
17780
3802
5247
7113
16592
929
16784
5641
7476
12445
4305
7412
11794
12576
70
17316
5801
16035
6929
6074
5579
6426
19756
3642
13276
14015
14380
10641
13484
16720
4100
12842
8004
9208
5510
6886
6364
19293
14703
8160
2723
16448
10234
8109
6358
11870
12126
3150
1208
12864
12569
11245
10122
6491
7258
15938
7466
10925
11946
19268
19138
5957
6387
16916
5916
11013
14175
10946
13348
11670
3124
13098
4870
13343
5869
1553
15815
14573
19369
875
14190
7570
2336
9450
2899
6003
17152
5293
19266
7562
6149
16145
7884
12442
19013
8798
4751
13169
18496
5364
11791
13955
15521
18168
16204
2277
5830
12090
3145
11202
17749
18925
19514
12225
5236
11978
12106
69
2416
6018
13349
16792
13370
16543
19620
18248
3300
5027
15626
14194
3525
5757
14902
8069
14181
3284
11880
9693
17173
8106
12143
10541
15529
4543
4960
3151
3029
7568
1985
16096
11144
5023
7105
4046
1946
18322
2265
877
15080
4289
6819
9253
699
19446
11332
18813
15403
15540
16783
18010
14189
14022
5540
9266
18143
1689
16825
5108
16637
10614
15074
8533
7726
4258
569
13391
2157
15851
6779
8853
6411
308
10685
6991
17329
10085
13920
4928
3138
6145
5967
6867
7404
12765
6583
6724
13605
6303
6844
16385
17541
1767
13017
13936
15466
3361
10512
10644
11627
4023
7837
18526
18253
7063
19026
6708
7231
15960
11300
18233
12219
4427
18252
19301
19223
10333
7007
14973
19569
4119
18613
7926
1537
5933
15657
12025
11079
8409
8932
2512
9951
18792
9585
408
10910
15801
3998
9223
11049
18576
12125
14508
6487
19497
15301
17411
6803
9298
16077
19008
8702
6447
14080
7053
16383
15294
16422
7995
7659
6995
8642
5841
3423
2586
13672
6975
2553
7163
1136
6474
7164
13323
13597
16887
6433
3782
18744
7483
15466
4588
11615
6257
15436
16500
10912
11538
1181
9573
9643
6787
13001
19476
19847
6535
12457
12995
277
19372
14424
4340
8221
2115
16212
16943
2229
10270
7800
4860
991
2875
17145
14057
16410
19637
8788
14545
2286
15226
9847
3957
7856
19479
10249
17039
3293
10641
4177
17350
18888
16429
2741
1308
6326
13089
7708
9877
17490
14915
16452
10936
1226
263
19638
1354
8068
18593
4686
996
851
11589
5837
14810
19964
18305
8632
3282
2171
9316
12566
14608
11235
7904
18086
18244
10707
16352
4671
6569
5259
18392
4669
13306
8779
16855
14057
6456
15739
372
18611
10672
6780
1268
5162
4008
14427
13012
6384
19721
1799
10623
2610
8324
19491
11125
18272
8848
16309
4201
14041
3934
8329
18033
278
6526
7281
1101
19401
11568
3180
55
8483
7765
3869
16550
12340
15452
3908
7697
5525
2433
10909
9714
14889
8745
1920
17635
485
7508
13747
19317
9632
4186
16339
12213
13473
16047
3352
8516
71
629
2882
14831
12153
9140
9708
9639
2185
3667
10841
17620
17604
1843
11961
13252
3409
19196
168
14752
5819
12856
18913
15624
8532
10122
14568
12552
8745
16116
4082
18526
9240
16428
13903
11094
18315
801
1311
895
8706
12086
10301
10869
9437
8483
18773
15550
2680
6434
10196
2297
3469
12052
13358
15502
15455
11220
8064
4134
8536
483
1803
19413
19742
10398
8463
9752
17395
18221
4483
14141
305
17524
7537
12970
10219
19695
3627
11798
11278
16357
1088
9448
13556
6664
18200
1305
15834
6334
15521
1287
15410
10563
8748
18659
15574
19619
18211
10661
12870
13769
3423
1339
10821
4277
18372
12692
19504
18217
7271
353
5544
6218
9242
13941
8843
18041
10572
14780
16856
19832
1945
9008
11918
11441
11997
15005
12275
9306
11252
14581
3896
6825
5140
12216
14298
16603
7807
17335
1185
8776
10530
16237
5604
1773
18640
13333
8523
846
6787
15969
15499
13984
6024
5396
5558
19810
11820
19740
17760
11652
4963
1
19780
14081
3515
3672
8590
14313
9507
18470
543
831
12542
3957
2630
8814
12664
8535
10591
238
69
1171
18884
10246
4910
7671
11338
2801
19766
4138
18222
4494
7604
17237
10527
13030
6635
19203
14148
4386
16230
17135
8636
18229
11590
7932
6757
9135
18075
17293
4052
6865
15161
8666
9100
1034
11686
5520
19060
8586
16605
17966
13204
18914
5079
10765
14312
4994
18577
16322
11129
1683
6257
8132
8033
13829
4633
12488
8800
1769
786
10253
5727
5125
3443
12630
8577
4517
16011
5002
1635
9577
19853
13832
1332
7550
10460
2370
15724
15423
16812
14236
4620
19480
14751
1629
7508
2692
10741
12522
7783
10983
15720
4129
3536
3231
17898
13169
18600
2080
4868
16242
15583
15769
10988
19647
3829
10984
6615
12538
14822
12130
15114
19308
5427
9102
2981
13285
9287
5467
17117
1961
17008
9456
3892
4654
8777
13765
16025
16219
18146
2173
56
10395
9510
10896
12879
9911
15459
13913
4758
7090
3210
13824
9915
3851
8241
10746
8642
3954
14750
1072
12338
1107
6689
1491
4697
16881
17961
6555
5365
13703
19446
3070
139
13022
3076
16871
9813
335
8769
2192
1984
7186
18661
12508
19911
13980
9379
4242
18822
4773
1342
8272
2921
4199
9688
6557
18330
15452
16690
12647
2208
9217
10988
13620
5115
19469
19107
10339
9925
9541
3132
3355
10112
6020
11032
18679
1906
651
15511
6700
19407
5862
16491
5974
19400
5198
2232
19531
4447
19974
19008
3028
4444
10451
2958
17308
10397
16086
1248
5373
17671
16874
8162
11575
11094
15334
5618
6341
12691
6997
17317
10415
5922
1535
15389
12801
11699
9743
13107
10443
9331
1153
4097
11457
11010
9729
13503
5500
8130
13114
8038
17462
16614
11119
12026
13160
3648
3168
17292
16384
982
18559
15543
17124
14299
14443
9973
7513
6528
8378
15054
10160
13934
6033
2397
965
11235
6749
12409
9492
14672
17833
10593
16256
3875
7187
581
9744
10429
1636
7841
14956
6520
17904
11846
12896
18967
2721
4818
18827
534
9609
6396
8912
18457
18840
1199
4857
17817
19570
5433
8250
7734
9197
11877
17111
5754
13587
5807
10159
16949
11222
3559
18816
13787
18091
8822
15539
7801
3098
19652
3260
13764
3135
81
396
6949
210
11539
16980
15632
4664
17854
673
2315
11207
13701
8149
7246
4005
12781
18242
19440
11172
18949
12662
253
10260
1839
9870
5237
7391
17389
15584
15740
10303
11652
4682
12377
2693
16489
9598
12707
4297
18599
8498
13981
3111
1936
515
5560
18303
5004
15650
9334
7825
14764
9936
214
12300
14927
4399
17009
9486
18672
16652
12630
8398
10569
4921
19613
12394
13519
13160
4384
3122
9847
6084
8535
4339
18542
19456
2433
4992
4474
7068
18780
16589
11794
7046
12695
14823
8228
4051
4315
11696
903
6521
5632
19873
13137
1979
13639
19535
18335
2967
14013
8454
2505
5179
14483
63
12487
19586
14717
1083
11542
19716
17284
11038
7763
19747
19417
19785
9417
2977
6764
1041
14836
18175
9155
7773
9442
8862
10032
5341
11906
11457
12483
7513
18746
14253
7907
12721
16994
98
4738
2469
542
11642
17127
10130
5926
19146
14938
13324
15063
14616
15747
14147
6660
11778
627
6529
9187
8908
17446
16383
16074
19304
18940
5453
8152
12829
15061
4280
15370
14128
11448
7368
11644
16387
8808
11942
9925
11758
1372
3597
12757
14997
1607
4174
846
4971
1351
9350
18181
14030
4456
15562
2897
14189
18997
12767
6962
4388
2280
2018
6890
11277
17171
5226
15045
8790
18484
12977
15838
15302
4297
1589
14150
1718
3697
3955
19617
4036
17558
8121
12214
14319
12310
2173
15590
17982
10000
9005
17167
14023
1475
1031
12736
10027
18385
9011
7228
3472
18335
14650
12524
1159
8902
14673
14775
11814
4095
19527
13133
18414
16825
8857
3611
3696
16927
19170
8615
10835
706
9973
5980
1515
691
15689
17630
15758
15640
18192
5867
4020
12768
17174
18605
12014
338
11612
10176
11022
17371
11796
3491
3748
19997
18702
18093
5395
5727
6062
12272
7200
16030
1615
14533
13172
15887
5797
7935
14990
9254
2691
4475
19992
11498
75
13503
17488
5823
1956
6129
10645
15848
1265
12087
5135
4825
9867
12499
1661
19997
10420
100
17101
5168
9345
14916
10368
16488
19898
10081
13726
4430
2326
4937
19494
4282
19104
18716
4066
5351
4403
8356
4667
4172
17998
302
1630
6211
11075
10592
15685
16946
18423
19866
15612
6764
15788
11586
2417
15572
16834
3214
3161
13707
10795
11216
13616
8146
18333
8987
11481
2365
7026
4152
15137
8799
17641
11729
9482
7308
8212
12914
2299
1290
9974
10236
12829
8817
7541
9136
6524
15573
4823
19313
7069
16469
5095
10069
11718
9336
12672
8081
4701
1491
4576
17202
10539
4230
3531
19320
2988
4831
13630
8315
3521
18773
13631
5540
18155
8437
7728
14824
11886
9718
1096
15846
5910
15266
12246
4312
19074
7556
7590
12766
5020
19622
3272
19269
18838
6150
18209
6276
14266
3024
18638
18261
19702
4553
11626
6271
9986
5400
2438
5622
14326
7144
17802
19796
3132
8447
3208
2378
17057
10437
7432
19488
3079
16219
55
11945
5502
17777
13881
1457
1364
5579
8670
1282
4422
1399
3747
3128
13831
16908
16538
5259
9888
9484
10113
6482
6014
18940
12726
11074
10063
17110
18307
8882
6813
15069
8307
2090
11093
5646
8940
5139
13826
12956
10705
3388
9610
4373
13058
11314
19787
18523
12853
16084
18765
8887
13368
1313
4571
18516
16379
14282
9533
1741
17344
19976
9759
7215
518
14304
14406
4135
12570
8965
19450
7561
15855
5098
14802
1662
2406
655
14962
1486
5463
6843
8861
3386
8809
7421
16834
11262
16835
13352
14772
674
13051
6218
8690
6905
16748
8049
6515
7087
6804
16331
9305
9423
7330
14113
8705
1066
16243
5539
1426
5196
19308
4000
3102
8500
7919
6003
18133
14234
11654
649
5356
3130
14936
18900
3461
8852
17478
10896
2843
4498
10326
10250
18272
16351
3542
4033
12127
10382
16102
7923
6904
9002
5259
15712
12688
9455
12069
7586
6345
2592
19744
14176
19813
3363
885
17122
1663
4731
14100
17716
13781
4987
545
18375
10737
13289
11338
14304
18819
9860
19252
1360
5180
13002
14032
2156
5722
3378
14756
2124
12739
16811
7142
2977
7659
14071
14809
13718
3577
19200
4577
18117
9860
7153
16492
15723
4115
1475
9851
5218
860
12328
8866
14750
15300
4909
4763
12419
4202
18065
14715
19968
7645
16231
12489
4701
18035
8859
19170
5927
1665
2883
17399
7479
15609
174
19626
10636
12091
9987
5488
13406
11870
2670
3278
19775
7800
9394
5899
901
2467
1270
18345
6014
16966
10361
8392
3964
14200
1209
12345
3486
9278
5703
13340
8086
12255
15260
8459
4395
4528
16524
10377
2949
14917
16895
19062
13258
11545
9982
8431
4190
5057
10013
11297
4058
401
14771
5031
9594
18460
17813
13628
7310
2403
14841
16179
3234
10771
11831
3851
17586
4021
7322
4185
2587
18283
6031
783
19156
6096
6094
15738
18731
2732
14111
15861
11621
17555
13131
18415
1132
16810
12928
8035
7091
13328
7253
14751
19095
11305
6728
14480
6945
17925
39
9263
2266
12234
7478
5070
11192
18786
12752
7824
14591
15429
17509
14416
3059
12595
3583
13197
11308
5008
12033
14184
862
12631
307
19559
10760
12969
9500
15842
16499
9858
18955
5153
4457
19143
16440
17450
874
14546
2950
3927
18126
10627
18731
15915
3108
11807
9911
326
12138
9485
19755
3259
17647
15277
2054
7121
2066
14409
4962
12990
19995
16328
13497
11472
16029
2899
8864
18221
19679
13277
1830
2199
8290
18082
7174
13869
6789
4306
12546
4873
11416
13140
4533
5876
17405
6659
8144
503
16115
18552
9712
13479
19707
14462
15318
19134
17898
4607
18972
3501
12901
19667
15119
9476
826
175
8217
6398
6239
11714
684
3724
19368
3218
6020
2373
3478
16265
10467
9715
6078
14846
14782
8046
675
14265
15133
11185
19537
5418
19260
6405
18802
16883
11036
11695
10244
8576
7473
2773
12441
14044
5170
5104
13945
13256
6951
8029
11048
13867
1984
18067
2
18232
5485
18311
5777
2636
7101
6662
4498
2459
9583
14719
307
19025
15487
4601
10088
10175
8353
7045
2201
19891
5007
8610
17148
18991
9365
1103
18488
9044
8358
8892
3589
165
8008
10562
12145
13458
11906
9234
4590
10536
4288
14316
6273
5644
3818
4407
8082
1881
9169
148
18696
19824
13519
9110
9068
15547
16217
5914
16446
16066
7122
7465
14187
2419
12770
15617
7748
15275
9196
5498
2109
1006
10097
5744
9823
12500
12758
11489
1270
15496
13785
19540
7484
14683
10191
14591
15410
19706
7945
11193
19946
13439
17120
6990
19762
16036
161
3445
729
8059
5670
13416
7969
14116
6432
8403
4912
3835
2059
17992
18370
228
9746
13920
8978
2606
14045
9399
4910
12928
10650
5714
5431
18868
15558
13673
5619
14602
7027
15012
14602
6366
5654
2560
17934
325
17730
4993
15087
9612
17390
4736
2866
17229
6389
549
3648
16579
18633
15071
188
9235
16489
11706
11194
12703
16072
3315
16920
9091
15870
6386
11379
7403
19676
16188
14964
3257
19123
11287
13201
18162
4942
15503
9846
8958
5077
14104
9025
7652
8381
14035
1758
16
12812
14106
8892
5265
17662
8331
4525
12873
13673
4585
10055
13425
6108
845
11918
11765
96
14199
6351
5237
13269
18207
19840
790
6711
14400
13536
16840
2963
6828
9600
19162
8673
878
16575
4724
5415
9468
17270
4277
10581
15495
17305
18481
913
1512
19016
18373
4553
6981
12597
7891
8437
13335
14579
14479
11850
7566
14183
13605
10091
9370
14328
2335
6759
5650
2083
6335
14973
11582
8108
13755
4853
15866
4079
9416
87
1350
4691
10287
16746
9324
14168
12287
12832
19227
19164
16294
16382
3522
7367
16895
5761
5315
17696
1249
6839
13822
19739
17836
4230
2296
3393
113
12493
18004
19484
8768
14664
5950
913
14449
17321
12237
7421
18880
17906
19182
3141
4950
2758
2281
16375
16171
12604
299
2199
1064
298
2378
6422
15625
9147
10778
16391
10529
18630
11554
4629
11305
140
9333
7468
16622
3132
4503
13307
17025
5332
18058
18241
12620
6211
19477
6852
7782
12258
4050
5475
13649
18094
560
11940
16379
16300
13142
7043
13517
8232
2783
2982
1152
10460
7481
19653
3016
5413
12959
17322
6645
193
18862
3292
1199
16934
3311
3580
18106
10910
9106
17165
8446
18553
12866
8902
14900
14508
15391
2677
3899
8333
6762
14598
12741
2911
11461
12855
1078
19896
1375
11773
11600
9307
16401
7118
16215
9093
18055
17039
11348
13457
4872
11748
9302
4676
3166
17539
4
11621
1101
8587
13810
9772
5286
9380
8705
242
13555
8526
3938
5773
17276
3608
13667
12554
17263
18604
15484
8709
16415
1210
13253
9153
4735
13915
10876
16909
18097
19347
3258
7204
1481
4674
761
1143
12630
6493
10586
1454
2779
15720
5245
17765
7506
1995
8724
6190
16816
19398
6335
3710
18541
7502
15762
12561
11254
5931
19501
13071
6990
4495
7839
4045
12630
16388
14782
13211
8903
13974
7317
7627
7910
738
3045
5161
11211
15495
4363
12983
14860
5119
12146
14804
15635
2179
418
14383
15241
246
11823
2718
5578
4903
11670
2791
4811
169
13040
2413
10487
16320
19605
8789
8542
10115
3387
15093
12620
18127
10806
1263
18145
7739
12284
19750
5634
3907
3912
16207
4034
5343
9927
3530
13807
3555
303
19430
10454
14163
16289
18802
9119
14286
1555
4615
1770
18248
18748
5121
3619
14173
17580
16925
10755
16036
11028
9021
17248
6140
7804
12599
16973
1099
2825
3765
9224
10105
19196
969
1364
8811
4230
5158
11425
6371
951
13730
10015
1307
10353
9366
3679
5919
10180
4700
5841
5488
19011
19239
6094
3215
14097
13213
4946
9734
13396
14594
17416
14396
8948
9764
711
659
15921
10487
14048
161
6653
15061
11006
11877
11133
12078
14634
4544
8716
486
14568
19484
8952
12758
7260
8102
10176
7106
15942
997
14094
8686
12195
18628
18547
11769
13214
9322
8000
5399
12168
8908
14120
10850
57
8967
16546
16985
14622
16038
2756
9288
14621
19276
18067
16916
9643
17755
504
18182
5518
2226
13317
4298
14830
17332
1715
13540
550
19204
11670
18173
5229
9556
3628
9616
9638
11126
11656
9922
7429
1461
12486
7321
12920
8828
8289
11509
19567
15375
7786
16860
4293
17385
5853
15499
3259
16972
2030
1951
4589
14906
6122
3521
17775
12016
3870
4380
19414
1417
7067
862
4382
5843
16354
4667
17501
14627
19498
18731
10148
494
1832
17283
18309
1637
11181
18206
14792
5515
4366
2346
9768
19999
6982
12703
11977
14
17674
2563
7057
9378
11424
6035
567
12150
14505
13131
13081
3925
15315
8253
5014
12018
15161
16032
3639
17386
15658
2272
15271
2180
16238
1173
16505
7220
3625
19801
13545
6653
7473
1478
4435
10165
9995
17767
13845
5150
5692
2650
17203
7194
4246
13972
5351
7901
12198
8205
1353
18582
15862
9879
12363
6349
1814
6039
16334
9710
14098
16121
17109
7978
15954
2556
2751
7969
12743
2399
8390
2847
14257
5201
8353
18203
7015
6923
10633
11765
6585
5503
10199
1859
19645
9452
17377
7505
188
12261
6533
11321
7885
8315
2012
13721
5069
8409
18509
10817
16832
10343
13589
5240
18377
11639
10527
1079
5097
18195
13913
1980
7803
9909
6242
18940
12048
6874
13362
15862
5927
17823
15881
11443
6254
13715
14372
3687
3274
13854
13226
3292
1001
15427
4550
10494
18805
2884
2442
7513
15797
3476
2287
1586
7797
14995
14054
12626
3623
1577
14037
16643
9876
2100
19417
6884
9337
17905
17046
12576
10119
14089
13073
15806
5539
10841
3054
5643
16647
15201
9097
8716
6144
15648
5364
1908
1467
1726
12524
15966
2593
4100
1200
15985
5934
11810
9886
348
18399
2310
17122
17726
10734
3717
8354
3830
19829
2968
13159
2652
15425
11668
19796
4325
12345
19406
4272
8049
14534
19083
3242
11562
12769
12228
4104
13168
4340
18023
5397
9954
5478
8660
16377
3787
11055
19013
9474
933
3895
7536
18236
17465
15668
14227
878
16382
15527
14991
11788
3994
7736
325
3732
7338
14336
14483
8476
4150
341
2190
10499
18568
12664
818
5321
13487
17975
17745
7725
3817
9986
3123
16139
8712
14146
4508
5881
12771
928
4512
6685
13927
153
9302
7659
14300
5946
5144
13711
18775
13763
3299
2504
17709
16741
14440
3560
9857
16232
10948
18089
4998
18693
2634
3896
9622
15094
3743
643
6954
6384
11719
2570
14558
14937
18094
563
18021
19425
8079
4439
14257
15780
13534
17568
4055
9124
19981
16295
1795
7942
2406
8427
3418
6260
15111
13897
4067
18805
17672
8058
17436
7987
7726
15742
5310
14350
15317
19300
13026
3354
17458
12424
13943
11058
18609
8551
17457
11673
9305
13689
11503
3263
17823
467
8684
13815
12908
14154
15370
14466
12812
895
12139
6606
14595
15497
4483
9557
13254
3316
7757
15541
524
8177
5547
7871
13618
11783
9711
16540
9806
16163
9397
9517
7155
5217
10078
14665
1497
9088
18200
10220
2854
11592
848
5144
18869
2134
3710
16322
12745
9832
14592
18855
9450
14266
14708
6989
12535
15011
3911
17847
1053
2849
5907
19043
15059
5969
16538
18231
3664
5795
12553
15310
16942
10729
14262
1137
9620
5388
17650
173
9279
13342
1061
15654
17611
15666
2915
17886
3458
15745
9388
15428
9650
19634
18944
13859
14239
490
12616
2414
470
16845
12016
18943
10744
13167
16822
11138
15884
9498
14837
9617
7141
12633
8655
12591
4784
12018
7527
13855
8671
8482
12378
6892
19651
2913
17386
432
4421
14667
1728
18762
15824
2805
12307
6708
4661
3159
4421
12700
8713
10614
17959
2347
5046
7508
8798
4107
17728
11401
10831
12985
19730
333
1903
19659
13258
18973
2679
2609
12109
15320
5043
15704
2290
19248
11833
1740
2452
19583
16891
7856
11227
11155
6258
6048
11957
16458
13800
17469
17003
14039
6334
1720
12865
15929
19431
4823
12678
13088
18927
17382
10899
14756
7041
557
515
16142
14855
6934
15401
5749
419
5455
18581
11112
2903
1033
3718
10648
6536
4739
7792
159
1972
908
14826
19525
12444
10550
10478
1597
2447
11606
17006
2972
7965
16736
529
14344
17676
13196
7242
19704
18450
5647
18019
17204
7585
8858
8705
8516
26
19448
8631
19076
12507
3546
16427
17368
359
14453
7853
3600
1357
2625
15737
3404
7671
5858
11167
19595
1355
7891
18890
1798
7512
11097
5168
2578
3872
13324
12693
12145
16705
14787
6562
8158
9511
476
2327
18858
19551
10450
5672
9588
17239
14195
10109
18892
14499
7468
1224
6497
11795
2594
2029
16854
6090
19562
19766
18525
554
12786
15346
12590
2955
11530
18193
18904
1848
17514
17441
634
15095
5012
16956
11435
13290
1077
2758
1556
6767
15809
12665
17915
19903
10290
12431
10251
5910
11632
18886
12741
15453
12574
14242
12715
13754
5657
239
1835
18135
16611
18442
14843
16303
3756
17577
17266
15976
10818
827
6004
19129
18709
6954
6581
14131
8065
8507
11908
18705
17049
17631
15431
16195
18992
6951
19158
16428
721
16779
12700
5237
4794
17704
7284
9653
12740
3540
12267
16921
13033
15889
14022
15264
10382
827
5227
18230
16250
19734
3194
5427
10085
3278
13734
4808
9393
12718
14883
16638
15638
12716
5602
3789
14478
4136
6534
7548
11915
12829
17350
18758
13758
18594
19772
10461
18048
16582
2875
3706
9323
9551
9866
1474
1936
19502
6194
15362
1417
1915
4650
17715
10221
2684
6280
7549
2635
19763
13575
18752
76
710
4360
2842
3016
18403
14384
14121
6363
12183
14986
4783
19453
6629
19719
11250
10751
3748
10893
14874
3844
2376
8391
18895
15773
8080
12460
14881
5882
14250
11678
3076
13113
14580
1115
6086
3589
18359
18596
7279
9287
13494
11161
7902
12753
16267
14240
15002
7140
1695
8737
242
16188
6145
14120
9468
18014
9319
13055
166
18160
17368
16368
1618
11641
442
10363
12936
11881
19679
18170
14887
15025
19005
19192
5156
7784
14485
19504
3413
1393
16448
109
16445
13276
10670
15155
9947
11005
7847
3877
13238
622
11632
9807
15464
17798
14729
11526
6709
15894
16666
16657
9829
16659
2216
19638
19957
19561
17622
9444
10318
16359
15320
9594
14103
13019
12432
2471
836
19986
19422
10863
13739
10338
4572
7220
10049
12884
18976
10039
10112
8743
6641
12852
6722
14854
15482
8384
2140
13844
15516
13389
2157
11803
7895
11415
10321
8980
4771
18881
15402
16301
13539
12818
15087
13848
16444
9968
13454
5361
5747
1460
3025
14712
12144
6901
1580
5801
1813
17737
8319
3510
7007
9909
15102
5364
13856
2047
13419
17545
15383
9324
5960
17285
11709
18558
4172
1824
11513
5892
18963
18550
9234
10956
2318
10832
19114
12147
16163
15312
10288
14830
13014
337
6418
17893
7429
10744
16784
10367
1217
11532
570
15962
15197
19541
2439
18853
17500
16816
7419
1221
1551
6920
287
11957
17518
6542
1958
13711
15911
9640
18787
1285
4124
12354
15692
2057
8521
1821
2674
17907
857
8985
17571
2267
17630
6685
4087
17518
12141
10613
7861
7928
6876
8176
14202
6514
18428
14199
4866
7488
6221
11825
2069
10643
19278
1723
8419
2185
6510
14249
1746
19579
3969
4292
3625
16415
7669
2070
10387
1373
2169
13077
17470
17153
19618
1768
19376
8156
38
14745
11983
19099
19855
19897
14425
17594
14745
10640
15277
430
2070
11719
9999
3544
4126
5998
11187
3730
854
12195
7534
8664
1474
13111
8135
13888
8189
7198
19068
5359
1342
14595
3409
18926
9516
13167
6752
3547
16951
6856
14440
10647
1323
18769
14464
4116
11603
3089
16501
19276
4592
18196
1937
3875
5513
5646
10794
12685
5095
17897
781
1466
19659
12447
3577
5650
4025
17870
18178
13265
16562
17033
18100
10
5695
12822
8208
403
18001
3444
16786
3505
10851
6493
11615
5573
12478
15511
10008
2941
11363
5132
14466
17890
13514
7212
18591
8958
2340
17358
11183
10071
3996
4537
4539
7708
11601
2931
19480
7089
1128
9610
15019
15829
5808
18915
19889
17900
12425
1379
16064
8902
11823
9424
4457
9010
11008
204
15749
4052
19804
6715
5795
12497
9762
16426
8433
1055
15979
16553
18628
12115
19922
13280
18669
15483
7787
3980
13808
12617
5243
7453
2423
12832
3566
7839
4522
3633
10408
15599
3100
3800
15484
2898
4212
10309
2358
15373
11414
2086
6884
5339
14680
992
4956
18065
15039
8001
6051
13173
5311
16339
9611
7452
76
7076
19407
12599
12949
9201
14415
16444
14389
10010
9019
6392
16499
17274
16418
5810
1352
8748
5291
4109
9747
3468
9260
2869
14208
19048
16995
11492
2371
9612
19650
17672
19044
17341
1133
14410
13461
9496
17118
18125
13165
4619
16549
9791
12520
13348
13951
9361
10591
14799
4575
13990
7061
11469
13905
6024
1911
8297
8516
18506
8630
4433
84
13079
5160
13106
10346
1713
13159
9392
11885
15998
10765
2569
12104
17526
12797
15954
11072
8128
4837
8845
12229
2474
3155
62
6683
8496
532
3250
11672
10139
12555
9204
3062
19318
15186
9215
10953
19193
19835
13290
12209
15492
19165
15112
3522
18518
8430
13685
13306
1770
11926
8421
11435
9165
13564
9112
2436
15053
11542
14372
4472
8179
7873
2161
7026
17918
6223
1821
19671
14803
17493
10924
13359
4368
19979
4905
5306
15786
4081
12437
15786
3057
15189
18471
11187
7074
11108
4183
9083
14980
9010
15965
6054
7015
18898
16456
4739
1575
8399
12649
16169
1395
7981
11708
904
2935
11610
6776
1178
8821
3310
7530
18616
18731
8986
9668
18056
13355
6960
3122
13775
13108
7758
13700
11343
16218
9050
12357
12815
19382
15840
7255
4856
4021
4166
12228
362
1813
2703
4216
7866
5376
11626
12819
6939
16702
6427
2678
16210
1369
5784
14504
8627
7219
16670
18699
9315
1985
1830
9839
7986
12275
3625
8626
2891
2684
10214
14771
7599
19124
409
11935
17092
12434
6270
9964
15606
19777
13532
19370
12846
5555
18943
17950
15379
10373
145
17414
11613
17618
2002
7882
2559
5351
14178
16156
14364
19382
1839
3351
16543
2157
14288
18090
13482
10806
16150
18847
14294
11610
18490
17852
4529
1829
11187
17555
12021
278
8064
4322
9901
4999
13017
19641
2353
3690
10347
2484
7743
18389
3972
103
12638
4681
8975
1922
4215
15352
8905
18058
535
12571
11949
7420
86
15679
6810
2548
12741
7916
219
13625
3890
14109
9886
9155
284
9239
15701
4880
3423
13523
6189
10799
985
5724
4184
6908
9104
11300
9827
15489
16473
14928
10323
3881
8154
8364
18284
67
9597
18822
17011
18138
3344
12969
4806
15481
5858
18356
6752
13012
4994
8442
1989
9172
7924
10963
12279
11986
17000
7745
1924
5446
8076
2961
8043
7240
2690
6824
1448
11338
15112
5541
6877
5600
201
7986
1683
5783
9129
8169
9781
12181
3190
19877
10798
17773
16701
7914
491
6074
8222
4523
16920
16368
2044
3290
15705
7993
673
13876
14014
13860
15848
10828
7474
14221
17925
13166
19478
11825
49
18951
11679
1472
18005
19314
9633
10608
12844
7197
5137
9850
8335
7548
1757
8925
8463
7296
6030
4678
2930
14205
2480
3150
6667
10603
18252
6355
17487
15941
4549
8782
10496
17641
6275
9387
6914
3637
19685
7807
2714
4804
1050
11279
5947
9891
4101
16299
179
11404
4398
13959
19231
11310
155
7012
12545
13433
11086
19383
13570
15518
10627
14016
8580
3960
3202
5517
4528
4272
87
13171
8949
10268
19968
14100
11791
11224
10004
4555
5154
6745
19566
17392
11139
13945
16268
18073
13843
19985
16377
1807
10501
19327
14258
6872
12686
2770
9765
3795
19533
8002
8492
11357
1530
14320
3181
2944
12013
13377
10687
5397
13355
3146
6510
6251
6830
6216
13600
11529
1989
2936
1737
6272
9755
15715
2392
16376
5088
12806
11750
5865
2157
10051
7321
9004
2846
1846
3215
2217
9039
6897
11651
7465
14665
13951
10299
11186
3938
318
8567
5806
17470
16637
15257
17203
13720
15595
8742
10546
17802
18874
3724
18318
17044
16919
13351
12184
6209
18980
1169
9386
7623
3978
9881
2454
19999
7113
12398
295
12425
18659
9791
11069
18757
18119
11426
19940
4990
19230
19219
10505
2919
7389
18828
6528
3212
2618
17983
4024
7422
18277
139
3814
17737
17648
13484
13329
12164
13223
4203
4820
8207
6476
12259
7796
12320
16841
8517
2012
8572
14704
18160
34
19038
19427
4376
3725
615
6035
17563
7970
215
2825
702
16536
15943
5057
12708
6601
19835
10990
16726
16805
1827
19004
3816
6639
11599
7752
13038
3494
3378
18211
11201
19587
6598
11706
13191
16444
7631
4685
19471
4401
9052
2646
17209
6860
973
2496
325
2013
6167
12885
6077
15316
11386
16499
13562
10681
13880
5950
1740
7088
17024
3355
17513
8496
18824
3811
10041
6499
9886
17924
1537
12822
9941
13472
11098
17213
10906
17128
13106
9066
10007
1593
18857
10596
14378
5986
7719
8246
18569
8944
94
19663
9308
6226
1084
2356
173
2752
7276
18959
9944
15999
17324
11811
3323
19651
8387
7764
17864
17060
15292
10119
8540
4703
5251
3939
1746
18964
7563
12013
2952
10240
5419
1575
6349
16315
4713
18933
18353
10421
195
390
8426
18121
13631
12804
4333
2000
17840
14970
4236
2912
4766
1709
11839
18941
7282
6812
6049
10730
17348
10622
12374
11994
10942
18187
12143
942
1996
7134
13714
2268
8700
12276
17689
8118
6939
9805
8748
18163
10712
4430
10248
19357
10280
10290
9812
16013
7395
5446
2686
2599
6441
18291
487
4334
6882
4795
9169
3979
12426
1075
6293
11630
903
4971
12160
9615
17450
5067
11955
2802
6032
7173
16721
10787
6572
19876
18798
5321
276
5523
15450
18832
2923
4747
12751
5171
14995
11095
10619
6457
1992
775
6009
9851
15074
5424
4401
9144
4068
7160
4424
1598
19758
16839
16175
8695
14810
9299
4173
11004
18235
12133
9601
3674
5031
10641
8020
11351
11802
12205
13351
8047
18474
7384
19853
6854
18263
12410
5588
4656
14573
16383
1944
14093
2293
17560
2314
8838
9650
6079
18426
3254
16533
9265
4380
10233
10214
14689
3619
17417
1735
16924
4713
11213
17547
17058
8928
1120
16749
9515
8847
12126
10641
14388
14424
19402
19342
17170
14786
2411
11328
10011
2610
19078
12291
10679
18339
1621
14269
13514
1454
6541
15051
14199
9470
9060
17958
6408
860
13373
12200
3688
10942
3197
2365
17222
4164
14727
15187
6559
19346
12428
13706
13311
18807
7324
15785
1414
17465
12680
4211
16738
19500
17227
3
12287
7629
10302
2657
19510
2207
6031
17944
13007
15223
10985
11489
5590
1665
15558
14965
16639
6544
18258
13887
4894
6825
4357
3729
1550
894
12490
7617
4794
11745
13579
14742
13068
18829
18343
2975
12577
490
412
4463
9927
6500
266
10314
13692
19662
1372
3541
13566
982
9857
2843
10188
13710
12453
19864
3816
14171
6734
3551
10850
13335
841
394
12198
11861
14266
15233
12215
2957
11734
2529
622
9695
18492
19612
17690
9520
12110
19665
13776
19420
159
8448
3915
6577
7188
5022
17399
3026
5965
10369
5244
784
16112
14628
604
9755
1125
1987
4880
13666
1448
5476
14549
2959
19276
11130
659
1166
18882
5157
17757
14454
5178
12429
10473
12249
3699
3108
12336
3302
10451
6031
6268
4755
9637
1034
9686
17243
13024
3120
8322
7744
15434
296
14316
1234
18858
13101
16119
6101
6723
14988
10735
19900
16506
213
7772
15136
16074
9299
7707
1203
14257
13375
19102
12639
7396
5442
15509
18592
5134
2323
3393
8531
13393
17404
9186
5182
10624
9010
10679
4926
3440
17544
1488
753
19455
17508
17762
11286
15136
4249
7263
16507
12391
16845
4562
18263
3084
16207
48
7781
2927
8330
14474
1034
8984
2645
6635
11815
14337
11708
10667
670
27
4253
5285
17432
17971
4219
17740
10558
3048
5111
4753
8702
4289
756
10737
9662
10879
13610
12329
17972
3927
17815
9882
4862
12007
4380
14251
19831
3094
19969
15677
9748
6367
1458
269
13450
19985
17406
10762
1054
2523
6563
8151
3968
11980
16781
10009
2354
14202
4276
3587
10279
9163
17073
2518
12957
13365
7573
16347
16734
16961
3977
18093
8349
8427
1554
19366
4287
8904
6508
6651
3500
4123
15773
15013
167
8564
14477
9566
8710
14534
17857
14735
9519
15614
10788
8613
13198
18039
2208
2533
4869
7751
4434
16600
8190
9139
2409
1352
14510
9422
19910
14172
14108
7870
6322
555
3004
13778
14068
3945
2109
15566
1784
10155
19489
14821
16560
2239
19655
5316
13301
11584
17249
1851
16495
16978
2822
12874
17490
5862
8539
11137
3845
4418
936
8090
3158
8374
11655
3547
4521
1743
1488
245
12161
7026
3850
1736
10663
3207
12595
10959
19203
393
5219
1439
8291
18485
14971
3814
13401
9709
11032
200
8722
4651
18732
6212
2648
6594
1856
12360
11746
358
10106
132
5463
11429
12996
6265
13973
17219
3277
6220
14542
11179
18096
12833
6679
1386
18528
13212
2528
16214
1210
4543
3017
8896
8522
2559
17907
13070
9891
3963
16274
5594
16178
3538
1233
10880
10956
8368
7836
6935
11879
18737
18069
599
8564
17558
17729
18598
8411
9932
18705
5008
12872
5928
9815
18374
16766
9816
10904
2962
17224
1157
13922
12035
13171
7343
7381
4709
4117
2982
19368
11235
9727
7810
11895
18067
2187
8138
2031
5955
493
11475
6058
11369
17040
17018
19847
17346
2130
706
18181
3579
2158
2778
1392
14017
9523
628
12878
13012
9275
18716
1545
29
16531
4647
970
9411
18889
797
6092
7362
5136
6740
6397
15161
1542
18131
2426
11806
16952
9835
907
380
6824
15069
182
8910
7045
91
3043
7256
12789
10426
18356
12074
17714
15881
8422
11510
4581
14912
1241
1678
9756
13293
8255
14577
1782
5073
15936
4243
3950
17970
10033
8631
3183
18177
19913
15207
940
19743
13144
7286
13768
19059
1724
16522
3162
5371
10671
6180
12563
8135
6119
4496
17469
6455
1002
15930
1463
756
10155
15831
6652
19708
2682
16525
5691
19963
12050
11682
10669
7313
5556
12576
17800
11603
19282
3594
14591
7054
3414
8416
5092
8062
3955
252
17460
16232
6635
17908
4275
2942
10077
15547
17593
7383
17370
5798
19608
6519
5552
6543
920
9261
2057
12714
10022
10995
3579
15499
11659
3836
12760
14001
13546
8168
692
19461
18750
4343
3568
12870
3677
11882
7897
8236
13385
13246
6947
1116
5337
2764
3915
810
12730
8548
12043
10455
16747
8984
5170
283
4861
1177
1017
13337
4788
15313
19260
15313
6033
18369
17616
4780
15723
11545
1039
15566
10097
3334
1354
3452
10338
1187
7690
19128
14676
19625
19133
4073
14700
3215
9518
15476
9104
4684
10436
11588
17287
10218
3588
14237
16293
17717
4664
12468
15006
4965
11662
4604
7176
11973
11175
10323
610
12146
5249
13197
19822
4075
1239
15754
17306
19396
7868
15113
16910
15716
6950
13170
10216
4500
7780
2262
7289
16531
10105
904
12401
14605
13584
10475
4570
4468
11045
16175
2411
17439
10851
5418
18803
6762
11952
14699
7445
5392
10708
9098
8605
922
8969
18239
15080
1841
16885
1534
13845
4246
1253
14806
11958
11371
691
15245
19466
4262
13559
4828
13070
8499
14626
199
6345
18265
17978
718
7638
5521
12114
10769
12687
1401
17304
4972
640
7726
7004
17641
7899
3758
6295
16677
89
10053
19619
1929
8242
18893
18108
7205
10230
4580
3229
6291
7020
9749
2384
16094
6821
3418
15030
15250
1231
10458
2184
7475
844
8195
18769
13677
10624
9001
16837
1851
4852
12598
17920
455
2947
16255
13267
16304
5
9401
5015
9343
7450
422
1385
17252
14404
16296
8111
15358
8457
658
5781
13906
7437
8193
5043
14484
4880
15910
8491
10362
19686
15031
2667
4214
213
6329
18480
14392
10396
15680
13732
4165
16725
5907
3858
10933
4994
3811
11070
4364
18877
8424
12137
3941
7095
17337
1415
10552
9534
9668
14665
4237
17341
9912
17440
12502
11096
10243
18093
11169
15741
11505
4486
519
18712
13146
12302
491
3292
700
16461
15425
19496
16459
10128
14167
17943
12432
15977
19498
12928
12623
16343
5179
10655
3988
8785
3181
16334
12897
17087
5575
8515
5357
19077
5821
508
14540
15968
19613
15245
6158
6472
6782
14639
18890
17114
15104
2028
15338
8763
6883
13065
14272
30
7438
19713
12188
3838
16993
1477
8130
18798
7448
14104
530
9593
14787
16217
3314
4369
6005
15625
9229
113
11392
8146
9724
10484
5974
16990
4547
15656
7770
1806
11350
4605
19594
931
16696
15733
11749
8765
17163
5775
17679
11669
13210
16116
2992
18830
15459
14361
6979
6548
12410
9587
2865
4847
5262
1861
19848
11021
2163
14306
18582
3970
10541
1626
10009
3499
16286
11063
10015
9544
14981
10180
18015
2346
11057
12093
14183
16590
18911
14188
290
1299
2387
5482
4839
14737
17275
18835
3488
12353
9964
14919
7214
10027
1260
2521
5570
8650
2845
9200
11088
9146
12372
3196
14078
6423
912
13244
1876
10217
4911
6440
6365
16846
8743
19147
2588
4626
17332
6752
422
79
17914
7040
12142
19313
11534
12343
13088
4845
2753
19317
5492
1310
1567
16826
16662
2513
12411
10876
282
12917
3981
17310
5860
18590
15662
2525
4452
19596
12779
17591
12514
1183
19258
7315
13435
9800
12801
19194
14388
8998
8270
2573
1792
2085
19752
13844
14275
18436
18163
13860
12413
18639
1554
8945
17357
8435
993
2911
1670
14594
19103
5134
7593
8347
12624
13020
13297
18869
6279
10172
12648
14907
10368
5522
1258
11133
14214
16371
19384
3321
11832
13261
992
19387
15066
13384
2639
10758
12490
9129
15052
6041
510
18528
2915
1103
15398
16107
1939
4004
7857
19691
2931
11598
13987
18128
16057
18081
13281
13261
17760
7719
17426
8001
618
11391
4374
17255
7241
8828
19267
12396
925
18205
1713
14387
2383
14422
11673
14269
1370
16200
15915
2274
5852
1857
16681
8724
16297
9291
19639
19145
8653
16936
16134
14813
12163
2363
958
17770
11683
7969
16763
6890
15683
13244
17299
18402
2695
14763
6591
9784
17579
7490
10166
11112
3867
931
18678
9573
9466
1340
6000
15215
9410
3172
11749
10791
9531
10858
4403
2429
2268
12910
14972
1931
15056
8134
8765
6734
10373
12052
13841
10587
1524
22
17931
7195
802
7476
10137
18459
12379
12740
15306
11649
6574
14957
10560
12837
4666
4329
16356
9103
2953
813
13764
13225
9443
1935
726
13117
16702
16003
581
9186
904
8374
9840
8168
8791
17212
1121
19173
2676
11841
19933
4483
3947
316
17324
13228
10976
18206
10228
1633
12742
754
13168
19210
2111
3301
4777
1348
14903
16353
5439
13055
4070
11409
16811
16290
16169
2131
5833
16650
5380
11820
1601
4759
2544
17003
710
15517
12010
17288
15637
5038
12568
11533
15979
5413
15191
14685
11250
12528
17142
13721
12524
13573
8081
3582
2497
11171
5512
9214
14994
16214
4301
4408
1623
3710
1938
4930
16735
10132
13498
4255
17780
14677
8542
17110
407
5748
17283
11963
17720
1934
4397
8181
1706
8856
1041
14292
349
13949
16283
4815
10114
13961
2873
13513
9224
19813
10795
10772
18624
12785
1238
17480
1396
4363
19821
10069
19070
16525
5362
10689
5948
3594
18524
4649
623
6458
16637
12376
14442
19702
14823
5938
4294
15880
4277
17014
6541
13677
11701
374
16893
13842
9837
13285
13903
3090
5699
8478
5578
17238
14581
4731
19758
12978
17839
11394
8891
7064
12635
6782
16635
16736
7150
5438
13787
19650
18614
12
9516
12932
8315
17767
18510
11359
7813
14274
14022
12662
6491
1075
1187
1232
6027
5733
10565
16475
11374
4071
3182
8821
10142
16136
5065
14691
4266
11553
172
3935
19440
15888
12999
443
3255
7153
3033
16292
3620
14941
707
19184
16278
2548
8713
1046
9813
17803
6697
11758
18752
9250
6256
424
13626
15880
7162
1870
12732
5163
17388
2256
12605
11490
1877
1111
1699
952
8133
18396
4189
12126
393
18583
3971
7290
1746
11395
5345
18757
7131
522
16950
7682
7580
11955
990
9153
11000
3614
17188
860
1863
16270
12908
17755
12245
12110
7431
13093
16861
17977
15914
12347
10940
1182
16317
8670
7688
13344
15796
13559
13121
11320
5713
7167
13789
10977
17600
11645
3391
13326
13885
2297
8107
5404
18389
13366
9808
7205
2607
15426
18801
11014
3405
3782
9355
16471
8520
1257
10349
1271
1809
12257
10990
16513
11869
17330
13032
11469
5757
17782
16985
6499
10204
10205
336
11439
12380
11889
7510
10267
977
19923
4959
19153
2742
3084
550
1699
12245
6659
9379
11150
10751
4421
19285
1230
4045
15583
5030
17421
495
13051
7085
11742
11175
3066
12065
5618
5830
9918
14826
4414
1440
15461
6275
10164
7091
6593
4757
1405
16152
14674
13297
14505
10271
10946
12619
12048
4532
7934
17413
487
7824
10259
10860
18876
8621
778
11067
13984
8415
10839
5157
10933
11793
7721
203
9555
14507
18496
16615
12496
332
3402
9899
987
3348
2812
13024
14407
17549
16676
9180
14522
18838
19838
10638
14568
3912
6159
5452
10983
17859
2068
12762
3698
14245
1517
157
17168
6277
18653
15722
14294
9062
10139
3439
18778
5406
6373
2383
8847
6744
3282
19807
19093
6771
15294
3003
19825
12633
19546
9835
3526
12932
14351
3693
4639
2345
17264
15653
14242
7108
13459
17289
17088
13462
5641
7936
14052
4450
3955
3638
7354
1688
5533
5830
6445
9108
65
11593
13476
18446
8392
3625
16612
4646
1242
8203
103
10856
1625
1838
17626
2866
15914
6012
7081
6899
1925
7275
18883
9947
18713
4876
2957
18043
12588
11509
4833
13331
9260
2198
9505
13800
6025
11839
7867
9785
4129
14425
14550
7866
19890
1280
8328
16252
7591
1153
402
16924
18398
17692
18047
13409
1685
6374
700
12271
2350
13245
12651
4989
4127
15727
3727
6601
9756
2737
16759
17158
15090
1111
10791
2520
4082
19748
4733
14814
2563
7605
4859
12404
9691
7027
16270
17585
9726
17721
8730
3591
9538
16399
5149
9895
13145
13218
2939
5437
2375
3462
14841
19387
8748
6710
3998
11121
15652
19716
5995
7527
1886
11643
19235
16899
5562
13333
4335
14090
11115
6539
18352
11322
16373
16241
10261
4047
19641
18878
1686
9315
3473
10606
15373
6642
12263
2777
3204
9027
8771
14365
16421
18472
8834
406
15237
13821
13938
17717
10097
2742
16669
13283
12548
9549
11018
14815
13906
1289
12961
6744
2921
6674
10423
6599
13646
13141
10402
2919
5474
12152
15027
12280
5605
12345
5419
15645
15548
10477
14476
10583
16419
18549
19988
565
10685
19180
19247
822
11475
15149
12292
12095
17100
5650
17644
10990
19709
3652
15628
13901
10483
4355
994
18224
15162
3707
19330
15367
17018
4801
4670
6646
11041
11616
16186
11506
14336
1860
17528
13404
9000
9278
18066
651
1481
2685
8224
15267
5371
11600
16993
4479
11456
13541
8249
19030
8327
19143
17654
7799
4780
14647
18476
16556
16578
16813
19103
12561
2956
8444
16613
17454
4988
9530
9954
3683
18863
5857
7495
1318
7323
13362
19335
16349
17628
12624
1109
10492
4854
3525
1540
17099
17869
11565
4581
4029
12462
8096
5185
12045
5781
14154
6139
11900
7315
18283
6875
8498
9605
6580
18734
8267
511
19770
19786
1480
8849
6572
10658
6620
6725
4749
4222
12900
567
1313
19514
7587
5870
14974
3769
5754
459
11602
4663
3421
12671
13629
2701
18041
19523
13605
5684
3002
17297
3519
1250
13731
6159
2762
18691
18515
9296
16829
10179
1134
1556
13338
18678
7333
10539
254
6887
2801
12976
6242
4293
17529
16434
12414
3103
15948
15317
4067
16893
16568
8831
15948
1547
18805
16590
18087
19243
14368
8095
8564
2695
7192
12859
101
18480
4106
14753
9229
18722
4081
17238
4439
6072
3133
19718
4504
1507
15221
938
7590
14497
409
4131
2307
7218
19957
16227
15553
10010
13773
16636
14376
16482
15942
5228
4296
2531
9437
5593
15491
15367
5874
17017
7688
8237
1870
19823
11336
15046
15854
13342
8829
8893
3289
8046
7319
15240
7799
15137
8032
12686
8120
4769
2938
3360
12470
5962
19333
10139
12304
9607
17521
15554
4369
10652
8149
14473
458
2662
7244
15845
3770
14142
4417
11553
4191
15494
12625
13611
171
11219
14341
18465
4455
17928
19444
6069
12148
12695
2923
9355
10043
8184
14002
13254
3800
6270
14105
13174
12064
10468
10155
2668
1532
15919
12966
9026
16824
15215
13000
11364
10653
6410
18322
6680
8555
11241
669
9650
19796
2757
11823
8784
11703
19839
6327
2697
15726
19091
9960
2602
15183
18921
753
14339
12936
7845
5077
14496
13151
2703
16550
17533
11326
1084
1221
13970
12030
4474
10971
15521
12885
18157
6810
240
9900
19255
15971
15928
17591
16073
8097
2136
1979
10743
60
3419
17381
1718
938
8811
17479
9212
5745
11744
9565
12437
9547
16721
14203
3541
16050
11483
10506
3828
4570
19451
3907
15260
2631
9032
12434
16034
14373
9779
12912
7541
18272
18314
8913
4435
11265
10809
1651
4109
7081
3995
17185
719
3305
6602
11802
400
1656
12725
15596
2073
225
18143
6918
19780
11720
9365
11828
13456
17858
9356
17823
17983
1310
7037
2270
19879
14203
5964
1611
1252
2114
16809
10138
11211
19387
305
16430
6290
15518
5964
16490
7631
6398
3462
5765
16934
16353
5923
16151
15254
16503
9975
5097
18281
14182
7482
2715
7031
12163
11365
17483
9313
10107
9417
9411
3444
2471
12827
12813
13093
17452
3260
8391
7263
12094
3699
4837
12044
19880
3173
5490
2907
1646
1102
12923
11428
6749
1220
1239
4859
61
17196
9346
5905
10090
8798
19867
19804
7984
18439
6898
15705
3740
3398
16194
10822
16002
12866
4789
2294
366
5639
450
16183
10906
9301
3674
2163
15131
19312
17446
9515
8606
8565
18983
2538
10820
17638
16021
10106
1799
4680
3080
12805
15972
13368
12219
5034
13864
11589
14567
1131
13229
8592
19596
3631
18089
6368
14308
16551
2033
9542
14319
15561
8851
3964
16635
3109
1948
3378
16773
9936
14835
16697
13686
3611
11455
15203
7784
19662
16733
285
14423
6628
11751
19259
18121
5727
11503
15351
17118
11332
19531
7863
18493
531
13933
18125
11724
3749
8389
6123
7890
758
17015
11857
13414
19737
4969
15653
1732
12170
10132
6487
18655
6956
19137
5252
18536
18046
1537
19437
19427
192
18660
12525
16825
15857
14921
869
17128
10502
18601
6606
6937
18235
14840
9678
6881
17478
4152
8606
13109
5973
17694
3041
14708
8445
14693
16353
13642
14995
5838
4932
13359
10882
8880
16658
14307
3169
2477
14411
16733
3731
17679
2485
8948
16222
1811
11944
18151
1943
2527
11801
626
3886
2990
3815
17198
10076
15463
14023
18754
1473
12867
237
16806
2727
15606
15670
4120
19960
1644
2663
3110
16601
10168
14009
18205
9803
9327
1714
1402
16599
316
16789
17501
8948
14156
10320
3980
19041
16204
3248
8898
14146
9647
17638
19041
14601
6692
7696
15233
18009
4042
3897
2015
10568
19252
12
3384
18683
8961
5288
4807
10823
14260
707
12062
3395
5245
9178
19856
11873
685
6412
4144
14365
8463
17134
17747
8748
2008
14895
17979
3025
11471
14263
13629
13811
13157
5373
3345
14911
18910
8615
19465
10914
19332
13165
1897
7395
19203
10356
17571
8719
9404
17722
17256
13490
5392
6626
17011
3203
8343
7839
18803
9206
17620
395
4161
17952
10073
1689
12407
4826
16334
4133
740
7359
6982
15401
9108
19272
15751
398
9432
15750
15848
8448
7185
11613
11444
4958
12393
10907
4451
6719
2192
8602
3017
9571
16857
17777
12646
370
4771
9051
17201
8272
17005
19503
15864
19504
13899
2593
10560
18760
13987
11486
8025
8571
19842
10180
840
7661
13475
14025
3756
17303
15273
9894
2629
6400
18725
17316
12501
9994
10867
6287
9386
4508
12490
18148
7611
11740
6133
15352
12704
19340
5233
6751
6314
13865
7052
459
9645
3539
7599
1802
6337
12976
6223
8775
4108
16582
1917
6883
6785
6972
19860
12389
15565
1870
14985
9110
13888
16284
19374
19235
17009
16634
6458
17103
5878
10938
1883
3528
13362
11532
13593
5582
17819
9867
11355
17965
9622
5155
12505
9888
5819
15195
4364
13790
6702
19483
6442
12278
17964
0
4171
14467
16033
3429
14246
9817
10125
5073
13066
14161
15516
13076
8443
18014
4144
3125
15150
17604
9481
13173
8548
7179
15350
2067
6664
5354
2319
13790
10431
3863
17059
5575
9988
12983
4206
10713
13826
14290
12566
9899
18752
10148
9957
11270
4807
10186
7757
1182
13147
16197
10753
8688
739
373
7356
14963
7751
13240
17357
15258
10378
11937
39
7337
11866
15412
9320
11152
506
372
5175
7055
18499
8226
12884
15645
17614
6381
223
12469
14440
433
16187
12252
9552
5536
10880
7920
1181
12836
6376
4461
19756
13134
11898
2946
5995
15519
7771
2659
18866
6653
17525
12046
278
6593
6396
4115
9240
5882
17282
13888
14500
13638
19818
17326
7234
18136
8487
15432
9683
6086
3156
13822
18016
8537
5056
7006
14580
8894
12296
2439
5883
9413
352
9178
7325
5385
14880
12055
15772
16629
19485
19610
18643
5094
2088
426
10524
1146
12974
14965
13137
11089
19913
7568
4212
13388
13932
1582
19998
1782
18384
121
14906
9297
11205
7571
2030
10998
3956
8270
19646
5292
1722
12036
2344
6107
11489
10385
16097
1560
3911
17568
10372
11305
3359
11042
12099
13009
16710
15921
4418
5327
18925
4978
6137
17090
17529
16769
19555
6617
10227
10369
2795
6293
18946
7687
9132
10625
19960
9210
16663
14546
19740
19929
17392
13111
16799
6394
17262
4927
9778
9730
3230
3883
17480
1227
17471
11459
11123
2932
12573
2325
8485
14019
4840
17729
142
960
16531
9387
12272
3992
2257
5208
6435
18867
17596
1453
13662
16773
10574
15959
1632
13128
1604
8294
10731
17755
14432
10335
8390
13961
4243
2154
6099
13754
13679
6033
13923
10974
18744
1204
3059
2172
15648
13506
2663
7375
7285
10717
14472
3128
15251
5693
5800
5502
16662
7365
12139
17799
10970
18368
948
4866
13956
17983
864
202
11863
1214
4467
17682
2588
1931
6841
15542
5876
5367
7482
17239
13743
7337
2625
7046
5223
1007
7476
2326
10859
18401
7152
14952
10894
2706
19451
13903
9745
6068
10748
9834
19361
17016
9464
3757
3849
5414
1709
15702
18456
180
17535
362
7087
14058
7260
1776
3171
2135
19284
176
14262
11023
4171
15945
2271
3584
15984
8566
18008
15493
18801
6853
1868
8911
12209
6086
872
17463
3134
11288
12045
6324
17502
14211
17894
882
12998
14335
3876
3004
12385
10540
1203
9209
4697
17891
9470
7048
16359
2815
15048
4928
12589
1286
14701
2294
11466
17936
16971
15310
16649
18078
2786
15823
10018
7385
1480
1150
16377
15174
5068
8456
15357
13700
12693
6864
1453
9710
16131
1948
17572
19239
6136
15022
7098
1908
8809
11791
1623
12336
8266
4443
8106
8171
18646
1907
13909
4806
14625
6625
8479
6547
1586
7575
6680
18502
9635
4386
13106
13459
2438
12044
1237
2051
15846
1539
9764
15821
15134
5380
13829
18496
1150
15839
12757
17803
5064
12753
10903
15976
8784
9011
5562
14679
1681
340
4653
2551
1126
19826
16859
10072
10242
4791
3918
206
14970
4645
3638
7809
6041
4561
10473
13419
7349
682
18012
16875
5448
10572
16754
11094
10356
8775
13853
5716
3787
565
3833
3451
9895
19012
19389
1851
16729
12469
4425
14285
2649
17252
18658
315
290
6359
5194
16074
1530
14414
12241
7882
506
6780
13666
8065
7530
10263
18701
13086
286
4195
5976
18135
2119
636
11929
5569
14723
1455
10858
15442
4184
14643
2423
13053
2662
2035
3141
6450
19192
17032
12517
5252
1406
12873
15626
19852
5273
18545
8964
5289
4691
42
8475
13142
2913
18500
5963
3644
8616
3593
1146
19701
14393
13893
4316
10208
5915
17787
60
11862
18867
16567
4573
9699
12098
13363
16861
7231
13234
18066
19216
16034
11022
3441
8126
7042
4873
14473
7513
4151
4519
280
3899
11532
1527
6076
946
3484
10811
18509
10725
11140
17254
10905
8835
4941
11396
16693
9585
14585
19563
12472
6680
19511
14820
18704
5161
9578
1712
166
2392
3651
7544
16282
13900
3338
4069
2522
11881
2845
451
944
5193
19125
13806
258
3159
18537
15686
15838
15598
8585
6526
14091
10256
10640
113
2268
14021
7227
15438
2168
1228
14674
379
17273
15400
10525
15289
18815
1235
1118
13740
9463
10795
10220
15389
9003
5764
3492
16774
6387
8775
14354
1915
15784
19749
19815
13183
898
1718
17924
9095
17735
12222
10419
3180
5489
5332
12216
3191
16006
19131
9115
14488
6863
10599
14320
18153
16958
9259
15658
6361
15222
17350
15497
6880
15034
306
3966
5356
14821
17111
3165
772
16018
1167
3120
2967
4425
16867
8418
6515
8971
1400
9669
5818
16955
9133
19563
16044
18103
7417
18488
13403
11876
2292
18209
18498
5699
4746
14334
12687
17801
17791
8351
19935
671
17422
4122
16426
13499
14636
16947
9134
4230
2452
11470
8754
6248
19506
15707
16357
11150
3002
2792
19505
3294
579
4946
12949
10599
2767
11481
16095
211
17494
5811
3379
8116
1475
17746
5468
9157
6266
1210
1438
8769
8942
13227
6838
18817
17097
10257
5666
3698
18219
11660
10072
14106
3617
342
11012
19073
12680
15940
2904
5386
12202
12164
1974
17350
12389
9556
13568
10414
12246
8823
15347
16020
17005
2328
4870
7979
9359
1875
12341
11091
11893
5742
1139
14313
2562
13122
19631
11144
18834
16794
19596
17321
5477
8776
6084
6760
996
4382
9112
19988
13275
9849
17872
4356
4365
15407
8064
1735
7377
11726
18302
15427
19300
15197
5515
1188
13062
15763
2709
12510
17562
7424
1199
4971
4375
6184
10295
13307
11594
4312
19788
7750
7432
6038
7071
1069
1017
8360
6324
19411
17819
2652
12074
2751
17412
8031
4636
3625
16010
18763
14182
3468
17291
19722
16235
9643
17279
17633
8961
3839
17189
16577
11260
12855
9514
18476
8035
7236
6333
19059
460
16402
18993
15714
4725
3444
11920
8749
3548
13771
19248
842
6037
3534
11134
18411
10032
13055
2700
18925
2160
5015
19292
5067
11753
340
438
6666
16442
4596
6025
8682
15108
3897
5769
3654
9278
3089
13311
12817
730
11450
858
2040
16904
5333
7668
14429
5387
13796
19968
7749
6659
13169
14183
14865
1064
11556
5149
15541
5441
152
18705
8816
17199
5304
7266
6722
5677
16005
16740
1766
12506
3470
13336
13194
3123
4769
16455
3520
19536
3241
19056
871
323
3455
8944
448
6516
12470
15382
14575
16138
11036
13745
5909
19312
5837
11144
2716
16137
1657
10625
4097
16258
17147
17438
15452
15206
6689
1244
4673
6121
830
8566
11192
18526
2301
2348
6895
8080
14188
10253
18853
7783
1218
9261
17516
5129
9204
12797
10001
4486
18184
3914
19610
3844
18329
5569
17504
14245
16656
3934
7839
7804
9501
18155
6448
11619
9692
8806
6006
5990
14405
19628
10850
11090
13249
12347
5063
8256
14281
14647
8016
616
2900
4896
3878
7886
4046
17683
15066
5164
8445
12902
15410
15202
13665
13850
5080
11607
19538
19705
13408
13042
5184
4583
4900
7799
12880
6186
11072
14012
15418
13952
13840
11105
17044
16249
12885
1421
8451
49
7958
5898
18495
11491
367
12474
14359
6826
6134
6588
14084
6802
240
16028
18414
3969
8776
2345
9950
7459
12239
3099
15550
12319
9204
11062
7067
4337
871
19497
15173
12807
14489
8970
9676
10624
637
7677
1802
15572
7003
10596
15873
8129
15672
3051
7056
6046
7664
4977
16541
6105
6290
7078
9641
14875
5115
8515
14458
6207
14122
6150
8595
1281
2140
12199
19602
1918
6048
9918
7212
2870
4082
5578
16930
14988
14574
13860
19345
4266
11514
11591
14755
10659
1609
19201
5583
8645
18758
2558
2535
14602
14455
8704
10147
19657
10032
5394
18216
3993
9325
10691
14045
15632
18210
1832
10339
4469
13544
10100
16894
8966
5968
9941
3380
19147
16227
11812
9344
13859
18702
857
8092
7622
5603
16707
1484
10994
3981
4961
359
5185
5953
8807
19467
16092
6920
12024
5290
4531
1852
13640
9296
15822
12750
2225
2672
8257
7911
11074
5508
6638
8656
6003
19761
12682
6746
253
8411
8637
9980
7436
9579
10172
13697
13670
6444
15068
12186
15093
2435
15847
12526
18329
15557
5155
10969
14016
18029
2288
19551
15012
16014
12487
12072
10509
6441
11559
5639
4470
4775
9330
15893
409
10213
4983
14601
13642
1777
3197
19918
4324
5390
6693
18317
10195
12949
3724
7203
6863
16047
14366
7035
14744
3895
11313
11826
9723
19543
2096
1572
2664
3108
5189
19001
2259
15287
15568
19457
3314
692
6127
7596
7239
643
5715
4405
588
3746
154
1666
9602
12116
13013
14890
2216
14381
1765
11720
12589
14188
15259
9122
12334
12188
7448
19489
15398
13215
4849
15667
10149
15006
5770
2312
19138
14747
8317
10129
324
2695
14961
9011
15800
17768
732
5207
14367
2621
11219
8885
2850
18038
704
6650
6438
18018
16622
19024
4933
2056
18126
6176
13124
1828
11844
16773
19385
19250
9896
12712
8450
9683
4767
19144
10985
19566
5180
10685
2117
3128
14135
181
6524
8618
9608
5434
6838
11276
14206
9366
12884
4130
11283
11449
5974
2650
11883
11832
7267
18257
12159
3344
5587
12311
9655
11356
799
11079
14395
6477
17828
1798
7149
1378
13847
15017
2399
5690
9342
6123
17754
10922
133
1402
5854
11051
3979
7036
8300
4649
4880
18471
8441
8451
2370
2918
11474
7623
1543
4567
19677
3859
5577
16234
17500
5987
8796
7380
12034
16471
15103
16431
14498
10764
9495
14985
15871
6059
3190
7666
4043
5999
9349
8927
5924
12953
7399
10668
9958
4750
9058
10075
8
11820
4789
7701
7337
1518
293
14354
5243
608
10584
601
10914
10160
6685
4438
14900
3159
10767
9959
18260
8888
3995
755
5973
13798
11056
6288
2253
13472
16760
15085
15981
19348
14108
11430
1724
7204
8875
14796
8304
11528
2557
6998
5325
4311
17398
7361
6862
19594
1064
17576
18183
2681
13954
14843
11697
6597
6737
5357
14829
14905
2780
3969
9254
18204
14433
411
5413
4716
8737
16150
10904
1222
10351
14166
5147
12244
1314
7368
9054
1392
13619
9153
19958
6221
3854
11950
9557
1217
5580
2944
8412
10281
17535
13960
8319
1010
17521
19767
5127
18807
11310
7927
6367
13907
335
16450
1810
14057
12895
9273
12538
13567
11978
15945
18655
17129
19575
2426
11443
15675
9791
8818
13732
16905
4610
15986
12868
882
16440
16460
1563
8618
851
2606
16808
4120
8576
14894
14620
8695
11627
17369
3383
15351
3988
355
17285
5110
4208
9958
19835
10976
13981
2594
16788
8533
17913
17400
2241
11123
12364
7224
1099
17541
13785
8337
18948
17534
13135
16130
14679
6977
16583
9979
10278
17648
3425
11075
16937
17990
14635
231
17113
6108
19947
774
7510
2338
17054
14153
19766
7699
18812
16070
9539
9926
19895
547
11212
5689
14255
5903
12799
13141
19044
12912
6570
5319
4874
13268
19129
18811
17863
6854
7505
7860
4904
18389
19434
6765
8830
15716
14863
8844
14197
17799
19589
18503
9950
2637
16609
9633
19508
2453
12508
14122
13032
2186
7176
3678
16280
13859
491
16926
13908
13848
13568
11780
11963
723
9329
2908
6461
6500
8968
18466
3089
6089
4009
5413
17650
18231
1328
8804
14494
14683
6886
11064
2871
4211
11153
18146
9836
10166
17649
16019
11451
15294
19102
10578
10083
8248
5499
7647
11223
16257
10815
12232
184
19203
10155
9003
4989
18317
15502
1576
15360
14957
7330
8305
6608
377
518
453
9936
13553
468
1522
2045
2047
4646
4265
16798
17528
6432
14656
13883
2069
15469
4365
12052
9778
6519
2355
17902
7113
8458
16751
18297
2369
17448
17622
11791
1765
13507
10183
17078
9804
3032
4121
1384
1395
3457
8345
3296
5290
7887
608
2576
14785
4383
9631
8208
14467
897
7651
7148
7565
12786
10678
11737
1809
19920
8845
8872
9841
10886
9366
9638
237
4705
16120
16965
11549
10435
12367
7266
124
16965
6141
3915
16719
7063
16677
15869
13011
3178
16045
5511
6896
8503
14245
12156
17006
13902
8653
8250
8384
6158
12021
18164
5822
13761
18795
11608
13977
12051
19604
12939
16945
10102
5806
9169
9575
16682
6346
12526
14547
389
4904
13615
5785
5693
9914
1302
19246
3925
2875
3458
11341
990
13113
11346
18666
11566
6414
16800
1071
1318
11830
11006
11429
4766
7455
404
1347
14597
8917
2986
18187
2936
8116
11263
1955
18351
13784
3572
13772
3288
17179
8643
15396
7815
1714
13877
8515
12981
8696
17145
4220
2444
2662
1373
6889
19633
13008
16514
10345
12716
3500
8629
17908
11605
12661
5595
13124
8212
3414
10304
19501
4618
6107
15495
3176
11592
11092
12963
361
7873
13242
18880
4614
329
6293
11746
18687
15310
15268
19812
6677
14805
12525
1811
19757
6933
11400
4051
10205
6763
417
19015
17824
10300
14811
18979
7044
7395
1067
12175
749
13825
18048
8883
14668
18518
4611
8145
9061
19334
9591
1090
16691
10294
2239
18781
18424
14003
2971
11551
7570
5904
5680
2772
17957
4665
14244
11190
2293
13212
13773
11113
9578
17232
17244
5985
2226
790
17825
15879
13627
17501
10446
15490
19681
19202
12423
7731
16441
14618
14470
18728
2208
18336
14638
11200
2922
9974
166
8670
6076
13682
1871
16232
18002
7275
16215
12713
11169
689
19944
18257
16701
14305
12735
8092
7461
19283
15562
2199
12553
1544
19528
17485
14584
6069
14951
15264
13934
14854
5806
9866
10672
3928
12095
447
8413
3164
6628
17123
16512
14842
9635
7078
16088
12250
11568
9836
18528
17479
15812
12953
9364
6459
1840
12733
2468
16958
17352
10706
1081
9117
12843
2570
6449
12716
7894
11331
3217
15610
2638
3092
2839
4264
16525
16929
6207
12073
6426
9912
9467
1944
1052
10753
3081
7851
11137
13245
2448
6077
11428
18753
13660
16185
1217
6807
18574
9905
5081
2600
13129
12008
16318
11196
14168
15972
14271
16284
14703
4386
9893
10525
3902
10206
8163
11988
11106
15168
3275
5087
13406
17455
18767
1332
5452
19023
1912
14397
1360
13335
13770
1859
10871
4210
14471
9791
12
18178
12740
12848
7805
242
6332
12615
19173
16497
19082
16510
17774
17026
750
4722
17203
19868
13819
19047
11730
15155
9095
18232
17303
11607
2348
9905
14589
2841
2903
19820
11670
18237
8146
4821
6389
13870
4357
786
8330
7297
18071
1372
9246
18808
14309
9383
10500
11744
12259
14191
1149
15293
19833
17250
6132
9294
3314
7222
5350
10849
9066
18002
1236
747
16482
19632
19540
698
11728
4603
7442
593
15232
5901
10559
15799
848
12754
19911
1519
3322
14604
2104
1102
15545
1460
6753
5820
6479
3965
2077
9301
6559
355
13468
13751
14816
3542
13317
17109
5060
17151
18458
19140
17623
16744
5841
1107
8606
9983
11706
7768
1669
9016
14912
5228
11305
1156
16163
9775
12346
9358
2381
7218
13301
10305
16817
920
201
14941
1701
14879
19944
1575
4322
13003
1033
3260
13727
7924
17872
12714
8802
10452
2647
18612
17886
10828
2414
17523
18521
8017
1489
6018
14935
15454
3725
8901
15391
2008
16839
9652
5490
14335
7975
7970
7605
7458
12142
16948
10798
13899
3003
2722
14784
6389
8052
18147
19312
9020
8026
8990
14603
9795
16819
633
11306
5500
11149
15740
17705
181
2363
18995
18110
10502
7004
5414
18246
7811
7421
19414
2207
12528
11996
9832
17188
7682
11663
4787
15181
10491
3641
17848
6154
3133
17502
16814
1038
16256
11921
7571
8843
19369
4010
7232
14826
14007
1670
12529
6820
11984
7093
17339
15728
13774
1322
16405
11551
10732
198
8389
4105
6150
9452
16675
14988
10203
1662
5121
7055
2330
7398
4771
19298
4838
15653
6770
19198
16539
17315
7934
739
10954
13346
15526
14003
19245
5125
4931
11102
11236
534
17750
4298
10751
18760
18978
12766
520
8556
2393
15091
6126
4096
14993
17584
13871
29
1845
17697
15335
13246
2591
16876
17689
8245
621
2408
8441
16801
5621
5008
16552
9172
14598
12588
2616
2656
9879
15975
6239
13380
15988
10115
5426
6822
1449
3498
19196
9911
16493
7167
4247
4147
8223
4516
13503
17125
16256
17077
14020
15745
14385
16756
16593
6567
3759
1421
7830
1507
13950
19407
4661
7059
17496
1694
10224
1497
7115
18919
9113
1220
2526
3120
10646
11433
6785
13647
9168
13983
9311
2842
5915
19778
5391
15227
16012
13035
15110
5913
2914
15447
17169
18259
7837
12745
12894
13953
18067
1649
14030
11400
18785
12106
12507
8700
6514
3230
2314
2005
17793
11709
14082
14681
11497
4346
3997
4014
4933
10429
16337
15989
5939
12942
12717
1076
112
15868
19170
3032
17931
13003
5147
13201
1345
3938
9252
15701
13493
13166
12764
15623
9276
9149
15151
10210
11779
5367
11319
7549
4141
7559
3658
4294
5454
14838
4081
752
19210
9541
12422
1094
1961
15782
10906
19613
2149
13915
334
6421
3222
6872
13710
6018
2431
2518
19741
2214
3191
14806
13129
16630
18016
1907
6015
3522
9944
13769
317
10076
8700
14408
13153
15864
12011
11996
258
14061
6011
12958
14689
2595
15083
2007
6889
1131
13500
9251
10948
19307
4083
15578
18192
2923
17910
14367
4013
7356
10342
5675
11092
18039
13164
2688
12618
8827
9112
9005
1235
9256
10393
19450
16275
8783
9835
19225
4943
15426
18584
19133
12715
13041
5704
18218
14974
4865
7207
6788
7429
8021
2550
18720
19994
18170
8325
6421
7241
14521
14534
15317
1614
16810
14156
14565
12872
3731
2686
12473
11416
10816
10379
14303
3825
3661
3761
8757
487
5204
13374
9359
15821
14374
12608
5376
15423
13203
18647
18409
1987
17528
15860
2566
11477
12352
15435
1665
7592
4967
5891
2142
8538
12907
3653
10322
4233
16813
18723
7407
14029
13011
6759
11206
10466
18742
9407
5705
16245
10376
704
3
11862
16069
15574
15231
8072
17695
3812
7157
4909
7555
17533
19937
16818
13541
11145
4286
19945
8911
4864
2193
11069
1825
6915
12561
19192
1558
6656
19739
18595
2322
5620
12915
11451
13397
9970
26
4141
6296
17245
3490
15188
14334
12794
10975
8214
18515
17690
15178
13000
8096
15065
11007
15333
242
8294
16657
7338
4294
4220
10445
12584
14232
1180
8697
12464
1301
5635
12415
11966
10898
15555
1744
9630
14913
8906
154
19078
5697
1987
19987
9350
11203
7623
19702
4908
3681
18167
19474
4363
17031
12768
19474
5321
14980
9223
5991
7355
4668
11763
4743
9550
1019
14768
1098
6216
8512
12565
9595
11625
6289
6168
12517
11819
12194
3425
12746
14010
14248
1519
9874
12095
13320
10415
3808
17588
16727
11592
666
280
11345
7298
16457
5126
6080
3150
15572
18365
10242
10325
19665
12501
17989
1698
10758
270
7043
16086
18329
7912
17009
756
5282
19582
7085
15706
18414
16952
19963
16399
17861
12355
8774
2585
14414
18315
8148
15419
208
16032
9485
15947
13055
777
11077
4728
3021
5980
10672
16162
15138
3350
10125
9948
19825
11627
12996
5076
15433
834
2395
4464
19755
13058
12899
14454
12969
12403
14023
17134
2443
1934
14206
1383
16224
12628
4229
19917
18089
13186
2830
15374
1360
10216
18716
8200
82
8388
5112
16549
14778
7423
3053
15689
17390
17294
12612
17262
13191
6755
7851
13964
19227
7294
8617
5804
13460
2232
1651
2874
4527
11783
6894
8126
8720
16815
18294
3608
18785
8778
17731
5012
1423
6236
10175
17800
19317
11460
15263
9193
1549
14660
11015
18155
4034
17846
11828
975
1426
17621
12931
6122
14361
3535
19251
16921
13985
16238
421
18646
1161
9404
8259
10324
11930
7132
11438
8210
4246
8391
7257
10220
18203
19772
3448
3049
8308
7638
14201
19344
3208
1970
16342
10881
19135
19575
19319
8127
6525
13056
1383
43
6053
16715
16443
14253
12135
9962
17180
5942
15377
5179
15582
3192
4501
4520
9298
17750
6105
4336
13050
4153
4920
4006
15764
14313
17877
6276
12000
5481
15413
16341
12118
14166
19234
14897
6430
2366
2975
18321
7819
9214
5378
9457
5296
2547
2146
15063
12608
8785
6500
5358
4955
6183
10249
18521
17606
19595
19431
17291
2818
10304
14703
986
9775
12814
17035
1966
11197
15010
11282
3651
17882
7355
13877
8159
12438
4870
15147
6725
16722
6874
15785
9492
2211
697
16506
13290
14650
14627
12674
4653
7079
10133
16072
15115
19029
19041
13134
7767
5165
9971
6024
13744
5864
12354
18660
3399
6756
995
11039
18934
15788
11228
15373
8033
697
14378
5354
172
2206
11935
6978
6478
6125
19328
15102
10926
5710
3525
14746
7393
342
14908
11009
13777
212
13643
16905
8729
9391
9241
19191
16672
17180
17955
5752
10136
8825
14788
12872
16351
18074
1410
6865
1365
14864
7960
5699
16604
10890
634
16436
3685
102
1792
3350
4255
11439
18024
19839
2897
6191
5118
7260
7999
15270
7911
2769
19619
5528
20
16323
18652
6366
15700
18369
6898
9706
2413
6409
16742
10523
5140
18964
11237
18968
6984
3926
12738
6397
17820
8694
19446
428
12576
889
581
7051
14983
12341
6716
11263
11752
5249
2835
13816
15151
9300
12613
18960
11572
15876
16363
9934
12793
4891
9497
3067
16035
2429
15349
2749
4429
7948
5161
1646
8026
15796
5818
18172
16403
9931
671
11159
12715
6824
13075
4086
9754
8012
19162
4312
8725
17977
1211
11489
19686
18698
12256
9489
11676
19604
17476
8087
18100
1215
2674
13889
2999
13056
6865
9461
3796
17467
8779
17361
14274
18444
515
17484
11294
4915
14800
2582
16466
9208
13643
6953
19797
12996
3554
5155
2313
14686
12696
6828
9266
14939
12218
10073
9773
16187
18569
10981
4021
6393
5314
1153
19598
17364
6386
494
2987
7267
4621
13502
18377
19343
9938
193
17852
8053
18461
17732
2660
1093
11979
17393
15231
15725
6065
9075
5700
10238
15955
433
10182
16850
926
12152
15373
6150
11146
16163
10405
9787
12390
12350
13065
1852
15698
144
7692
8385
7575
15219
8054
16992
19615
3540
5360
3505
15907
9374
11689
2297
2048
5747
19054
19260
9904
7717
12340
4783
17477
6875
12273
10869
17103
5520
2937
4876
6395
14280
7685
16968
6341
19594
19850
9806
13629
12409
13281
10962
3127
14742
14570
16006
10303
4713
6305
10811
19183
17977
18420
14329
7738
14936
12326
15926
7777
691
15208
16960
17286
1612
561
15622
16140
410
16563
1046
7124
8955
8597
13073
2294
15305
2730
1331
8205
7940
7156
2781
11854
7462
8382
11350
4774
15867
2895
16053
17067
15028
6667
17552
16707
9684
19946
3695
14788
4263
658
15903
4305
957
1350
15892
2247
2145
8011
11227
16545
8827
6061
5753
15170
9016
8988
11410
9793
12176
9935
10192
2801
7979
1152
5049
18761
69
919
4864
16461
18856
6601
7116
250
5528
13724
12608
19779
9626
4196
13931
13407
14325
7149
7067
85
4511
4225
14232
16736
19869
19520
9216
18060
14388
12073
477
18013
2623
8240
9824
1148
386
16727
8789
7480
18771
9498
9696
14219
6567
10978
1200
7344
7347
15160
936
8886
17096
4242
343
14216
5840
6373
19487
13101
3140
18999
15207
19538
13762
8374
3900
9548
2885
7077
260
7300
15314
14277
15987
8324
623
2962
15824
13531
11477
10781
4107
991
10416
13346
18985
2956
5918
16674
6421
15980
18388
4131
17873
13510
16402
18668
10828
15209
166
18180
15955
18039
5073
4772
5997
14902
9430
4825
17144
18666
3356
4254
12078
6076
16315
5058
18402
9795
8263
5519
14604
4796
19798
18486
13256
1563
12463
4547
6495
19967
1205
19632
649
8508
11901
3948
10173
186
4278
12401
17876
7984
15366
8187
15076
1136
14338
12127
19053
18120
10652
19585
6465
12628
8367
6196
9490
1212
5651
5001
13264
13445
19983
8184
16838
19404
18636
14349
11167
14012
18770
6498
4102
17761
308
5001
2855
11685
19541
390
4718
14306
11475
13106
19325
8691
13913
10757
15570
13170
18972
15532
1125
11700
2591
2118
1560
2123
10766
13337
4247
6975
794
6235
5321
12323
953
2462
9041
13812
2581
6756
6784
11951
16034
8407
14475
11957
11258
19612
19713
12355
13800
742
19021
631
8815
5615
5903
5721
12721
14944
13143
14189
9312
14048
2408
2736
15712
18103
12032
522
9377
9053
6429
4997
19332
4332
11081
18348
11579
18485
48
2322
13692
7422
7550
14956
12544
15465
906
3834
15504
16197
11226
9573
9195
5680
7564
13515
18077
3615
9072
14458
10898
14896
6426
12479
6054
5400
9416
9671
16596
18117
2249
12695
16493
18758
12339
6394
9715
2643
5516
18831
10267
2727
19004
1212
9783
3245
16192
2798
17349
14745
19019
1037
7438
17387
9754
15594
3219
3550
15961
4227
8952
11241
17881
10372
14682
2238
8252
10889
13175
4745
11070
18527
19565
11762
9260
4430
15114
745
3866
15164
522
3215
12078
17827
7151
15642
6542
11552
2272
9082
14072
10637
5146
13266
5612
6354
15523
19824
8263
11285
5561
13140
17329
16639
10675
10129
12349
14677
2968
17819
18179
9474
14177
15880
754
18828
19262
2626
412
16383
18917
63
18814
11949
3249
6819
7355
6170
12432
16983
14156
17908
14461
3721
17754
15586
17966
11560
19005
3551
669
16685
3786
13730
14656
2023
16817
15389
16796
9117
2853
13819
14819
6732
5260
4908
5289
10790
8645
2218
10358
11515
11714
2767
1411
16332
19334
18556
8922
11651
12722
1042
1077
10567
16986
13906
2064
5446
18552
19786
10533
6536
11282
9731
1708
14172
9911
3420
9233
516
1182
7722
17348
7976
9849
584
13439
14975
3589
12467
11417
2412
19576
8524
13177
12017
6209
11665
9045
405
8654
2672
11064
4722
17420
17521
13288
11655
3927
13306
18946
12690
11867
10470
10732
18021
16630
11962
15711
2065
18525
12811
12008
12825
14168
11198
6935
9939
13526
9583
3870
6026
3998
1926
454
15614
1556
6196
3375
16289
752
4562
7082
8599
1106
10819
15015
5586
6319
13052
2873
6019
16131
16997
10789
7941
6882
15665
10733
14222
16791
6175
9152
4738
12538
19967
3209
4601
5517
11107
11653
15287
9878
3569
11825
18183
3566
14196
4423
4510
17314
3403
11311
16630
4235
18730
694
6297
9945
5846
676
12438
9627
19909
9586
11343
12854
12099
18700
7929
5057
12271
9243
17695
2038
17361
12114
566
1329
18518
18349
7314
13789
8505
14302
16248
5940
14639
10242
891
19507
9921
2384
11273
10578
5536
16374
1948
17455
9650
3209
17441
14693
19728
11746
4304
4194
17896
9097
16827
8682
10451
8124
8316
19488
3868
10772
19164
2568
7531
12252
4552
2764
11580
7600
11555
15375
10320
19383
5504
15921
13194
18320
10332
11609
4713
14219
12869
6795
4742
3592
18126
10935
9909
1407
11822
14165
10711
18631
1680
9013
19389
14958
8344
1069
708
17100
4614
5730
6401
14543
14880
14847
11610
17035
6109
18688
14091
6656
15391
6194
17598
2953
4456
11745
6570
3065
2575
3487
1758
18978
18353
11949
8584
5889
5477
4548
5086
7648
75
8412
19353
10615
13617
19038
18215
783
5640
11232
10674
11235
4451
4068
8645
62
10135
12515
511
1376
10264
7422
8959
11863
8610
19955
14473
10548
12862
14905
17725
17758
12891
11134
19
17651
4898
16362
5051
17242
14397
158
12121
11874
18327
16648
8559
12471
1249
8861
4669
7886
2964
10006
13535
9285
10449
17247
2330
901
3279
2181
7723
11869
12482
2695
11080
18388
12320
6009
932
7418
19658
1147
3805
2943
5028
15314
17631
15482
16462
3939
6382
4616
18818
4737
9956
982
19110
17239
19229
6605
17806
15258
15448
3361
8680
9133
14418
820
4268
7670
17528
9316
16877
16361
3198
10775
18790
664
16881
18932
5441
15607
19113
11925
15211
12055
10198
15406
9316
14687
7903
4518
6258
2269
2146
11750
19153
1748
5331
1492
3367
646
5578
10476
7114
17436
18969
16118
3823
18575
13601
19146
18792
1303
19217
8122
13763
12335
15439
743
9990
5910
19712
5304
19192
1017
4398
16891
1580
80
11706
14561
1045
7719
2993
6746
15382
2094
383
15274
3053
5481
2428
9170
14425
18404
1423
6912
19447
14919
11852
4111
19131
19487
3907
17427
5885
5080
13096
4924
7498
17538
8673
18852
19733
10051
5454
15056
17578
4294
1730
3782
3624
19283
3935
13887
131
15624
10038
11600
17818
15211
17558
10924
12725
11317
15010
17208
11414
9255
10921
302
5426
8832
4110
5011
19819
17418
157
5126
9453
15135
10092
6857
2308
130
13386
3550
6648
7123
16086
3222
9680
7937
13344
13230
16211
2040
959
12129
3206
15504
6151
12246
11723
9809
2948
4295
8655
4622
16016
4324
15679
3183
10337
556
18643
10897
19840
2250
16216
143
1294
18679
12831
10585
6337
6410
6040
14368
4898
7541
7649
1475
7694
6172
14773
5521
12173
11084
12392
18425
9917
4563
7759
6317
6837
18342
8555
8639
16575
59
3188
10417
13220
13018
12107
19
13593
8948
2244
7396
4134
18746
12920
190
7007
3320
4331
18169
7118
4627
3485
18973
4561
2900
15987
10484
14486
19685
14640
563
8292
12560
2059
1936
2042
19668
5941
9202
17037
3024
7376
9674
18325
13797
8723
4985
6309
1690
7660
6719
11695
18153
1135
14509
19181
9929
15375
4313
2267
14635
13609
5649
3745
8337
12198
15762
3091
5649
11142
18098
5774
2574
10403
9452
6199
18378
1407
19137
18245
7394
6754
3489
12632
9850
19074
10254
14484
11080
8780
6293
19166
7442
15233
10116
19703
13087
10511
3319
5392
19758
14743
8870
17247
1671
18269
10872
15797
11914
10608
10294
15648
17229
7940
15747
19064
14155
12731
7346
3327
582
884
7906
18636
9381
10873
11516
10261
2477
4741
18647
6545
12605
11392
14159
19352
19249
3044
4253
19775
18529
10489
3164
2585
9424
19719
305
1729
1930
2161
1254
13939
16236
17167
18937
15463
291
4529
18801
6737
5652
12867
633
10318
2730
7287
1350
2981
19690
17958
1579
15179
19724
6741
665
16218
3507
10693
2074
11812
8254
7913
13941
13436
16362
7840
19048
14796
4481
15356
15794
2055
8740
3115
10754
6748
13707
5814
10141
5899
850
2287
1804
11120
5114
7644
13706
2808
3714
17627
13112
13762
438
4831
3435
12791
14748
8129
19996
952
19063
5640
7435
6624
16609
1594
17172
8023
14318
10564
13181
4830
1029
1502
4326
100
10544
3582
19278
268
8395
4218
19006
14864
2076
4204
19673
17083
12658
18031
15939
17794
16866
7334
10452
3207
9353
1034
4010
17228
19326
15681
15931
6731
6622
17294
19836
14155
10229
4613
13694
11972
345
7071
310
10931
2253
6266
19206
13381
6513
1338
17591
19351
8151
16967
7175
17813
3229
2817
3534
1709
13346
18357
6113
13912
12412
17719
9952
6777
18947
6558
8589
18541
4918
14076
16584
11861
13391
15621
14246
420
5623
8662
13186
2362
7109
9027
13031
2130
6430
19560
3487
12482
10833
6923
10799
8419
13332
17502
11010
17727
16772
1885
17100
16240
17304
4035
17526
18430
6602
14013
3056
17932
4687
9731
7636
18600
15917
4376
14214
16022
11916
5005
12977
10103
8525
10889
2063
18401
16408
10334
8936
14437
3703
110
12968
8506
13341
4194
15238
9191
13259
160
10072
17417
9588
8554
8689
7388
15207
18954
7323
10724
12255
17004
11998
11814
16578
10311
15343
3235
9907
9959
3837
8586
4998
12157
11731
13044
7280
16395
6301
4368
9190
990
10773
5965
16593
6257
12539
8886
5233
3413
4384
16629
11500
11608
3012
7075
2443
16767
20
11247
13846
16115
7469
14627
5210
9652
4090
10110
9365
4207
2018
8451
15806
16594
3683
11029
12495
9144
9569
12655
10506
7497
16570
17164
4148
6779
16111
19249
9264
13863
18037
3383
17404
14599
3989
8472
11085
16201
10564
10082
6856
10772
12050
2965
14218
19304
19715
7633
12504
1928
14900
3846
8077
16267
10161
11540
4934
7539
11552
17897
8965
1390
15174
8987
7778
15011
18378
1542
4689
13756
4051
15627
7827
600
13913
8934
14496
8407
10062
3076
2826
11467
2423
8644
13399
2178
7267
2988
16894
7670
15710
7319
6626
19728
6070
1518
17564
8210
1449
16812
8488
4093
1967
14045
7922
19814
5742
12860
18000
11743
260
4120
19306
16060
17803
13429
17348
14517
11412
8512
14146
10346
15701
1964
9981
2418
93
14010
15251
11100
19735
19992
19774
19499
14301
10487
2113
12032
5904
8515
16527
8553
7689
3875
8775
12787
15149
8590
5302
18649
10340
6490
7192
18217
3998
829
7932
12984
13206
14282
5601
14939
9719
16025
10601
11447
17754
5052
12171
10555
14449
11567
15098
3643
2993
9261
13118
7037
1727
4074
3173
13948
6949
13670
10925
8582
17947
1864
17237
1997
14370
14384
11834
713
3146
2547
4885
2525
384
7828
19620
6984
7995
8208
17654
3421
18738
10503
15042
15501
10632
8807
933
14235
11551
13235
11736
6042
12592
3322
17297
4339
9826
4759
7306
3125
13878
17682
16138
15576
13581
488
968
11172
1185
17554
8918
2775
3629
6354
16149
16683
3823
11780
4614
770
16297
8679
2976
16304
15184
8528
2186
1866
8520
11897
8071
2041
16839
8858
13546
11730
15997
17228
13925
6607
12353
7589
16722
12483
11480
3182
3885
9560
18304
6508
12074
134
6966
19723
9863
3585
2671
1714
18029
788
10227
19977
3986
17016
10007
14918
13332
12007
4814
15559
564
1787
11641
10011
16311
97
10150
13927
2554
9513
6090
16108
7420
15208
5358
11776
276
5217
12785
6643
18135
11613
16160
4051
2142
5318
18179
10153
12849
2858
15243
270
14643
6174
4608
6346
9005
17195
6896
145
17518
18623
16340
3786
7138
607
11473
10124
9221
16320
7492
10526
10614
5501
16767
19693
7028
19315
2775
6837
820
18570
17735
13601
13868
13893
19462
16446
19251
3938
780
1402
10001
2944
7428
9810
98
3498
8358
5583
8090
3962
1079
5118
7512
5496
6494
10885
5252
11558
6608
10659
9753
9134
9652
12869
3720
18399
7594
18654
19448
8412
13719
5871
14469
8226
876
10771
9401
14291
2906
327
14464
12545
19659
2431
12415
4129
1795
4777
9754
2413
127
7563
456
13569
3059
18925
6651
3960
7108
16202
11467
3357
7028
5460
3855
7277
2219
5310
1298
15899
14184
17096
16102
3655
13485
4964
3014
11546
16398
15922
16071
10473
13680
5755
7333
15460
972
17702
7428
848
1069
11500
17995
7049
15985
4378
3565
12161
19785
2003
18400
18112
8305
148
8049
2620
1962
18637
8885
19196
4935
1919
10698
1947
15956
1715
8320
16619
4119
9789
6161
9642
11572
8383
1519
10866
14406
18354
9695
8430
10067
164
53
10428
16411
2115
11854
14580
5155
5024
1796
8939
5945
14363
11963
3953
12418
7329
19813
6520
12835
529
19251
11260
9891
10677
8704
3239
5969
8702
19195
14236
13375
12356
12327
15731
13213
8643
9286
2131
13692
18001
4187
7706
11773
4122
19302
2719
197
5542
5944
1617
17877
1072
8953
11839
5558
12350
9660
1616
13381
9749
6114
19030
9951
16117
2970
13013
9526
12950
6780
11723
13911
13742
1482
8033
17310
16356
15004
1743
10251
2636
14869
1346
10604
6476
16346
9508
7880
4933
16607
14075
9038
3945
14061
8354
7276
7848
10828
16517
5187
17075
3345
10468
7528
8317
15529
2276
12816
2263
4568
18976
7583
10950
367
1304
8289
4844
7577
3392
7792
10837
7546
4011
12358
11070
3028
13145
6254
10543
10990
15474
13783
15077
2740
9652
2199
19759
7168
8104
17278
4731
4419
16024
6814
6126
10901
15037
5031
12466
3744
4739
15773
5166
1430
10363
19390
7252
14272
7104
17421
5587
4547
3718
5518
1412
1782
554
10483
13500
13944
1347
10795
3976
1104
16289
5031
15609
15471
4133
3983
18061
11538
2288
5796
10023
2027
3832
1288
4535
19573
4528
7146
11880
6913
12324
13814
17994
17874
10329
16772
8592
4589
19177
4829
17993
11926
12952
13198
3203
9217
2506
8068
8117
3036
4010
9464
971
10018
2369
1807
10160
17860
11995
12260
11329
16785
16763
17955
7494
13640
5520
13096
7032
18114
17941
7511
8237
13465
19309
6529
18008
19693
537
12553
10639
7287
9216
8553
13291
4392
17871
13714
9560
3223
5841
5690
12556
18887
13030
8769
14582
3993
13199
1814
7331
10055
16189
12746
17211
3789
5501
10612
19359
13611
14346
14302
9569
9878
16274
17639
621
1179
18772
1769
19378
4972
439
15342
18575
4794
6845
10922
8446
959
2579
1894
6932
15608
15096
14710
6640
531
18736
16881
1643
10855
4011
1200
13863
8868
16815
797
10802
9794
11461
3259
15827
16916
19810
16586
4925
11761
19849
15310
19546
14523
19218
17375
2584
5889
18223
11781
19761
12403
698
2972
17971
3384
19932
2841
13094
2629
13544
1640
15819
3985
17000
10435
4741
3011
12872
9289
13444
17010
13267
10319
18282
13364
19742
12248
17308
17669
12902
16992
12440
2074
10561
1575
12905
6116
224
1166
16861
6889
3774
2814
13953
1102
8414
4514
630
1451
9193
6732
4262
3269
2994
17832
14295
15590
5410
14012
18883
4275
10988
4922
19290
5853
1551
8163
16601
12316
6088
15575
4539
12104
12021
247
13173
7926
16759
11597
18852
15473
12216
17288
19391
19471
12928
15250
326
15495
15026
18273
10055
13324
904
19226
1858
6856
1696
4865
9368
17102
6137
16179
32
9722
13641
16769
1589
17830
10134
8684
11377
7065
16198
13124
11149
18056
8623
7743
12882
864
19989
3087
13974
12249
13988
3884
17592
184
11467
7510
9550
6168
18723
15526
10243
2029
8357
12819
9076
5177
3312
5116
9005
4053
15932
3765
14015
18526
10381
16728
219
18858
16127
4961
12924
15117
15076
12277
16380
17739
17652
3464
7641
14820
15867
12861
7016
3667
13604
12151
15441
12815
34
14812
13738
8372
18614
18349
8364
7582
15686
10761
1900
5529
2869
13512
17665
8791
593
17793
15860
19975
16306
19898
10805
11282
10462
8865
6510
18518
18264
16154
98
19985
6854
12789
13567
16102
1159
18571
15335
10108
5876
18025
14685
13331
15228
2329
15919
5668
7094
11254
90
2890
12473
7995
4207
14538
11564
6311
5252
9218
13248
14009
11483
5315
7122
2077
18776
13753
10599
13168
6999
1263
17533
16403
13568
4924
12336
14224
6090
2561
8446
541
1887
2253
11750
11722
10115
5276
1390
6609
14077
6699
1326
3512
19299
8107
5819
14516
17825
14613
12443
17223
10521
17295
2967
19917
18740
6137
215
19842
3817
14439
17279
14637
6746
4586
18279
6166
17806
14218
11436
5618
1732
11278
5338
12311
14357
750
15095
7552
9352
4091
16787
553
11626
10945
1894
19129
1174
11215
9994
15701
2431
4712
1673
16228
17432
12386
18204
6537
7849
7862
9850
11954
16108
4
7185
8149
1891
1336
16389
17997
19157
7535
11954
16936
17846
11873
677
1092
16110
1022
5609
10060
11271
12259
1684
13986
11484
8855
12633
10855
308
7420
2256
4539
15511
1885
413
12087
12190
14592
7416
9508
11101
12755
11679
2522
17160
18699
12746
5308
15148
12253
14630
5300
6637
16934
15025
1516
3356
4342
17623
14254
986
16191
4755
2065
19659
8882
6540
4727
11240
10514
9392
13371
7507
10134
12532
1177
16918
3279
13280
7636
8179
3477
12046
15047
14631
15870
17234
15504
2810
1242
19202
19314
10706
16168
9832
7315
3181
12358
10674
392
11195
8468
19265
18285
15831
15052
1660
16675
3260
8112
15943
12963
6225
9182
5734
16610
11273
10109
773
16296
2891
18503
16645
2807
652
18136
9109
14892
14605
8692
4908
5159
19029
1018
1377
16515
19214
3333
3718
1428
8314
4067
14262
7391
15518
19726
9582
18764
11893
18411
795
15615
40
19984
12625
2221
4517
5954
17597
17721
19475
8487
17130
10425
13584
10873
3411
1681
10005
13734
16697
10662
13548
1680
2953
15368
10857
9207
18616
14902
2519
18224
11674
3644
11135
806
1939
670
11233
13974
18188
11373
4235
17821
14939
133
14121
10383
18770
10680
3707
14630
9318
19886
16043
3924
2822
8453
4600
733
10899
2748
918
4406
6447
14498
16047
4775
16942
6004
9503
14162
14052
19548
2973
1841
10495
14854
11423
3838
14060
9289
11308
10499
16658
14134
1480
15911
19835
6166
14500
19330
16305
16803
6390
10920
6376
7861
11657
15691
12210
14230
19578
2186
18726
17719
4430
19553
17617
19317
5460
16918
9594
407
18569
19182
8797
12941
276
11387
8438
17121
2827
13146
18816
3472
19896
11835
6795
17451
13576
18730
14762
8798
3185
9388
17577
2082
11870
2921
12738
1269
11148
18464
16141
12904
16899
136
16429
13595
1746
16393
2766
18656
16526
3415
18123
1594
9568
13210
15987
7260
8884
13576
16169
7941
8804
16715
18433
3684
3298
3300
7438
3769
12221
6915
1452
13079
7479
16512
1012
11297
2039
2936
14088
10509
7778
12851
5324
4241
13070
2802
9182
11944
13624
19100
19077
7926
10745
5844
10940
14490
15184
13479
2161
8355
9020
16096
6758
12079
14659
19371
18987
16275
5116
15655
4476
1397
9544
9721
5885
10928
7332
2829
4911
16343
12843
17817
536
4855
12589
16743
18482
4980
3632
3038
16996
14503
1650
17717
17281
5330
16416
13331
2661
2935
19528
15364
5871
15104
16165
7924
15828
13293
17234
12126
10735
7308
791
5288
9138
8084
17956
1138
12827
209
11636
16591
17772
2827
3344
7345
16335
14043
112
3812
16079
18889
10545
17280
11692
18492
19096
12430
3477
15543
15695
10510
4325
16133
7310
16445
12406
14567
5621
10306
2206
8159
1483
10263
18194
5675
15063
3203
2
19904
7979
15398
7272
5297
4805
4720
18168
18262
15334
8332
2265
19005
14288
3477
8957
4445
12752
9961
2585
2980
1307
19368
12640
4140
18079
4613
17155
16988
13188
13159
12793
2652
18777
9088
11257
5468
10468
11449
17788
11706
2282
18063
11031
13491
3511
1975
5642
3249
13051
14460
12971
2992
8898
16387
15628
12332
5507
12316
17753
11061
12932
18305
6041
11721
10493
13110
8859
11419
11504
17916
10737
19680
4819
14699
14730
2311
3774
10733
5853
16635
6673
17757
16562
13990
11561
8906
10233
9564
2873
5509
19099
14645
16728
17707
19156
6459
13095
10850
2616
11806
8809
9842
5736
18622
557
15989
15115
4282
14384
19602
2748
19985
17622
18454
5420
7699
3527
6479
5697
4592
15388
11847
11474
1418
12271
6112
749
2102
1119
15015
17788
4110
15370
7351
6376
11403
11069
7997
19635
7729
16913
19791
1756
4982
17320
4352
4580
10091
19647
18001
9224
1037
1566
11282
3257
5844
13809
13868
8319
5192
19525
17566
11523
14661
5242
9019
272
9897
4862
19517
13693
6673
11399
19535
7949
14798
11292
4633
13325
4843
1460
2808
13241
1414
17009
9170
18696
514
10235
3848
9522
369
4637
13110
4715
2695
6356
3011
14684
7296
16165
8890
13534
8984
9064
3060
12208
4838
17868
14259
4737
13728
9747
604
12297
886
8137
4492
4624
7360
16743
4078
13756
3400
5475
19958
11351
6405
6847
10070
9099
4358
16616
1424
16795
16861
9887
3810
9816
17517
14357
6306
14954
13905
6801
494
10175
7984
14838
13257
13109
17630
15510
9723
9114
13833
14352
15357
12366
2624
15971
7119
4952
10550
12226
2685
15124
3897
12551
16183
3312
15691
15269
12344
1233
7707
11472
736
15176
3157
553
10073
16739
14417
9769
11639
11369
5335
16272
19907
17454
4437
791
4892
16447
13650
13858
11302
9744
4032
9492
3006
13698
11787
16461
14815
17993
1795
7891
11629
1253
18911
5586
8985
18521
15873
13538
16829
4129
10278
18907
877
10366
14100
7526
11333
15699
6871
12713
10248
1682
16978
13014
5284
17218
6624
12301
14702
9563
402
9884
6330
14065
10497
11326
8013
374
18465
13319
3021
310
18984
6375
220
13748
11723
8246
4458
18472
2147
19519
12861
14667
7930
7747
11669
15926
6739
7135
10219
17764
8674
2966
1656
5118
4479
19047
12311
15856
16264
3798
9997
3021
17110
19055
17580
18643
13042
17847
17425
12598
15995
13097
18790
13998
5569
2736
4982
14526
1611
14537
12438
10247
11319
6579
16155
5199
11731
2153
5904
7776
6649
8514
4611
5872
10705
16148
3034
13060
1020
17673
8347
9004
13540
5462
17266
12874
5890
16810
10575
13617
11602
13209
2286
16028
2241
5561
10165
15248
6608
378
7902
11266
7569
335
3708
18197
14312
602
14362
6912
3103
5547
8544
12638
7732
17220
540
7355
8449
11046
1121
12294
12903
3420
2878
10949
19039
784
14716
14922
19466
9347
10077
7261
10034
18657
3931
9383
16705
1647
4045
16280
7590
1554
7335
11536
12687
3538
14161
8919
13220
14902
8508
19090
11668
19155
13298
8918
758
18615
13927
13460
41
1797
1451
9502
17228
4862
15028
19281
14558
4800
18472
10541
12077
13751
13873
15128
4049
2567
13123
3237
9470
403
18540
15280
9590
15805
6961
9375
8463
11418
6049
725
17962
10763
18999
9061
10211
7314
2775
8203
2383
3965
4584
15651
10282
17398
12004
14323
10212
333
14909
14
9232
19572
10121
9829
2851
14360
6214
8941
14678
18940
9827
17402
798
19463
7970
1089
313
1141
5538
18160
19119
7562
6682
4125
15590
14765
3403
2821
12263
9933
14604
6034
19877
16459
8519
6334
1566
18669
5447
1757
11409
7619
7286
5851
1865
19574
12471
9446
6610
14398
2033
10507
19303
10505
19186
12316
12550
3943
9557
3150
18020
15772
2306
3967
15283
14559
5958
3569
5375
9372
15155
3772
16420
1008
13703
1023
5722
11327
12775
9194
5010
7693
17135
14890
5404
14701
5551
10258
11408
4424
9264
12076
11027
13492
3087
17564
7231
11008
14335
1878
5374
16521
19100
17916
11754
158
13883
12928
15901
12203
9199
16235
3241
16661
3231
2465
11836
8755
14614
12493
6819
11280
2134
14096
5849
16323
9390
8856
8880
15156
7399
3557
14795
7670
3599
9867
15808
12128
7919
6347
3946
4225
5159
5205
12487
13853
10054
1623
18201
8732
12131
9543
32
8344
1003
662
18613
2427
14557
16
18626
14143
17368
11987
16997
4182
1907
15158
11364
2824
8413
16143
17000
9295
3999
10962
3171
19486
3330
16173
12005
1515
18386
12955
19881
6698
3442
543
619
18869
15795
10627
4554
3327
5749
18795
7293
3079
3265
4860
16955
10125
14366
18164
940
9443
10213
6613
2127
15159
7363
6915
7898
18269
17889
2337
19500
13300
9381
5239
13314
7300
7557
18500
15815
9112
5868
19673
8895
8199
9523
18968
8177
9544
10132
161
12022
17208
6489
11834
5737
2135
7291
11536
5194
2432
5738
16177
4885
4738
4058
13792
8287
9662
18595
11211
2641
2839
19447
9052
5576
8664
7813
5490
10832
16497
4173
4561
18947
18683
12153
11928
11653
4445
7846
3683
5906
17925
8608
9050
4712
15566
9278
18729
14739
13152
16824
18494
16572
5133
6500
16354
2602
16216
11332
16988
7459
16681
2708
12254
5214
9441
585
1621
17858
6824
1928
3349
10716
4493
11182
6033
6108
9041
279
12912
14538
9640
4663
13866
12518
15013
8824
7323
8029
837
2205
15756
9131
5931
18280
17240
3091
10299
5037
18269
12722
13540
12833
14014
16313
840
19185
6447
399
16637
6531
3008
3042
15718
16331
3116
13869
2085
15792
18665
10372
6750
16913
1545
6045
15489
11701
11757
14793
16942
18500
4814
9313
1977
505
4362
3056
6920
18693
14904
2107
2666
4414
1585
13563
4000
4372
2802
819
5779
1161
19370
16523
5301
5104
18384
8835
1284
12093
9625
6588
2057
12575
16313
3069
1005
8389
14386
5338
440
9049
17355
8505
4118
19076
4585
4568
10416
18743
6208
12024
8678
9874
6769
19093
6646
12840
4327
9391
15568
11006
11989
15257
5662
19427
1659
17732
3205
16108
15778
13385
2514
3312
9225
13270
9156
13349
15781
439
11249
5083
7118
3017
17798
18827
7414
12383
12371
19133
2624
17195
16993
8038
10463
1689
6978
7618
13185
9108
3585
11518
19310
14575
18670
14882
111
10012
19946
12006
3312
5925
11796
13648
5472
1720
2977
18120
554
656
11000
11496
12303
5474
8022
17509
8980
6889
8438
1335
12703
10120
14001
13123
4872
11049
14725
8853
19552
251
4933
10668
506
5186
11529
11
9467
5551
3709
3910
2140
14755
11287
8659
14246
7728
11787
19732
4515
16717
12544
7465
1276
9653
13366
8973
16907
2899
6226
11427
12475
10874
16003
5151
16083
3264
14147
8
12493
17580
6375
3275
2841
12328
1381
1680
9388
9593
5122
6936
13135
7181
12839
7315
8991
14433
9112
6588
11967
1341
14367
14951
1312
19043
16846
3892
12638
14186
15902
1595
5405
18804
1038
4819
14528
5942
6188
17429
6564
1225
19553
12513
7156
3832
8801
9703
4944
8404
10959
274
3326
10936
15419
9526
8521
3189
13759
19973
1324
4835
11005
10427
9241
12644
14061
4062
13476
4690
9566
17617
6841
10739
1698
9932
11382
5809
19439
18082
7202
17729
6667
6999
13591
1433
11437
12694
9391
2692
3634
4839
9154
13357
17038
6055
7017
15260
391
13912
19044
3918
10451
11755
19097
6081
3962
2464
17966
9502
15934
8533
2206
16581
1794
9137
13496
11389
3502
2939
4190
4076
15462
6295
7771
11327
4558
1939
2974
18801
5456
15088
16672
3657
15859
8124
2439
760
13513
11216
8391
1811
10745
8372
19394
8057
11131
2391
49
19920
4544
14284
14169
10040
6829
2758
19876
16914
18586
5392
9060
1816
12792
13263
11652
14898
16861
11987
4924
15054
8755
17980
13495
5950
431
16760
16315
4653
19739
10735
10262
4391
13265
11251
6872
10410
2177
17913
13537
11732
146
17757
3365
7662
14675
16212
15729
2752
4485
6558
6717
3611
18999
17421
3024
15339
2083
467
6976
15816
12469
940
8602
1392
5633
4942
9017
5843
13120
9571
328
2224
3918
8004
17740
2363
12928
19733
14629
16343
3028
17386
11350
9763
11594
7133
14384
6138
11342
19918
10351
11959
15819
8963
19181
10110
18582
5702
3104
2686
13675
4787
18967
4242
13158
4045
6246
14361
18048
1941
14227
9950
19667
9361
5986
15088
6327
14138
3508
6569
1223
9429
1810
551
253
8638
4366
16772
18437
11258
8438
13933
6294
12431
13106
10050
7358
19952
9808
19636
13518
16986
7275
11343
19956
1242
7249
10461
8029
2517
2752
16856
10819
9848
18655
2982
11093
6499
17223
18835
9937
13407
6050
1089
16769
6809
8731
15297
12329
19553
18233
1052
826
9271
12742
8669
15703
17428
15515
2829
8805
11267
14265
15084
10343
2273
3721
9673
15282
5819
10838
8324
12171
933
19143
14240
15269
11707
19065
8887
18431
7827
7907
10648
7466
6310
7006
1871
13679
18412
2343
2064
14229
5800
14147
11741
15391
14148
3187
5566
14749
14252
19663
6783
13614
6977
943
298
18759
19393
14199
11982
17812
4546
18321
14399
16984
12270
17062
15196
3007
13986
14034
6887
18089
11152
1065
1909
751
17332
19612
2003
4454
8395
6406
15652
5475
17750
17557
13200
14715
16710
11657
13077
8021
16060
7574
10954
15121
7134
5200
13117
19501
2355
8331
5464
14949
3730
10569
5771
1929
513
5681
258
2935
6680
7544
17970
15266
6892
8025
4484
16175
14453
530
11206
18764
4693
16953
11887
15160
15010
13380
13013
4482
15046
9996
14566
9412
554
6473
5456
17383
18261
309
12523
858
2002
19090
10406
8123
1568
19972
5974
9024
18552
19608
3924
18017
5004
13980
13165
18499
8531
14934
12220
12692
11169
12459
16706
2820
10885
1679
3582
12040
8037
8071
19171
16914
15935
8878
7511
2777
1640
11011
19070
11829
9031
10145
7013
6519
4752
4607
2647
6133
17834
10761
980
12570
118
14882
12319
18921
14323
3902
17106
6687
11279
1817
5320
13568
13546
9322
15255
3590
12430
16588
13728
18165
3664
12267
17164
1865
6277
10546
7713
16945
1160
5578
10179
10770
18799
780
5833
8926
13563
2302
16994
1219
12050
10395
2768
5281
16670
18090
2064
12626
16791
729
16467
14031
10373
16902
6610
1246
9493
9392
19020
453
16165
8878
243
4756
19165
11498
3696
16614
2961
1591
18941
4565
6283
9044
6415
13534
3365
19708
18245
10454
2880
12795
15100
4136
2412
19077
8449
3146
14923
15465
18969
9318
11409
18221
8415
18189
14841
8439
5413
8891
10611
17397
5663
18050
15730
18605
1170
6927
16331
7342
130
10048
6275
1960
3306
18645
7874
11983
10827
17045
5523
11756
3026
13672
2448
2558
17538
17801
6986
14200
16524
14035
13814
18214
13905
6178
17706
13419
10389
15903
12035
6673
11794
6749
2224
11402
9685
10662
3648
9993
4836
18045
13000
10405
8588
7997
11957
13029
14926
5574
11520
8288
12306
7738
8375
14480
18238
18602
9593
14641
6057
7518
1890
19868
17268
8150
2309
1271
5469
10630
1916
496
2478
1904
2125
9217
818
6918
1008
17168
14626
13844
10193
17935
8145
15264
2912
13099
16455
5870
8596
8895
9322
6274
3949
17670
10103
3789
11624
15242
9109
4726
9510
5137
4003
7950
12677
5784
6434
16966
3140
10317
17493
19126
8462
17516
1521
19441
4478
7691
350
12618
12661
3746
10463
12790
16939
12892
16566
5169
925
18130
14190
3683
15732
2853
17932
42
11274
12970
5272
5572
18891
13444
8309
312
11132
4467
17587
6246
18293
1711
13687
19816
8622
19791
12140
9930
17112
7401
7458
12263
14406
5480
2659
5450
12326
8198
19351
15534
10770
9527
9214
5817
1447
784
5157
7977
11547
14301
7419
3375
5691
11031
812
2451
12145
15620
16526
16479
18409
12531
13261
3237
1928
15258
19509
7178
12041
8768
15347
7939
11348
15721
2485
19961
16521
4399
1918
9091
13626
12122
9386
3065
11911
2693
18023
5719
5845
13221
4672
12950
1448
5561
14134
11066
8033
1094
19827
12593
10933
2920
18124
5951
11100
18744
766
9877
16758
2902
973
12328
5488
14567
14071
10245
994
11347
10060
9225
983
8600
2529
19828
7430
17643
8371
19137
18305
12020
16872
8509
13513
11482
2848
425
1020
527
16689
14528
4138
4661
5543
12434
10642
984
4970
16257
17629
10536
12817
12193
15083
15279
3390
19359
13071
11000
12668
11157
445
3203
5839
5398
19321
7105
5226
16368
15476
5211
7672
18306
14497
9152
10304
15845
731
19822
1541
17485
13330
94
18515
7172
7099
4261
14905
19286
8399
1900
14671
1954
16374
18844
14761
19534
15240
17332
16125
15780
1971
18755
13093
1862
17973
14511
17455
9408
3001
14377
7543
2084
12403
13890
16048
14603
10511
9145
10905
16835
15130
17025
18505
16806
18405
5253
8363
17081
12582
18752
16086
14353
17788
3977
10358
19917
13259
16143
11225
15135
7144
18186
8256
2933
15963
11581
19513
1053
17670
12918
18058
10761
7117
11221
4727
3158
11712
1104
18231
11157
10993
18895
8374
17073
11808
5157
11052
11472
4263
13434
15262
5959
17960
8079
21
6044
16077
10080
2890
4039
5865
15103
19809
8365
11058
15885
16900
10781
16932
15256
15636
3028
15329
3342
429
18597
7275
10732
18778
2099
17192
10605
6416
15346
2606
6471
3027
7298
865
7157
4547
13182
12176
5376
8159
2408
2710
475
10797
12512
17022
6704
17905
5564
5239
15192
3896
14854
3125
5445
1839
2617
2265
17410
6247
7582
12243
14848
2447
5327
3691
16374
7471
12097
19833
4028
18324
9254
14894
6335
1388
11028
16780
12277
7115
17545
12237
7621
12998
6773
16372
19819
19205
5947
10526
9858
9994
15400
15487
3264
14576
5682
9454
14926
7234
8684
5621
17077
1909
6649
2010
2740
1513
16305
14434
11925
13387
17277
14893
14569
13671
16706
4771
5648
12303
6966
874
16474
15029
9602
19502
18417
18246
15597
9197
2587
4213
5856
6714
19180
5607
7
15762
2073
613
18566
257
9422
6019
12937
4852
3692
18622
16324
18125
3386
14669
12539
14410
677
11323
10808
440
7268
15495
2440
10379
8884
7823
2331
894
15249
18962
8780
5772
18634
26
13968
9103
16547
17210
19874
7535
10037
19403
1906
1313
19400
14705
8000
14621
19715
14517
5644
17174
10958
6837
17990
6882
14334
16229
12765
5813
241
19887
19820
17439
6897
11601
19204
1206
465
17401
12276
18331
12054
12179
757
16496
13624
7247
14606
6699
18026
7750
18080
19771
5429
626
13518
6837
54
12910
12404
18860
7366
523
15673
18225
11109
1539
8387
13529
18463
6533
5035
17433
13008
2246
7403
129
7057
16571
5384
5343
8602
3641
8917
7575
17054
1484
18202
8084
18654
2724
18972
15601
1541
3430
6097
12105
9886
12391
13120
15788
12876
17870
15748
4809
10
10332
17984
16510
19389
4329
15209
16224
16721
2659
19526
12604
18887
4128
4909
5793
8703
13624
4492
12474
7327
13220
8322
19994
14152
9550
4472
8965
6737
13415
16942
8171
5811
16348
19140
8180
1736
1802
1054
949
2229
10047
10924
12072
5567
17190
15622
19220
5953
6374
970
5131
12584
3377
14703
15879
11168
10304
14
12080
8468
16014
8756
11562
9086
1001
1450
3824
6205
14827
17068
17816
9393
2507
2942
4719
2763
17159
19723
10832
17251
6128
17112
3952
17286
9314
8906
3053
4312
1683
2547
11322
17770
9981
5466
8252
15946
6979
13912
7684
3631
13422
18545
19254
15452
14937
3126
3359
14282
6037
1462
4321
11626
14293
19276
9845
571
14698
4323
1725
16714
772
14774
14969
10127
15330
16709
17644
8949
607
17714
5372
6205
11760
18789
14472
5452
1518
8248
10399
1209
13049
10660
2109
679
2544
19896
19967
18317
15542
3982
3851
4040
1198
14097
19764
789
9933
2234
10141
7809
4391
347
15769
7705
2278
135
13924
18220
14948
10557
2093
15781
950
293
6120
17510
5853
15076
8237
5483
16844
12582
231
13204
10429
10503
3452
5618
14317
8077
339
9100
8432
6395
11981
3027
18567
3548
1188
11713
5202
2511
15515
3032
12077
11125
16857
1014
8138
15293
6482
10037
10116
13339
19763
12081
8682
7169
3328
5711
14062
9817
11843
17664
17599
582
15773
16170
5365
10019
9730
2075
6869
15922
10523
12696
6369
3363
113
7303
12535
8500
15065
927
1446
11251
13099
3379
18244
9372
7706
11869
10080
3984
8929
5681
15988
2399
4102
17588
15754
10235
7038
14426
144
14626
16687
13262
7207
3965
7588
8517
15516
203
12983
10966
5816
19103
1253
10041
5863
4025
10970
18759
4623
14593
2198
6383
11876
10292
18945
16338
625
6758
17653
14574
13179
14367
10742
4647
16807
7384
18150
2894
3772
14313
7543
11039
11642
8564
11357
2509
3220
8583
6404
15303
15685
18239
14224
17123
1137
16336
8579
4912
12191
10017
7075
11766
10967
17034
18259
4801
15211
4888
3917
12157
4948
18382
17140
3069
5214
18886
8876
12193
812
17107
10435
18558
13842
14461
1306
16492
17776
10150
205
5205
520
19330
10263
17246
9885
12657
11643
6326
5416
11472
5874
3802
8968
3757
3531
9837
80
3942
5716
14714
16278
2732
1316
6221
1822
4039
2151
8771
11774
91
9322
13612
1511
1692
687
10393
15662
7781
9755
6736
15398
838
12488
14559
5220
12013
7285
17934
16669
6026
970
4817
8210
8679
6012
3577
5476
6409
11586
17658
3683
15941
6476
4071
17438
8186
3879
13917
15290
19224
3534
5949
9684
10948
6164
1757
18925
10384
7549
2726
8104
15820
15378
9396
1409
1852
19294
8637
16604
976
15347
16729
5065
1873
9414
11943
13457
1920
12557
14972
13109
114
18183
18487
7060
349
16202
933
4104
16982
19344
19781
651
7287
18800
12790
13648
7903
6257
18965
8894
11861
17403
18736
256
12857
15695
10143
11202
19422
1523
8512
14204
17148
14771
3887
3957
14929
1207
6776
7677
4484
18655
15488
3799
19878
14355
16655
6937
2464
15904
19883
4343
14828
19037
16532
10412
11766
1208
411
1849
19930
8995
13088
2927
3515
15984
16704
7100
16834
8345
5864
2625
12331
3090
15957
14870
15478
12955
14519
12788
18970
18963
12486
12631
3838
5399
13465
11737
18733
4794
8822
17408
2122
4732
17895
16791
4111
1980
10720
6761
12482
18749
7387
16178
3484
14798
13322
12857
14164
5624
10861
18898
8557
13929
14459
17101
11409
4793
15372
8223
2220
10067
11454
12488
3433
2929
11457
3961
1600
16125
18218
6
17564
7790
420
15641
16452
9234
10313
10740
6714
11485
1218
19616
13151
2148
17347
9989
13416
637
8923
19663
8018
12658
10695
12436
18905
18613
7839
9003
6772
5037
17235
17155
5348
7059
14339
667
5210
8311
3012
5163
19088
10855
2592
13015
16596
19283
2882
4578
8507
11523
463
4710
14888
18302
15583
12532
82
13920
880
4075
8759
3643
2385
16430
18022
7849
19657
1339
3585
3074
3684
10854
11427
13533
18709
3604
5323
7911
4137
7028
15234
10214
3462
2938
19861
18938
16492
683
18895
13825
9944
8574
7687
14169
8009
8142
866
6243
9367
12475
19097
1399
3943
19076
19620
8715
10904
18619
2098
10952
14832
12304
14692
5805
18915
9138
12342
18635
14226
7692
19649
18640
17570
11231
14033
13169
2178
10040
18113
10886
11362
2531
5033
9668
7069
18970
17711
11911
15880
15355
19502
5654
13189
2117
57
15099
9212
976
12414
7604
9788
11212
7044
13005
6462
3093
2156
14794
7411
5652
8389
3012
14489
19645
1462
12148
3044
13313
2678
2926
163
16842
17011
12365
9629
13822
13401
7374
13604
5639
16867
17242
7213
438
15021
12514
4018
380
16944
7123
9584
6723
19171
19013
15166
8054
6170
11232
4905
2398
18746
18394
15887
8611
571
471
15279
7950
19343
14916
1791
6581
4888
1449
4291
19826
14622
10184
2135
303
17881
19842
7947
5134
19187
10063
18693
10330
3856
816
6056
19161
17487
16675
7349
501
3194
252
2444
3331
10937
6826
15647
12454
9646
6194
4606
13261
8671
18983
12100
508
17240
11009
6205
755
6943
19951
3880
2009
5467
42
17371
16398
14921
11105
13029
572
1415
16020
8825
9104
17812
6062
18236
15981
13183
16306
2574
16275
19275
5205
10779
17950
13751
15512
165
1459
2499
18123
18717
1389
12221
19549
6582
796
1769
7676
9972
14759
19887
17817
3576
5224
13809
2093
2530
11125
9210
3323
15666
9078
5511
8977
411
2833
313
5723
15514
1976
3803
14399
516
11839
13936
16143
4311
6817
19919
3736
8432
10658
3346
17607
1605
3267
8063
6380
18341
16877
6455
11997
4273
16696
5387
8629
13526
16051
3551
4250
5933
10549
13525
10877
967
7573
12510
13409
15249
7344
19065
2378
6855
3195
17569
12669
19289
5417
3792
18499
10621
10622
745
4559
2940
9130
16829
15970
14472
1456
19037
19781
7722
10907
8158
15698
11357
10313
17193
7920
2093
4608
7048
15553
13429
3528
7093
3231
6460
5079
13445
5818
15869
6805
5483
9636
10952
11678
8420
559
10710
14203
7255
10542
8562
16025
3928
13967
9417
10297
16078
11670
11583
17512
15542
6795
469
13188
7808
2656
14596
11387
15349
9028
9987
8327
5763
3334
10257
9855
19937
13126
13086
15031
12774
15718
6688
144
16210
5219
4787
14450
7585
12584
9536
1963
7823
10516
3333
13081
17325
130
2752
14931
11964
8902
17222
16174
11321
14654
1208
8934
92
5199
9951
11287
3417
2529
6132
2351
17806
2189
9828
17615
2153
6707
14991
14713
13727
19432
19916
3595
5783
16281
13247
6194
11557
2700
10636
7880
7329
3492
8900
18099
3922
19357
8095
10215
4024
159
5037
11318
4718
12600
1008
5814
6280
14646
7783
8677
8417
1933
13957
16065
18387
19328
4220
7416
6575
4979
17001
4477
17603
6532
15520
10557
14874
4911
505
3112
2539
433
756
3964
2139
8501
4918
10900
6309
18692
5816
2062
3649
1469
5648
11720
3496
7094
648
12602
5041
497
15144
3689
19418
14186
7241
19192
2392
8002
7903
1124
6653
751
6709
5732
8588
6674
3291
13642
12988
14515
1933
17610
16544
4413
14067
12496
7675
7307
5674
9954
14275
492
17388
2244
11005
7496
14525
9125
10062
17495
12433
9896
4445
8000
2524
15678
3258
15712
3100
6682
18533
19801
13757
13499
8377
19282
11836
13285
10212
10014
18018
627
1694
1265
4623
18565
6624
3098
13487
1197
15610
12069
1958
5412
9460
19494
13864
11966
8759
1863
3601
14050
11742
17659
5671
1102
905
7395
7341
3606
15855
12338
10399
17231
7104
2926
1979
8028
15136
1581
3253
12071
12401
4721
8074
10391
14847
9817
2535
17618
6948
1374
3530
7348
12295
15949
11768
9382
11071
1923
3914
18326
12919
14506
12876
4899
5101
1561
2366
17766
19492
9339
3974
18891
10649
4423
5686
15378
4836
1128
11956
19557
2933
18143
16184
12275
13823
8005
16765
526
16305
18950
16133
11734
15533
13182
2441
908
14875
19194
15629
12952
17622
16482
11522
17965
17179
19823
7479
3082
13420
5612
3160
5888
8756
11383
2684
7259
18861
14289
3796
14473
11033
19452
9326
12645
6236
11104
7593
2847
6600
18364
19316
2835
13575
15295
4439
18932
12310
13704
13552
11072
8040
4059
3477
15741
19242
18590
10114
8196
4039
13801
2722
15057
11116
10670
8991
2635
5831
3922
12181
5313
5881
1215
10621
787
13543
9559
17359
2463
1281
5570
14460
19545
17215
12725
12387
9304
8968
12699
2378
1654
14189
7748
12929
19810
4662
13806
7567
15013
6348
14193
16280
16423
19502
17154
14970
14121
104
10253
11007
3271
5579
18917
8318
9649
90
8251
9870
16137
11124
12787
8150
3803
609
19056
4645
1010
17787
7404
18140
2466
6297
18764
14822
8542
17251
1775
19893
17563
1494
12898
16597
3078
15004
17533
12283
18122
1484
4696
10946
7348
1611
8424
2693
11453
10796
5707
8970
14964
2838
17286
1532
11276
18237
9230
6718
13937
3525
5632
10843
16354
19291
6946
14079
11077
19997
18243
12766
9789
3815
18478
877
4627
11198
17552
14494
4418
6691
2368
2021
8439
5271
29
9074
6783
8652
16145
8827
1239
13297
1429
2651
5764
18095
2595
8539
19431
19296
12006
10826
9473
11796
3988
19887
9713
12067
17121
16317
11391
12425
3303
19889
16401
2385
3064
12346
10854
10638
14996
18953
11533
7397
652
14829
9457
12005
13507
19030
8867
8465
19215
18513
14314
16222
12295
6915
5055
12583
3003
8269
3381
11116
17110
14797
9131
2404
5898
9744
18960
17853
1822
4248
17176
1263
18819
1131
4036
7339
9456
4083
13484
6533
7514
5013
8094
14623
18022
1148
19565
5642
16366
14624
18036
16849
7120
1175
16491
2247
10719
6014
5258
14468
9026
6547
17251
15411
15322
8740
14806
2312
11408
5765
8477
5379
5489
5205
9845
18198
19420
3804
5886
16188
294
19768
9018
3269
6325
1710
969
16871
19553
19256
12016
19518
14329
8979
17322
12908
17184
13320
13572
15149
12827
6213
7834
1572
361
18865
17277
11659
7188
16069
14503
2280
18808
9354
10479
571
10739
14625
14686
12886
7712
13512
522
16884
2573
11626
17946
3537
19459
6238
17995
2773
5103
17055
1163
11493
923
6139
5344
275
18228
14843
7181
17809
398
15691
14747
8161
8572
3035
8723
11435
14003
18195
7361
16185
6631
19232
17443
7055
19765
6290
18673
4875
3737
5379
9006
6216
16878
7178
4731
5674
7754
17174
2427
18847
6600
10281
6419
9643
3031
4330
18128
18403
18725
12816
18762
10175
5762
13554
14090
6480
18601
4839
19150
4785
5955
18817
3482
11333
13150
580
9445
19690
6148
6641
5038
13241
18271
18697
10252
17709
7607
3931
8699
4348
17552
3698
950
3312
19695
4974
7619
6175
5875
8244
10821
14067
2027
7499
8035
8736
4791
8883
2271
4489
16041
8698
17997
4160
6858
3229
6060
2328
3110
18026
518
9601
8096
14255
9556
7204
16128
12057
86
16227
1865
14207
5334
10146
6838
19156
18347
10156
5037
6109
3328
480
10695
8524
9820
15850
5945
18358
2905
5678
10909
1065
13467
1251
8998
4628
3900
1479
15941
4457
14270
12111
18367
8429
7223
9434
6451
17426
9299
4616
15931
14481
12382
9999
6697
12672
5830
1190
9015
13847
12404
13746
614
1487
10336
18524
4536
7730
3753
15420
14237
5333
18560
11211
2384
4677
4843
7620
9859
5816
19555
17622
8115
12884
14994
18332
13901
7605
13085
9019
4779
4971
16015
9815
10061
12818
8333
13593
2755
19175
2220
19070
7222
9831
2679
4687
16575
17320
10108
3811
11135
10163
6512
7274
9698
3213
15599
7852
19226
11415
12299
755
18055
3555
15665
11219
7742
4789
12558
14954
844
4364
8049
4846
2471
11730
818
941
14275
1189
551
16132
8376
15720
4650
12215
1723
16886
15969
5692
2195
11714
3724
19578
10635
16695
13047
1062
19092
15421
12412
7367
18483
4062
9247
10336
17828
19856
13034
9706
460
13076
6177
19230
12285
11584
12559
17641
6552
19782
14561
3006
18557
6717
9752
2436
19270
10930
413
297
10225
12150
15402
5919
8047
5616
16752
8079
10973
14555
2230
13994
14454
4493
12613
16480
1740
16896
19538
19772
17935
6423
4877
6713
7039
13595
3290
9982
151
8072
12759
14212
13833
14769
6274
15073
3905
18140
442
9199
1664
14228
4882
6526
1742
16579
11318
4335
17262
6016
4148
9681
4849
6632
10581
814
15160
10986
10324
17682
7119
10852
10188
7060
19806
12543
10487
3570
4801
9040
8813
16573
10120
12280
110
3468
13930
1441
15932
1084
4336
2228
9521
6984
14815
5450
11726
6877
4603
17427
2882
8004
6540
9215
7987
18690
6300
4813
9252
16258
13181
9605
11849
2520
14068
17247
6122
8844
14927
5651
13193
5842
19110
247
5959
2575
1407
8404
17171
11298
18139
1299
14101
3870
19149
4095
5706
5151
4188
8394
6973
11984
4946
14806
2278
4201
14081
11404
8144
1647
16460
1745
8047
17836
19772
3141
1854
995
6295
19733
9851
8618
16039
9606
7526
1478
7
5219
5572
3791
5486
17079
4235
3083
6123
543
13654
1648
10612
13642
13997
1028
4402
18104
639
13296
14420
17080
13794
15878
12170
17558
7348
6535
1780
19778
11406
8757
10283
2137
3163
3052
8889
12999
14331
13539
3742
18448
8481
10583
4284
11900
16777
12521
17135
5562
17923
10324
5136
4488
10934
4209
7760
3277
8644
6472
2609
18383
13834
14151
15784
311
3666
11810
12073
12512
15361
5627
7766
16576
18042
5186
3532
17917
14917
14530
3054
4497
1118
13560
15257
15344
10617
1274
10398
7942
10430
14980
8934
19300
12513
7049
9770
7233
9110
6833
11597
211
17483
15393
14568
276
852
6743
17560
17494
1796
16074
16097
15467
17827
18549
7290
9634
11128
4628
10303
811
6574
19306
17983
158
4406
3581
15529
7869
1700
6948
2919
10611
5042
4390
19046
14129
11804
6440
4653
16166
11661
5311
18702
18252
17635
2118
2975
6682
2913
6477
4006
5337
18117
2698
15157
12377
12169
5245
15230
653
6481
14613
9720
2651
3292
691
8355
2169
13555
12465
10440
15575
7492
17085
16658
7015
15161
14240
5738
13430
10883
31
10731
8734
9355
18589
2910
17675
2554
4585
7310
10182
168
1049
12100
1514
1122
19139
7047
173
547
6638
18282
1887
8266
3398
5919
10206
11478
18957
14324
1290
17234
9795
16148
14725
14549
72
12647
17458
18803
5712
6950
17039
18778
19271
2909
8647
1683
18310
8154
13580
9745
2177
14217
3064
16858
15095
1560
1562
19785
1956
973
7259
10959
667
11515
16269
12142
4970
16026
17810
12348
8149
7576
1402
12725
13870
7894
2269
4972
18808
1943
2874
8435
11007
14790
4205
7338
5429
18830
8694
15232
10434
12210
8598
13437
2743
4854
9440
17796
7641
10031
16356
18701
16096
4457
9930
19057
14211
4639
2721
15621
18999
9197
4254
14908
12835
11154
1921
1366
8696
18575
15705
10539
11901
9269
2326
1492
3632
3988
4660
3210
15083
2127
14098
13128
8558
4434
6811
14778
12497
9701
11000
3415
13677
10462
2897
2790
12944
16109
1384
9627
13402
2454
18213
10203
16368
13904
4069
4369
14316
18424
13464
8081
14968
2000
17318
14777
7841
6630
5340
8619
4758
12701
2318
3658
3390
8989
14804
9026
809
10991
3938
12808
3572
6567
6313
14922
3855
15982
12459
7384
15387
4604
12353
15473
4002
4593
1087
10332
11259
6631
6028
4196
9499
14088
4822
8673
17172
9013
1002
1624
9627
6649
8064
9565
17552
2550
15549
4637
15653
16397
5648
3084
4361
10649
14717
6556
14810
12283
3333
14436
11620
10594
12005
12678
17036
18058
8115
19356
19118
12909
694
11351
3201
811
9124
16222
9781
8302
10489
19457
9414
17335
12525
15185
7210
15049
1836
641
13804
14923
1481
15070
7435
9631
4513
17428
10653
620
7387
8373
4027
16271
13078
11442
14981
6081
13044
8631
9048
19337
14340
1136
15055
8529
2281
6913
3194
17033
15290
1158
12495
2781
9265
8806
2042
19801
2053
9651
4437
13133
8552
3739
5148
17789
6792
8534
15441
19419
3811
14034
12022
5485
5685
10056
5353
3954
8574
14163
18087
1455
6407
17126
3595
2258
16213
13625
12005
7867
17719
655
14403
16181
19623
13748
110
16753
15924
11355
1987
10892
18524
9920
8298
16961
19733
17595
6896
13152
7750
527
19425
5348
15470
3892
9087
17237
18524
16113
10267
3775
17300
14268
13708
7234
8969
11976
19488
12099
6408
15621
11402
13894
2538
8464
17137
14606
716
388
17610
11150
12104
14336
40
19706
10538
16578
16766
8810
11342
14918
7232
8265
9179
9836
9089
19844
2978
6763
8279
372
13796
11434
165
10603
18392
341
9096
6535
16618
15509
595
5659
960
78
8068
5487
6147
5130
5459
336
1197
19975
14927
9892
12496
6565
16853
1367
12519
1855
13810
15067
12334
148
5257
2038
12184
5303
19943
328
10827
18030
7913
14956
12907
2551
10199
16947
19851
264
15857
16684
17062
4984
10569
3243
9767
12380
5806
5355
10439
820
5538
16805
8608
16468
12376
6312
2768
1735
857
11295
4151
5278
5183
17436
16347
13635
19165
279
6183
1880
12151
2352
8270
5939
1807
3470
661
10992
12222
8158
11629
13182
18185
3546
19328
15213
15721
17708
7899
9902
3758
10513
5058
11319
3772
5996
12432
3458
16686
6504
18521
19315
2526
12904
10060
2770
14134
821
16546
15186
14159
3063
4704
12752
3030
17059
12743
3375
19603
18343
7136
2174
10947
11165
16618
18069
11585
9531
12777
6367
17346
14044
11309
12034
7944
2744
1316
16325
15066
4167
2943
948
4285
144
15346
15982
3526
7101
10144
4404
8768
11025
12589
16092
15589
7362
17349
8993
17002
17355
19859
2360
17217
12811
1754
1154
1545
145
9411
9267
9848
13518
5301
10722
14274
3643
6752
9588
8860
14002
2846
4098
16718
15470
6438
11071
13791
3732
19910
7758
12744
15363
19537
19027
11744
6686
4332
909
14393
16354
14241
12620
283
8362
16003
18618
6157
14174
3230
17278
19132
1060
12406
12293
2406
1871
9439
1468
15643
18378
14596
10407
3234
3284
11976
12354
550
6747
17724
966
13354
6603
1213
17725
6227
9079
4925
17337
19462
7080
2741
18731
9868
19521
9271
12446
2375
1337
7264
11105
8964
5526
4759
18761
16513
14281
14087
7152
14289
551
6304
10299
12339
7887
1171
17374
6659
4604
4441
15345
18706
3171
153
12892
12918
5837
18822
19498
9130
16008
3430
11289
13705
13608
19727
19272
11936
15840
15380
6220
6779
11873
17813
9480
1516
13653
13919
13586
9883
613
16858
8398
7537
3156
4169
1557
18404
12138
12387
12125
9954
8289
11759
5753
10530
5565
5313
1670
8510
19328
9409
3440
15290
19188
15578
4730
15825
12931
17062
10204
18514
3940
17724
11228
7044
9958
6413
196
12175
14279
6452
19070
7348
5953
8774
15605
4566
10127
15995
11504
781
3882
19369
18473
8415
15769
10599
1217
5675
5382
4467
10470
15392
3495
7978
17749
14276
6079
591
6452
12294
7471
18226
14935
1853
1658
4160
10456
15392
16250
5703
15357
10328
809
12305
12925
7958
5679
17013
12841
5797
8174
10490
16065
3506
10192
5002
14089
10271
5081
19192
15521
13345
2635
14025
1369
10949
15637
15003
14346
7057
3399
4899
11840
12909
6469
16188
8339
14867
9420
4798
3000
18375
7383
4442
16268
6287
10694
7506
1615
10174
8051
5429
19728
11479
9803
16214
3433
16288
3034
5782
1372
3457
1814
16121
13294
10425
10859
14243
18822
10717
4605
15707
4415
4269
6855
15999
652
4923
19420
738
14209
3105
9178
6057
8469
15769
19017
13861
4886
5033
10490
9181
10254
9835
10486
8672
1837
15893
2205
15137
2369
5679
12830
12593
18935
12617
15786
3358
3359
8590
18521
12179
11123
4586
9232
8356
19089
11100
4012
806
7008
19908
467
15792
13526
1940
9809
6934
11284
19568
13081
9441
7663
4356
16474
17434
11117
17320
11076
15457
13725
1155
8182
5825
989
10052
14031
8495
10136
4459
12837
2291
3871
16461
8623
19179
4503
1216
19163
17667
508
12913
15491
4255
930
18557
7721
12169
18758
2191
4470
1366
2114
5003
7793
14170
15821
15360
14068
16316
2857
19849
4361
13764
188
9238
18512
14761
17402
11776
15643
17562
10629
3032
5886
405
13792
9949
11009
14945
17690
14008
13997
6357
11846
3199
6725
7575
16740
4640
15716
3658
10165
5040
14839
6055
9739
12906
6900
3395
974
9255
15432
10799
16322
1644
2118
8000
7589
5736
14271
9788
10348
6277
12662
4985
15429
15709
10435
10559
14162
11038
9854
11846
9295
19529
11495
7609
4204
12908
890
3506
15687
17902
13654
12719
12935
11088
17901
12203
19627
772
16151
17134
14450
7343
8321
14264
11022
15387
8317
8898
5915
4938
11805
5273
4457
9591
12779
1688
6984
5880
14802
3785
17777
6702
3993
4561
14000
18070
8878
3599
7294
16615
3251
5507
14887
6733
18465
19760
954
10824
4036
18926
9288
7352
12326
5808
19544
2451
13537
4376
10165
1388
18421
1278
2838
12031
8423
4429
10875
13114
6204
8856
5110
10310
761
8495
6480
14590
19670
13581
955
6942
2337
2151
4412
6425
3034
18569
13493
2245
7988
2183
3432
4827
16751
304
13303
1979
15682
12337
6226
8591
17189
16326
1591
18167
18313
2534
10128
748
8529
14169
4123
6113
3762
3712
9217
14699
4478
4177
9037
9476
17772
965
13037
13606
8812
12354
8218
1463
11914
14866
4038
3740
18996
3277
1826
3005
13512
3826
16245
12070
2730
12905
17625
8316
8052
11002
2169
17554
8027
13347
8237
16688
9416
14841
3811
4950
13932
14796
18769
16674
18894
7897
16044
4494
10179
14767
4436
5334
8301
18625
3248
10035
18736
16550
10246
19515
13289
17442
19717
5282
2075
4257
14563
2600
15351
9238
2787
14232
13657
12735
17965
17891
5560
10929
12293
9174
15832
18234
4953
11709
17639
16607
4978
2352
4400
11778
15890
16060
5336
6180
16927
1332
7034
867
3883
16190
4039
8699
4769
263
17024
19201
13781
15327
14526
6394
13452
9061
13829
19580
16687
7855
3175
19128
13588
15854
10337
13257
7353
1255
9531
2340
11318
3388
17720
8951
1697
10524
10415
12946
11427
16325
8067
13977
8652
7958
19680
13160
2101
17119
16792
12465
1216
7167
14726
530
16614
11965
17731
918
15803
7043
12713
17016
4419
11935
7078
8460
6140
3203
7572
13007
8539
13777
4130
2987
5976
12877
14587
17197
6338
4280
10185
11488
9106
18688
13337
4290
14734
10942
5639
14039
13208
7571
6827
19710
11757
4290
3295
236
7583
19328
3295
14113
19763
7643
6060
13123
10732
8635
16457
18801
15408
16278
5718
9935
3746
13571
18022
13723
18239
6946
16510
3314
2183
3069
3708
14872
623
926
12102
10851
15586
11227
1042
4595
14750
15888
13594
10370
9530
3318
1120
12347
12821
16629
13007
17541
13659
4211
13524
11390
12313
2413
17049
15549
6290
9523
15072
18813
8247
4235
8011
2675
14405
12416
3587
14801
11095
2642
7086
18595
885
8635
11465
16745
1916
16976
3184
13516
7969
15207
4958
10636
13128
16596
17424
851
19621
189
11678
10266
13941
14167
9786
19761
13543
5467
8630
11911
18851
2243
9740
1941
13948
7252
8945
1934
11584
1283
8543
18753
5868
13481
13734
9456
17142
6859
1450
7419
10512
12479
3650
5270
5979
16659
16682
5093
16151
10598
420
14876
11671
11495
9585
11649
1880
11010
9258
6420
10944
2928
8633
6518
10383
2988
1762
17241
12895
16807
12857
9908
3794
15888
6040
305
3616
5077
3996
7608
18210
12710
8613
6815
8871
7911
10922
11804
15089
9326
8380
6335
2803
17447
5280
6649
10892
16174
1371
5647
14794
13499
6821
7877
8501
16528
18877
18042
7030
13813
8183
14483
12949
3345
8364
15055
12191
13958
6625
16905
1667
31
17219
18590
5583
888
18240
18653
15031
19051
9048
5972
6968
5355
17751
3771
5218
16237
12101
18687
3949
3676
5558
12347
11116
4017
2165
17077
11754
7843
283
1533
282
12235
14277
18428
15082
3151
4947
16847
12890
7555
16517
18704
3008
15194
14939
450
5239
3967
17229
10403
18378
13489
19233
14054
346
11375
13446
8787
12503
17483
74
5033
19332
15487
17007
6554
2523
7742
14834
2908
10647
6457
5974
16800
10926
1871
5957
3337
2791
14882
10612
2458
3522
1324
6790
9944
12332
11698
18410
2428
16166
6584
17494
5985
16225
11754
18178
16973
12344
3074
6364
11835
2795
14847
7429
16485
2427
2885
9507
15571
3590
16910
12617
15928
9303
2971
8308
217
8913
13741
4433
18695
14125
8820
8574
13423
6133
19039
726
12633
4114
14470
13365
2454
1716
6134
16780
19669
1026
8583
10265
16210
14748
351
17543
3507
13063
11509
719
14510
13974
18845
12010
3491
18709
2802
3689
2487
19318
2094
15937
14489
10696
8269
5173
7311
16256
16849
11665
3564
18165
19154
5352
2811
3777
11117
19114
3930
4699
18372
8980
5878
5638
11266
17354
5622
10355
17188
13607
444
1342
15263
1490
13828
14701
12786
2550
5293
19080
9458
12652
2948
5063
15670
16618
6389
7815
4617
7255
13697
17526
5452
15273
7252
9518
3384
3809
17297
16748
11941
3366
10660
4125
11524
6838
1373
476
776
11736
17336
2802
461
4280
18605
14167
16936
13726
15699
8525
904
3224
10845
15824
12712
7116
11249
10679
19057
3357
7574
5556
1566
7147
16029
10177
13695
3072
11530
18928
4150
1293
9726
11230
555
17061
10292
5516
10488
17130
2852
12716
11231
14739
13282
1764
15367
12054
7728
1618
18931
4404
7787
14561
12095
6604
1164
8121
17936
4979
6792
6812
19700
12675
10750
4919
12804
1256
2682
13451
14067
2838
3771
11838
15819
10732
9760
19371
3697
15349
3736
6538
17935
16055
17466
10455
13757
7657
8822
9195
18783
11463
17221
13956
1767
15048
7876
4864
17221
5709
12591
15736
7723
5176
16479
17971
1104
3012
3281
14072
4897
12937
5301
19001
3677
12429
8086
8372
11090
8429
15284
12801
16022
45
589
7983
4426
8378
6259
3599
12875
1250
5573
19635
17631
12669
15790
18229
10941
831
3620
1889
14681
7937
5600
18154
13100
2817
4663
15101
16610
6779
1055
14008
17772
6890
17829
5780
7558
14398
15602
15011
7499
19969
11927
6617
15990
1801
12512
9338
8326
17839
3554
1147
19985
12753
5590
5552
5825
18107
2728
19111
16680
19097
14873
18218
3919
16358
17359
9841
3688
2970
7289
15003
9294
12654
3797
1810
4291
13302
14616
1051
14509
3452
5822
222
7641
19397
1571
9732
6094
16595
2097
17496
7687
11794
13623
1863
17710
19199
2514
13412
12252
5668
18360
11041
7245
11131
2997
16346
2040
4235
17047
9620
8141
18864
17553
7482
10652
11901
1132
8147
18526
3023
13611
7195
8752
11732
8088
9462
9902
3327
12716
10827
4274
5704
17720
3322
19748
4222
16814
18691
15926
18308
17258
3593
17231
9045
3051
16882
17970
14856
7000
18627
13535
14370
443
16645
6952
7001
8682
11572
2863
15255
5725
10895
15081
8152
15094
4307
19278
15376
3415
1855
472
1631
18786
6979
1018
15791
4470
15051
116
13412
4524
18030
2470
15121
11450
6638
12120
19981
13936
2876
19698
10887
9625
8502
17988
16543
3660
8558
4632
10704
10112
11582
10563
2025
19923
2598
14862
531
548
9914
1377
17815
3622
17850
67
19323
2379
96
11877
11504
15655
12092
1868
8624
12630
16976
18566
7431
18549
5469
19546
4505
2506
7550
10309
15914
11689
19904
9559
456
11848
1228
14143
5875
10384
16061
4668
7985
14414
13978
3698
14852
1409
5442
10158
17741
17294
12304
18969
11565
13433
12303
3790
5215
7479
7714
6714
17257
15172
19272
1155
9904
18921
4622
12318
3991
6747
1056
14750
11054
8357
3406
4132
10075
8015
14237
19305
19515
9777
2480
13208
6954
1841
10256
19703
11345
5153
15286
743
17628
7941
6962
1122
15348
3129
19060
16985
3894
8019
17174
1166
16343
17710
13287
1262
8518
17163
1809
15099
3955
17948
5687
9095
1498
13798
17846
16327
14095
14542
4482
19171
13442
15243
19617
10336
1321
998
4193
18347
17090
10614
19786
4526
3907
16169
4695
16536
623
12841
14128
11358
12433
8641
17134
19852
174
12880
14255
19771
12513
8973
12256
10854
6210
12015
9590
6969
8905
5859
9345
17782
17389
4075
12019
5547
16744
17914
12775
2999
500
12366
17864
4596
2654
15914
8456
18593
7736
16828
16946
519
13270
3136
1134
12962
12545
19774
8995
13795
12159
2189
13244
7725
6953
3620
11445
2359
2098
4181
13851
2866
14616
8434
4683
11752
8646
17488
3758
9451
2334
19689
8099
10997
12743
2534
5802
9975
9672
17687
9068
8245
12116
10897
3122
16716
4234
8180
6330
11889
55
17940
6474
2240
13352
2916
1794
11622
3496
7331
7983
19115
15302
10208
16727
8703
4786
12362
215
13769
9383
12796
17821
7377
6604
11176
2920
10461
9113
15413
16689
12286
2129
7547
2084
17331
6934
11915
7608
10292
8699
8489
8889
11204
14818
11126
2829
17456
11764
14559
6644
409
10086
17527
992
10495
5787
2188
1148
13817
4379
9312
13022
17867
7740
9776
17806
13448
9618
13719
6351
13244
18450
13941
18457
13507
10051
18104
14540
9989
1964
3235
14558
16637
5279
9864
742
3136
10935
13547
5419
13960
9729
3295
17827
2654
19010
1336
9063
11429
34
16013
5320
11880
5181
11984
12376
7177
7779
3343
16782
6919
10048
9503
17000
17756
7079
6748
5886
6193
6915
3713
6150
12462
7592
6393
11904
13843
17527
5588
17127
12395
14931
7331
2541
17708
10949
5252
13881
12996
15651
5267
6356
12078
566
5307
19093
3574
10022
5001
9664
8818
5587
2026
14951
5432
6727
814
5775
8746
5167
10696
2696
8105
6869
8343
712
680
12484
13510
18150
12546
9820
16437
15111
8241
15421
8648
15672
15214
2971
13053
3987
10454
5960
17264
19323
17710
8223
15466
12953
16254
8002
7365
11503
1651
4078
1469
4875
3233
3154
10123
5623
16990
14094
18894
18119
6845
5722
7312
8508
6598
3885
10970
19259
14705
14764
4218
1283
6578
12702
9734
19405
5545
3864
10439
16465
10432
11280
18657
11913
5432
10656
19807
19543
17760
18530
2237
8835
10729
3976
5674
19014
8581
11358
4372
666
4879
9636
14407
18989
12894
5618
16901
3646
4503
18015
15049
10784
5599
16231
12763
13922
3023
18638
17421
8683
5276
4146
9562
12646
2450
3667
2868
17355
15558
2378
1640
17652
1370
12273
12246
18490
13476
12105
15282
55
12425
14303
3077
18416
17957
19819
11725
5935
7730
5913
281
9313
19140
19113
126
1993
2394
19692
10708
4204
19274
6169
14819
2879
13938
14269
2860
6125
5633
11863
19967
13075
1578
9943
13459
16454
11113
3480
7713
11020
18499
19663
8140
11941
10921
603
2158
9957
1495
13529
18789
5472
6584
406
16324
4217
19987
5495
19658
10455
4867
13178
15309
2364
13321
8327
272
2246
8109
13182
9343
9157
14812
13782
16602
19997
10848
19855
17841
15133
9833
10705
19164
4252
16935
6468
7378
7585
4624
3314
8141
12884
10988
2845
15917
298
16573
292
17450
3268
13330
7451
7101
2347
15414
722
12208
13782
1144
8169
7276
8771
16302
5078
9946
2908
3974
4490
17091
18430
1707
323
4269
3140
1172
1377
6060
8730
3959
11037
4593
15003
1579
16769
10671
14560
413
3172
3576
4005
6111
1824
7430
17078
10356
11082
12087
15303
18158
12864
9171
17422
1300
12162
15187
5220
9689
2998
13460
9700
8822
12329
3444
5499
1512
17603
19155
19422
17414
13863
417
15533
14179
15535
5449
2233
11421
10700
17550
10349
12645
19127
12265
11482
13831
12861
19438
5830
7644
3672
4398
13535
14574
11875
2502
4436
2887
2426
7016
15950
18166
7992
18456
9725
499
18906
7993
19899
332
18371
8474
12379
19776
6902
13825
19652
10795
19628
12450
3282
8927
12504
8972
10370
3637
19385
17783
8338
16162
1602
18352
19176
18653
19053
11867
13883
13338
12570
2723
180
13034
359
16
12545
5535
10725
1263
3842
12339
14804
3764
12765
15210
13833
480
8067
14817
1071
2431
1467
4883
14926
7132
5780
18862
3135
9842
2030
8959
7585
19149
6906
12532
71
12554
11943
4172
14140
7742
2288
12949
17843
5380
5165
14640
2803
19846
10614
10775
8557
11248
19663
16092
4778
13951
18971
5847
2584
8804
19814
5993
8657
19789
15558
13834
15984
6130
7347
6699
6642
4904
18360
10845
7625
19714
6336
4096
10721
10830
6240
14
13718
6622
15287
16931
18911
9162
5590
964
910
13310
11999
5492
8454
10866
4356
10302
14659
3710
10497
13177
12870
3472
3178
3567
15389
10183
10076
4348
4436
18556
6046
2331
4207
2535
201
808
3467
9340
5336
6283
7744
7580
14524
1957
2776
6395
13851
4047
308
14960
2176
2195
12737
459
15334
3901
3912
15412
17649
16529
17068
3277
7487
1036
8307
6589
414
13915
12792
19385
13850
14238
6730
1860
5132
6596
5030
17660
4191
8684
4986
19771
7365
1221
16266
12029
15937
2703
7600
7200
18299
14939
19439
9976
12128
13978
12123
3332
4476
5282
4119
1471
14641
127
12688
5238
3139
13043
19091
12029
11207
16072
8258
16915
11088
7325
12173
17191
19738
7267
13762
13515
11424
11874
4621
2087
2074
6789
458
16482
462
16794
6067
12111
3015
14708
7706
11817
4315
9003
7834
3007
10453
11916
18196
6800
6639
5839
15039
15899
10429
6888
5841
17439
3861
18362
3993
1577
998
17904
2987
3238
11068
15148
17750
9193
19544
4954
17857
10355
11312
1817
8642
19805
2679
5943
2467
6794
17174
7995
2570
17558
17071
6527
11774
16085
8576
5315
15566
14147
5827
9500
11980
5699
8531
7865
14943
14753
3550
13716
11895
7441
14915
10231
11946
2760
5499
13885
2715
72
13683
9703
14506
672
18039
2687
19361
7930
4163
8834
15125
8734
3525
11243
19508
11936
12361
14775
14204
18023
17306
7594
11047
4006
9635
15236
19297
17666
13946
19262
1072
11524
6501
10262
17565
1457
1333
17639
15728
14384
18840
13856
7253
3729
16312
3204
15454
386
14761
4338
18135
3425
16870
964
12273
15395
18037
899
3342
8777
6795
18782
10095
14183
19601
15694
15717
10852
13787
9863
8108
19931
18674
1838
10554
3067
9700
7900
2078
3542
19878
3954
17877
14659
13814
7037
8352
7133
11976
16365
15071
5161
15536
15813
16420
5041
11320
872
11792
5868
16712
8344
247
1754
13377
6911
9011
70
10308
17120
17183
9502
19194
15280
16520
7992
16911
17364
7493
9424
3315
17345
7958
9044
123
9743
2191
17368
17145
19983
19554
17582
14212
10791
7305
18768
3307
6434
18253
8147
1951
2534
14192
9827
6229
7410
1785
7618
1011
8119
12808
12120
8458
3092
11290
15289
6414
3728
9837
3035
3580
12109
9286
17693
6955
13690
18846
7624
19417
12655
6796
6365
17356
8876
5691
7043
11061
18511
13880
4924
14411
9002
3339
6423
9338
9847
12088
17441
1418
2659
15124
11490
2038
19357
11531
2130
6920
3530
12260
5443
5415
10299
12450
605
9091
6579
6704
1079
7848
13292
10384
15759
18374
6176
12675
1164
7116
17513
7063
15729
3992
994
12397
8795
5425
7835
7172
8431
4400
5719
15472
19484
9477
5040
13749
19665
5393
5118
1393
19774
8583
3096
10524
11757
17771
9494
12922
12367
12153
13570
11783
3506
5777
12700
2696
12620
13347
5204
3328
6808
15495
14356
9788
18541
16400
18882
3823
18893
13729
13071
12300
10926
12426
9770
7298
3216
475
3866
12132
4952
5476
10772
16200
16255
2120
2557
13928
10715
10559
3681
14021
6381
10276
2528
10396
3151
14417
14298
8561
16771
5956
12378
3834
10968
4604
19292
14474
2615
12633
2876
13314
11925
4152
16736
2823
12358
12862
9621
17953
13071
13956
2196
8185
17064
2920
7577
7566
2827
16666
13874
969
8487
9982
14505
5109
11516
12793
13542
10040
6903
19472
3201
18413
16702
4254
6622
19002
15658
14108
9134
12526
5940
16622
15007
6223
3441
2551
10933
4955
9091
6506
19588
982
14389
4231
3575
17837
2827
1169
6701
127
6391
6741
12861
7005
9290
16393
13410
11020
13314
6937
9161
3379
14429
13194
10794
14687
15875
2168
11022
18753
18572
879
1271
2763
13910
1389
2978
10974
7599
14748
5994
18187
9811
11199
19687
13816
4413
4636
11339
14117
7140
9875
12763
2865
14389
4780
10366
2256
23
13405
14609
4556
349
4252
13414
512
15794
18676
2188
5299
16269
10820
6307
16244
18641
3897
12758
5664
10009
8775
18741
9081
9784
18136
9850
11767
3932
2580
7029
8773
18224
12007
15758
5709
8048
3406
19762
10992
6214
12991
13946
2768
12697
4150
3030
14816
4826
782
5792
18076
12809
10153
19748
4563
18440
8578
9634
13215
5360
1852
12951
7929
8710
10357
19048
6161
11896
4080
2359
15795
13658
5430
4249
789
13758
2782
8221
12233
13241
6082
13562
16778
1793
275
9413
1228
18558
7696
5786
5065
4165
6626
19261
18815
13
19365
8457
3553
16405
11724
1069
4244
2832
10517
13584
19000
7703
16795
8255
6203
16272
4013
2056
14056
14694
12673
8845
19068
15824
11145
13736
5688
6440
17397
6721
5198
616
1786
748
5373
8506
4179
18325
5824
19540
14909
898
859
3879
5473
11970
10724
1554
7850
7240
9088
9619
13710
5244
17710
13878
9621
17938
2632
5527
1347
15692
17315
9670
1955
13070
15919
12087
11112
2050
4995
16812
9925
7210
7749
11803
18782
15270
6028
925
2369
11771
4547
2340
9918
11895
7251
1512
16422
2742
11573
16747
712
9897
5511
4849
5226
9905
7023
170
13089
17611
15261
5032
9524
5893
5772
13349
19079
6292
5182
12007
7113
12330
3005
947
17120
17894
9917
19940
9635
5198
14083
9071
383
6162
11945
1567
12494
17578
4069
3618
4435
17631
6820
13922
317
5607
6225
570
4102
10521
4939
5010
5045
7453
4399
5786
6289
4049
5439
19478
4188
18543
7240
2666
11258
14502
9388
11189
17329
7914
10647
18715
6324
3774
18671
18545
10000
15636
9842
14403
12357
1524
2098
11560
12228
8930
7842
7601
18841
9084
1336
4966
14406
1110
60
16814
16164
6580
2055
7521
17163
16613
13677
10854
19637
2039
11889
12660
13605
17979
1869
11521
16498
18471
3837
898
1128
15883
3763
2822
1107
5828
18886
19041
12993
6597
14375
12419
3071
8909
12831
15602
14305
8053
2766
5874
15353
2434
19237
14842
5910
11470
6105
8736
3155
5435
16938
14453
18585
19547
2298
13804
1600
18556
7636
5417
5340
8346
13833
13130
16746
14212
3119
3682
9678
1666
7220
3240
1276
1834
9415
6219
8772
956
13586
19815
17897
3015
14440
14296
723
10581
11414
18011
15878
3723
13411
18615
205
3323
282
11358
3520
8510
19398
9047
17458
7167
18060
17025
2494
18444
3974
15385
7496
3027
16544
6775
1751
8414
19215
4969
6775
4388
19621
10426
13798
7711
7842
2876
5787
7654
19938
13910
1177
16879
4613
8171
8899
7632
13303
18904
13436
18771
19011
6489
18689
5040
8564
11950
14613
8713
4054
17938
16968
14273
19094
16717
13229
10063
11856
2257
777
19225
4112
12600
11874
7684
10834
15734
696
15425
13832
15677
4498
497
11875
5514
10760
9213
16391
14245
5871
11340
7039
17904
2581
16485
17762
10047
4722
16741
8764
12770
12050
5930
7698
3179
13365
11313
18193
9686
11471
17555
189
15480
16438
3495
2143
12174
17759
9829
16261
19080
7770
2826
2660
8220
10594
6773
8542
10724
16409
5317
6458
6165
18896
2004
1241
2940
4886
6088
11043
996
592
9142
11244
8176
7506
18509
2760
10439
3501
10690
9358
7425
12503
7249
14198
19274
16392
17756
9179
11684
2125
11251
11697
5419
19297
12297
10347
4978
3803
16889
9198
12688
18174
7846
6439
10994
16144
6286
2283
13236
3820
11087
2135
8901
17755
9825
13133
15677
10254
5736
15618
3739
7394
366
17801
10505
17284
10078
9583
9595
9275
13059
6342
19661
1676
182
13554
1014
14412
14719
11809
3083
12983
19648
7812
4224
11037
6802
13997
4910
18905
15950
11839
12719
16856
686
17871
1182
5143
3721
17731
6399
10862
17891
19749
15192
1568
12658
13143
8131
11841
7136
6558
1606
9584
9927
12538
13291
1540
19158
1327
9761
6186
10815
15233
4698
15941
1228
13940
9118
8190
4098
19261
1971
5702
13772
17951
9189
8171
4574
11452
10888
4973
10177
18425
2328
13877
17555
12001
4222
5959
672
10763
8076
8047
14348
13283
602
18901
10068
3761
4925
13688
14717
5091
2113
5979
15696
11495
13638
16665
15934
9897
3281
12701
10778
3957
13882
18259
15092
15069
17708
10362
18724
13937
6829
1446
2046
4878
2267
556
5260
10037
6024
16145
6943
16555
12288
10035
7531
13576
10186
1063
6148
19897
13886
5700
15765
6775
18001
10665
7279
1613
7292
10738
8188
11643
315
5036
13430
2842
6887
4654
13934
11407
6812
462
16081
3340
17259
18838
807
479
8684
8745
3147
18030
13566
1615
8053
7689
4176
1140
11480
249
8323
3692
19229
4526
13602
15896
18809
3615
2203
3393
1857
5364
15970
8674
14339
13651
16
6734
8896
7355
9425
11982
16058
7588
387
5038
8854
2268
5268
18634
11528
13443
7436
14948
2954
19306
19132
5968
8866
8675
14002
1750
5158
11127
18509
15871
16564
1834
6298
15307
19798
5576
871
4473
16242
8419
13803
1154
15667
13570
12893
4741
17030
16616
5095
13278
1206
5682
19803
2990
17462
2888
1399
3465
19712
16470
8818
16746
18719
3804
17260
1494
15125
2418
17007
5076
15057
991
4891
15497
18845
3963
13129
1157
14131
15985
15573
16503
5200
14152
4509
13883
16964
17856
8202
5374
12755
18447
11690
11729
8295
14542
19533
16952
7927
5375
11819
10752
18980
5410
10817
16362
3823
17808
19923
3884
13399
5673
3734
2881
8163
6161
5355
4648
13524
9321
14171
3261
16754
13798
3620
14930
7542
18445
10903
13176
2440
9322
7720
4046
7064
7973
3007
7766
266
5735
9115
2122
8857
2084
895
16307
18224
18459
9968
6903
1134
9484
8477
5017
10690
8459
11568
15493
4533
2912
5663
8749
12283
12713
2634
1692
16533
7328
11330
8661
11470
8342
11239
9481
5847
13846
2244
7178
8379
4099
4724
9848
11935
12094
8117
7268
11175
16750
3678
11213
1130
11030
843
2072
291
5465
2867
9382
8445
4222
2779
4718
12223
1269
6884
19149
926
15177
2
16770
9700
3674
17328
4316
16574
429
11283
7182
17093
5894
4738
15794
12847
2114
17222
5334
4885
19863
6800
2941
13071
5533
2254
17394
12773
9870
9093
6790
18812
11818
5359
484
6341
19933
3630
14290
8799
9123
18564
18575
18645
1581
1463
6489
10886
10109
7129
13380
12414
9222
19379
582
18657
19083
13222
3305
9176
7488
16400
4835
204
10653
7394
17635
18947
2230
12
10386
6214
19949
6831
19065
1121
11625
17420
18031
12273
5305
13972
1343
15027
13645
18153
5582
10975
2480
8946
5855
4953
12988
19866
2232
4263
14828
18608
4153
14933
3603
15649
10314
19051
48
6344
636
2939
11667
745
14768
15364
8955
7662
10007
4824
10674
14151
4595
10319
19069
18862
6867
13444
8953
11735
12725
13550
17349
16966
1983
13710
3280
18594
15067
964
19195
3484
16693
2441
3821
8213
2480
5342
10854
3105
17587
17387
6462
16412
7291
3215
19178
11222
12096
3745
11188
15663
10635
496
9405
8893
13577
11577
10065
7292
15891
3603
9215
7421
19471
14918
16038
959
4033
14779
18152
7974
1669
11487
5107
2403
12994
9377
18139
5822
12671
2916
13806
11291
19045
7527
12527
3356
2937
11754
16268
142
14594
7042
2544
2512
17913
9301
9344
11772
6864
12255
11996
15638
1367
12309
13003
12280
4320
14984
19816
11837
10745
11536
2137
4433
4076
12232
17342
6548
16761
18810
384
1993
12043
14394
10267
11297
18228
13614
2387
1015
18445
10691
14681
829
15237
10197
12750
17479
16462
6793
8820
17601
6013
5175
2095
7232
4930
1970
9162
3105
3941
6375
16110
1393
6818
14358
193
12243
14926
3292
17637
17176
18762
1440
15041
14844
11068
3338
10782
6139
7458
11810
8468
9655
10576
8340
17364
7931
19313
11497
3001
14293
1681
8396
7102
4161
6814
17985
4566
8334
5796
8513
5035
7831
17459
18636
5254
4642
14299
4065
9222
3866
8998
18856
14845
451
6213
10630
17320
16416
16908
14341
15055
14818
622
7752
3114
14835
9789
4008
7714
17114
12670
15783
19056
2510
13023
5165
9121
8818
7790
6794
4551
1251
8746
6382
19496
3108
18789
8288
5215
5215
5087
6589
727
18140
1002
2888
11638
17115
16138
435
3017
19549
6237
12473
555
2779
17304
18124
1728
17977
9495
944
14728
17140
2168
19569
7446
10643
16760
602
6811
9770
7698
12880
43
14366
4728
19192
18158
3213
19346
6296
5592
3650
10558
6811
17227
12830
13091
4579
19264
15639
3267
16063
7115
15247
18888
18354
4932
13879
18711
16209
11605
17141
15004
12000
8411
16429
13069
2484
18151
17497
11833
5256
17727
17278
1256
13210
1448
7522
3349
10152
11706
16825
13047
12050
12259
17343
5148
16739
18380
18641
19029
11243
12133
3360
19494
11878
7171
12239
19198
5707
13802
3780
3669
13512
6967
6372
9903
18104
16685
16932
2709
1247
353
8011
12652
14736
3992
12798
16184
17005
3621
783
16656
10504
2412
16869
5449
15439
14825
2204
5713
10826
1302
10093
1498
15851
10376
14057
17694
17020
4634
2014
18462
12285
2997
9399
17807
1698
13043
3499
3825
15844
13924
9225
16995
8525
17859
8088
4411
19249
4093
17804
9285
13786
13412
4851
6124
8195
5071
18599
3149
6616
4609
2205
5308
5654
3884
12694
19050
13635
11090
15816
17651
5580
4892
7582
2190
17553
8949
19933
84
14492
3061
3366
6235
12474
5128
2738
975
7000
17199
234
19252
14401
2483
15056
9032
6759
18615
10007
11677
1619
15344
16079
13578
15844
5069
13545
15550
16073
9647
3896
16262
11576
4807
9483
19163
2532
6475
2223
7674
11599
8629
13189
19209
16170
18707
13856
13317
1286
3388
327
7525
17061
1108
6912
7090
8699
4914
19102
7493
3193
9590
2223
19195
15997
1454
15390
15278
910
8309
17407
1252
11235
17814
10186
18936
19440
883
19597
3539
822
13130
3999
10988
7722
10968
2386
18727
6505
6765
13586
4756
17408
122
19880
4009
810
15259
14780
3945
6436
10463
14079
15620
1608
17811
19630
5305
17351
11867
4139
4337
2299
16009
18821
18770
10856
621
19079
923
13735
358
2878
17912
12258
7297
16694
7479
8387
13278
3245
7998
7595
15339
18255
17836
17447
4265
3102
5756
18094
19759
1004
416
13143
13577
16672
9333
4907
9633
13182
17113
7186
15042
16734
6311
8786
5863
13153
6599
13558
18084
12725
4934
13811
12709
8962
8549
14969
13978
15004
18582
16462
8936
16515
8838
2734
7552
310
6803
4333
5030
14745
5443
1641
9018
12134
4320
13743
14720
46
3122
18750
9235
4794
9440
18551
14932
13700
4025
9468
8913
12555
18514
194
15883
4352
11637
15543
12380
12101
17972
16039
6855
851
10812
13739
9180
15292
18195
3933
18492
12843
94
12795
15298
18982
13497
18104
10643
5021
19530
13955
12740
4021
3239
194
1339
18139
12032
12690
4412
13390
8410
19051
12268
19883
17968
19901
1994
4960
13492
6422
10628
11364
2061
10704
9413
13672
4393
19218
8170
9472
10833
12984
9311
18452
4052
6663
9275
14955
956
5874
14463
7268
16830
5187
13414
3704
7669
11639
14639
8058
17638
18102
19601
12761
2681
7879
4663
4398
16863
9385
18343
15023
210
14924
1505
7132
3764
569
14988
18649
7880
16505
13559
6907
15427
5856
3361
15715
14068
14077
9874
13608
17939
2800
17682
10280
4146
1054
16310
6403
6516
15889
17949
17806
15029
1512
10551
15134
11031
2571
14747
3209
4951
7950
7690
3685
2016
13211
6698
12992
4036
12677
12358
556
13540
10771
4424
69
8665
16063
6664
4720
16384
17613
18357
16460
5262
16767
17330
1325
3523
19088
7735
14697
14605
11843
1932
7276
7382
19702
63
15538
6045
7644
9
7208
5808
15138
5858
7449
16834
14589
12759
5493
14244
10243
1725
18715
181
16417
10568
9434
14115
5418
7063
9220
3230
5202
2875
515
9433
14604
6929
15281
17966
4236
12888
3763
11289
6379
3937
18422
19185
15625
6668
6390
14237
11372
7224
2768
6250
7068
1038
5292
3265
15737
17150
17397
2474
1374
8328
1091
11852
2554
5257
19017
14682
15519
2292
4889
2206
18321
15370
15236
15314
15481
13882
9741
9690
9280
17245
5090
19590
10638
13458
2988
15136
1752
9577
4429
240
15718
6708
17296
19742
1812
7761
2544
9041
14837
17090
10795
969
14737
9676
5890
13800
1559
3259
17112
15814
1467
10868
9393
15779
11104
10269
2861
19056
725
1645
2128
10378
4758
10199
5560
11887
949
2045
10377
1499
16365
15946
13794
15975
15141
12862
13767
4466
13386
3093
3318
5680
3564
17954
7680
1658
14514
1016
602
7961
7353
19167
4841
14719
12689
2381
1913
12522
12417
4556
15594
14430
11680
2346
13374
10436
18459
3319
1006
18571
19875
16167
16647
5329
11510
18187
10441
2581
16734
1056
3254
14100
16376
7647
14484
11263
7422
13681
9793
2796
10117
18289
8535
10736
1855
13329
3509
14864
9918
2558
6797
6025
5942
11426
6614
4658
12299
502
16609
12016
2389
12463
16213
5283
631
19561
860
12586
4614
10824
15861
7206
436
8040
17012
2314
2600
18320
18392
14451
10707
15393
1976
2655
15416
9517
2022
12798
14611
18310
10346
7202
19275
14600
19248
1779
19518
14385
2058
16973
12209
12151
12760
19664
18824
17878
6398
186
14756
2674
5966
11083
16893
18602
16699
17123
15434
16551
16345
4778
19230
15178
3325
18945
14065
16513
15428
18893
9525
4946
9897
7210
8826
7941
1965
11171
17533
6557
2399
17186
4899
10522
7755
2835
18822
6786
17558
13653
9950
12161
7639
9254
568
11186
261
11171
2505
7215
17649
7901
12141
878
16972
10779
5004
7502
16342
12580
1091
17727
18110
1418
4431
5696
15923
8009
8550
9942
17218
1098
17524
12554
3276
13636
4405
13569
4001
504
10996
17177
9
3379
7995
4008
17813
17835
2606
3769
5454
3558
6100
7206
17811
17539
12268
8305
8396
7451
8354
449
10990
6090
18535
10866
17616
13414
6300
17612
6613
14101
12585
8085
15775
10708
15276
16402
16969
4107
50
11899
12321
9928
15037
17909
8536
18670
16483
9973
17451
4936
4933
6461
19567
544
17544
8575
13520
11771
11174
5196
16213
13822
1191
19936
5759
7328
200
13452
719
6716
17596
1028
9084
16026
1295
1958
10285
4092
3905
14750
12224
15033
5945
2529
14913
6536
17534
481
418
8327
16433
6353
16157
15054
15601
16421
19893
13078
7943
430
7766
13319
10475
1905
2691
19012
2401
19505
4444
19689
8717
6927
16528
14021
2721
5732
11597
7107
3243
15523
3980
18637
4722
6984
5168
9201
18795
13066
12617
3792
8028
8950
8979
4325
3519
10918
6303
9446
2450
942
17014
16945
13548
12368
14487
10634
18169
18733
12957
3728
4160
10456
11099
2376
7820
5819
1646
13836
17328
10223
7060
16256
894
6827
1149
12312
5039
7258
18981
12639
313
2358
85
12161
5862
252
10967
19534
11995
715
10932
17477
10519
13066
183
16778
10785
14766
3532
3673
10553
6499
18679
441
16522
11036
12777
6088
12879
13095
18812
5267
5129
2255
4297
9307
8355
1755
8419
7796
4421
14819
7955
8560
5377
13296
10609
5887
5610
7739
18979
1284
11413
9068
156
13538
12567
8787
17298
4983
413
7545
5983
19339
2754
4773
14482
15691
1454
11226
17961
10094
16542
19664
4157
17356
6758
17941
5573
17234
11507
9195
5885
806
7092
16702
117
6143
9211
17284
14618
12695
14659
1428
3409
19353
18039
648
16824
17698
15002
18382
10582
19280
15323
15348
11307
9413
4937
19299
3979
9238
7027
16851
9048
19496
18064
12335
10955
14196
1610
1168
5336
17811
6484
8736
18568
14493
18478
7647
6642
11407
10983
19072
8184
14607
5056
342
7223
13631
2024
10107
6910
3162
2817
7695
5916
8603
9819
648
6446
6537
3561
10134
10241
1797
8276
14292
16841
17291
12609
16486
7644
7999
624
9453
19867
12947
18045
1272
6272
15020
11590
13560
17553
7998
10605
2539
17799
15809
12530
18037
7605
3819
3542
11562
10312
10339
12952
14563
8626
11910
16213
12931
11536
4273
16034
10926
13471
9354
7567
8303
10485
16241
16511
7622
6588
18162
3011
13836
4938
4960
5808
19358
18687
19609
15323
12273
7829
19124
3060
8231
2248
13557
17677
1019
4879
12811
1403
3596
15695
17752
12407
1759
4982
15026
1789
16807
8940
11067
7425
15692
11577
5641
18959
14567
7840
8742
18751
4306
17758
5760
18715
8819
9715
15597
4408
7614
8951
11969
4086
7910
4081
5845
531
12761
16621
13315
9340
8100
9187
13109
16479
9560
6693
8526
19584
3046
11536
5015
17665
1582
19558
156
16057
16698
4409
13707
19114
18573
9209
16308
13976
10109
16036
9925
690
18746
9935
6739
10298
2063
1837
10658
8850
6636
19585
16902
4536
8698
8817
19919
7731
6877
7454
13902
5326
13406
175
11350
16553
16065
19951
16172
7510
243
14702
10118
17220
2215
19946
17870
7049
7189
11258
12506
1906
6704
11277
2231
3951
5793
527
12406
5272
739
15412
12713
17197
3659
19347
13349
19788
7049
15060
7105
11676
3521
10537
1848
17633
8504
10224
9534
9403
16040
18314
19388
14086
13083
13877
15780
2523
7405
10536
14017
7581
4294
10703
17628
16807
10341
1810
12462
4907
3977
17288
9626
18578
8959
2820
15770
18633
17537
2518
19098
14569
13345
9426
12116
5271
18937
8003
9775
17799
8744
9341
8554
6166
10318
9266
8984
17968
1980
17431
11432
14554
685
7539
19588
3606
13537
420
4048
17208
2749
12105
6491
15634
12201
5032
18747
12443
2430
15949
1108
18544
6650
5051
17418
14955
17740
9910
385
11052
9989
11431
14101
3555
15720
7790
4815
6005
6577
6928
19547
19032
5891
12845
2756
16641
13684
817
346
1785
19086
14252
17436
2473
13860
16418
5244
16914
6203
8337
694
11436
2007
6960
1680
12196
17300
6360
12587
3232
19356
14365
8819
2964
4863
14662
3263
4498
14740
7634
791
11356
12449
13206
19346
6316
11850
5752
3082
5861
8210
18156
14961
5038
11983
15580
10971
13275
6960
7950
9923
16193
4582
6595
7561
13943
15513
18978
10227
4443
281
9366
16398
2686
15662
8652
1073
9528
4767
9819
13614
160
73
5428
6305
5632
11959
16275
7270
19151
7298
14992
11760
3766
504
14571
15746
4788
9411
224
1127
1759
14152
1953
18315
8394
8528
14301
15742
1552
13334
16995
9257
4304
3408
2865
5740
7816
10879
14922
8091
298
14733
3096
8866
18479
19914
18482
16088
6616
2560
14524
2894
18910
18302
2532
8524
6673
12605
3196
11739
14901
19469
3560
5718
15441
1566
13362
4991
334
10815
18800
10501
815
6027
8691
11220
4116
12627
8805
11323
3779
9786
15241
10142
2422
19560
15591
2125
3329
4648
4875
18194
16475
8281
1499
9755
15344
4825
12418
6282
8579
1043
18433
16163
16095
9716
6241
16649
3668
15676
7741
15439
13707
5484
11733
16486
9945
18228
4491
4758
17258
16682
10550
16925
12787
9435
18370
7339
7202
6750
4901
355
17825
2120
5171
14439
5084
10028
444
15579
1910
7165
6163
11734
3923
2983
3398
11123
9977
6592
15401
17559
1191
11917
8140
2139
18304
37
13593
16732
9371
15754
8902
4675
17485
13619
11947
17619
16814
10203
11240
8182
1223
10182
18826
14036
11372
5044
1099
4183
7020
18761
18949
3214
16019
4804
3418
5060
12166
9562
18146
9820
14612
14030
11954
7463
476
7905
18118
4435
5012
16279
7717
3456
16177
18186
13192
2966
7220
12123
13057
8388
10812
11354
5225
10371
17561
12426
11051
13678
10551
19170
449
16917
2753
4991
8418
14810
13523
11339
15776
1922
2378
8617
11482
11632
11386
10518
14027
9006
16678
2066
18937
17999
7643
4077
18982
19789
11885
9639
5908
1956
6211
7374
13759
14673
18798
15050
16234
18961
12733
9812
13907
1789
9973
18710
19418
19336
12533
2356
9123
8351
17325
5776
17578
12838
2197
2725
13152
9944
15470
6629
19860
17615
19355
19319
15933
16319
7389
12397
12927
11391
5204
17846
10410
15328
5006
6667
13873
5532
3193
18599
14499
17716
5027
9661
2849
3317
15283
19200
14503
1036
8470
8220
7888
17148
6092
7036
11344
18563
19808
14045
10395
17810
6503
18897
17504
19713
11423
2461
8605
4232
10955
1843
5039
17919
13790
16612
13139
4641
13253
5498
12629
17097
9675
6301
2652
7377
17332
13620
1511
15050
5676
4105
12596
15155
10216
18841
5241
13021
9667
5541
19906
5905
12686
8461
16504
1873
11158
5109
3644
4779
16128
5384
3130
8668
13762
11274
8375
4467
3754
4538
4641
15059
2230
15400
2229
2388
17457
2141
8242
16800
9350
19126
1474
5360
11153
13321
38
17155
11619
8347
14295
12279
8002
12135
1834
4475
15613
9369
12533
5694
16357
16122
393
698
13726
16851
2574
18900
19884
19974
16148
3007
4978
4786
436
10069
16837
19876
7186
12560
1347
19892
10662
967
18652
19425
18287
15695
16205
12034
8013
6043
1575
16389
1141
7483
9843
6587
22
12981
10191
13608
11218
4761
6100
11876
8571
16759
13591
3853
17272
17420
15871
9879
1516
1156
11186
9114
14095
10422
13128
17346
3241
14802
9788
14953
12518
12189
13730
5216
1676
7470
12944
6045
11612
19301
53
8982
15692
16617
5355
1345
10810
2677
2221
677
13783
10146
290
4315
16251
4751
12527
13071
706
6321
16776
1781
7462
14941
2792
1552
14412
879
6740
1190
11742
7155
10849
3801
15913
13355
19897
966
7477
1265
14069
15333
781
3193
15932
2523
3982
1837
16288
9431
6781
15430
13265
15918
3027
2643
12337
12662
4705
19431
17737
14216
18267
4656
873
18849
12557
138
5187
562
19391
7625
9586
17135
3479
10773
17724
821
7716
14661
7950
16939
13001
15402
8853
13190
18261
7146
6129
14836
10763
3366
5763
16134
11383
14242
2065
12177
1105
12942
3271
9178
4110
15863
8839
12424
2224
1943
14083
19328
8896
18338
12540
11540
5387
17658
7016
245
1966
3976
18625
10599
5514
13263
3073
18539
11868
18472
10809
14083
15992
13541
9541
568
8006
7303
6470
17308
3121
10577
9093
13715
7666
6603
16288
8758
13994
17388
8827
8781
8091
7530
14636
19602
3942
10815
1534
12627
4566
12750
13516
8480
6162
10610
5286
10529
19891
17066
6340
413
3999
4267
4198
6232
14931
14953
4559
15709
9708
6919
3065
8212
8240
12658
885
3188
17968
13511
17948
17697
8761
4499
3214
14470
18572
11520
12720
15150
18915
19441
18635
18637
18510
13954
1846
17833
16276
15009
3243
12584
7746
16674
10232
12731
12471
5439
14877
12781
14920
14459
17418
6190
3602
8728
12891
9956
7496
10225
5298
992
17497
7090
11023
7057
4708
4937
5914
8269
9505
8699
9060
11830
7876
5434
5643
16100
219
14172
19954
18815
11674
6139
10533
14770
16656
12364
66
19207
11964
2332
19046
5267
4316
7990
14577
16828
4476
1758
4611
15483
8021
7345
1164
2644
19972
18467
417
7327
11373
13134
14166
10217
19090
6486
15000
2906
16152
386
8273
14286
12842
751
9621
12691
13265
13585
5018
12432
3691
4874
11157
8451
19240
14301
15077
4791
2262
9320
975
14533
19442
6374
4754
1868
14886
11519
8944
8806
14341
16806
3473
8088
164
11931
5096
1772
12306
17035
4885
4380
16845
11539
14810
5767
2694
7627
18207
661
4719
11204
6263
7806
9889
2791
1197
7470
8219
12767
4629
18887
13036
8136
6306
19214
17913
17135
1945
1495
448
7362
13718
15778
2307
7196
10359
16269
13546
6587
10379
16647
16299
11000
6332
15369
11741
8177
6002
6922
12151
6323
6037
15883
15703
15977
8406
7695
5812
10641
6730
19623
5406
13867
11817
1493
7216
10068
13388
1017
5480
1787
16124
7822
15056
17920
1035
16452
8041
18570
6480
8655
1184
19873
165
11771
16641
14584
12632
6906
5397
18923
786
1701
8557
10322
4507
16191
18376
1952
3354
5180
3728
4543
8611
4001
1434
3449
6142
10663
7084
10303
12975
16646
19916
18681
7468
11453
13709
7710
14258
12775
8675
7149
5806
4536
9489
9827
14193
8169
14963
8475
8572
19543
6621
12772
4174
9342
11865
11735
11611
14013
17748
15528
3085
8118
345
1685
5698
7114
17180
675
14537
18142
204
1308
18792
6961
2818
4788
13266
4278
7859
7740
18380
3401
19160
9707
12947
8579
19003
9428
5970
7045
8816
14259
16785
11958
18748
10295
13592
1391
7844
3248
16070
8892
14758
18314
4030
18575
17169
19400
9551
6116
15978
7935
7196
6996
14128
3910
659
10199
8040
6212
14981
4387
3781
5009
13610
4234
1264
4396
5746
5162
9581
7459
13849
12825
10663
15862
12348
18367
3911
60
18227
15470
16261
1703
1663
19362
19846
6318
8396
17842
9347
19405
5684
11768
12517
19852
14003
4570
11425
4728
3588
4754
13884
1664
18205
1098
1179
10140
11353
12130
17956
3338
17892
12739
15751
945
15196
11139
385
9384
9705
2279
11896
18149
14412
19315
3728
19662
1044
18946
49
5926
5911
13269
19978
15130
6387
14719
10776
5529
11248
11772
5515
10474
5483
446
15415
11598
16553
8271
17503
119
6873
19423
13650
6481
10512
11865
16084
5335
19210
13448
10375
7829
995
7971
6616
18401
1957
12986
17810
7045
11224
6908
7680
9372
3375
3663
7253
15859
18270
8273
1536
15836
562
10585
16099
12004
11260
17194
17887
17238
18944
972
6918
2161
5294
1762
5983
8260
9392
1225
3710
6608
3347
1176
18903
15636
5957
7800
9420
5109
16533
12149
13665
12056
15770
14
11746
9960
2330
15291
18013
5047
9322
10456
8834
5861
15271
17669
6259
5693
14709
7642
18439
8405
9407
12768
16160
1561
19424
14855
14443
4447
8019
664
12907
115
15084
6384
14353
17624
6307
16938
1976
13210
17310
2699
4356
3708
5190
4152
8740
12958
15725
7006
5717
3802
5699
19936
11947
6136
3511
2377
4711
10514
6568
14426
14999
13786
18040
7823
1864
6222
14683
14736
9754
6034
140
16701
4035
637
1202
2694
2061
13116
14007
5003
13738
4810
7317
12502
6750
3817
8522
19742
4659
12973
7143
5728
17324
12761
9368
18514
6075
4201
18703
273
15177
2865
2926
8550
11735
17686
13316
12904
16717
7012
13380
12047
7283
14683
17728
10888
18852
13444
1876
15026
5292
6079
6675
1007
17295
1275
12130
5355
3693
12399
11792
11104
19092
9875
14779
543
7755
2760
5144
14912
13683
8243
12210
11226
837
13188
19564
7979
11967
3190
11938
18354
165
10535
16086
18526
18376
4500
322
17800
9300
1068
1839
14754
2276
6893
18277
5793
16708
1422
5143
1043
11573
2742
12271
9252
3890
9488
3726
5661
10817
11961
433
12195
16983
17912
6484
12566
19254
17832
16164
12800
6969
18184
3707
19274
10715
2799
14809
14494
7143
10046
12549
3629
19576
1184
2130
4686
7580
6676
7635
5943
3486
2676
4040
13790
18260
16367
19575
6434
10312
3163
17347
19861
17184
2271
8014
1166
8810
8763
9183
1487
843
6445
15763
7578
7294
17496
4451
17910
12988
930
5198
610
8417
15363
356
16875
13723
7351
7279
338
19241
19268
13198
11340
13870
17273
13313
3109
16046
3165
13936
6577
16306
19353
8415
17814
5169
6766
577
16237
6611
13641
5138
9221
7014
15355
194
3273
2543
2091
3053
13378
884
13701
16283
17921
7419
16855
12899
9207
848
5097
16980
11293
7815
17446
3750
19310
10049
7227
2312
6059
19975
4978
17255
11459
4564
19009
8829
11593
18328
15592
187
11385
8586
8944
10137
17481
2044
9382
13637
18062
5921
14273
13910
15641
4594
19680
14797
19928
1780
12239
15987
18731
2628
12216
16355
1731
7558
19742
1445
7982
3623
9174
15169
17830
8190
9395
13860
3668
7140
14992
14448
1051
17240
6313
294
12812
12724
4303
5753
16365
18606
19416
2442
19581
10136
14826
10036
2655
5748
19117
240
9114
7109
9062
1657
15976
13430
2115
17646
9677
9237
15369
12546
5113
15185
12341
4180
19109
9968
1388
18540
17881
3852
19290
12601
17125
17580
13199
6468
4029
1591
9051
8594
10374
3959
16040
14762
1590
11647
7366
13453
4156
10377
19516
15175
10813
12961
404
1884
2329
1727
19928
16545
16483
13830
17859
12705
4519
9782
14469
19972
10657
1763
1813
16955
19434
12154
10513
15434
14717
2960
14100
7182
5980
6385
3027
10284
19340
12601
3588
13399
13901
6053
4487
12959
38
7364
1910
544
14644
11458
14966
16928
13319
3030
7345
13057
4746
8556
7088
18985
9715
1781
11138
16060
5581
17613
420
12935
8082
13241
421
4315
1254
10936
1596
12505
16419
3068
18579
16118
16009
3234
92
6285
9554
10072
10666
8740
4026
1993
13251
4184
2065
6480
6683
5274
14371
8130
7916
15039
17082
5645
10749
10899
15671
15112
13879
6765
7076
14760
1190
19286
2340
4755
18234
6634
12265
14160
2669
16463
10068
19846
13316
17322
8477
850
13618
4724
19724
4132
10164
10463
13709
1173
3161
1990
7581
8233
16668
9992
13448
5014
1306
10022
10899
8747
14983
12750
3881
9651
14441
3378
1317
15546
15498
9431
9818
966
15512
16473
11888
16930
17471
5967
11096
3301
19937
4795
153
106
9761
19325
12446
13930
13702
7378
14981
13620
947
10596
9755
3007
15747
9336
2648
3293
905
12631
16270
12661
13220
13395
1004
14843
1759
15208
14391
19926
19365
6508
18833
16531
10514
3004
5929
11058
11177
5231
18430
1300
4318
1804
10573
7010
2472
16444
11056
9284
12698
3737
18588
3999
7156
9364
11137
13563
8266
18666
319
18746
7231
19290
8683
10104
12666
16461
19347
8189
18063
3142
6239
6469
12528
2474
6490
8450
10120
616
18019
17874
13560
14341
1666
5549
17323
5686
17067
15919
5641
11517
13446
3552
19167
12087
8469
2429
7379
11418
7
6117
2589
9685
11795
13053
10984
3861
9530
12870
871
11016
19675
6675
16787
12742
571
18383
17712
12611
17574
7797
2772
6610
19274
12165
1599
15254
16098
2850
17864
9980
14792
14723
17041
10264
16891
16109
2419
10531
3732
17816
11021
936
8514
15069
11103
4418
11284
9737
190
13076
5696
11338
5152
3675
13276
13283
15378
14436
2234
6106
9843
13109
6147
18468
1693
2446
5638
14205
14432
13961
1356
14923
8109
19413
19108
3506
6219
15017
4384
18602
15538
15587
4838
18705
4425
9304
5947
14999
8685
8530
18779
16942
11931
14924
5135
19830
17837
5538
13038
16735
12390
10801
3271
19248
11671
3314
19253
238
9329
11398
15167
3706
15530
18800
273
4022
562
12415
6627
16290
1474
14346
4657
9317
4956
9044
5758
12777
6703
7528
5055
12480
12496
13668
947
8686
11689
9949
1427
1751
7638
5552
657
11344
6655
4608
6246
7482
14657
17623
19750
15144
124
11892
7147
8893
19974
9124
13564
4689
17791
3679
4541
19381
10565
19028
16469
18210
13483
1926
7261
18017
7465
13959
6605
5295
6602
11321
19684
17563
7579
15845
6030
16477
16789
10027
4886
10369
15206
13250
18121
10474
19586
16734
11298
15344
8565
2044
8235
2189
5822
3434
13227
6724
12264
953
5789
19431
8074
11904
5567
18969
2877
11317
1672
15403
5502
18124
9315
13499
12869
11084
2199
3682
17530
16340
2637
16670
6534
11241
18098
19846
11933
19575
16588
3256
10598
11037
11275
8074
2408
16574
13404
11442
13122
3272
10174
7368
6015
16593
18253
7165
6196
7652
2441
16916
1816
14764
9698
14309
8333
1613
1375
15449
5677
7107
4397
17314
17491
5126
13996
8286
14793
14312
19717
14497
3629
18689
2319
6220
2196
14169
4513
16716
14023
14578
13783
5491
19152
6806
15389
5047
16245
6599
19312
15334
15165
5951
14331
19849
18257
16373
3537
16661
671
7770
12745
8084
14944
12234
3889
7293
17143
16787
14553
19230
8111
5209
6273
10643
1227
11431
6794
8619
14019
13910
15803
5787
19416
565
3016
7127
16791
10791
17711
10790
11293
15070
18028
11023
16504
1365
9094
12135
11878
6455
11464
15272
18874
16108
4002
2515
11722
15827
1867
4577
15661
16189
11165
6281
3120
12477
2540
9965
2336
18067
5532
96
3584
18293
13551
9416
5523
19841
4968
17190
4136
10136
18472
12261
5608
6272
16292
19000
5770
17292
15339
17732
12432
8929
18164
1434
14404
13642
5742
10678
8693
15180
8546
10913
14114
2785
9152
9937
19811
7930
3834
19921
1034
3057
14467
16541
5969
6790
5939
7259
16712
9636
95
5335
18892
17070
15451
15184
15036
8837
258
12606
572
8753
17227
6102
5811
18159
7198
4737
17185
4706
12867
8864
15242
16332
2852
18088
13789
17545
12699
17956
19957
1808
8930
17826
2000
18860
9057
7638
10286
7881
18367
252
1138
3900
7224
1917
7527
10810
1467
15582
12264
8528
3459
13228
10756
2967
4671
10264
12062
5689
5005
15810
16663
19812
6485
13166
4509
837
17438
6208
472
6925
12118
10884
17828
10089
14740
1583
6974
2343
12726
17959
11391
4608
12740
4121
15177
600
5191
10134
6805
12568
13217
4885
1687
9277
5714
1661
14214
16724
13468
5000
13852
15236
7268
11698
7247
18854
768
956
10338
12779
15941
4993
15072
2922
10187
6841
6263
7725
9586
8636
15880
19229
9941
10600
6206
6568
17256
1831
15860
3205
11269
6538
7358
16904
16356
284
6165
6799
19704
13439
1126
4273
7651
4134
17193
7960
16748
19874
13720
2221
9271
12373
15704
368
19589
12008
10718
11354
6501
12909
6830
18173
6108
5459
8509
13765
18869
6084
2944
3879
16380
14013
19813
13780
9571
15419
14032
17678
5801
4239
4479
16229
17779
13512
5363
1726
3898
10990
18035
7453
1290
13667
17013
10709
6609
10275
15709
10983
5394
18301
1207
12280
17855
4755
3195
1930
8731
10233
5227
14362
9989
14718
2626
2571
4644
17570
4057
1268
9440
7429
4174
10867
15300
4768
13825
13228
18331
6698
17112
18411
17871
15176
4858
7128
5286
19145
8482
18308
8527
2194
4351
11881
5659
17866
16114
3931
8613
509
19880
423
19376
19976
8167
10530
9556
13697
16777
2483
12306
10828
15828
4681
7253
4718
2260
13700
14903
8654
9111
7429
14753
12633
13859
17080
1768
6613
11522
15656
15172
17898
956
528
13999
1903
12543
14298
5748
14705
9514
15650
694
19761
8647
15361
16267
9029
7463
8736
7235
3056
4508
7757
18799
17396
12357
7324
13268
12038
13666
15490
8789
1581
16027
1428
15460
8509
13443
6464
12958
11475
11557
19661
14099
16747
15824
9011
15746
1573
3217
13015
1820
843
5835
8305
4861
18893
5884
13525
5883
18931
9613
10706
12306
13326
8510
7743
10912
14673
17446
18304
7773
739
11522
6039
8121
6162
15997
3907
12254
7661
6866
12375
662
9158
12214
4198
8024
806
15297
10703
19364
3456
13036
19227
13839
893
1528
16970
8208
2136
10757
18852
3692
16639
18870
2410
13934
17958
2656
9986
7849
3774
16691
9348
7757
2963
8864
5483
6885
6132
12207
15637
9188
16256
2269
3644
6146
12882
3461
902
1949
3860
468
18797
2776
3869
2912
15634
3996
5000
14231
317
19026
7225
7565
4588
353
13214
11142
18847
13756
6330
16395
10227
8773
14555
11978
12998
19669
13377
14546
18047
16582
11243
6593
11927
8784
7610
12672
7496
11570
1529
12539
9494
8993
16004
6928
8953
13712
6386
4951
9538
7104
12407
1435
13164
17705
18064
15433
4129
1645
9101
18109
16433
12653
10865
10011
16496
4504
2232
711
4543
380
16132
15822
13340
1483
12615
1177
1394
17317
7219
14504
19625
13328
7627
1299
17593
12240
16630
1532
12945
12293
1854
9898
3898
18311
19424
11567
13341
2762
19393
11441
1573
10542
8859
9811
1171
17119
13263
8848
18398
19832
13315
2450
12504
8529
1457
3818
16764
15290
17446
3249
714
7443
5302
11793
2837
19810
17651
9581
12521
17810
14778
12899
10723
14355
6701
15904
17642
4385
3493
8336
4188
18816
4047
19647
8339
3565
2302
13132
2054
7447
17429
11119
10721
4277
14435
6238
2824
5265
17653
2187
2788
6906
15257
3348
9847
14572
7296
8238
9982
16608
4913
17614
10293
4239
4224
3509
253
8393
1536
10501
3362
12299
7171
578
14850
17844
7164
9908
13597
4240
17845
16117
14260
7402
16259
19589
7597
4666
1904
14748
18269
6219
9655
8692
5788
8995
12115
14627
4830
7743
18628
628
14248
3054
4908
710
16219
3710
10304
2844
14969
18296
11294
17229
12689
1121
16112
9259
18813
17843
16083
16847
15335
18950
858
8091
2522
10891
16665
7097
1056
6354
1397
11588
11223
9667
13782
19456
4929
10539
7341
754
6633
14933
6168
1850
8848
15390
16170
2979
11591
18161
7936
15995
14229
2896
3693
13094
2795
15274
6993
13116
15751
5460
2292
682
2737
10705
2878
2647
625
8614
7949
14968
10703
12484
5058
14221
19682
7591
13779
10916
1971
12897
6317
10118
3387
3163
1984
18419
4155
14179
13754
3649
14754
4716
15565
7126
2129
1753
7101
10506
9434
7637
16398
19034
8254
14989
733
3004
2402
18438
15742
1560
2179
19457
15524
10207
4734
5895
14849
3918
17622
9422
273
2854
14280
18985
9001
19160
16662
2148
9425
10978
2962
7848
16818
7517
8825
15582
14327
19931
3913
9139
14886
6215
5555
5394
9726
3499
9754
12978
9315
16839
7792
3466
2120
16728
2936
14420
7197
2912
4112
1954
11801
3026
6572
1465
4472
12010
6585
7058
18945
12820
4989
18074
6735
15070
12225
11767
3211
6083
14829
11331
3218
2722
15117
11261
5653
9397
6023
19364
10096
11598
12820
12253
14464
2099
17654
17050
12561
18564
14389
19728
1865
12217
16166
8758
3673
9374
5529
16114
2553
14893
14788
5714
17593
19494
12770
13876
13329
7860
16118
5646
3756
7991
6651
17268
6459
12721
8290
18344
12230
12706
15327
17532
3658
12824
16608
15793
12936
7583
10276
10474
17334
8905
15794
17081
2836
4997
3587
17306
17291
8318
8651
13407
3392
5380
6307
5709
1046
12218
15753
8170
15556
2004
4166
13601
250
16990
17119
16880
10478
8275
14421
14984
5357
12867
130
3128
3422
3807
3263
13491
2621
18082
10404
9988
10775
12363
11765
117
16724
421
4956
1734
14071
5462
2561
19736
12886
7350
17521
1900
14962
11721
9328
14041
4456
531
12797
18288
16793
8311
12378
15506
10238
5365
14482
11396
6886
14297
14590
908
2304
16059
8791
14979
16713
9242
10735
17783
16074
18525
1872
11043
2404
1708
3090
6981
10875
4309
45
16027
8042
5371
19696
2085
12678
2942
339
8982
566
18134
5474
15930
5213
15328
13590
12974
17235
13504
783
5189
10447
12919
14695
10976
2217
9073
454
16359
2642
11428
9363
8172
774
1774
4530
19190
5487
1499
15238
464
19184
18636
14011
3211
14117
14132
14327
13532
5506
3539
8386
36
2102
17058
15399
7254
3654
13873
12656
744
6532
15010
2840
12507
177
9254
12858
11712
16835
7542
2839
18368
12903
2552
1482
7733
9916
1422
5229
2980
10930
18358
13164
9510
17825
7929
16942
16817
14220
19224
5819
8822
12720
11980
19980
16896
12177
5706
402
15395
18494
15041
15661
18316
9831
14657
12886
5996
17720
12565
8293
466
8279
13592
3730
15839
1135
3343
10170
1972
19355
17216
1407
680
3525
9472
6760
10045
16403
8006
3608
7862
18862
6381
1925
2163
12654
37
5267
12133
18953
3192
2951
19079
7653
6323
1002
6543
15929
19548
9879
2502
15776
13772
12125
9069
8796
1108
15109
8573
2064
12869
11833
17664
19219
8263
11372
3087
14021
523
15162
10039
6084
9108
5530
19877
15633
463
17723
10636
4446
18922
15850
19794
12411
2577
12472
5009
3721
8939
17608
16230
18068
8836
11453
13368
19494
7384
10461
10381
5940
19072
12979
15567
17979
5376
13802
3814
17478
16376
13121
2331
13197
12717
14779
7395
12540
13479
15466
7778
996
16422
4921
15484
11631
11384
3956
276
7485
15199
12165
6690
19381
9336
13625
2485
13504
13022
12961
16079
15808
6579
2874
15360
6471
16307
1370
19640
5645
15245
17305
15563
1207
16553
7351
18452
6549
17040
6934
10849
1828
8301
10065
4613
5222
14151
6432
17177
12635
12590
379
2377
14325
12143
7222
13783
16184
10801
15684
4057
86
1900
3048
492
6554
5224
3958
10729
18624
12873
1913
14767
5702
4041
11122
16184
1035
7966
16980
13843
16267
14514
2119
10701
4037
8480
10803
15
4845
1500
10376
8099
10367
12582
4738
17389
13841
16422
11639
11570
16318
7485
11785
7246
10870
8823
19297
16564
5675
6109
9378
7640
4173
173
19998
6438
851
3303
8578
6734
12298
18875
5503
15536
7017
13324
1045
6870
9736
17508
2054
17278
2211
661
19936
8939
5934
1679
9349
5090
8774
11981
880
2177
14663
9743
15872
4353
11696
3514
5499
18468
16877
13853
16556
8382
8176
2626
2751
214
9487
3465
5825
197
3507
3940
7230
2203
5171
17744
4957
506
77
1972
19534
16938
16368
1976
4249
19474
16383
10757
10874
10319
3232
13315
15201
7718
2889
1136
12628
4071
5401
6933
13323
9283
13077
16230
3412
9100
10225
5108
2473
9214
19783
259
9182
1974
617
5173
6863
6669
2449
14284
1530
2014
36
11333
5295
7329
9974
17928
16540
16658
9873
1431
70
19823
4480
10074
11919
4383
13353
14550
8966
12710
8663
15225
9125
19102
8115
13606
2786
2164
4447
235
18358
14255
19052
18495
13933
941
9996
5431
15315
18794
6639
13867
5232
11028
1023
8729
8436
12105
16902
8679
16133
801
588
2696
19794
5699
16253
12891
11580
14265
11432
17341
19930
11072
8458
18411
11718
5288
2226
14012
16477
16909
15375
14905
6120
19161
16279
4203
7455
16884
15982
1521
11702
14250
8835
12504
13475
6544
2745
16394
2398
19608
4654
5865
14910
9787
19642
1768
13007
13875
15959
15488
18831
11835
13564
14899
5698
13406
8231
7897
4697
13193
1200
18458
9888
13480
14370
5461
11512
10257
15897
11682
14752
406
12409
18349
7197
16647
3078
1047
18023
18598
15488
11345
1112
17019
12308
12171
12224
15711
15056
5887
12619
11343
7454
19203
13220
17238
19185
10424
3503
951
9580
1913
7097
7545
6864
905
3639
19323
11060
11130
7268
1892
2907
4143
18353
10209
14357
17637
3542
3307
17666
3580
15077
8592
13653
16070
13491
7088
10919
19649
10865
11441
8241
16171
18382
11905
13030
14765
10475
8788
1657
12761
18516
18390
2595
19871
3630
19447
5651
14904
9691
7572
9297
1287
146
5238
5637
12347
19577
11086
11091
7681
18892
12603
2144
19209
4530
5593
18617
3009
4638
863
15235
5261
7235
3689
9106
9119
16185
13687
7866
14494
2854
14460
9291
7065
5881
17607
17089
3291
19954
7373
14031
15939
17627
7725
10104
4756
8227
10461
16431
9374
14531
12218
2019
6621
12765
19004
741
10311
17606
2580
227
16145
7946
7388
7787
17768
8539
3901
16294
6171
10170
3080
6908
15138
13725
8924
4268
15749
1468
19120
219
3793
16233
5280
18489
7248
3563
5194
7939
7497
3910
9763
11021
7287
1602
6840
18600
17273
15930
14528
10449
7612
9436
17075
13836
14497
16797
7514
7783
7717
13382
4953
6381
707
7013
4853
4252
15605
4966
16819
13753
4725
18918
17214
9516
16904
14907
11765
4263
5616
3439
10217
542
3389
17153
8901
13891
10254
2477
987
7933
6719
4268
6970
2588
15425
16091
7858
6470
17794
16584
664
14928
13561
15801
17924
12643
2454
17876
5071
12632
13952
1221
4715
12457
6552
8929
1628
5067
15546
10228
12892
18502
17393
9937
10704
1388
19381
3630
12417
18490
3471
5215
17116
10021
1911
13401
8777
10031
4998
18589
15316
12495
5072
2812
12413
16618
3129
5029
636
19841
17313
17337
9047
10185
9854
10961
429
9476
16737
7937
18806
1850
8111
2803
1153
14856
18842
13048
15288
2473
7127
15656
5391
500
17315
3365
3992
5027
4920
11498
2252
57
11375
7381
14798
10193
16775
4401
4826
4814
18573
348
14183
10537
5997
9354
16711
16587
16683
11189
2686
7872
2243
10235
9691
276
8536
16464
2303
5749
13083
15016
6369
18860
13635
12269
4300
2568
7890
8255
8117
8023
4863
12310
9391
19808
2666
8702
8422
6800
10876
6837
14106
13373
11370
6350
2668
4452
17068
12643
3110
12646
8565
3484
14696
2496
8061
13388
15752
6030
12827
11590
11714
19247
14715
9274
6063
12317
16692
1018
7021
5174
6970
473
16295
15402
17030
1249
12291
6446
7819
431
4151
10288
18440
11955
18243
19357
16112
17692
840
1805
19050
16174
6936
12875
8013
17947
9192
7801
15301
19421
14623
2252
4237
9393
19327
3714
187
13154
17642
18863
6428
17857
16284
8426
18623
6819
2364
15650
4592
7542
1597
16493
4814
17075
5129
17240
19031
15239
2519
8502
12157
19507
10986
17104
4022
16079
18011
225
18226
13549
6143
16517
17849
10665
18426
10433
19745
95
250
8952
11853
9843
3049
18720
16372
16208
2949
6837
5517
18589
1952
8508
5086
4249
2664
5090
15621
4033
11761
6555
17762
10387
16159
12847
14957
16673
17552
7860
11245
4545
525
6947
11139
12572
14122
7359
7797
9016
5000
16362
13077
14473
4129
7363
14141
7258
9675
19089
319
1029
8060
7663
13289
2955
4179
490
1401
2437
4128
13664
4471
14871
6446
9148
17135
11169
9884
18344
1792
2816
4927
15139
4321
5527
3897
1406
4420
19223
3044
15349
16461
1879
10484
2121
6797
16527
6011
1168
6157
5389
5279
13442
2619
11240
15912
2671
15136
19830
16997
7190
1736
3895
19531
10898
9276
11290
19857
14586
2176
839
11940
1816
6348
5824
13301
11476
18988
11920
18642
3694
9142
15560
14743
4085
9102
4499
6022
17140
19892
8982
11495
19898
6534
2397
7129
154
2017
9763
6321
12454
9028
9790
1329
2412
19312
7939
10015
7667
6524
3663
12002
12909
20
15322
8729
5088
2359
4493
17916
4654
14243
17123
12893
5752
6813
6797
17306
8367
15867
15685
4585
19717
16170
10537
6051
1990
9175
3600
15654
15338
18775
2396
17531
1413
2178
12594
9715
18290
13434
13652
1500
4132
2188
7210
18989
18048
1090
19607
10126
7046
10385
12429
4373
3615
3328
7318
3508
2502
13015
4218
16655
8661
16560
5856
19309
14420
3443
9778
14725
6040
543
2123
6629
5607
7735
15167
11203
13565
18991
8022
18306
6684
1073
2248
17794
13869
18295
18860
12321
4646
2662
10923
17199
10870
14910
15842
82
13176
8603
14474
9077
5938
13780
8497
3660
2155
3352
15690
645
15834
14415
17705
14628
5666
19020
15972
6000
18675
828
14787
11855
17200
15159
6992
8414
5362
6032
13090
19747
10676
9613
7052
11900
17816
1648
2169
19088
8204
16259
15803
8170
6709
9607
19017
2871
10262
4956
3411
2136
9325
8139
7005
12157
18101
13193
3455
17225
7251
463
13570
11273
1465
17789
12082
7288
17432
5920
18439
2664
13058
10607
13230
11278
5774
1854
19109
17617
13892
4147
1280
16339
18249
4127
19713
5402
17548
171
1060
179
2744
11729
9872
300
10271
12271
387
15358
5920
13811
6434
647
8004
18875
18796
4222
9766
11638
14122
3290
1927
5679
7062
1600
15019
3700
1914
10948
3384
10006
1473
3251
19123
4761
12799
14367
17095
14318
12900
18882
1989
5539
5482
4458
17662
8432
9561
12793
12958
14672
7615
7048
4488
9036
7550
1099
14158
6323
596
19127
18214
1994
19658
12092
9922
12690
10765
18534
7835
13604
5528
5527
17204
6845
2574
14608
998
15781
12154
2934
16735
1298
7602
5724
14464
13976
6574
17020
5419
13229
7199
1159
15377
13898
14802
19035
19503
111
10538
11207
15911
9333
9474
273
5893
18005
7450
16114
11341
2237
21
1582
2200
3086
1784
18243
17305
14855
17894
10964
10640
16357
1007
4428
2619
16018
222
6804
9084
14485
11602
1965
12132
19009
19353
10717
3594
10300
19584
4128
15340
15457
6584
19780
8367
9763
6592
18161
12296
19945
13397
8302
6269
6005
14704
11981
7174
9308
4085
2182
15364
11351
18685
3223
9835
13293
8069
11362
12322
17840
13444
8160
7522
5670
5190
3986
7702
2586
10145
12506
13798
15253
3422
8148
2179
1358
3600
10875
19205
14747
32
11888
1060
15485
7778
8972
9791
2834
10754
16431
3284
16015
9658
10511
9064
4351
1008
10365
1103
16922
1523
7574
15220
269
15049
14143
9608
4274
13518
19275
3300
15987
10063
18702
8032
1918
5901
8517
14261
3107
19705
4792
8765
12290
6940
5800
8501
5449
6319
12872
183
4277
16157
11526
5948
7279
19866
19939
1074
114
8052
14038
19135
13966
4230
18476
7006
7967
13764
18414
13486
19934
15585
6308
1438
4910
7313
17262
2268
18319
15119
1740
10967
9020
16898
6441
3556
5560
18935
14874
591
6463
353
4389
5345
14148
628
4812
12376
11153
221
6261
13320
7462
11990
230
7013
1073
9327
12614
17832
5447
10328
5817
288
4267
7251
625
11891
3772
13610
8526
2706
4375
11361
11575
16403
6171
12886
6111
12502
13223
9051
12175
16350
3683
7369
12871
5572
2236
403
17472
6352
16119
17107
7505
10823
6347
678
14445
17783
11816
16602
19210
8025
17917
10098
430
7081
10171
6279
16126
15424
11661
16457
12743
7760
7250
14838
7070
2748
3456
1510
15261
3651
1602
6670
2110
6345
15122
14035
17226
15169
15376
12596
3085
10479
646
1991
14789
2572
455
857
15079
9890
15549
14621
10131
1033
722
11190
591
8413
10690
6959
6501
10138
1579
4084
13933
13233
16680
14185
14292
11628
3378
5137
2025
19855
2366
18127
4456
18649
12441
16377
9240
2552
4270
8539
13023
13611
16083
9212
5208
11134
4833
3199
14852
1867
9214
2391
4117
11499
1117
11516
9765
15469
8942
6211
2063
15657
3791
500
10631
11325
10215
14376
13846
14490
10734
5551
7792
8115
8546
19406
6807
7810
8793
18377
15714
2456
13171
14096
4166
1241
4096
17271
4872
12923
924
19172
10825
6736
9538
3416
8050
7402
9108
3009
3903
15470
1674
7442
3019
90
12669
8814
9256
9457
2108
12679
19736
17318
16912
19478
16996
4063
13868
4679
18507
11571
7546
5162
8478
5882
13523
18353
9915
18919
15983
14913
11432
8736
5810
9747
1893
7737
12115
3744
10686
18014
5279
884
16897
15783
1112
11183
16450
6607
19691
8
12933
15872
9000
9406
16328
19013
6914
17047
1774
16328
18636
12696
17848
11147
15094
16211
15353
15338
9041
17854
16633
13910
15702
6910
6797
1004
979
2026
1656
18400
7758
16592
19117
9073
10051
15709
18394
6039
4707
169
13535
16114
11053
17410
15473
10734
8685
11497
2614
2856
12088
4781
8756
784
16010
18648
18449
13358
14549
11995
4354
17842
17626
17137
13312
9363
3367
4968
8861
18501
10712
11182
15568
13542
6884
595
6095
5605
11626
13735
8186
1914
12322
3118
673
13634
11958
16972
9202
2800
13148
7130
11645
3508
12525
8861
2931
17687
11770
3121
8027
12909
1053
19788
11684
7028
4426
15160
9697
18410
1035
1082
10735
16399
6899
14942
3039
6931
16639
19022
8819
15460
10870
1292
15038
14886
15747
18735
14509
7634
19700
15570
9326
8635
8017
747
16393
16582
8460
10450
10628
17734
13458
16609
15118
11396
17487
462
1403
2959
9562
12651
2812
7883
2985
7887
10822
19402
2804
18863
10003
10256
14735
19222
6502
14730
11326
8550
8278
15494
11034
916
19042
16796
8524
617
16620
17962
11519
9184
10852
10024
15382
17311
10649
13737
6711
720
9658
15277
396
9995
15924
1458
17771
10934
14477
15866
19642
12387
1997
19992
1597
18009
3434
14841
19133
11647
14142
14475
3352
14720
4512
419
11909
3219
12435
14321
541
8104
6893
14195
10246
14532
8405
8091
2019
8693
4303
547
7380
5174
16045
16697
11982
1656
7467
9300
14063
18870
1291
1024
11394
3400
2832
5182
13858
1356
2302
18709
6557
612
1269
19197
14221
14869
692
2194
19659
5430
11579
15202
7218
9614
7457
7315
9315
7860
3445
16018
5846
11414
9225
7697
14483
6079
16305
19425
345
556
461
18460
18084
16345
10632
16668
12402
15397
11152
1652
1510
10681
6914
11614
794
2447
9375
16677
16729
1548
14400
635
2991
9790
17291
19788
9744
9991
9756
5630
247
3519
8833
106
2814
12754
17441
12574
11309
18233
7393
12807
3535
1714
8708
5467
4891
11159
19220
17869
10169
7785
18109
5655
16758
883
15404
7072
17037
18573
8396
10855
8196
1395
17481
3084
385
11650
10058
7089
4258
3368
1222
2452
5496
7998
11417
10286
13030
8100
6881
8857
19857
16566
3891
16625
1400
3701
7850
556
15294
5266
8363
6523
6926
6536
8328
16463
5082
3920
401
8571
12091
6841
9661
12220
3102
1588
2112
416
11346
8511
13226
19870
19786
9978
646
12372
18635
2219
10810
16743
7666
9979
11360
16709
11236
14948
11907
7653
11307
11383
3722
8082
6451
13363
15336
9884
13186
13799
8230
7616
5366
7625
1883
9423
6307
14683
9820
5292
12868
18985
16599
18704
18870
18026
12866
8618
8612
17206
18016
6401
546
7776
98
7710
5875
1190
19403
19211
5864
8429
15202
12441
4281
4525
12602
1811
2285
10945
9542
1167
1416
11057
3042
19764
18607
14291
10769
13509
10861
12019
17380
15503
9430
19376
15071
5273
12784
3879
18597
3020
310
16255
9873
9862
8821
6356
17084
19908
6234
4793
3941
19287
15642
12455
15790
17565
16216
2312
18158
1366
18464
4059
12690
11625
6209
3716
17983
14598
19409
1425
16222
3652
6166
1594
1397
19514
14825
9212
16673
10877
5791
17504
19417
11948
9490
5942
18384
5481
3361
16038
10725
17100
15448
17170
14153
17491
5562
8425
15499
3374
19570
14710
2862
8693
6654
3912
1944
8225
15777
16161
13746
4874
6328
8488
7072
11633
13366
19426
16176
4570
18140
19765
9800
6878
4265
10149
3565
7094
1458
16632
18451
3254
7805
7143
10104
19168
1936
7591
3524
10419
7019
15226
2529
10859
8144
6990
1648
10295
5530
17125
16042
3899
15247
16700
19631
3666
11502
19513
15162
15275
15514
13067
3583
19755
2639
6452
10039
5100
11800
13765
17069
5763
7050
4350
4926
12493
17741
4318
13364
17409
16896
17459
18415
18038
427
10290
12390
4719
16214
4848
6871
101
19608
8360
17474
681
14962
13583
14710
14433
214
12696
6220
17320
765
9744
4092
6848
441
8730
12782
17130
13086
3541
9985
656
13391
5442
16977
12683
16960
12312
3479
9926
5815
2154
243
14247
8676
8295
504
9795
116
4308
5941
18044
12987
19470
5530
2660
2143
13316
5902
16985
1382
15511
13209
13356
10877
17318
11053
18621
1595
8335
12877
16006
17309
4033
14469
14219
13793
7706
13100
8092
6807
5957
1873
8932
6405
11
3478
11508
13877
18661
5579
12943
9889
6866
8431
17876
11020
3932
663
1836
254
14863
10892
8361
1489
3777
1427
7086
9459
13854
5670
357
6111
13404
17658
1890
7379
5120
13955
18437
11238
4244
12821
2428
6531
16922
9910
11630
15347
703
1671
5316
14661
12689
6083
9956
8221
15200
17601
8138
10787
205
10159
4902
15415
9038
18052
7655
5010
17548
14330
6583
6559
14797
15275
12778
13899
6482
18532
12527
1339
10044
7863
6406
9305
9059
5593
11130
9406
13647
3889
5450
7968
10555
15563
12006
13591
5715
6985
5224
853
10159
17695
8970
2955
15628
8936
14008
10189
6351
19879
10295
16423
5006
15872
2229
15278
14153
12319
6774
10431
4587
1674
10044
11939
3317
11019
18383
11221
4652
3083
1742
11437
4587
18054
16457
19001
2956
9839
17604
13315
9558
7602
14073
9332
9630
1248
9472
18688
3765
11776
13481
15934
2193
19003
1048
2970
4310
1986
13269
19709
2087
15299
710
13997
5695
13057
14641
15999
5319
9968
6121
18900
1076
8730
92
17506
7819
2836
0
15476
1749
2704
8150
10485
11805
1533
10399
1946
11669
18330
16341
19212
16906
9066
4291
5281
16069
2042
13998
14004
7154
16629
16442
8234
2134
3589
5018
6343
19833
15443
10142
6589
15808
2968
19831
5692
13602
15595
6639
10755
19221
16489
4205
9048
6964
6971
19720
9629
18791
16971
812
12907
18828
5048
10101
10751
8156
6248
6010
12012
18938
8153
19220
13995
17166
13032
16281
7937
16323
5023
5221
9871
15761
17191
1279
9253
8556
4284
17616
13202
15616
4689
14293
4400
8862
16666
11198
8547
4037
11220
7554
9809
2567
5988
15128
13741
3410
16708
18295
19294
14782
3645
14704
6315
5443
14743
8445
5921
12187
17275
2107
7007
6304
4695
7367
1298
8257
9121
17804
10279
7735
15834
793
7402
16208
11069
14349
12978
5078
8008
562
14169
18927
2798
4380
17445
17219
2737
8976
929
19827
13780
76
16515
14147
2639
6812
10250
8891
17529
210
4202
3097
4151
3432
14580
18606
12403
13119
8283
18276
8764
2579
9094
17922
12167
4679
9697
13357
10809
14396
10663
3936
10394
4678
9902
4001
1763
7124
19725
10632
1226
757
6119
9776
19770
1971
4863
672
18143
3802
17210
8831
6606
1312
9831
16412
14198
18803
5605
15729
521
16444
16264
1707
19332
10789
6964
762
15759
1735
3552
10270
15545
8279
10766
11907
7488
6175
19840
3781
1530
17938
12833
2266
9949
17889
9488
6873
6598
4726
11713
7247
11979
14337
10314
1539
4571
6264
13104
2484
14843
4989
5741
5240
9387
7558
10374
19128
14806
14893
13457
756
4923
17845
19335
4861
9831
12681
18765
6623
16170
19975
14352
7744
14520
19325
10327
2468
14456
16945
15127
10748
16472
12800
6439
19160
13093
2977
4397
8537
8565
2100
15361
18547
12346
12754
9911
9821
1789
2396
8921
10537
158
2352
12883
7981
5997
19694
10726
3382
826
588
410
3472
1935
1926
13760
11694
2101
11776
18237
4012
15878
5785
731
2782
12763
1458
9279
9893
18248
8641
7938
18892
12335
19900
5922
4791
7904
9557
5237
17835
3512
11877
10809
10025
6966
11209
5413
15437
724
15614
7050
10403
1874
6636
18131
2493
2841
371
12461
9462
18273
13100
14123
7573
544
19732
13828
528
16881
19253
11322
7824
19433
6426
2396
9660
17489
7238
8143
17245
8102
13308
581
5974
13336
9728
24
19020
15404
70
4997
3466
7039
2290
11462
11661
19526
10005
6318
12707
12092
5293
9209
16079
17209
2910
6945
15597
13859
17904
6191
14299
15926
13854
5131
2822
5166
8384
10839
14192
6891
13474
2292
16238
17882
11203
6949
7122
14924
19458
16357
10008
4976
6663
15105
18513
18847
3819
17821
11422
3890
12243
19316
16557
14625
17643
10173
10935
15130
3626
11491
3273
103
11886
10298
5624
13127
3827
10333
4627
15875
18854
11097
12430
19570
10245
17831
2142
2176
8939
4152
10994
6224
3910
1193
10608
9280
16208
15088
8657
4270
10579
12080
7442
17209
8036
3217
12774
8969
7322
6581
7644
6891
16420
3659
8464
14949
1543
19379
10592
439
10751
720
5948
7376
1490
5990
813
19270
8456
9109
19881
14581
19766
3557
7111
8384
1283
4827
11557
19708
19439
9274
5045
13575
8488
15906
733
8296
11973
3714
12135
17431
5101
18968
18830
16101
10768
1898
12344
19108
9236
10805
15485
5249
4671
14812
8457
3676
2025
17402
2628
16556
2833
10206
12019
4151
2958
19141
11823
9870
13253
13807
1692
5261
14914
3784
6152
17104
15000
15916
9388
4964
10655
8546
5449
4046
10544
558
13646
6495
11882
9310
10012
5326
2580
19791
10072
16941
12166
232
14294
1792
15552
17406
5345
6433
702
16480
15280
5045
3948
1330
7146
13219
992
13012
7569
2491
12930
9620
346
13904
5293
8143
19351
4856
8967
17287
1201
13973
0
4939
16236
18264
3191
15196
3827
10215
19685
5079
6090
8178
15840
13336
1755
13431
142
18861
13159
16042
8500
14130
1255
1322
18473
9681
11319
7675
10450
14121
12358
12294
5640
8065
18326
3353
8260
8743
8302
12680
10785
1739
18206
8467
4045
14608
10208
18815
14945
3296
5046
16884
865
3331
10336
10077
5292
12764
16843
7427
5834
8797
15348
14125
11917
12622
18234
10223
18759
14429
19139
19955
4524
10437
16688
1893
14959
3179
3253
8116
7548
14727
1523
15514
3597
7940
2701
2991
16789
7191
13887
2954
11608
19702
4433
6014
19075
3386
9657
14315
11769
10183
15685
17071
4224
5655
6775
18619
13285
15639
14336
15695
2989
6348
9995
17991
4004
14887
14327
13399
13666
11930
12314
1311
5013
7469
5544
16245
10895
17662
7487
19096
2267
11766
8312
2760
11098
3961
18085
1630
4134
19126
8593
14887
11566
15763
9346
743
13514
8137
4348
8819
13300
10071
7579
2151
1814
6271
3335
14668
15165
17270
11099
7028
19769
14607
7463
4421
15218
5325
18320
1949
5543
19402
7698
11321
6521
10473
9469
18566
19460
3412
2651
14408
12057
16892
18393
6444
15033
8729
9070
4271
5893
5929
13501
15618
19071
16259
19843
13881
14504
15750
18431
9405
13881
13979
13367
19326
12986
6157
15502
10088
10341
6008
4081
3059
15014
14153
8269
8003
147
7138
6420
6550
5742
10036
10495
17609
2078
3403
433
3201
4718
6001
16087
12426
8720
10798
8493
13884
17998
2062
9228
12641
12045
3620
16826
10434
19427
4926
9085
18314
15417
1051
16640
18696
5241
231
8291
6486
3223
9245
4792
778
1831
11941
6325
14021
8612
12531
19724
7933
16585
12949
15911
13978
18087
16500
9014
11238
5568
19051
11467
8233
1772
6379
2647
18963
4293
9014
6566
13557
8867
9465
16832
6063
16036
6126
4029
6046
19838
12840
10688
10640
16190
13874
4311
10566
17569
17670
18953
17890
17011
9094
14848
3236
1464
17613
1888
11214
2029
6678
285
16585
8024
5391
18863
1634
7969
10985
19851
2653
15841
12806
1315
15203
11572
9902
10852
6156
16852
17589
10689
18848
708
19309
4003
16962
6742
7965
4401
18897
1125
18366
10737
7970
516
992
2781
9919
14070
13422
12186
216
19773
8868
2248
6370
5233
7413
4578
18798
710
5528
9724
6322
13690
575
401
708
19877
8833
10986
9205
5923
6041
8074
5505
3532
6407
15436
19327
13224
2997
7534
12856
7108
1261
10922
8370
12487
4231
16156
1340
8550
4796
8484
3784
10945
12677
10209
15810
4764
11529
5489
7072
2372
17416
12669
15906
16739
3592
14213
1167
2081
18278
306
7236
8396
19293
5099
7813
3627
13223
2712
14853
11151
1973
11050
9432
6411
141
5477
9253
16111
10460
14392
2416
12663
16011
594
5499
4396
3831
3548
17230
9373
6981
8755
5884
17462
19233
13288
16609
15658
10366
11017
17207
12047
13709
16588
14054
15078
11676
13019
6943
4316
4617
16878
6647
4953
11714
7934
9442
8320
5106
9940
12629
13456
8133
16590
18029
5820
4362
18122
15071
18769
3018
12703
8984
19110
19052
14296
13124
220
5766
1031
13665
14656
6185
17173
12563
19212
2934
17409
18005
15394
7589
4192
19670
2782
2974
19793
14639
13395
363
8677
10164
11247
4893
13916
8014
18432
3009
18834
10130
14022
6447
1188
9428
17493
7147
8961
4225
1050
6145
6656
1801
17733
5400
14562
17499
8584
5317
19517
18788
19108
863
5647
13722
679
8348
849
11006
2002
6355
396
7981
11477
1826
11227
9047
1654
1124
18455
10671
18060
18942
1605
11398
13375
9530
8514
14585
18502
292
16603
15677
7206
7356
6881
7851
5918
16052
18271
19327
3786
13087
840
6825
653
661
5026
16728
19296
5416
875
94
7484
7170
17063
2779
4194
10516
8591
11117
13883
1024
5352
6101
14640
11017
7352
9429
4267
8066
15807
17475
4682
19502
5595
8209
19296
4385
3190
19229
2712
18977
4024
8852
13995
10835
8604
9599
13928
1616
5298
11894
10929
15968
6062
3777
8543
16471
11621
9598
10326
367
19119
12524
5869
9349
1298
12413
11713
5715
10962
6722
1341
13997
18092
961
11207
2689
11900
9362
12722
3427
14474
15805
18224
8758
4227
16498
1219
13255
13505
17692
4641
10767
8299
14768
18663
7138
14990
12901
12267
19095
2715
16155
12622
2366
16729
5872
17902
12693
1797
13405
7122
19189
5485
10563
16057
6083
4131
5766
13990
9018
14329
2304
2305
19344
19124
5846
15357
11697
11980
12422
1585
10476
15149
4017
11667
667
11573
7936
18331
5221
18516
16657
2152
3542
18041
6055
4469
12848
3249
18725
18702
5156
13874
1448
15431
2760
1339
2432
2743
15043
12853
17477
14555
14423
10466
5150
9281
4055
10251
12155
10496
14383
9590
17693
17385
5373
17572
11991
11962
11034
1141
3428
17948
12278
1312
15651
2518
11331
2702
3240
5125
1816
5657
12674
343
8218
11902
335
17032
15641
2338
12187
17254
7828
16757
11473
8210
15433
7023
18524
16843
380
6510
16593
8450
201
19459
560
5995
2802
4598
3280
1184
11265
949
15826
6218
15760
4910
7883
4669
11693
17208
5192
5139
1529
3350
15588
19042
13909
11154
5349
8486
590
3926
8483
14955
2883
7507
13263
7304
17145
15322
9321
5587
2984
16712
7371
7847
10634
18397
1570
1313
17339
4489
4702
19597
12572
12525
7811
6140
16414
288
16216
6310
8522
11181
6350
14873
831
14118
281
12498
19586
18667
2956
2898
168
724
617
8785
1102
9031
7921
849
9410
14959
4466
6119
1432
18357
7628
18627
15031
12684
3244
16583
2559
16006
14363
19674
16374
15959
18925
14418
455
16488
2285
10948
18665
7530
2793
13463
9976
2306
12463
2569
9560
11419
13262
147
5644
5275
14181
12412
1265
13119
8852
735
7958
19538
15630
17778
4927
12780
19697
7895
2462
971
444
3678
16551
7468
7363
5124
19989
10360
1327
33
8877
19521
14189
17800
8787
10515
13097
6455
228
16819
15000
2375
12795
14262
13425
7396
15931
16930
7615
11182
19946
16258
6033
4017
9089
7650
8170
19504
3665
13991
16433
6815
12962
14959
5951
1359
17781
4993
10209
11849
11702
2344
4687
5231
11837
5253
4430
6832
12225
2688
16862
11971
15200
4831
10549
2365
13064
9384
11088
2731
7956
3865
17003
17773
5094
14400
5394
14634
13488
10322
5563
10917
1486
10648
3626
11904
3629
6449
14472
18278
18750
6477
561
14112
19530
137
12247
18694
4427
16794
19075
5696
13340
11196
6041
9237
17651
3561
18598
15921
14494
16026
546
19215
3945
3957
17088
2006
3329
4522
12104
6340
15604
19014
15402
355
3794
5261
11541
11593
16296
7304
12829
7658
19279
13661
7930
14870
18767
19536
6201
6632
8275
18007
9868
16577
2371
1084
19772
14540
11046
9351
5145
12781
956
14975
3440
10007
9571
7300
8685
17209
5566
13001
14512
8950
1267
7191
17901
13282
4657
14324
17756
4156
2746
6056
279
15102
16883
8200
7174
19112
12072
16607
17293
4374
10900
9249
15485
17842
3529
5904
2914
9599
4326
17138
16560
11016
7488
18202
7245
254
2475
6263
8865
15386
2586
3517
12599
9948
3722
13765
18308
11663
11058
12284
787
16633
8559
3401
3192
6155
18266
16584
10056
17834
11033
16286
17104
11942
13814
2718
785
3233
7459
3425
18385
2247
10189
19727
15515
10107
16277
13410
4655
962
6516
19102
4482
6925
4993
13080
15730
10202
228
16797
6056
16402
12168
18971
8222
11489
3764
18199
8029
11002
19382
6700
10233
17713
16889
15652
7010
16587
4453
17815
7700
11650
17508
11385
1526
14536
14711
1578
8775
14612
3372
12982
11276
14898
17906
15172
19859
13918
5069
11382
19516
3633
14009
1929
8459
17695
1897
8932
16586
16551
9039
2335
4822
15002
6549
1099
13298
15750
19760
2359
7143
17507
4570
6835
12756
7601
14360
14417
780
3801
4068
12197
3300
17022
5716
90
10857
4789
6921
12651
1533
777
11273
17238
12093
9185
5793
10220
18831
16861
14340
7502
1252
3722
11884
3754
6687
18204
6680
12130
9513
18971
7044
10201
13778
4462
7217
2727
18714
9760
19539
1188
4417
10058
11099
19754
13432
3126
12018
16158
1632
15451
19594
4063
11011
466
7092
6539
15951
18850
18459
9741
364
17851
13460
4605
16235
18012
13211
8908
681
4582
186
4277
10343
17998
14129
8807
7470
16531
3919
16097
7804
2020
2192
18930
4746
12605
1412
14302
614
13395
5068
13383
14532
16773
6853
8666
17069
8955
16578
17101
4735
475
967
19469
2747
11594
13501
16200
11777
10056
16969
13613
3976
415
6666
740
18864
5054
5391
7005
14948
10559
13230
8983
3978
5116
3264
12489
4463
2277
10759
2382
10803
655
2969
11852
833
18581
12086
10088
9468
16612
15135
19473
13850
12778
14074
5230
18963
17084
9569
4310
14415
2291
14548
8266
14087
783
7594
2169
13046
5796
13031
12336
10087
1848
1066
2210
11098
9525
6807
12538
6426
18615
6686
229
18898
9630
2558
12568
7079
9818
4236
2167
5345
8833
13044
10153
19243
9318
14137
7299
18857
19125
11953
4992
17693
356
19093
2290
16832
17018
16827
12193
4282
4657
7681
5435
5423
4070
14185
13457
18543
7021
11502
18291
15580
2648
13578
17998
7942
14584
8170
8431
1931
14156
14255
6899
3665
18592
12274
16895
13245
8919
4415
2306
5963
17883
3064
9627
4156
8272
19995
11109
8276
2273
19107
3759
3340
5401
7789
16945
6861
9292
8549
15801
19505
19439
17929
5612
19490
1508
4790
2275
6625
3663
6609
16314
19850
388
5093
15786
11366
6551
17735
2132
12432
10653
16218
5929
2623
4097
3382
12081
17301
3805
1767
8786
1432
11975
15596
18049
2148
11508
10687
13582
1687
10628
5507
17809
248
15027
130
16211
12965
12115
9492
7615
5905
6209
5071
6849
13819
8250
5821
18949
10673
5190
12051
2810
2068
10607
16103
4166
2489
11576
7965
2180
19423
6740
10776
15926
14256
3943
1877
18297
4432
4056
17063
8080
18288
3821
939
10352
17945
19258
14630
17341
16993
10574
4180
17698
11576
17704
7800
3025
11992
6603
15778
2992
4109
9473
19639
4182
6969
5983
18673
8362
2702
9173
9504
4638
3540
19123
16777
18403
18859
1901
14228
17703
7899
10255
18909
15428
10131
17158
2590
2915
9524
16685
9004
1866
1539
11570
6798
595
3969
6362
7115
9436
16213
17546
18146
19969
402
8098
13566
760
11699
13948
11100
9294
2395
7176
17917
1504
19568
16183
5024
4395
17551
9548
11862
13560
1758
14175
8806
11522
17403
19730
354
13173
5931
12848
19730
4742
13793
8833
12947
12768
10672
14047
16743
3041
721
17205
14111
17381
4860
8045
13580
405
10723
9021
13790
8026
1823
8826
10898
18271
6374
7168
13577
8727
19140
19085
18931
12813
10869
13797
6656
1357
1705
7738
133
8696
19403
2917
11097
14070
18193
9245
59
6629
5483
13428
4578
17834
574
8920
17809
17621
15380
2853
18106
8795
5671
8201
1636
13784
11405
9596
15891
2716
19712
2974
19577
10781
19844
15157
3222
13739
7415
6118
5545
693
769
11646
13710
12315
15656
3310
3085
14489
19931
14381
12787
16067
16620
1867
766
12626
12310
13960
10162
5268
2642
3592
13738
5184
2488
10941
12026
4101
9086
4262
2896
17337
19923
3528
2875
19412
10078
13977
13664
15090
3422
18661
10998
4254
3692
10091
6289
8595
14809
14426
15026
18744
1377
16437
15256
288
12422
5710
4312
19475
19640
924
3043
17727
4507
14589
14080
4664
13432
2989
14807
10270
10220
9578
4604
503
12490
18148
11128
7439
15576
14209
14097
19028
15874
1030
7202
4089
9444
17761
6456
8148
4905
1494
14089
7252
18649
12079
15889
15585
3391
9125
12360
17414
16335
2311
6044
12408
2428
7714
9864
9469
2878
2048
18713
6129
10459
19135
17160
11127
11658
5782
3737
13706
254
10562
7396
6616
8946
9047
3129
16006
14026
14700
11246
18294
10348
14587
17272
19014
17269
6066
3145
19770
14867
18151
19039
12910
18253
5156
11586
7422
7102
13687
18554
8184
2107
19960
2219
13606
18827
10052
13099
5140
3144
19783
7762
12240
9670
18052
17797
7623
1369
17318
6676
10643
4764
6960
7485
12830
19493
10772
12357
18926
7004
1609
1043
19273
19179
19154
453
1092
10675
1636
3072
3557
12449
3533
7454
1737
2439
1395
5428
6712
11704
17063
19007
3843
6878
13531
3990
7743
4735
6445
8329
14016
1020
5691
7683
19530
10859
3269
11199
8560
13201
7296
13063
3823
19187
5095
2943
7544
7007
2892
896
5632
13865
19882
13520
6212
2388
16530
5939
9838
4015
16002
16361
15040
8003
18871
5842
8494
4637
8754
13242
19004
3989
19466
6131
942
1063
11601
9393
7609
15814
10267
2128
12216
12286
15188
12667
17488
11945
17565
14099
9414
10395
306
13579
733
19971
4199
11786
14638
15385
18886
14587
11456
6739
10055
15211
13274
12479
8637
6560
2342
2903
15830
17129
12257
14670
10606
16698
15927
19950
2467
16559
16044
9345
1320
11431
6901
3063
5234
12336
8890
16757
17624
5982
12682
8291
18400
16552
4261
10802
4573
18894
10440
10300
558
4147
9371
309
6177
9796
2538
11586
1322
11725
14620
18895
14454
17327
1480
16450
4568
271
17047
15836
18724
19970
12301
17101
16700
12764
17165
964
11089
5348
14671
3740
11007
946
14957
15013
12770
18647
3858
3460
501
461
7885
15386
13403
354
18743
19602
12663
11567
2987
5277
12162
12036
2732
1542
13391
4622
14118
13452
7943
12728
4987
8581
5371
6350
3809
6052
17714
17793
9116
19699
8153
11734
18809
3973
5555
512
2091
13893
16496
5015
14789
10721
13212
16075
12751
5117
14733
4406
16389
2561
8640
16749
8786
5486
12169
8125
726
7364
12763
3172
19407
16254
8070
15384
2848
18327
18708
13622
12619
3147
19608
19753
5758
12592
2117
19329
18871
16829
17696
5237
6733
16935
916
16676
12688
7062
12258
774
5142
8766
11555
2472
10220
19247
17105
10758
11328
10177
18147
2053
4015
5426
13389
13058
7847
17931
10623
3116
10687
17115
496
10561
15589
2265
11636
7362
15382
1756
13717
7531
9429
19289
7186
13545
15863
12871
12351
12174
12102
143
10
19882
12509
16840
18555
2725
259
16482
17011
388
11508
6453
2852
18911
15047
17591
6192
7876
19400
18008
9553
18522
16897
3142
16005
4020
16289
1066
12517
15204
259
7128
9541
9608
271
17362
19362
16388
19871
6832
7978
9970
6266
14967
16025
9283
15060
876
6876
7029
13573
1887
19232
963
4292
14102
9611
309
13421
10705
7525
17352
14239
10893
4185
15999
273
13236
549
2602
11061
17084
6665
4796
12544
5453
7376
3852
6671
286
15390
18593
682
16841
16627
12324
6
4271
17856
15410
4846
6496
18818
19242
7071
6135
11047
2611
15439
6705
7472
13648
7250
11469
2417
12179
3435
6153
15063
19581
4047
19704
19889
10504
12940
3424
1759
7950
12820
6870
13976
768
837
8261
10153
12495
11282
1164
4562
9719
9634
11896
9811
10464
13363
19178
19692
18903
8746
10508
12578
16013
18272
533
1855
17029
17928
8513
431
19886
7215
13729
3219
3179
14873
11371
5009
8477
766
614
2975
2393
2071
5185
19161
11854
2176
14449
13608
1382
3778
191
14614
2348
16087
5019
4040
7328
6962
5279
3225
9075
6278
3292
8691
2702
2993
11652
14776
9209
12092
8465
2298
4184
5932
4702
12839
6212
12155
13059
14304
5409
12368
1315
2469
3046
6314
18475
16790
15491
13958
9599
15008
14975
16614
18351
4522
4732
11445
7836
10709
10761
542
9397
17433
8199
8346
11159
2315
18407
378
11687
18262
14997
14332
7959
18493
13046
5976
4359
10676
10155
13466
19462
7010
11737
16465
12413
6141
11017
18333
16475
4393
13107
6361
3951
13857
19918
10729
9918
2556
5469
10365
1903
14904
19614
14179
1638
19326
6071
5954
4700
2896
3741
13112
226
12926
3762
16714
7108
5951
5744
11590
1217
8882
12325
2471
10243
17581
8506
16299
17895
9426
14090
3977
9465
6029
12057
11054
14523
10685
3651
5274
12978
17567
7701
7995
25
17214
15179
6097
6080
15039
18677
6672
17268
16948
4705
8961
16421
10251
4627
12338
15662
11563
7139
12732
12411
10788
4792
15905
3244
13743
2477
11171
15660
8952
13832
3513
4286
8572
12579
5433
17082
1236
13098
16669
7826
17789
17901
2050
6903
4347
12608
10332
1490
14475
9346
17117
4369
9295
4956
19495
15199
12198
3149
4101
15037
8640
6913
19648
18563
4038
13018
5712
3269
8688
7494
1120
2210
12158
7944
9403
1073
3439
4197
11489
19349
12900
15806
2017
13368
1214
18080
15368
6107
5904
17654
3267
18984
16923
7780
9368
1002
7574
7742
11583
9939
15470
17239
5470
10003
14736
7963
1053
3388
5479
1750
919
11569
3269
15807
3704
7148
5800
11
4651
18791
16205
2178
4913
14569
3436
15950
13978
19813
1636
8563
13603
13645
5614
12321
9332
13459
2113
2423
9651
1284
9279
6867
10931
12006
4873
14089
14270
16872
18331
4015
735
35
2579
7788
4044
19678
19636
8567
16647
13648
9633
17437
10511
19965
14605
14002
1626
17736
7651
9058
5624
257
2452
6134
8725
9403
2715
1876
11662
10531
14577
2952
900
12211
8071
12732
8808
2550
19564
19685
19193
14149
15896
1453
8970
18437
1557
10224
1820
16831
15473
5167
17632
17201
12623
14120
14192
10868
12583
10980
15659
840
695
19313
244
18138
17748
13719
4487
7437
4104
10978
6207
9579
10414
17412
19616
72
17701
3820
7519
944
14536
14883
3103
4792
5585
17594
10805
2245
19597
17380
18734
17074
769
14993
4579
1393
18398
9741
12415
14801
14082
4022
16563
16697
81
7695
16419
8657
10964
12519
4596
15778
4131
12640
171
5869
12073
2397
4889
17248
13607
11695
9107
17446
1246
1122
655
6780
3074
17121
14536
16218
17909
13503
12609
8271
1345
19939
11578
18296
6534
13336
5812
168
2822
12841
10833
9507
7343
15073
1616
10665
3963
5720
8005
18630
10260
11819
14383
2082
12471
4880
2789
10620
16569
5648
15572
1009
4434
3972
6840
7962
12021
4610
9851
9452
17428
8847
5075
2081
15810
14862
2787
13001
2869
9554
17335
15928
3704
16546
926
15798
5561
10826
4221
14372
13636
6818
7917
3746
2027
191
14046
2224
19691
15284
2815
16467
4138
16379
12799
7920
12155
12467
16310
11681
2830
15719
13237
10989
451
12634
10761
2839
15279
19087
17267
11566
6949
11681
12264
209
226
14241
4071
1255
11438
1993
14238
8776
13617
19729
18032
3684
1057
3201
11847
17041
8761
7579
19486
19458
12831
17833
8795
15702
4944
17078
10448
8247
18062
8501
13925
11807
1220
11214
4985
18356
13364
13623
18129
19163
14020
7184
16304
7355
19913
17111
16253
10154
19430
14972
9976
12730
18766
675
3779
16055
4891
10477
3629
15035
7945
4817
13174
8331
12837
18814
1742
11099
3407
2024
10792
565
14496
18266
19492
19983
19495
14518
16052
15107
9512
8129
15585
5131
4681
4949
11401
12336
12064
8669
249
17765
10625
2578
4612
15274
9795
4573
18000
1070
3980
6691
5268
7651
15745
16481
6230
8463
1292
15818
17743
15871
7328
15193
11623
17981
16175
1456
10596
10411
10603
1699
15325
4197
12413
11585
16637
13126
9727
10808
7923
9366
8406
16413
3839
3761
5549
764
1913
2628
14685
12623
14117
14350
15612
5183
12131
7667
2881
2178
361
6249
2132
16693
16923
3391
18378
14524
17986
1586
14624
17405
13288
14838
530
10703
3454
18654
14120
5204
8953
3908
8924
11256
10455
16038
4870
18580
10788
9316
13181
15074
8031
4138
17327
9812
3762
15201
18981
19641
1000
19018
1018
7271
11089
16569
9454
16247
1559
14649
984
14332
707
19162
156
8166
2417
9401
14030
30
13283
3487
6095
15119
7117
5212
2619
13658
3898
4054
11412
4985
18817
18733
12922
14544
3075
13009
1942
19429
12586
6071
15769
6893
3640
17985
6846
5817
15701
3037
17023
4897
5430
10161
17472
11909
5803
5026
18738
6572
19522
5751
7929
111
6263
3160
1186
14244
2421
18393
19038
6337
5422
16125
18587
13431
5496
2553
19902
2950
19946
13177
16199
3709
10771
19537
5142
3057
4035
13843
15445
16979
12433
18875
1246
5860
8978
4352
10350
19509
11373
9246
8485
16229
19579
13500
14075
14803
2641
16867
3215
13702
14481
4703
3261
18111
12965
17885
2412
411
12593
10940
8
611
15661
2087
2078
11538
19556
15471
8495
17189
15052
1552
8143
5390
7391
8431
9204
16479
12597
7841
7432
11519
17869
12932
18210
2669
16571
4968
603
1180
1500
14078
8251
4448
10118
16589
12666
5241
18548
2743
6988
9832
13240
13879
10256
14206
11821
7352
6810
12571
3906
13538
2009
3122
6924
7762
11906
9687
13704
9239
12739
9597
2960
13723
18516
19993
5484
9214
18008
2739
714
13309
4599
12785
865
19700
5608
15211
13563
32
643
17969
15936
4284
3634
2864
9734
19009
11365
8258
12138
18414
7809
9600
7726
3903
9200
269
14669
19696
14213
18347
13057
17022
10555
7999
7847
10060
19234
18181
14545
14627
10182
7413
3685
6371
13436
8450
17129
5107
15551
15038
5747
9771
16659
17443
4698
7095
7333
5531
2941
9577
2519
13222
16254
12597
3804
14486
9197
17780
11325
1497
17321
12298
12548
9299
4373
2336
12315
16478
15667
19112
11180
14813
4154
15298
6877
6844
9348
14028
13522
2308
12314
14607
12128
13200
4641
6833
7438
12515
13877
2793
15585
1441
16082
7860
5895
9881
14413
17170
7392
8001
15283
12097
5760
15927
17056
7593
3947
361
19798
3623
10712
13511
15320
18541
4075
11177
14734
5101
2194
13506
501
15856
19870
16350
3354
10894
10781
2437
11069
18651
2749
4749
13957
18022
1779
14547
14713
16810
14764
4951
11974
1699
6252
3825
4466
2093
15918
513
16271
17248
3013
17028
4141
3963
5875
378
11027
8672
14881
13149
14615
3632
2815
10510
13788
8840
16296
18990
10693
17666
12893
13533
3612
12544
3318
19874
9954
1378
12935
9186
9536
8078
3396
7855
7685
13839
944
19194
9159
15371
2359
10712
3616
8944
11919
12523
980
17438
10458
1574
19393
12921
4134
1593
5739
3927
11843
1151
8982
6073
15107
14801
2166
6173
18366
15105
2701
14306
19938
6382
12971
2760
3562
16712
12550
17623
13623
2244
5003
19352
10225
13311
19345
18415
185
9430
11233
18936
18445
3751
16747
15491
17278
10774
8202
5336
8506
17952
7115
5920
5613
14430
15416
12717
13878
18298
4388
1222
3091
14908
9268
8260
7604
202
6529
600
1931
19983
8209
1684
457
15965
15008
19397
15001
2796
8482
14880
511
1955
14213
17175
17788
1120
19742
14182
15774
7678
75
10499
4864
19301
7443
1999
10382
10401
5295
6620
7497
7879
1471
18259
1036
11299
7515
13835
3893
1997
4825
13987
4247
7457
10475
9310
1485
18126
5966
14358
15625
13183
7457
8979
17652
2322
17822
7169
18495
16158
4097
5789
18498
19633
5387
10897
18851
19808
305
5707
11320
9213
14992
16261
19058
13288
3302
9841
9727
5062
16368
17530
9039
11933
18835
15950
10432
14677
14134
11563
18703
4206
13916
4882
15077
9695
348
4253
6094
11435
7478
15191
10110
14920
17887
11019
10393
8956
4340
8383
15074
11057
8364
13021
6980
5552
13598
1905
12043
6016
17706
5766
1397
7050
16604
15838
8634
6915
13494
18666
343
3195
713
14539
6281
13041
1428
6126
16599
3093
17849
1049
14004
13477
12240
4074
5015
1435
14060
3012
8754
9057
1154
17126
14969
10259
2945
14871
11925
16248
120
15154
18616
5505
3331
571
16135
3608
2873
12731
2707
18162
3206
442
714
8252
12565
18304
17487
11912
11201
3244
17738
2773
373
8397
10086
8590
5090
52
16995
5762
8703
8624
14435
7130
7410
18815
14771
1119
10554
2592
10445
6215
7010
15438
9937
14273
18421
2306
4338
3878
16429
6333
1963
9799
11479
352
4763
7905
914
10082
14440
843
6559
11827
19307
17541
19236
10986
1106
16622
12160
12162
16729
1938
5709
10001
937
12427
4841
18350
7945
10418
10438
7560
8629
9234
10430
19477
17742
6013
17416
4608
19284
11466
13953
5079
4120
17028
1722
16362
1109
6360
7066
878
5612
9781
997
17300
18332
9378
17067
18224
18570
2684
19674
13826
13196
331
9124
785
12687
11543
2444
5243
18712
10520
783
10342
7699
3969
13833
12550
735
13824
11783
7613
7689
1157
2984
9022
1712
6064
6573
11572
5218
978
11355
9115
13902
18568
17018
19498
7924
16484
17282
6800
16491
848
765
3900
4273
9125
9347
6566
14090
5427
5337
11578
16906
12727
8030
3061
16870
2076
1548
17173
16971
9379
10167
2533
13448
4965
4643
17524
9353
9877
17400
2147
1899
15228
15890
9003
10142
7816
16279
1537
8087
8710
241
5735
8719
14760
8176
12285
1234
6497
12491
14851
12084
9236
9265
18455
9796
18939
76
10556
7930
6183
19655
16355
3962
14114
5109
17960
9854
1408
5013
12679
4197
15346
2310
8744
366
12436
8110
1804
5777
6588
15717
5307
12017
10746
7424
8836
7633
217
10269
8773
16509
7215
6413
2275
8237
185
17474
12807
17884
10510
8875
11660
6465
9423
19942
11883
9177
19626
14088
9949
15414
12325
3126
6093
17659
8634
7099
14472
834
8863
7229
9467
6358
1258
14181
12849
2564
14811
3443
1997
9999
13946
18769
6952
6724
8780
14766
6947
4065
11003
7528
17660
14814
8752
12096
16831
16965
4649
13011
16976
10095
13819
17938
5450
6904
11879
10807
6939
18030
8790
13850
3809
16903
14233
8022
18996
2965
7282
7738
19678
9444
9722
2219
18242
13141
19621
11264
18542
15550
3188
18883
14468
14166
4321
14781
16031
647
12797
17693
10092
91
13297
3683
7597
17910
5689
7359
604
4756
6536
522
10486
6743
17411
11142
2487
4439
12006
16188
4193
17357
17634
1198
16716
16385
4006
13748
8249
11537
4958
11671
18950
16402
19939
18937
15537
18490
12672
18796
19860
8970
15004
6281
7543
10752
13532
6958
13726
19604
7055
11304
2630
4994
6457
17601
98
10887
11040
17
18369
11966
16049
19860
17505
3758
14058
19863
15036
7530
3851
1400
7637
7467
12684
19643
5339
14288
7540
6235
16477
13690
15366
18862
6888
17077
15735
9598
14478
19191
15876
4714
7477
1923
19763
18214
19718
7383
3764
4917
15967
1643
13945
1388
6988
15666
1015
19004
19667
1402
19459
7265
15974
18204
2212
1816
10212
11994
11420
15671
10379
10915
16851
8717
10651
15606
16314
18890
12376
13802
15538
12416
8782
6646
6351
1588
17976
13363
5729
19327
2102
7352
10403
17474
7265
13032
18456
15828
17272
12587
13663
9133
11614
4501
1197
18777
7070
4490
12988
11042
16532
3382
13998
2743
16627
10827
4568
6094
6173
13562
7989
952
7113
17429
347
9518
481
17612
947
780
12806
15293
13667
14359
8691
7317
4244
14163
12704
13680
19406
6817
10736
7655
10259
8772
12259
51
14535
5254
3704
13200
19575
16311
14099
3893
18139
17415
16022
645
14990
4570
7409
12548
15116
8673
5870
17039
1298
6671
4099
19280
9851
9751
7332
2813
488
14841
5710
11223
5367
16407
18340
1964
16191
9983
12850
11934
10428
8830
8910
397
7223
236
7100
11427
1406
18938
13067
5886
4549
2578
1163
11313
3149
19386
18232
18467
15787
3799
10892
9801
14839
6359
14849
17855
9471
1205
4214
14243
11634
6192
5096
3006
12245
13295
14901
14151
7704
1130
19299
14610
2956
3204
10290
12486
2468
5761
19653
1882
18294
18908
14864
1230
18567
13534
9130
12711
15517
9871
19671
2724
4742
9730
1031
18669
5088
18803
656
63
7529
4282
7074
1704
12964
4436
4443
7142
9147
23
9961
8480
4650
15438
5369
19114
19549
1896
7736
7432
19646
15249
6010
17984
14712
9127
6151
1106
14192
2408
3104
19726
16784
19892
18525
2224
10023
18974
5169
1800
266
7096
16647
16692
10185
8954
13831
12854
12547
728
537
18881
9519
4171
19589
6738
12445
19586
7872
628
7586
18769
16756
4574
13313
628
2714
16064
19490
9471
341
19565
267
5972
2137
13517
8456
13965
1361
19264
516
16818
5805
2605
2805
7796
13259
3374
1262
4750
11897
8844
839
11960
18584
18421
13089
14946
2784
11454
15910
15213
6275
7130
19286
15067
16906
11081
19376
7006
6647
10465
18821
16277
7798
3850
5170
13898
15811
17062
1003
9390
441
785
13652
1737
14421
3688
11040
4776
8320
11779
11277
10376
83
2146
13255
3048
12570
4928
16623
1256
12071
7365
4871
14107
880
13754
1277
5590
14869
10949
13785
13187
15396
75
6200
15803
13203
9952
13673
2769
13863
1959
4159
17124
13848
13118
87
14759
4860
17369
18168
919
4765
14868
9659
11458
13547
316
2787
18993
3994
19071
2620
16219
10652
590
3152
14073
9364
9518
989
3055
1606
16475
17913
18208
6835
5211
12912
8467
5255
1461
7775
17618
16619
10017
17751
88
3402
2507
7235
8753
17449
9532
9805
12642
16758
6767
10939
2055
9594
3558
7012
10943
11752
12760
16575
18964
1173
9509
4932
6047
17525
5140
19547
4344
14564
13960
3646
4818
17819
5260
6692
18003
4076
17225
19854
1628
687
4416
7162
8903
15013
13386
5224
3859
14370
11485
5265
13371
8329
3821
11363
7517
19119
7622
3595
465
10138
11723
4802
14876
2252
1142
5777
108
17615
15827
16649
1157
6578
2636
9437
16610
8830
9220
19444
1316
7691
1629
3884
14461
17931
6885
16425
5238
6659
17911
2882
16032
2641
10282
11436
10926
12809
19979
1674
4818
6650
11547
7442
14243
3582
7563
10499
8366
19095
19875
19626
13322
9846
4635
4848
3985
7621
7962
2723
9812
15620
11161
2709
3647
12494
10663
2729
8874
4115
18725
18095
4734
1213
11374
7709
6077
2899
7321
12007
16702
8490
18288
9370
15798
1741
14267
13920
3645
4436
18241
5704
4906
16042
18873
17105
3222
13542
12881
10644
3548
19149
1063
9304
14516
8214
14239
18009
6946
2460
10737
14191
17583
2716
19408
3298
4999
16858
10571
2284
1506
14070
5770
12041
3611
8727
14751
4113
2607
8027
7562
14820
12440
18889
6007
1153
5216
7048
10897
19345
15991
8977
7024
11121
13698
3149
6268
3695
6329
5733
3143
19161
9650
12197
15645
3158
12960
5719
19975
1228
638
19166
1245
17162
18941
306
101
10275
4443
3516
6830
9491
7494
15465
5280
10696
4306
16911
4224
1606
11740
17721
18263
580
9626
13118
12733
4476
7373
6021
609
17360
1973
7256
5143
10239
5018
18372
18974
12421
17621
14300
8402
5476
19831
6904
12749
5124
7316
16501
4183
8866
19226
7737
11017
521
1307
4225
12234
17711
3702
11830
10961
14932
14140
15444
4278
15032
17841
12838
1168
1973
18839
7186
832
1761
13580
10244
6141
13312
3490
2360
17716
13012
74
13801
11903
13843
17058
4526
13920
2379
4800
2474
16602
7136
18245
6079
3342
3847
8622
788
14659
15949
836
3580
3936
218
8120
19040
9320
6213
15833
3832
10759
9995
1546
12254
16421
19550
16839
13274
16138
1645
562
16053
613
8580
6956
6899
15768
8181
2371
7580
17482
1020
9255
17136
2075
7071
11023
11394
16265
16913
11396
1170
10801
12431
3558
19740
16857
8418
6864
19711
13149
3833
18827
9530
14863
16325
17713
18872
8272
18312
17503
10055
14851
8424
3208
6798
2547
11774
9081
4324
8579
1199
4026
9343
5111
12380
17177
10303
6522
19006
16064
14419
11298
16265
9291
7745
19053
15831
18759
9495
1273
17392
17499
7649
18717
19288
1113
14872
16623
539
18994
11788
6790
14977
8029
16820
2342
19368
8986
7630
9965
9292
7034
6053
11651
16615
9960
14690
13636
13480
4077
10975
4557
5067
10261
15801
2426
11173
7902
6607
7061
17309
3998
2618
10842
19748
15750
19341
7079
18918
1246
12980
4377
4101
14442
15948
8455
19475
1379
17089
630
12136
1346
6196
873
1330
19532
12445
19339
7676
18874
12689
14207
16199
11140
3080
17739
9914
18390
4336
14432
9609
4785
5508
12191
1194
19672
13421
12244
8545
3551
15645
16123
11577
2053
12348
7912
9350
15059
8540
162
335
6996
1995
1215
8618
6965
16514
14386
10201
2034
8006
15878
11879
13228
1235
16186
2153
1004
5425
13030
9256
17195
19872
17597
19397
16542
2719
1654
16902
10653
2197
6259
8465
12065
12941
9063
13132
17442
18832
14773
16020
18156
12982
6289
9076
3077
8582
17945
15752
11326
6315
5740
8976
4783
19703
1818
1272
6530
17113
3123
10215
6650
7126
3016
12330
12459
10867
17111
14655
5971
13245
15135
18681
4908
5459
12207
8286
12979
15496
2460
2524
8437
15793
14808
7538
14672
2021
10295
15195
7390
3176
16581
18760
15684
19446
15544
5228
14982
3910
6844
18200
4499
1354
16703
10628
2959
16682
18174
9859
6607
10200
1256
8331
15555
6456
611
11981
1719
1853
14429
14155
10625
19572
9179
16027
2440
11902
79
5536
17759
7491
11419
17884
4265
2347
11469
12817
12778
18859
15254
9757
14844
15376
14633
3213
19158
9194
4293
9499
13423
19364
9895
5767
17300
10227
397
5811
9730
2161
4567
14889
12085
11934
19976
16646
4622
8889
8345
16074
5965
3524
4149
7024
5303
5605
14852
18130
15698
11224
5510
13596
7681
10464
14559
10718
3643
15419
2609
19987
2254
15842
5036
2274
17794
19105
15058
7947
11382
14006
7703
1504
18896
12492
6753
9615
1498
13065
2015
7077
15666
9594
7587
12951
2372
17818
12161
5693
18174
19895
16932
762
16843
19975
6955
7657
5623
8500
17264
15954
7453
523
3354
16437
4275
12607
10202
8318
10531
6085
6650
6517
2835
2511
3182
946
2181
14949
961
8145
15000
3079
12449
6705
5799
10937
9881
17122
13687
17775
13758
4342
2848
10508
9802
15571
12828
4326
10026
3862
14759
10992
1712
16729
5610
205
19072
9322
9286
11951
3677
40
7117
9124
11758
17840
13191
3454
10549
5301
11431
19905
4864
17054
8561
12492
16571
17569
1917
19693
4222
10081
18279
6765
8714
7237
19486
10554
18585
17046
17639
3164
11567
2566
15612
16371
467
1267
4271
9934
6547
1432
9019
2915
19163
14588
15797
1883
18314
218
1424
16218
3955
17377
465
3670
6200
8635
9661
10354
17847
8505
1788
10390
19027
4321
8553
9427
3348
17171
13752
11296
4609
16606
400
12804
989
528
9386
14131
4605
14405
15071
6914
8065
11637
15642
13428
10810
15677
308
17228
7150
2336
344
3667
6781
2113
7753
14732
4353
3084
12028
11435
12481
12340
14791
8435
13598
18859
17965
13383
11512
11774
14209
4519
18378
4768
19323
15779
18473
5428
11855
19799
18963
7854
3454
18151
13307
1954
11121
11330
10580
15854
5769
15405
2201
9402
15058
4520
16397
6715
12762
6543
5044
11924
13482
15477
12739
8155
14186
10262
444
4822
17942
1933
4799
1919
14671
16040
1165
5717
17910
4206
12567
12829
16070
15747
19829
280
18969
17227
19074
17012
8166
10976
16987
940
3366
5274
675
7668
2392
8864
9363
8024
12069
7061
18839
7373
11948
13837
132
3571
7845
2903
18381
12044
3157
14368
8281
575
8840
1262
9313
6765
10061
15699
8495
6095
9818
16001
3018
6355
9432
3435
13858
19980
7125
14137
5115
7806
13418
3893
5247
691
3638
19835
12838
17198
4454
13579
12856
17594
4042
3728
5304
7661
8586
3637
18597
1430
16042
16591
7679
8461
9406
7961
1425
7817
7217
736
11575
18626
18708
12387
11059
18004
11248
19657
10526
13810
302
1639
14799
16383
5762
19441
16455
13926
17442
3964
19914
5587
15829
5271
13070
1153
15705
1345
11030
7131
13473
5307
935
14425
17434
1980
13282
14019
17847
13398
18175
15440
7226
4537
5466
4879
19603
2494
17288
18229
9545
10390
6635
11055
12461
14235
15823
19493
2358
13018
1569
10030
19536
9617
12136
5466
4951
5138
19881
12451
8149
52
14907
5234
16864
18421
1222
10714
3441
9599
4656
8774
4834
2721
10976
7327
19688
3909
16902
4727
10111
16982
1063
16401
12128
14258
7322
11405
9532
7658
14439
5562
15453
11840
16199
13945
8613
9418
15079
15340
2697
17292
14325
7350
15190
3473
5421
12736
4955
5130
2718
7052
17584
11335
1011
11228
3889
1141
5061
16557
11479
7288
4465
11209
16279
3780
9506
10467
2632
13497
16339
17538
8617
8117
1904
13801
4523
8264
1525
1232
19943
4089
3134
10746
4682
866
8974
10204
5084
12803
14099
16312
11094
17819
17276
12980
15391
15708
13703
17056
2457
9510
11221
16957
7903
5142
11481
9958
18885
3933
19595
10902
9505
17459
9738
10423
6453
11888
12665
12236
14072
5074
2400
16032
3080
10859
12503
14697
2816
2456
3784
16625
18322
11685
13443
1570
18914
3131
19691
16480
8428
3619
6501
15433
11219
5134
17264
9769
13889
16097
15644
5283
12262
18294
2095
12603
2935
18567
14535
8389
15217
11013
8582
15201
6665
12600
16679
6937
1625
9022
14621
2535
8447
9459
16258
3613
14330
1112
7698
9430
17953
8361
13845
468
5247
16843
6755
6547
8385
16029
3726
17798
825
15727
10532
19764
10093
11965
16394
16324
3431
9137
9054
6923
3380
14474
5646
1066
19864
9950
16765
10120
9677
19428
10651
8925
18341
4798
18467
1577
1161
18206
9558
1572
15466
7780
7693
3361
16161
11036
2403
8965
12472
458
5121
6227
15756
13959
811
1203
19755
17088
11012
7017
13041
6861
11104
6673
1262
15325
5197
11302
15732
14996
17289
17712
9886
10742
6874
2579
8973
19473
14210
1417
5349
13599
12155
10665
19845
9690
8825
15295
4682
19138
765
8931
18027
16895
7829
5284
5969
19909
19673
10294
14686
3070
14911
6983
16088
13818
19257
5485
14468
1864
1696
13544
10340
4800
14532
1894
11302
11166
10898
1903
17170
9122
512
1045
18060
7986
14827
3424
12333
2436
754
9064
18157
15480
4719
15945
11562
11802
9035
7955
6659
4410
15991
5972
11165
8416
8623
535
676
12570
7362
5548
2750
11842
7497
12147
9735
19613
10129
5479
13046
14000
8774
14323
4343
16786
5795
5573
19794
3697
9387
12751
18112
17017
5289
5104
10901
13962
18082
7272
15570
830
10262
7913
516
3587
3728
14456
17634
18773
2034
15471
18418
13175
16318
13873
18344
12148
18362
10947
6614
11391
5278
14670
7759
16046
15894
5061
11300
2377
17283
3318
5903
13812
3083
16771
2328
16798
16736
12925
6831
7816
7911
6734
12532
8425
18074
17354
9319
5706
438
16112
11869
14937
7646
17512
8654
5684
3571
12970
3576
8007
6238
18843
13591
4820
4544
18740
7010
1462
16498
9660
8085
15398
5081
8888
7352
1546
7884
15132
6968
6193
17522
6033
11827
14929
17048
2180
4985
7621
16232
155
8701
11964
16283
10595
11703
12944
18879
14986
1750
9548
3879
3964
12787
10254
18226
9760
11684
17668
5099
5111
11187
7403
5712
7111
862
16141
18763
4994
2922
13348
9868
5702
19058
6382
2249
16710
12479
18137
1826
8070
3606
6564
2886
261
4178
1209
13689
4975
5950
924
5295
410
8145
17543
6041
13571
10085
1399
5193
12749
11613
11680
18031
755
19775
16721
5840
6422
18557
248
18611
8074
9985
13325
6264
5444
19777
10658
58
18255
798
8735
1707
1433
6658
3309
4654
8402
13759
9410
18351
10407
3350
2334
15623
1783
13061
13368
19308
9995
1632
7951
12699
13738
3946
4085
15931
18592
361
8113
3054
7093
3873
8635
19686
5909
5332
14797
13225
8573
701
7889
13563
11648
10966
18917
17790
4106
6787
6362
15198
18858
5263
2365
6958
12935
19235
9476
10667
1758
10013
12747
15988
8297
19432
18423
15171
11800
6357
11332
16530
101
4931
15005
13608
3782
17268
18176
19849
13167
16210
13421
16556
4593
2560
12835
12137
3705
3067
717
18706
1937
6217
15036
12649
16928
6712
11691
1661
19361
14915
6187
12429
332
4531
6457
13551
2290
6106
17070
14
500
10845
10823
13243
1934
11956
9967
17367
2106
1301
11242
2555
13996
3960
19197
2612
16804
6679
10558
17879
1135
3437
15132
8395
12654
6940
19974
8731
13509
3741
4181
2446
18370
7691
13443
11921
8751
15454
14315
14142
5376
11771
14912
14623
13426
4540
10860
6827
5051
14763
5752
17974
16733
11463
19487
18633
19414
8228
3244
15350
14986
4590
17572
9440
5206
19474
17276
9816
434
16887
11298
2093
15028
8754
16669
6956
11552
7466
9163
9135
2350
7203
6020
5977
13895
3738
11133
6372
11440
13728
5917
19823
11087
18060
10592
16526
1301
16931
3516
7943
4439
5182
16203
16448
10666
12338
11340
2599
3055
3036
16501
7130
15722
15675
5057
16011
5344
7667
10126
16961
12530
6071
1278
17136
10637
8092
17121
5747
15964
2199
9136
7476
11347
12556
2330
1687
14844
5312
18093
11787
7077
13748
12423
11930
2679
3170
15012
14613
14415
17044
3671
18109
12934
10974
12818
11393
3224
3751
10880
187
3347
4171
16725
9289
11328
103
9157
11081
7081
6372
2824
4638
14000
13685
10831
12567
14714
2377
2398
15508
19300
17389
19279
10515
12270
12852
1853
5590
8299
10754
7626
13332
110
17782
1749
14167
16451
11683
17605
2407
10035
10867
17861
317
2533
14897
1073
4143
13508
4588
12096
14124
12980
814
5756
10800
16594
11491
17776
260
4013
2632
16679
11617
16408
18447
18130
6018
354
8976
8597
14666
18578
5318
13235
2325
19309
13175
15015
19185
9787
10431
5826
8160
7169
8513
12559
17449
11417
13559
7254
6977
10410
2784
2603
6043
17854
18271
17241
16899
7027
6778
7831
6035
5033
9669
4231
19615
4647
10367
9223
5590
9237
18442
10731
11969
7453
12058
17052
446
5701
10917
11584
15587
12856
4412
14947
17124
15225
1146
1562
10602
12838
13271
14447
12684
148
14487
11656
19675
13783
7045
3878
13728
13664
18176
12941
3001
16070
7136
12519
13983
11859
13969
4154
3594
4699
734
289
10491
4593
15128
1387
4304
9220
18304
15108
15790
3461
1464
10569
2706
6603
396
16337
17811
8071
1535
8202
10750
11993
17677
16581
19218
10141
9855
12667
7371
8444
16554
2716
14585
17719
19727
12457
5990
3397
7366
974
4529
14755
18572
12776
229
2328
11655
8903
128
16428
1531
18791
606
13596
12590
1420
615
4382
5625
6435
7349
14587
2563
18761
11041
4778
15126
12955
15768
9567
3372
2865
1904
2054
8827
11322
16085
3396
8001
510
19355
19942
13835
18044
12639
2147
2819
17547
19948
1955
19084
10011
9207
17853
15421
10086
6566
13578
2946
11579
601
6711
17023
13392
10558
4174
17611
7082
19528
13980
12235
2419
2362
12100
17720
19199
5320
17730
18180
11305
560
3334
5081
7329
2376
3509
3789
18112
5533
7583
4100
15956
19506
12862
4443
14161
15267
7501
2619
18640
16272
19859
14462
11298
648
5177
12855
13607
5829
15815
3932
13457
2321
539
18666
1276
4846
3304
15320
1874
5668
12913
9591
9452
539
18358
16212
7392
1107
19579
9764
9592
745
4958
4599
5853
4329
12172
12639
4564
11380
8907
320
6896
10388
14924
15175
13649
7289
2112
17572
14974
18779
10920
8114
12650
19220
9405
18740
11876
4196
3093
2994
4663
17465
19768
1348
10049
10632
7461
12598
1514
1896
3952
7590
14438
8319
19449
4337
14364
5071
6927
447
11478
12248
10083
1050
2168
2262
10804
2126
11602
19295
9493
4391
331
16924
14771
16949
17888
15870
7456
2476
1454
17863
11183
10211
13882
12462
13779
4906
13017
12724
8420
16242
12673
12985
9030
10535
2449
12894
19868
578
5794
3331
1516
4454
13302
9198
15430
13195
16014
9841
13589
16536
11468
2460
2634
14734
6315
2434
6851
2764
15498
13138
10654
19862
1999
11449
18298
18918
1658
141
19320
4514
7005
18960
3273
3277
18477
19749
18273
7907
18158
3646
8311
700
10580
11362
14474
2711
11534
7582
1579
16386
13372
10498
17415
5559
17580
8122
2245
3039
16641
15372
8718
13198
4739
8161
19206
19769
576
18956
7823
13169
14668
8639
4312
12140
957
4227
15668
7313
3680
2124
12622
8270
19907
7655
10835
18684
7418
2675
13686
18899
18507
2080
19068
5087
4113
492
15284
15485
12663
16699
1724
3303
14388
12437
14202
8466
12463
6842
12207
18600
8842
17642
9279
8503
3600
6078
1596
10648
4515
1214
12460
19466
5089
4261
14003
8366
18965
427
15439
12706
10028
8076
16571
6836
9171
7366
18627
14958
18404
6850
8513
725
6645
17542
11130
5027
13270
15013
12763
15037
3186
13727
14022
10766
6795
17099
274
3781
10803
19516
11352
17673
1353
6027
7540
2998
5795
10677
14851
2523
7676
8989
12089
4957
276
11237
4555
9499
17390
16609
16565
10995
614
6267
4081
17347
12745
16144
10675
4533
6034
427
9401
369
11716
9514
7317
11274
7616
19511
5173
13280
14877
6585
11874
2066
1652
7650
4353
6732
12916
15484
11345
8935
11196
8933
9114
9550
1817
16059
14136
14490
9230
5085
3843
9893
13788
13521
15272
3866
19413
4739
18853
1631
2501
6276
17818
7130
12864
10804
8370
6537
2714
18038
16149
13626
13385
1491
1201
8454
7484
6222
14842
10170
19330
16944
12834
16023
8408
17750
15971
1424
10377
2725
5272
6572
10388
12972
19660
1457
1252
17771
13481
1903
2222
15469
18621
15476
1596
16565
7931
1087
10190
3053
15245
16631
10010
14947
9183
3
9302
8794
6606
4082
2482
2083
3298
4769
10241
9766
12411
3963
18242
14266
2225
16737
19453
2711
15063
8081
9208
18908
8922
8041
5664
19174
14263
18286
19211
8384
4811
5654
12582
8173
3786
12430
13213
14643
2495
3488
6816
7890
6199
3336
12295
10648
13708
19916
652
15153
993
10618
6534
8296
2380
19980
6526
12479
17169
19152
2281
8391
16167
1776
573
9112
10054
12612
4034
16023
18528
6000
16617
3210
7361
15033
11524
7496
4924
7777
5221
12528
3453
13527
1678
13425
14349
1485
6315
7394
7603
7614
18678
4080
3252
15925
1691
11003
3719
5746
8706
3469
17031
14739
15459
8339
11123
10064
17121
10526
17764
560
17572
16287
4124
13594
16375
17583
6576
11443
8783
9385
16925
12428
11667
6791
13010
19921
7386
18385
784
9405
18508
13675
1576
64
5174
6144
4394
4358
470
11133
19741
19208
5206
4012
8783
11722
11596
3183
11245
19575
7778
12270
13099
7389
8412
16920
19864
8788
16516
12245
14578
13424
17160
8573
5994
15455
1256
19170
9246
15458
19420
8630
15143
12054
9505
8700
8607
3503
11752
12508
10908
7461
7925
6667
15920
9607
9696
13722
2979
9373
7690
16167
13067
17354
15190
9018
12169
8052
16080
14782
1770
1075
13876
1911
12469
4226
8782
10141
13551
3074
12656
4668
5989
1425
18116
12020
5213
61
12555
14282
4902
3205
4067
10146
16463
19466
13239
7189
15770
9952
1779
8894
5171
16850
8400
3156
3463
18257
19032
15924
19053
7397
8720
14196
4455
8360
962
12197
13751
7655
8309
5896
4416
19549
10163
4795
5749
1462
8347
2087
10700
13253
328
5558
2283
8712
14565
11505
9589
9919
5662
4018
16852
5380
10562
9618
19075
6709
17523
1881
7967
15975
13172
10317
1055
11914
1032
16604
7593
18048
5553
9037
7789
3574
5553
15035
13572
15259
19399
17323
1390
9
8410
13315
14000
10965
4778
7258
7382
1048
10279
13581
10999
5008
13098
17334
18140
7584
19346
9540
17331
10846
680
4719
14843
10606
5789
8975
17424
820
15580
14741
1718
5839
8077
1062
2165
16485
16651
13502
9057
7045
19556
17340
18936
12262
13061
10440
18013
7452
10775
6658
15700
19360
7445
7336
2986
19444
163
6756
7430
826
4921
8407
10221
9739
18753
15001
12145
6080
4501
19234
10488
8233
7334
175
11898
224
2146
4773
8333
19616
6965
4203
1130
7216
19964
15193
12256
3437
15735
11820
19465
19627
3231
12764
12083
10949
11855
7535
15753
10943
8683
10245
9681
17178
3204
9802
9627
3061
11738
9931
10645
2925
9227
13579
17433
19338
7878
8833
13830
10693
12552
19062
16810
1294
11595
1318
16019
6265
12901
6776
13034
16442
6002
12817
528
10277
17938
3575
1050
10323
14447
43
9662
7820
8200
15286
10137
18281
17676
17280
18525
12230
7460
6342
2472
8015
19052
17462
9508
4620
11002
1262
9799
11745
12057
6184
9473
13637
5836
19426
15
993
19439
6808
4918
6580
1731
12905
17726
1381
9153
8292
3707
10133
17734
9567
110
6596
4082
1952
16781
1768
6958
6458
17123
18139
17986
12309
2050
10512
7653
18488
10626
8832
609
13089
7329
3098
16470
12033
4208
19045
5835
10983
15844
10501
8321
565
12162
41
19834
4132
3509
10642
14231
16346
11779
13173
864
5275
610
19774
14606
1335
10662
13464
10856
17899
600
1111
5729
14872
4308
7833
9944
14166
18598
5794
15643
15771
2477
17627
15055
8770
6101
14265
2839
2692
3448
474
16765
10261
9221
3093
17787
1910
17137
15697
9250
18294
19066
8809
12536
10006
1261
7671
1885
16189
9329
10108
3407
18883
5539
14781
9926
9703
2884
15449
6483
12997
14348
16260
3034
10639
15962
152
5595
11197
14938
15560
18667
15762
5003
12548
3527
14112
1058
10038
19871
18093
762
9308
8962
649
12156
12791
9172
11976
564
5440
10173
15216
9949
5367
2105
16841
10943
157
13926
5283
1180
15429
12042
10966
10281
13683
13291
15576
18361
12296
10260
8236
19552
14866
19520
17670
11159
15135
10901
7331
12077
4387
6387
19331
17745
14853
5191
14782
14638
8727
15053
18508
8195
3771
4328
2078
14153
7928
11120
19236
1401
14799
5600
10860
10934
462
6200
9152
15764
8520
8324
11640
10382
6136
3301
11477
1426
12875
8449
2185
11303
9715
2035
15412
1438
1416
790
828
3005
2504
10131
11945
16176
9032
18070
16832
7873
18221
15001
13103
211
17848
19337
14210
3562
16113
8398
15632
5284
4163
8995
10178
14184
5893
18595
12494
8908
16867
18498
8489
31
7668
3735
10212
8284
18762
4970
16577
8962
17493
8297
8510
6380
4559
1918
12062
2111
14313
9439
17828
14341
12141
14882
3865
1165
5254
10424
4867
19723
4076
16950
903
10355
17449
3554
9503
8065
16714
1064
18177
16932
18484
14095
12667
7188
4285
14979
10690
13390
9344
437
13276
3200
12762
3868
15282
832
10345
8839
18191
15682
1940
2035
13581
8613
7097
19668
15812
5532
14446
943
18420
940
11763
2439
14454
6938
2583
115
5171
221
9208
9084
3231
11959
4155
556
1201
7681
18845
9500
17318
11915
18325
8080
19350
11123
1553
1854
10059
18701
6681
2056
16929
16752
11580
3742
9627
7278
622
9001
2536
7086
2505
13356
15236
19287
14163
6587
10718
16785
14151
5852
17625
6075
14936
16860
15303
11041
7966
14262
19176
13357
16848
19274
4264
6411
5117
1447
7396
6742
14893
6021
15584
13881
16375
12810
15915
11786
3848
5400
18174
15742
4761
4291
12290
11981
9625
6048
11347
16007
17529
18807
5381
18656
10831
12378
4428
16621
13174
18986
19115
1991
4909
3508
6871
2742
17805
9153
10701
17428
18897
13657
6203
12139
14684
3042
5186
7415
9955
871
8128
431
16763
1220
8937
3475
19387
8364
6741
10039
14303
15705
1519
12834
11480
13177
12890
19404
13708
6174
14982
18076
4733
13677
14249
110
3718
8268
2903
18744
8368
19941
10553
7142
9794
3833
13144
2588
1405
14570
4974
14563
2572
16476
14271
17315
9310
17730
12501
12789
5287
5749
18514
9664
12203
2995
6297
7444
9398
8917
15792
3986
19039
18111
364
15473
6103
10782
1323
4624
4053
19206
3275
18853
5423
6304
7853
15374
17182
12921
10283
2622
17010
10792
17693
13293
15771
3244
14628
6470
5741
16608
491
19731
7608
19644
11479
5721
18912
6771
16348
8600
2092
3379
7867
7762
11870
17289
16998
8434
9766
11616
10837
11507
7619
3893
6906
19219
2890
9486
18229
7438
18172
13379
6727
19200
6771
17834
4830
3432
9021
15557
12811
6869
6878
8947
10676
6589
11344
17831
19089
13158
4366
611
7250
18923
19047
16303
8499
6213
5925
15804
2417
19355
557
8950
18831
16951
8062
2074
6934
14118
11764
4092
10979
1867
18395
15833
3517
885
15609
3292
8728
11848
19682
4542
12222
15633
16652
1843
10062
6101
19193
18647
3633
12367
9777
13704
6278
14115
14393
9170
11006
18258
15056
12172
16938
18358
9177
14590
707
5480
17893
2629
13761
16650
12648
11069
4432
17513
11769
9550
19954
7328
1258
19155
6875
12450
16245
15563
7904
7486
2634
555
10710
5448
7801
6855
19821
19364
16847
8576
19734
19809
4643
10402
8733
14811
11147
4064
2504
6747
15570
882
7888
1736
10441
9445
10421
3450
738
1663
4619
12381
16304
5891
5464
358
13815
13417
12665
7766
7640
16796
18949
7658
5584
13193
584
11969
13936
18251
17195
6651
13035
16385
11412
17276
13425
2681
765
5435
2577
3676
6604
6437
916
4518
10853
12171
14328
17808
2238
1682
4639
8943
12204
7008
19934
16874
17004
9542
7054
11737
14026
9972
16524
3627
497
18226
4007
5548
19646
3637
17357
14369
1931
18871
9071
18993
13740
7667
2735
11963
12497
11122
2417
2654
17297
17144
5768
3002
4500
13950
17633
11147
16831
18637
3274
14303
17958
6103
17100
18479
5452
16718
18793
6117
1025
9388
484
16317
13506
13789
14253
7718
17747
6037
9645
5379
2937
2605
16003
13379
6040
2267
920
4382
16470
18087
11261
14569
15902
10042
2228
341
7747
8428
17465
527
1408
590
2516
7564
13571
16573
1599
15708
8308
16071
5195
15680
2820
9447
180
15886
8249
17469
463
9292
11164
15118
2474
2940
10547
6413
18648
3636
4899
5855
4682
15736
17342
4168
17365
2007
16062
14211
7985
652
2496
18617
19020
8322
11779
7018
5250
5244
5959
5214
4417
16000
1122
18448
3812
3556
17081
16111
13268
8203
7049
6707
11218
11382
5043
13514
14435
2350
930
4683
1255
18223
9415
10402
13441
3220
3196
18006
9238
7365
4563
4666
13434
8811
17099
14931
10497
15748
16992
10786
14218
19438
928
3773
16923
13818
10442
14393
8520
5870
16507
13072
10389
657
15880
10724
11132
7142
14058
17076
19335
8885
5991
16502
11576
7907
6449
11197
4292
14679
15885
7723
3902
3790
16470
14563
17506
10622
13865
16050
17768
9616
6302
1383
7640
9432
14639
2792
2540
2985
9015
1286
13177
15418
8703
9640
18296
6521
540
5868
7145
6528
19316
15148
1853
1569
11416
17408
9033
8840
3091
15387
5574
883
18012
13131
2408
2019
8496
5102
2677
1619
514
12515
18315
11855
9074
4514
12125
12874
16366
8674
3184
8168
3912
11623
1856
6501
3275
14054
8739
16750
19510
15561
19631
13790
12440
597
5611
11603
5342
12677
3823
15915
3193
819
6932
15224
6400
2633
10811
17157
11355
6014
2761
6229
16510
11143
11554
4909
14722
10666
14869
7307
8657
13802
6291
5324
3177
11397
16948
13478
2599
11838
9375
2043
6138
551
8323
19712
8220
12159
10230
6359
5832
13855
18895
15263
19898
10899
13679
11849
4780
780
18698
8567
17799
7445
10348
144
12100
8984
6104
6197
12691
13647
9027
11256
9262
13110
11022
1612
10199
14343
9677
2673
8202
12243
101
2590
15766
3444
13923
6832
16446
5980
18445
11581
7183
11876
8729
8317
9270
4425
1297
7626
3143
12234
15621
5960
19043
16726
13897
15443
8039
16051
13263
10630
10481
19511
10953
17269
19869
2177
14326
1604
10509
1442
9735
5161
8042
14251
15627
16077
16952
10214
7836
15733
3281
9450
16879
2916
16695
19664
17311
1133
11465
6882
17533
1308
489
12450
18574
15872
14017
4816
16308
6681
10075
15269
12460
10960
9593
1392
474
2951
5287
16194
9480
3012
6783
1547
1618
2279
8849
719
8062
175
5415
8032
1996
2678
13750
7792
4550
3830
19894
5227
7570
9896
7536
10864
4868
7364
11498
1841
15844
8061
18007
75
9227
1548
7594
407
14744
16531
13893
264
12977
18238
7720
4116
5117
2780
17070
4753
1570
17359
17936
5404
13500
1010
10756
6553
17281
3774
9239
12182
18938
14093
12325
1092
7361
716
6482
16429
17894
637
18168
18045
14076
13486
1524
10238
4137
4544
423
10950
2387
2994
5850
6509
17553
10343
11496
5480
830
8416
835
17688
10280
7167
1925
8803
14355
14753
2486
7439
12080
13620
2991
18267
15542
12911
1489
11290
10386
19937
7058
12056
10778
7563
14352
502
19696
13421
7461
9860
608
14271
7177
6528
18310
2125
6885
11335
6654
510
4859
10534
14809
8443
5733
11537
2687
16824
19972
6328
8278
12266
5522
4020
9064
5270
8324
9283
12448
13436
11244
5419
6774
12173
95
11232
4774
2697
15714
2323
4855
11437
242
6424
9729
19371
8215
6361
14371
3507
19409
19450
10995
17349
19507
8109
865
15578
10935
9163
9495
6465
15393
1520
16641
10914
8401
16813
8365
14381
8117
833
964
3776
1866
7119
8056
19875
6336
12632
16695
14772
11788
7385
6480
9435
2683
14184
7498
7358
7868
11910
12634
1244
121
7807
13602
4387
9990
10717
5947
12328
11600
10111
5674
15550
9951
19966
15434
7478
15111
13462
16596
11434
11686
11550
11590
1087
1650
17112
12807
8436
14917
7474
19183
1734
12742
8523
4856
12686
11763
5698
18571
3137
12623
2781
14538
19214
13734
16446
1451
9122
4727
10809
14041
14249
17128
6134
6340
11107
6380
13931
10044
9497
5788
14806
14423
13850
5471
8657
6916
6971
9540
17217
18999
53
7442
19276
10364
10679
12196
10883
15536
4354
8490
9502
2739
5568
3594
19951
7564
17424
14030
8327
13506
15726
11378
9395
9827
10673
16134
9616
11237
13413
19230
17665
2305
7350
7393
14444
11831
12580
11815
13044
15811
13037
7247
9538
17938
6768
376
3466
1346
6274
14469
13669
9285
12041
6690
6878
9473
3644
294
2882
15516
2889
10347
10530
16495
6111
2963
14080
12063
13318
19693
19350
2252
15820
7839
18504
9489
5303
5359
9334
397
129
7236
6784
2565
13600
9955
5988
14989
16611
13557
14496
15400
13100
18949
9476
18287
12790
6794
8971
16862
19583
15104
1100
13261
17180
8769
1355
11269
9784
5648
479
2395
7776
1610
15398
2573
9332
3731
1861
3882
3544
16903
13582
8926
6789
5027
14999
17487
11620
4441
11615
7172
18842
2118
14285
6241
11051
13427
8322
5863
1735
4834
19950
10151
5678
10321
5786
7452
14086
12250
11390
13688
19789
16779
11539
13852
13988
19206
19545
15960
16704
2360
3228
2040
1023
17444
11379
3716
7607
14504
9750
19907
6278
4934
38
14403
4154
12908
10527
3559
14115
5412
16113
5106
4159
1507
18393
13775
585
570
16781
4542
19905
4852
3010
4954
14652
3624
4874
2400
9972
7288
7058
4659
373
12982
13748
7342
650
7022
13274
12815
14263
17567
11362
5424
19442
6460
18816
8252
15902
11840
6869
11806
282
6854
11153
2520
18133
9312
4240
2509
4213
15533
8642
5647
9380
1097
9501
14167
15599
11125
15168
5354
3048
4730
18347
19790
11173
10366
4759
15373
1639
4888
3583
4210
8511
16826
4302
3795
419
923
13511
16861
15757
12379
19981
8823
10242
3464
12232
6550
10331
2934
1954
13350
4050
8599
16248
5881
17133
4427
2838
13818
16215
1165
13298
18751
135
15992
7116
17166
3303
4549
19638
1847
12833
14929
5425
19257
6579
6103
13871
8893
4497
4859
8419
15593
16277
6269
6776
1331
8973
5435
15989
3937
19805
16722
6648
6554
9389
15843
7291
4981
14422
18510
5614
3209
6993
15898
6045
12980
1960
4703
4302
4636
8770
12203
2983
12060
16664
8403
10535
7320
15028
6289
2214
4515
2041
13145
9728
455
13873
10253
10959
5568
7532
16679
16416
2650
6479
16005
9400
1749
16646
5052
8972
16632
7765
13896
5815
2607
2978
5208
15861
9412
18540
4810
11924
18281
7727
17982
13249
2512
15610
18251
4492
17655
9218
10787
5350
17153
1212
2539
7990
10018
3424
19301
2383
13321
4141
2761
14666
19394
8624
16857
16352
18766
6644
3193
951
563
1580
17272
19653
3832
1143
13331
9373
16964
16962
10241
4632
3460
6234
2259
10951
5369
5300
6273
14345
18902
16908
7406
10160
5604
12342
16885
1687
13870
9044
12838
13854
19617
6065
2923
4872
8645
14295
14561
19669
17633
4922
11890
12266
16157
7774
11831
3302
4181
6671
18694
7427
6718
9882
15802
1026
2596
17429
689
16508
9260
12134
5430
6432
19835
2161
1421
4153
7743
11399
6553
15334
8128
8681
4188
4725
8132
12098
6786
6594
18002
6492
1517
13724
13150
9773
10843
3637
18347
11938
15304
13666
14332
6427
19177
12792
16004
15628
9418
13756
4593
3670
16410
12838
14298
12368
13991
1541
5793
14844
15242
9602
14035
16577
9209
7372
2608
8061
9657
18082
18916
17652
7405
12211
16008
4296
11333
18128
8622
631
19368
19914
1214
14501
843
9631
19069
8155
1669
3565
9338
3503
5746
18844
19656
10458
5864
4255
4011
8195
6964
6757
2683
15472
17216
11786
3226
4423
11481
16422
4299
18264
182
5217
14658
19565
4507
15122
11286
10999
878
14487
5460
5976
12291
4019
14069
17609
6113
2995
11160
17108
17317
10880
7741
2454
9076
15386
9606
19842
6540
8661
17130
8228
15321
10163
1178
7870
16440
14181
7764
5440
9240
6178
17767
12148
13530
6537
5149
11242
14324
16697
889
11320
5514
16530
9862
1566
3527
4103
1997
11125
17689
8678
18485
5036
7708
6339
5542
10312
15093
8712
2073
4349
6523
2646
665
18225
5064
8301
9347
8163
18417
19967
18917
11239
8766
1016
12888
2223
1416
6762
6604
5521
4615
7058
11114
11924
2643
2187
18537
16582
6267
4640
10154
7402
16529
5055
12850
17524
14163
14505
9479
2962
7326
8628
19213
13337
12769
7256
618
3743
4381
10918
6604
65
2100
4243
8941
11856
19338
6029
4358
11648
16754
10825
11263
6681
15191
12716
2
13935
10557
4489
16235
1543
16102
5370
1204
599
4093
16792
12940
3199
841
4232
18477
9863
4213
4062
4859
19509
6658
1682
18276
10786
5198
15114
17795
14067
10068
14984
17350
15301
15500
7756
5324
13985
16932
17625
7358
17221
18956
12091
18755
18107
3789
14289
6146
6186
14042
15267
8044
17644
12848
8641
11299
4544
15492
1299
17660
16020
1517
18161
18784
10691
7174
5665
2463
8109
15439
18266
17975
11720
6334
10788
10304
6465
13868
18265
14130
6825
11393
8406
15273
189
4664
7986
1728
14749
13843
12855
11694
10268
815
4812
3066
7457
15329
4106
4388
6425
10428
11360
3411
14381
14162
4528
15498
1159
4865
18227
8468
5513
13057
1057
8431
6284
13042
263
12459
11804
7074
15342
19811
15448
16283
17251
17688
17847
3843
495
19239
12135
6377
13548
14104
12805
1715
16882
12526
375
17905
11666
9463
4810
14974
13886
12860
17333
10032
1791
18698
14237
7926
3373
6809
13866
3817
11801
672
14558
2933
4770
10042
13652
10391
11593
2207
12416
11464
15299
11299
13442
19405
14254
1807
14356
3640
5431
19298
949
7397
8031
1013
2440
8282
6799
14785
12721
12072
9679
3537
8585
1305
11601
1578
6010
7761
5095
15507
7512
18427
11884
2120
2586
19399
18427
5978
17539
3758
360
13557
17827
5780
773
4399
10250
14224
17411
3703
9591
11410
11710
12361
15715
3271
13432
11782
12000
11329
17369
11552
14691
16784
13522
2079
5620
3000
15531
2359
1103
18106
8148
2037
11992
16998
17971
8930
16821
254
6006
7177
5120
6320
7173
17880
15218
97
1239
11376
17064
15519
12432
14730
4638
17675
15237
12013
13
14324
12490
3639
16037
12540
11715
5918
9272
10471
6257
17171
1429
1638
6608
17589
5610
3635
11445
7693
3073
1476
18242
10758
19623
18091
15947
6600
9852
8761
4995
10420
18073
15402
9076
3289
4404
6169
12991
3020
19507
774
6260
13213
14993
3063
9982
5761
8408
5890
7972
8820
2011
17423
18729
8993
12660
2327
15764
17008
11746
11799
17102
8508
7500
11879
13924
1154
8769
14448
1294
3644
2116
1280
13394
12653
4565
2493
17652
10610
1348
4975
359
5819
2193
2889
14076
7679
9885
17902
13108
5885
9712
13502
11714
17721
8560
19062
2584
15614
14467
9067
13227
6321
7258
983
14742
39
12116
6525
19002
15527
12431
6746
19320
10226
15586
10825
2247
8475
13929
274
15270
14099
19382
16883
15858
16593
3135
3164
16904
17163
3861
10972
16994
5999
13796
18680
14470
19093
4538
1908
6617
4538
3314
16015
9571
7492
18271
1311
19884
19251
19949
318
16024
2528
12607
9228
10841
2820
167
8899
5564
642
10525
19973
5337
14119
16990
1272
8292
1022
3631
6376
14873
9760
3537
19658
18920
19727
12919
11952
650
4668
18052
7329
12682
19836
18640
19622
18635
17869
16950
8639
12165
6971
7245
8912
16090
14252
41
9036
17398
15868
10719
13531
2892
4793
8118
19545
9123
14521
12516
6785
12673
18094
3512
16399
5003
15073
17693
5644
4996
4202
3262
2382
13855
12183
8794
7683
8127
14397
12834
8785
1334
11105
1288
17790
12455
4059
15464
14928
15575
7123
997
1805
1438
5081
17859
17223
5176
3015
16670
2527
13408
13136
1242
19536
4145
6067
2429
13749
17928
7895
1540
8687
9500
18304
12557
7448
5125
15937
8314
11265
13730
19649
8001
10221
18238
9872
7250
16491
2312
7265
18056
16546
3760
1672
12282
3109
19150
16906
7936
11092
2369
3747
4612
1744
1042
12764
3245
11600
1067
218
13310
7495
1215
19285
7504
16890
9241
19345
4628
17178
18659
6264
18513
4231
18470
6895
13767
5244
9647
16896
17426
4343
49
6215
8018
1302
5924
1398
5999
14667
12057
6095
14743
19571
9933
1252
7244
17626
9683
9832
7428
19621
9917
8812
9273
18951
5802
9280
15269
8031
14788
9605
2982
19526
11684
19228
8780
430
15773
7025
12480
1285
18629
6412
1370
1793
6057
10305
19103
12872
9440
35
15877
11949
13004
11091
6057
7811
6474
19518
5005
4293
3608
479
4048
12668
7146
19758
9015
9090
2418
1726
2691
6555
7385
1996
12696
2442
14609
5367
7998
1492
2390
2876
880
1945
155
16581
5314
16517
1188
11309
6417
10601
2144
1645
13666
19140
11711
18699
2153
2917
18449
4310
7153
5402
4425
19157
17358
2856
12409
9509
13521
16873
5287
4733
11929
19799
3354
12396
12852
13008
10046
3868
7763
9063
7532
15100
19873
7197
18847
4505
2138
11292
4098
5593
2018
7124
12423
13857
3460
1526
5325
12918
9812
7323
14805
15226
2152
9954
9629
2878
6753
12329
9259
17378
12177
13395
18084
5208
16349
14854
17468
3332
13453
8472
3747
12678
11760
9088
6378
15705
5689
12500
3787
16631
11206
13002
12152
3336
13244
9639
6564
16271
5019
19373
13157
16492
1845
18785
14678
12386
3502
11671
16257
10406
11297
678
1572
6635
17502
4118
18620
18841
8805
9309
2028
8680
6305
6284
8972
19562
6380
13124
111
4571
7103
16496
8033
6596
9977
7879
2517
7857
8377
16873
481
18080
18313
5555
18673
18380
3471
14995
10900
14571
13205
8839
16368
1651
9438
8542
11268
8817
3997
5366
5400
16714
18209
4745
746
8402
10116
11213
1047
345
11912
5677
2554
17403
7610
7921
3489
19251
15521
8134
8715
73
9097
5366
9816
1875
16715
15935
1873
18097
19738
11888
1029
16167
15670
6492
18534
7933
13913
9610
11927
13272
18406
18080
2210
13533
11655
6385
15482
6223
16393
3528
17321
12602
1634
9342
12705
13295
13346
18284
6468
6130
5234
18955
9264
12492
16651
2229
18119
1697
15409
824
18618
18976
13510
13348
9679
6987
8797
6001
15208
12528
8324
4914
13769
1843
3111
12789
7372
15859
1840
14001
5475
6135
19752
6107
17179
19411
4192
1663
8565
18706
7048
12814
15956
8388
16761
17675
5339
15417
6802
7817
17516
14176
8276
11068
9532
10746
18538
15327
2980
2445
19637
5042
13890
15656
16836
10622
13664
1782
16427
1314
9028
10590
10098
15646
5675
5753
6204
10340
16288
10933
13054
18478
7972
19921
1001
3939
7712
10421
15956
16876
13874
8157
6494
14079
8510
2171
9506
14595
15699
4522
3040
9850
8288
3573
1904
18295
6521
1499
14869
8847
5202
6346
5082
6808
13649
18413
19678
10656
7209
16227
4914
3734
9909
15287
10821
12607
17341
3276
289
13239
8474
18538
15912
18741
15961
701
18058
12657
857
12408
7848
2332
8376
12899
19523
17272
17343
5567
15104
1265
1111
10743
11089
3401
4435
12771
15909
4675
17941
13187
17845
188
15115
19647
3969
16391
9479
266
188
4170
16680
11542
3853
12415
7664
14129
4035
1356
14593
12923
8610
9975
8786
2566
4585
4229
14161
8578
5916
12258
2581
15426
10246
2577
5961
18066
2082
16366
15546
19170
7197
13225
10910
14430
11944
4597
14820
2110
3920
9551
13018
15081
16374
13232
12474
16308
1155
6862
12552
8268
6889
8453
8918
9430
9566
18340
12670
13815
17567
16792
5438
14550
12224
19014
17537
18908
2028
7631
19024
12305
5076
9917
9871
15488
6058
7573
13537
13375
14604
1722
1367
5906
3486
19735
8443
11629
19110
8518
3174
3727
5408
9387
11286
13532
1058
5531
5695
921
9030
5532
17896
16536
14821
7338
4767
19967
13154
16948
12297
18484
3613
18630
4318
9365
364
11087
1314
19094
16594
16078
12537
2125
11666
14507
10620
18568
4572
11494
12076
16093
7297
1320
6556
17238
4475
14522
2734
5855
13226
18838
18873
13634
137
1956
5580
14877
10726
9590
19577
4873
19775
8826
13296
4904
12589
2717
16135
19643
8185
5985
13947
13448
5418
3754
9592
2602
10597
11675
323
8460
18152
7308
17163
3057
15318
14936
10818
15794
3115
14899
12971
15995
19112
17460
16593
9636
16740
325
891
14752
16259
14968
936
17906
16544
1862
19280
12975
14729
6583
7900
18429
6645
9104
17528
11181
7025
15994
4785
13012
2913
2763
10274
9849
16623
5864
5523
3043
12784
15183
17669
14409
5225
19391
2677
122
3371
17549
7257
10830
7083
8105
10241
9759
12084
2122
368
4708
8982
9749
3730
12433
4350
9526
6589
704
4259
5881
8015
150
5622
9595
7440
10506
18631
17887
5756
10514
417
10163
7134
19282
8654
14421
13068
14143
12760
19729
9244
8577
12276
1229
15344
14405
3330
10795
4617
14627
9241
14793
11449
13662
1806
15855
17256
16016
5063
17228
5490
3525
14335
0
15020
3574
4453
14286
1745
8199
7059
2692
10985
790
18254
6206
6461
15394
4460
19970
6982
13438
3417
3451
8165
9650
12793
16252
1175
10150
6782
16182
15337
7088
2701
16717
16989
8619
1552
16795
4640
18554
4137
8921
7591
17813
13235
15315
17481
329
16671
5467
15379
19797
14987
8784
13422
15006
5201
1619
19155
11105
5687
17114
11686
9092
16306
11352
18047
16535
17853
5143
12006
5661
19814
18951
9935
13024
10992
14342
16071
6530
6295
5078
13660
14114
3474
7512
14737
5739
18289
13686
11089
16900
9619
8334
11264
8741
5642
8152
1863
6677
7257
11711
5553
1564
5626
15807
10589
12514
19731
5350
5741
8615
18319
19303
5068
4284
17587
10047
19152
11721
125
16202
7207
35
15798
2310
18848
2151
3209
16783
7517
10155
14096
16023
7128
18584
8320
2721
13796
6473
8909
19084
4914
1846
15888
13190
13323
1808
3726
1746
10467
17728
13014
10158
2194
4748
7224
4501
1169
11824
2211
18427
4622
19616
18661
4406
12032
6880
2744
4131
9977
17488
16661
17370
9378
13048
5249
18986
6703
18054
17761
13748
15407
10397
19398
9765
14803
8569
17783
13336
16243
14611
17281
7342
8280
921
6323
4465
9692
7572
4139
6500
2842
14246
10817
15736
14226
19495
11034
12419
1281
1626
858
4823
8544
18554
12312
16648
18464
2879
5652
13035
13121
5223
9610
10544
10492
2645
9855
9071
14250
10829
12616
18524
6431
14392
1392
4591
8286
3416
17090
8151
6616
18586
2567
3252
9756
14985
13482
3871
16969
2891
6897
1901
6687
4091
9456
17259
19822
19750
3153
18683
15244
1456
7937
19585
940
7817
19753
5883
13129
17143
7945
9209
16624
5146
15704
2819
931
6483
17802
17928
14225
10545
13435
5597
9774
13861
10209
1503
7932
5404
3693
12226
2656
12035
12307
11932
2655
13168
8316
3947
19309
12645
5676
16428
18055
6930
13696
14768
3503
7311
4178
11079
7152
16295
15326
3367
11288
7514
13678
15855
4292
14938
19090
13152
7646
8137
11015
4058
6461
3127
2046
4921
19277
9377
3131
1475
19138
5168
6341
13820
251
11252
14921
3839
16155
6495
15014
16425
8940
1354
15553
3384
10312
1812
12640
18440
9921
11829
1554
9082
13399
13843
18590
15221
11199
18182
14311
11283
12256
867
3875
8118
7048
12545
8907
18567
4121
8389
9657
2530
9758
662
14834
12399
5979
13672
5578
14986
10282
16710
12270
19469
19856
4511
4542
837
9299
6036
2500
15176
19258
4659
5621
6164
17253
11622
370
681
18132
19797
15818
4645
14613
12513
2000
14882
3075
12000
18911
2380
6784
7975
10245
9302
12727
3049
19279
14147
13722
15004
7737
14693
16449
17302
7777
8715
7592
11795
17903
10550
1070
17185
16684
12722
4217
13496
10313
19803
5026
5755
2746
231
15909
17943
8310
15713
16604
5480
7960
14526
19366
15215
9545
15342
8914
9365
1870
7509
2119
4350
5509
8480
14285
19875
10281
13984
15399
9040
1030
3187
17416
18659
11464
14779
17758
14767
3510
10916
3310
6046
7047
3421
19485
18836
10490
18488
7401
2545
19570
2769
12586
3890
830
524
13029
17587
12033
18223
6664
14576
11306
16124
18199
10711
12653
7083
7645
1917
3741
13892
17903
667
979
12285
5812
16027
17345
19142
11331
7216
18728
17758
5010
14568
18068
9254
5473
9873
10649
5666
72
905
11709
7980
9904
9466
8404
18737
15129
5267
13983
19505
2778
15256
11709
11327
11540
4455
18958
11208
6459
3170
2984
12436
16409
12156
3932
3717
17391
1644
8903
10888
16568
4986
6233
14108
19210
5114
6872
13597
6011
4805
9171
5572
1536
16747
16616
4542
17939
18562
14026
16671
13913
4208
8076
2004
14515
3612
3147
4415
8592
1581
4062
14054
1704
17995
8910
19253
2776
12567
11511
4848
13991
2228
18042
2576
5384
3047
14702
17791
14294
19581
572
19409
262
14551
17925
18818
3040
17954
3254
19242
7814
8187
2680
9504
8894
8190
17088
13532
13401
17161
15148
5573
11775
4149
15996
14734
1928
2379
2015
6189
9191
16052
2412
13905
1609
13882
10061
13142
1107
3384
19195
10435
1982
4338
19747
4883
14963
11494
18920
1883
8155
1181
16096
139
7745
5973
1688
10664
7388
5950
16850
8985
11071
19432
12064
678
12155
3829
18117
16022
1776
10394
17512
11445
19929
16314
3785
10563
17892
11787
1151
15169
9172
5758
13933
7509
16734
16467
6415
4515
9422
6065
7472
1244
7781
16887
6957
13474
18712
14815
14045
11579
13593
7212
10996
2351
4346
14395
5989
9880
17886
7081
10528
13357
15735
1827
9189
9031
18489
4013
5191
16680
18468
13131
5978
18938
225
16917
16737
15426
272
2661
16249
19565
17229
11558
841
2155
5178
4889
18078
1086
12640
9893
9678
9748
5509
358
16450
11716
1636
15485
17498
11394
15131
8063
15893
7173
12804
3531
4686
17640
6431
15507
7162
8036
1670
18032
7937
3175
8406
16144
18219
14374
19812
1767
2220
3892
19341
9718
9773
3348
14115
2371
14083
1844
10727
18314
17704
17314
16233
17114
974
15108
10905
13606
2133
16182
1043
735
12459
9238
80
1625
6741
7584
10516
19732
7854
5619
2486
2199
6368
16644
11068
13389
19079
12182
14713
9656
12103
4095
1912
19419
17993
8893
18571
10347
7729
7218
2675
4760
6157
19331
10735
15400
11043
15359
2245
19399
15821
2257
7034
17612
4700
9206
2657
18700
11871
16676
13665
902
4175
12745
3279
3095
3341
6908
9807
4270
8859
7631
2237
5728
3050
2458
10243
6937
7947
18135
6377
7357
78
14973
2457
17822
8035
19109
3613
16156
11447
19576
6942
14332
7480
10179
3563
13469
9657
16574
1930
15179
15777
8152
10730
16744
19337
7928
15859
3102
14810
14674
2126
1049
17077
15023
900
16992
1387
17157
2457
2332
10579
477
808
19403
14940
7498
17585
5019
2800
10091
1902
16839
7564
4726
5730
13576
11201
13275
3636
15730
14757
13347
12623
19324
18260
7371
11913
13895
16283
10687
14070
12776
5958
10840
4135
6762
6122
3575
15588
18618
1792
16315
1655
11501
10203
10192
11350
15026
15336
11201
12438
2816
12112
12698
19083
1109
16310
11730
8821
11182
2995
9382
19765
9368
16836
17001
14517
10506
17732
4355
2352
7609
13093
8612
16975
9313
1699
3729
5996
8634
64
19174
4301
1414
13430
14138
8871
5504
18831
278
11028
12813
2490
14130
15257
9628
5323
5620
7178
567
16007
10535
6475
7029
18297
3105
3224
17850
5707
19549
10207
8204
6131
3630
19876
14190
304
15336
4030
253
9035
1663
12334
10386
5658
6723
16459
12353
8499
6556
7053
924
6401
14754
7095
9671
8696
1941
15748
7272
10912
3048
4112
18126
14547
6509
12786
4558
8742
4103
4830
2204
12405
6526
7415
14519
13847
13322
1244
13462
13702
19476
12306
9885
5989
3498
17299
12961
10597
7844
6365
7459
4249
4108
10709
15480
7981
862
15876
18636
5442
19564
10651
6721
15654
7687
9589
19478
15803
10911
16512
19096
6894
19795
14594
11683
17937
17490
17918
5857
3785
7702
211
14024
2638
2162
3056
13489
11826
548
10526
9478
10131
132
9005
8184
8001
2303
7505
6919
970
11166
11437
3380
2438
1088
17291
13009
17610
10358
16573
9466
5295
13794
16463
5075
4616
19416
12140
2540
5918
7309
1203
12960
10480
15944
4858
5452
14746
8479
3135
983
18366
3698
17136
13953
10757
14011
13513
10413
10796
13992
3293
9991
6729
12476
19815
19015
3568
19756
19465
1212
10684
8752
2108
6905
1529
19821
5854
11145
13539
10084
3427
3177
4871
5078
10377
7805
18347
8886
14716
13894
15738
14891
3935
19500
17100
4688
18432
3515
8475
16551
7004
13237
9635
9659
17848
18058
8564
3636
18118
4398
1310
5473
5332
8684
7863
5887
2712
12053
15601
2222
8923
3762
86
15485
3023
6135
18864
13285
12701
11477
15410
12599
12950
12659
4001
17084
7249
3637
7631
16143
4212
9717
5152
16326
15690
17046
3699
11906
9080
5478
13569
3053
19383
12924
10529
18337
16521
18697
7291
1147
2176
4283
9462
5222
1237
14785
19299
15091
15210
5775
13876
3848
6439
3675
13503
16417
1151
16013
8452
8747
6400
16920
17614
5855
17893
5258
3282
3147
5386
18344
2995
6668
12727
18420
3951
4051
5691
14883
3614
18114
14034
5057
3808
3964
9853
9308
17982
142
18730
5322
9272
8352
15406
7410
12289
1457
11673
8083
5676
8801
15975
12766
18438
19266
18166
11079
7156
650
7300
14042
4841
9800
4206
5426
3805
9023
5613
17939
15039
13388
10360
1985
11649
12346
17765
12234
15954
17290
17611
4580
5310
4929
11875
13924
18140
102
18897
6
15517
9085
9523
9724
11951
12998
19165
12778
14384
9072
5508
19998
14548
5520
7550
8444
11209
9833
9312
15214
19415
18026
14392
3468
5646
5295
7082
15565
2565
12411
8946
3974
1833
18992
19543
11170
1534
8876
4621
16013
3381
9168
1300
373
14746
6101
19875
15761
14922
12181
13343
16611
12527
7112
2713
8506
18820
1774
3055
8708
1490
17792
8460
3841
9679
16972
18095
13618
18993
12156
12461
3011
6745
1634
14563
14291
18011
9381
18986
16957
12387
7245
8996
10686
319
13456
17047
10580
13356
15613
7720
19132
3154
18648
3733
14951
7062
14679
19826
4031
12214
7559
17296
3272
6612
9886
18793
17513
16031
8570
16007
2862
17235
13644
15814
10448
5365
10417
9307
19627
19500
6785
233
16067
17061
6569
10089
19373
1065
16302
17423
9278
15908
4924
18976
11073
18134
2785
7214
1957
2007
8640
7975
6831
8481
15053
8090
13946
14165
9067
15381
18181
14210
19377
10193
11237
9845
2684
19787
2465
7443
18487
7373
6401
4984
17176
10650
2471
1752
4633
14998
18059
19221
6156
16562
7931
9213
7158
12003
131
5094
8217
13291
630
3478
4183
8019
4256
1670
4602
8240
4446
2005
3850
441
1677
19770
12370
6490
13660
12280
9703
7309
13268
15737
17622
5003
18018
16597
14167
12331
4149
15435
16312
19516
16335
12446
6673
3079
290
6370
10491
10479
15246
15375
4140
4107
18791
13358
14541
4013
394
9782
656
7068
5897
12067
9860
14322
18034
13059
5627
2726
18129
17241
10167
16303
17305
16068
1213
832
1539
5740
6172
9034
9494
18768
11835
1950
8948
9786
10415
19106
12350
15115
3316
5310
10183
9085
10318
18976
18063
14425
7867
9467
19396
12086
12448
6847
14415
12456
1879
15167
15436
14807
16206
2755
17030
8055
16429
18149
1487
10670
3224
15683
14369
17932
9847
1919
14818
14123
10291
1111
19433
508
17629
5304
8217
7219
11232
15710
1892
14604
234
14814
8219
4977
12468
15271
19288
8732
10858
2605
11921
37
15663
15182
4753
917
11079
9252
3798
13947
7495
11649
12641
6562
12926
15678
9642
10102
4423
12700
13449
11936
13113
5807
19105
11679
11226
5982
19768
10367
2637
9042
10488
19028
3643
5394
17569
9704
15243
19434
12934
10604
11161
5401
11325
8312
8814
5300
15841
17811
6207
174
5555
7356
8681
17296
17127
10089
4283
10179
3903
4861
14987
9364
10201
15820
17364
12327
11334
5809
3528
12569
17536
13389
11942
11991
13236
5053
4597
16071
2194
3294
12266
11663
10751
16218
12269
7467
4429
11236
5064
15936
5265
11118
9967
3920
7030
18446
15745
9538
1593
12129
8624
11184
15105
2774
1038
4538
5458
13923
7872
899
9069
3235
5120
8541
640
13879
1513
8423
8548
7615
14777
11359
5346
11594
18096
126
7716
18734
8597
3171
4899
13909
4850
16179
13766
7221
19827
15406
2675
15616
3865
9819
10345
302
16808
2583
15534
1293
11098
100
2590
3753
4589
13064
18181
18318
4122
5615
2289
16080
2284
4133
6455
14992
9334
3201
3757
1462
14625
17058
10788
4568
838
1363
12536
1012
9423
1475
4545
14222
7382
2774
16143
1103
1261
18375
14110
13189
12146
10391
14851
16395
16361
12263
5908
14234
4014
10841
4653
10829
5585
16580
2540
15331
8556
12906
19236
11890
15229
17359
15561
13376
5516
3019
2881
845
9730
895
3530
2531
9720
5834
194
6998
7327
19300
7211
3075
14317
14031
18005
2768
18700
14940
6852
18794
2734
3357
11395
2170
7374
10199
3176
2240
9407
7015
8358
7234
1215
2723
8981
12310
12655
13063
16859
6260
245
5996
18886
2401
3731
17679
1901
11579
14640
19947
8803
3993
10883
7980
5525
16240
12950
15347
5913
6025
7243
11320
6599
16929
18043
13470
6126
10783
3074
11036
3200
11793
1828
4205
17571
13456
9859
15768
8359
11693
6388
4482
10670
18506
6028
802
12777
17187
2981
5814
1765
8679
19585
10279
6134
6698
13003
2996
4813
11264
8888
17688
10952
13181
13115
17307
919
18642
15359
4199
5998
19522
5092
12821
10480
6619
16691
4532
7674
15254
414
3659
19955
2516
11420
3574
19130
11488
15139
854
6273
13447
11991
115
1885
19484
2100
19907
15205
4761
16055
202
125
2572
9469
10173
16537
12507
4649
8841
19599
3301
3190
12337
12768
19459
6813
17565
16352
7106
10792
11316
5972
12085
845
5501
17890
15392
16494
8433
14392
2834
1225
1406
9809
10516
4901
2790
4457
11240
11999
14477
14929
3386
6083
13688
5481
16714
14464
7951
13991
19085
4376
9689
5665
2922
4344
19254
11680
1183
19122
15361
16903
6619
2702
4922
8307
15096
8346
3641
143
8774
3528
19294
12447
19803
19784
3744
11424
18442
6454
13854
13744
1541
9710
18662
12991
6060
15209
15146
1268
11218
17409
15050
8588
8078
1750
9869
17766
18757
10570
8133
17551
19773
9497
18391
7667
2068
2124
11774
14202
10193
6126
17068
8753
14727
14514
18035
14999
15342
1070
16953
12020
4519
17366
10082
2783
4080
3392
8288
16651
16640
16558
11394
3220
1316
12274
16062
4462
16580
7138
7670
10968
11304
17346
4322
17998
18966
1014
11430
15895
1208
8738
16091
3954
14385
13693
18846
1126
3537
9373
5116
14993
7715
7733
6520
14697
10119
10794
10014
3653
13373
9759
2164
18896
12934
1561
19593
2756
10540
15864
2138
10713
18269
15556
13334
10015
9532
4692
12313
5856
17479
5263
15503
8962
4737
18554
13400
18928
19874
12241
6644
13921
17644
5163
16654
8618
2333
5398
16094
16670
17801
13702
3450
11410
16702
19163
7605
16815
13436
19224
10898
1199
18617
1782
19776
3684
16411
11885
15955
14879
9270
6185
15695
13615
12143
5598
13085
17411
4491
13363
18497
1428
224
16077
18603
12724
2960
11691
16291
18134
5485
12704
11724
18829
5639
5975
18463
16185
209
5987
11911
2901
5457
4674
17903
15083
5936
14583
1311
13058
15771
7986
11200
6136
13305
15917
15921
92
9542
2473
12793
2491
3598
4560
13333
9340
11205
1013
18413
14299
15560
3816
8543
8873
13060
3138
13790
10703
6670
13435
14910
10493
19830
14402
3650
283
13320
3306
73
17145
1872
18547
17753
1605
1154
9298
15106
19431
9323
7573
8416
10411
5645
14655
4839
11797
16437
13026
10009
19870
1485
10773
2531
8595
6900
7696
4047
19108
1534
11294
19257
5657
6926
12180
10869
5776
6595
10910
9364
17678
12411
1027
7307
6311
549
3925
17986
16564
2315
13788
2049
17232
14913
15139
2850
17978
12876
15570
6473
9229
3790
737
7281
535
9934
14424
3422
8198
17883
12531
1318
10940
814
2498
3700
11669
13388
645
18907
13416
9771
12062
8100
16605
12897
8003
7008
927
11585
9104
11596
17854
3533
4014
1243
7244
5358
122
18099
9062
16365
17915
12114
4090
1501
11660
18188
1355
10893
6362
3337
17102
11059
9667
7246
16037
6981
11137
30
18452
4577
2546
9346
7629
7294
14304
12430
18906
18258
10401
1966
684
8085
15507
18934
10499
12570
3928
17657
16058
13969
3642
4645
3133
13979
620
4971
19395
3822
17874
5909
14657
11867
10513
8507
17241
744
6428
5630
8180
4992
11789
7273
447
11074
545
17631
5584
17580
4340
13676
17138
3645
11726
4586
628
9913
5063
10553
1792
2227
17946
2023
5838
1905
4878
9765
19026
6986
15416
4440
19001
14704
15145
13932
4700
17540
5
10293
17865
13741
3869
620
3671
15681
2421
5926
16480
17378
5907
4606
19757
10785
18788
17257
7299
2863
14465
17824
5992
2470
13245
11715
16919
17069
7618
3978
17301
14421
7078
15869
16580
9908
625
4202
1727
954
16243
15632
4856
1044
18487
9670
13098
607
3442
17020
3094
8028
17865
995
8314
15094
15690
18699
14880
4319
4353
2765
18278
452
3299
3588
10191
665
11146
42
18074
2559
7768
12930
9289
7411
12204
10040
14235
6720
19511
1713
15316
15365
17748
6191
10543
13610
3450
14709
15948
10152
1725
2058
8069
8843
12457
14770
13259
18868
8325
429
15743
8648
15209
7599
5406
19466
730
4138
1484
3304
7010
18449
13118
4133
4960
215
16824
11823
19440
18365
7171
12406
13675
16066
11289
19146
6823
2663
171
10016
7084
2859
19146
11192
19300
4594
5864
15272
18590
18187
17152
6127
10960
574
18408
14360
10444
17403
13741
2617
16475
18994
16675
18967
16979
9926
6404
4050
8616
8492
8696
5102
428
10589
4811
2080
14044
1743
15084
15327
17650
5034
462
11491
16909
9762
7544
12447
18611
10389
10520
1941
16342
15908
8773
8741
2468
13370
5778
6098
367
11071
19463
2789
17065
12987
5936
17968
12232
6135
15951
3504
6299
10505
12371
9099
7701
17494
11656
12530
6366
11768
19164
5317
8402
8735
7434
17807
3773
7751
10014
8804
13494
12569
589
9873
4770
5672
9235
13384
16145
15647
14834
11765
18240
16525
10935
12652
19083
9149
13800
15452
1858
10863
1681
7348
4192
7523
11940
3563
19017
343
15043
15330
14636
5516
19865
1091
894
17198
14616
3621
18567
19429
7162
7435
19721
11282
18540
18553
6283
730
9050
4791
14656
18674
1056
5502
19865
12861
17605
8941
9666
8626
18844
16559
1492
9070
8419
5082
12865
11085
11491
12988
14857
140
9309
5948
12589
5810
14523
1643
634
14300
561
17219
13399
13367
12809
6170
10763
19780
7678
16028
5957
7273
7763
15095
4757
4809
11327
1117
131
10495
16386
10561
3100
19122
8364
10143
2111
19408
5588
12177
17954
6579
17426
2811
13088
16724
12110
5429
825
16913
3073
5010
3102
3287
14512
768
2069
2788
14761
9204
13845
18183
4813
5049
6598
10169
7110
10044
573
18802
17923
13650
5909
6151
8037
2784
5879
6916
1609
1877
18230
1419
13449
12220
2884
15938
7649
1855
5578
2095
13485
19482
14336
11034
3172
4228
8473
8909
7705
17143
16714
933
18828
3601
17585
7653
19900
18075
6199
3343
17334
14766
4948
16587
3806
11067
3981
13078
14965
6349
8926
3010
12077
15084
19771
13321
1437
15206
8751
17369
18858
17497
10310
4907
19952
13050
13463
14711
17808
6059
19551
6998
6800
17423
8629
16686
12502
6410
12590
5633
6642
12090
13486
14687
10356
9756
13180
10996
18317
12975
8760
6675
330
18961
338
1783
19370
11652
13872
18303
14060
15193
15775
14488
2685
18424
8413
4004
7562
1020
8371
6913
3908
6169
861
16673
3610
7168
16221
2724
4875
8983
19248
3480
2993
8861
10001
7068
2837
17496
2577
1408
15804
2962
15124
17796
9580
4712
15703
8997
3404
5448
7161
3909
11177
16318
15390
7430
18403
12856
18265
12423
16690
1843
11637
3686
3816
11334
15553
14285
12327
17489
10813
6177
15416
18275
19390
17824
8100
19378
5750
114
1178
2027
6711
4346
3628
3674
16743
17877
9899
17004
12798
17714
12766
5421
10769
1257
1005
13372
15224
6757
18311
11309
18450
4568
6985
17331
6937
4163
4302
4840
16838
18443
5048
324
3527
13964
400
11546
3226
15738
9685
10135
4812
16625
11927
9195
10443
17755
4774
18483
9012
7354
16943
9903
6286
4155
6583
11540
10776
2972
7434
8023
7876
11115
12372
16773
14707
7019
13256
7594
3578
10867
1815
17465
12361
15054
14127
1631
17115
395
14721
59
19289
6446
13963
18455
2362
18806
2498
12660
6994
7546
16804
15150
13441
1511
5432
12306
11918
8781
3363
3359
14030
18211
15537
1420
6162
11672
3234
1283
3519
4842
10259
6935
114
14982
17883
12041
9596
17733
2271
18923
13474
15342
13739
8563
19688
8903
5601
14277
7555
7143
2900
8065
18229
6415
7498
4965
7490
1071
11745
18928
14395
7090
3178
3876
12043
16803
14159
12247
11918
17296
18079
17842
18372
2486
7151
19415
11305
12760
15729
3245
6740
2322
16062
3731
17051
13558
16116
17278
19213
8094
320
11607
5870
11007
7191
7517
5727
19278
8766
5912
16659
172
4967
18123
18790
2072
8478
729
993
6923
16124
7501
11027
4094
7209
11900
11430
17055
14899
12433
170
3628
11610
15460
4281
17638
2086
4739
6203
8465
5012
15735
17523
7084
16863
6876
12455
16450
11783
14561
18639
2221
1102
2013
10045
8889
14411
4347
2593
5918
9777
8133
18707
19456
17233
2406
19463
16136
11265
10903
7964
10004
2254
6930
15703
8563
10634
17899
19403
19927
906
15342
7519
6974
17154
2939
11268
2708
6066
1710
8067
13721
8877
11816
19073
16900
19590
6259
5784
10147
7955
12643
18721
14827
10630
3861
5649
14858
493
14892
14201
45
3226
8162
17712
11216
16878
11193
14049
14090
18962
14597
12129
10014
15755
12494
5872
18337
11052
17753
4150
1116
5234
4852
9547
7669
15660
9631
2034
13049
1226
16520
1557
15092
8927
1296
16655
19768
14884
817
5423
17826
15785
3836
1624
15862
18550
4334
4413
7296
8958
12483
16856
946
11060
7526
9513
18503
6343
580
8276
11493
7868
2381
19343
334
1323
998
2579
1598
8158
9933
9702
1857
5376
8613
12282
9972
6557
13942
3888
12602
1466
5093
11489
353
5877
14483
12064
15343
6242
10100
5271
17464
9001
2688
11328
16708
6989
5250
16863
5962
14871
11174
6850
17410
4765
3530
4939
2143
10173
14879
651
17034
15522
13271
2261
15141
18401
17193
16676
15874
6959
10407
10849
1945
2203
13163
11982
673
10082
15536
4726
2915
10799
10846
6846
15222
11302
431
4345
4691
16752
19122
4364
14630
7553
9438
15256
6854
5007
10121
14678
19139
18363
7679
12911
11147
6468
16778
10670
2935
3695
19262
15080
15272
10692
17608
2185
2930
12465
14297
12493
6776
16926
3061
6657
1415
18031
5006
11210
5258
8096
12718
2296
430
8355
2645
13713
6503
2653
17821
10540
4097
17766
14897
6297
7185
16482
5079
7846
12864
18416
6859
1753
14978
16375
6981
16940
15304
11577
5038
13358
5692
5934
13692
9581
12121
4709
3419
6589
8789
16172
4847
10311
14393
14006
12095
13052
15504
12262
14707
12213
9613
10809
235
19777
11747
12846
10685
11733
16453
14752
4330
9677
7612
6049
2751
1845
8910
2828
4251
5804
19232
7916
7326
5803
14783
16290
14945
1660
4544
7312
13157
19728
14685
14478
7043
8671
19302
4399
15850
16033
6304
13646
2309
873
16302
10987
3425
1340
16481
4537
15781
1846
4911
5006
13479
18198
15087
14494
4684
5917
8799
6570
14712
14418
19668
3577
18804
10691
2736
16182
753
1529
17836
6149
5143
16214
16688
732
7228
15877
552
16251
10445
15627
4778
17654
15211
15069
16299
13087
10327
14360
6858
4251
7813
11882
1304
5471
17508
3179
9518
12513
7360
2932
668
9942
4841
7725
469
13716
5260
9180
7065
19851
8541
10174
16866
5146
4771
7794
4999
17388
5388
553
7431
3996
11882
12155
16816
18068
3287
8575
15579
12772
15640
15684
15325
3826
3871
3905
16801
7207
3407
16296
5352
14796
16450
11313
18487
16600
5816
11433
2305
8342
13508
845
6397
14462
16364
16976
11575
16987
15990
2200
19373
15244
14092
8752
2233
5193
8303
14505
11782
12269
14608
1807
7406
17295
11880
1123
11836
19524
6405
16266
10891
7626
13808
5940
17644
7974
4757
821
16040
18300
6123
19184
8650
14657
693
4370
15335
939
11367
4253
4694
17770
14556
6436
5877
10147
15258
5621
6598
17275
4204
13275
17197
17684
10407
4053
4651
4803
13801
19704
9794
10359
13458
9347
13842
12625
19625
11525
1544
1107
17480
7121
14876
15334
885
4752
16801
1508
18828
10358
6368
11655
13142
18355
2220
2825
13091
13830
3654
2730
6490
31
2665
1549
6671
5210
11550
17294
17655
2010
5451
1629
128
14148
6573
10698
7384
2994
6089
918
1030
9568
13328
13815
18621
3512
4576
9572
5642
12061
14817
10979
14640
4655
17396
11733
17705
6073
18979
19148
3518
14481
19206
12497
7168
1619
5553
4723
6091
18756
16522
4949
4928
936
11368
3047
14713
2832
12709
14359
18344
15706
13384
9987
18849
9250
17803
15031
11161
18890
3604
15256
14268
5839
15081
12695
7427
4397
9958
10809
3278
14422
18541
19029
17608
15358
4154
10205
1543
19490
59
17516
6870
13496
12243
13601
13089
1741
12938
19762
17867
6944
9351
15086
6763
6800
14777
2324
14505
5368
11958
7182
6563
5110
5292
18059
8141
11179
12621
14400
6061
13396
17814
18175
16842
14126
14942
8193
16797
4772
502
13041
216
14087
19482
10414
4086
10716
13798
19743
4971
3211
19022
18276
6999
15532
15994
2804
11259
4063
7994
5215
14040
18528
16204
6
1115
2023
16957
6076
19413
14239
13400
12894
15558
5336
13498
19997
7710
1469
19600
11198
6988
19720
14949
11782
9851
4441
10370
11337
13792
7807
19626
10600
7867
13865
15589
7166
5768
3497
19478
3275
13463
7741
12388
5126
19526
6456
10681
12300
4397
17835
18150
9736
19705
9396
5380
1254
11869
719
678
13929
7893
13211
8891
17485
7771
5631
6780
19600
4723
18891
16053
13147
17226
4443
10969
9292
13745
18850
13604
11228
17846
16299
6759
9426
8887
3158
9034
8290
16434
9915
1083
3693
4336
10896
11565
10053
9385
2767
4020
16827
17473
12044
3196
880
8825
13906
1660
12049
9618
3577
18458
5453
4494
14528
18924
16330
10964
17161
16117
10157
13266
8752
16981
2324
11438
9629
14063
11301
8442
4731
8192
858
11279
9077
14884
11049
480
258
2783
18791
15321
17741
16976
11711
9569
2017
18935
8605
1464
7519
16041
4535
10038
16250
18924
1592
13910
10848
11556
1907
18539
17822
596
19695
17446
7979
399
9499
922
2857
19489
17082
14850
10601
14055
11678
3170
15011
5947
5504
8357
4546
17560
18563
10414
17235
12237
3926
19435
16501
15451
17255
9544
15538
1798
2225
11632
10337
11394
18529
5035
11318
7440
17703
13426
2548
17148
3951
2039
15581
9608
14882
19314
11434
87
19790
8980
4319
19173
5052
19747
2263
15812
592
13367
16435
329
13003
8694
9792
4438
8926
13208
12149
6185
16949
10433
11151
19056
3679
14875
12000
7231
3152
19066
12014
5280
3987
5017
3729
19235
13692
3037
12009
16784
3652
7862
9601
19007
16427
2512
4662
9822
1478
17867
13607
15911
6864
4186
14308
4342
7100
12727
19099
16048
14831
12989
9000
15097
19349
3636
5192
1136
15645
10321
8007
16515
15638
19249
2498
15060
1742
18164
2112
120
10378
19204
14058
12798
5172
8597
18363
1536
1229
3341
2891
4279
12828
5953
3338
68
15059
1744
883
2947
12327
1815
5227
3028
11057
2037
5361
9483
3954
18884
15892
7308
4364
3260
14005
19273
426
16466
17438
9392
18152
14363
7857
5160
8003
4998
11448
3198
10528
7540
3274
9715
3303
18957
915
16165
11799
16181
5158
18502
10188
2374
8518
17263
17839
15544
11245
14555
19209
14772
18923
15912
13926
8003
3218
17644
15882
14195
9330
5715
19246
3763
863
7009
17789
6029
11005
4884
11279
6344
10374
4453
10594
14643
1720
5175
3749
9261
2591
5695
6301
10409
7503
3894
11638
18061
8229
686
7945
13579
8153
2642
17244
13746
10192
8239
9124
15355
19222
19684
3635
14235
8042
5230
4369
2396
7221
4824
7426
17128
2439
19512
11985
8257
7802
14059
5283
10413
1281
2
7471
19745
5707
5129
10104
9853
11380
16883
5575
7634
18923
4455
18865
12927
4772
15713
10285
13673
10032
2826
19869
5961
2148
14770
15392
17633
3928
808
16132
8680
5762
4399
12581
4182
17303
13372
4094
700
18931
445
16271
12289
13570
16998
1882
16984
4019
17367
9849
10970
10538
1895
9863
11781
17602
16997
13704
5494
3626
19153
4054
968
16872
15696
3304
12923
17171
683
4437
17818
3783
8086
15230
12208
13590
2633
8331
10154
15804
292
2311
19479
10090
10459
3272
15757
1509
8449
11642
14020
5582
19499
10214
6262
723
17087
1024
2024
15852
11764
3767
7951
15888
11308
7879
15224
7821
12896
4666
16631
2603
1851
19069
18760
8426
9888
18379
5020
901
13006
1097
11091
7614
25
15777
19689
163
17107
12272
14035
2375
2418
2182
16991
18483
6311
10636
3982
19357
10107
13892
17361
8538
14812
3856
1062
13151
10381
17061
13683
7068
14718
2720
244
5388
1954
4859
17769
10698
19615
6271
10102
10864
11991
17857
3552
8377
6093
11366
1449
18113
10416
6890
14108
19520
4117
8345
8345
9187
19729
2083
3768
13761
18432
19763
19187
14365
9106
16065
17280
19477
423
6516
18161
17905
10296
16853
8403
2188
13988
10881
14477
14458
13240
4039
10260
7432
15064
6649
11076
6194
15770
17340
9833
12247
11365
4383
18103
18933
17950
15422
18869
15422
18353
7502
7409
1840
7508
13070
15175
12128
11055
8510
2391
10829
14272
12530
2430
15540
2537
15890
10149
170
2679
9312
7082
9587
14499
15020
4736
13804
16180
14233
5152
8737
5621
1854
15781
9989
19592
9752
10135
3550
5091
17043
4389
14463
15616
1382
17590
2212
12191
1885
6069
18612
12748
11893
9223
14389
14760
2911
3666
14746
8886
3927
15632
12461
9969
1543
10922
19757
10633
6102
2330
13368
5387
14174
2156
13469
6461
1383
18803
3491
14279
12754
15803
7311
17004
17754
4392
870
9584
13695
1352
3390
15886
12188
7287
2320
12389
13541
14224
16337
13792
17885
6292
18068
19900
6751
8163
12430
10812
5209
18933
17165
3829
10673
7793
10609
15805
13051
19940
6286
19715
5686
19459
6050
6113
16700
13617
2771
13617
15730
10571
6876
3341
13825
19370
3030
5506
5761
16437
1560
13583
9180
19677
12443
17684
12500
6900
9241
4296
9442
1210
11532
19710
16039
15175
408
18402
15692
3983
2457
8211
16143
14416
16528
10281
2343
13081
10182
13481
18808
9652
12471
17352
2003
15843
15599
14939
14612
14436
869
16823
3709
19821
4917
7188
18755
4515
8688
9549
16376
16580
13095
19535
2472
6839
15776
9293
12500
8207
11497
10163
7583
2658
10923
17571
5517
19295
11479
17271
5441
9148
9216
16637
18613
19168
17905
10486
8522
8308
18773
17543
18879
9002
13392
4571
18836
5968
1593
7710
17812
3204
4364
16626
10444
6060
5919
10248
19334
4922
19818
12610
16984
14240
5747
13030
12661
16484
8213
11766
10779
15815
1288
2039
13701
13867
6891
1931
747
2534
2934
14642
6876
2564
13689
1687
19232
15828
8588
11549
14350
14772
17958
8693
292
16265
13515
19845
654
5598
18701
19288
7157
16152
13006
14674
16690
9512
10236
13045
14540
15600
11271
2873
15349
2239
16978
1803
14895
17698
16217
18105
2745
19000
10247
3265
13802
5136
13490
1263
772
8164
18176
3298
11203
6569
3790
14642
12968
17730
7012
17236
10434
14443
6419
18898
17627
18657
14781
1813
11029
9938
8703
5184
4375
13281
2669
8275
3196
7694
14183
3268
1163
1024
1954
7224
6905
2387
2865
7763
1011
10270
19980
13427
8867
5135
3118
15727
10703
1241
9321
2646
18145
3661
15137
17435
2718
9871
2313
5141
4906
6460
6550
13238
6349
26
16047
2187
12853
18495
7301
10700
6036
3831
9140
19628
12821
10849
3524
7254
4137
362
19540
781
11031
12947
12779
18268
17438
4646
14403
3349
8328
5557
3187
3695
15407
3814
11210
14501
8181
8969
7128
7892
19679
10194
12786
3436
17096
9154
3529
4497
5624
11330
17650
6464
16671
16665
17058
65
1453
3406
8173
15216
19079
8507
1616
624
155
7385
8915
6999
15695
2201
5300
5047
7091
18768
14888
1189
4360
14579
6812
7095
14372
9484
1857
18203
6766
15288
18477
19293
9074
4335
15534
10340
12986
8791
15066
5125
3578
6549
16072
8087
16278
991
16623
14879
248
4516
5038
19160
17923
9014
6741
13327
17523
3166
16636
1712
11017
15051
11022
8455
19053
4112
9612
7511
13842
8353
8895
11041
12085
12789
8461
2123
10472
15262
10743
3512
17014
11515
7474
8613
5421
2513
5669
1977
2558
18174
14824
16060
1022
5867
1493
13697
285
16947
11939
3511
18664
236
6554
10368
10328
16788
17534
13996
3374
13426
13789
14280
7463
8682
786
6942
17200
13772
15834
8842
14282
7840
11102
2300
2317
702
18090
4313
19679
14841
15267
15892
11759
9403
4408
10465
13851
8383
18747
11549
18742
10700
8266
4755
5680
19318
11147
14771
12942
16644
14969
3195
3813
15553
625
3008
5179
11711
17454
15863
16777
19527
450
19512
19634
17624
19828
2036
2197
11536
10307
16537
5167
15113
246
10752
3447
19657
5106
994
6897
4450
14286
9784
13483
13932
15975
11121
10081
1892
566
12907
2370
15413
11179
6425
7516
9758
10244
1542
757
5096
16912
19893
6373
11064
9090
15653
18387
18717
14069
9265
2059
3510
6909
18300
13778
6610
15450
14710
15125
8070
8849
2533
12767
10592
18957
10191
17875
6973
19560
3242
6439
18084
15123
14566
16279
10158
17753
2385
13139
4472
7452
13733
771
17353
7228
10160
6515
14629
550
119
4984
13008
4367
9095
2202
12488
6482
12920
11772
2434
13123
9686
6056
3222
14870
14157
545
8118
2194
4376
16191
14314
19562
5764
13509
6866
15566
3443
3832
7406
9999
19159
13724
3547
343
7903
11608
2941
13696
9657
5574
2463
6005
4556
12602
17329
5454
17376
17360
7375
4653
5878
10701
11629
5462
2380
14792
16443
9227
19653
3080
12404
980
12904
5636
18453
7475
17
11517
4278
13520
5306
14633
10338
1403
7401
19219
5827
5549
4684
1896
19046
1904
3468
17094
15401
3569
12301
8717
2001
15980
12037
5319
3359
1596
13627
8556
7107
13364
5553
9689
8887
11634
2461
2230
16404
10794
6017
8175
7595
15582
17126
11569
6167
7920
5575
1148
14471
16377
13419
14201
4390
7260
9599
7313
15992
4346
437
12544
6202
18916
9236
4771
14032
17083
3020
3891
12477
9591
1952
7534
8697
8313
3881
6602
7635
12019
17214
3153
18215
19832
3629
14152
5758
18289
14898
13445
14728
8348
8534
19866
18912
11842
8648
7140
7552
9444
3043
2666
5964
12675
15527
7646
10002
161
5385
14731
16137
12213
5124
5114
14227
15668
12549
18810
8908
12834
170
14145
11055
12484
10991
152
8056
9621
2641
1800
11469
11635
16075
7155
12303
17165
6950
19091
6766
1188
8043
12043
14836
10826
6789
17318
1039
1258
2019
19622
3366
5415
11129
9258
9861
3253
14093
16058
473
8914
15427
16358
18963
10928
4011
10786
13588
9682
12495
7301
13749
17160
3762
15039
5471
11714
3842
15851
9546
14427
15107
3274
14482
8673
2781
412
2057
17091
17767
16149
18423
5259
17483
1224
3601
13047
3594
5597
11008
7602
6674
13957
12160
4002
18909
2060
16484
2918
532
10937
5013
7581
5762
11203
14228
8099
4569
8802
9057
5285
4613
4705
8569
8918
9480
5694
18903
16790
6448
6152
19954
5780
16290
5450
8841
2728
3471
13730
10402
8333
12976
4032
2059
4955
6823
17338
9114
1525
15036
12945
14352
3547
12374
5340
12813
6006
5453
6674
19083
4788
6000
18549
5243
10068
4220
2234
2677
14078
19043
16954
8579
9007
9928
7865
3780
10454
8709
2403
14107
5451
3372
14650
3368
8372
17600
9511
2354
18339
13185
15738
10855
3336
9226
299
6481
16207
8588
6880
15522
10021
2082
19772
2788
9880
16996
10223
10598
12249
7764
14047
6904
9894
9448
9082
12145
6563
19674
1629
11878
8177
19432
2937
14436
12416
13409
19060
3734
1606
2711
4229
7881
12930
9440
7237
718
10844
7819
858
5725
7574
12334
9971
15102
19800
3189
4572
12963
10013
2630
18438
16802
17213
5521
7420
15272
17775
8542
13241
6701
2001
14924
15928
18452
17460
15372
7802
8018
7456
457
5262
7487
13647
17099
9551
13592
17745
4464
5506
19772
12031
1032
18150
1205
1584
185
8690
9123
11953
7505
16654
13911
8136
9966
8421
2133
6876
7610
14248
10380
7685
11772
7243
19354
24
18487
2492
8749
17423
548
701
1928
18395
13693
16781
7500
8222
5684
7506
14087
5461
11460
18567
13151
15471
11065
2558
6237
1101
12815
1018
7193
13352
8341
7462
13498
11397
6377
15654
18190
6418
17550
12042
17714
3271
7993
3784
8662
10087
3973
19299
11151
8979
17309
10562
8375
4287
13552
9998
3806
6821
6410
17555
4913
19884
17041
18778
11937
16886
14335
18062
15965
428
11118
17123
18220
3229
4981
17474
6287
13201
8704
2622
16262
10630
3243
19333
15305
14121
9186
1145
12553
124
15768
19527
14955
5154
8224
14836
19425
9746
19065
2919
10587
15964
5216
14616
9573
3891
19921
11390
19121
13571
12151
8110
12940
1560
5548
7475
1079
10198
15124
18190
12654
4800
389
18711
13107
12247
9058
1638
8654
18455
4024
8595
9619
5936
16968
3946
19136
2541
10743
17182
11459
18345
3816
13778
16316
18206
8277
7415
18215
2421
18361
17233
3496
11178
521
14358
3283
5330
8709
7743
15540
14373
456
736
2085
3261
7731
2475
11041
15947
9814
12068
12724
19954
15192
19779
18327
17538
13472
18502
14447
9505
18894
414
14908
7589
1722
14894
16607
11235
19204
4139
18607
8013
13059
7774
2123
3872
6710
6644
18722
16628
6862
12898
2813
8659
405
5212
8495
1860
7730
8593
17319
8159
11419
18378
16868
1371
14382
1862
11422
2285
16483
19672
6523
9123
13300
7514
19151
8440
4473
7849
17483
15244
3754
11062
2928
7492
14328
19215
16445
4551
19041
2191
15581
11855
3127
12794
5990
509
10716
5042
12748
739
15355
13167
1826
8174
19197
6631
2121
16720
7026
12332
5687
6618
12966
5568
15362
6996
15712
17218
238
7005
13590
15706
2796
1719
9425
16906
10078
4747
4750
12695
6993
19672
2914
941
8205
7775
11483
15156
11429
15969
12706
1422
11718
380
16355
7187
10009
16056
5243
5166
643
13760
16762
4972
12091
14724
16927
5807
15403
19572
13443
8727
12020
3456
14601
13656
9201
9765
16305
17914
10177
18407
7972
16388
392
2690
3981
1816
3206
8432
4448
19329
14187
12652
13029
5478
15479
7599
10378
4162
3254
13227
6726
13639
6427
3509
8816
2790
11541
2035
13278
15114
10153
16547
16429
15742
9554
7914
3531
8825
5134
17998
9390
3889
6165
10358
2184
9314
16754
2593
3992
11377
52
9416
4097
1439
13772
12748
4923
13059
3177
639
14281
5985
5070
15267
3860
5399
8845
3852
4798
18038
11653
7306
3096
6571
568
17398
16787
16530
17046
13068
15820
3712
18023
3585
496
5717
11181
13602
10844
1587
7770
5811
3918
977
19731
18860
6958
4824
9104
5678
1508
11967
3854
12089
3766
4729
15495
6563
4362
4621
920
3825
11724
10493
12208
8146
7481
4146
12614
6082
2182
10236
16223
4325
10269
15716
15068
3516
4699
13450
6347
17854
5544
15337
16559
7892
14266
9471
11690
2488
3407
6423
14404
1887
6999
2459
5488
10628
880
19333
9577
6466
4868
16746
3437
11615
14655
2073
4683
3785
9267
19727
1006
3135
5848
3804
17992
12715
9326
362
11184
12212
13643
4895
9924
8081
6995
9790
15145
8458
8561
11619
17453
19656
18209
15572
19398
12392
6242
17482
6299
12600
8582
15840
3647
1245
18210
12835
4699
18268
14238
11388
1170
17119
7922
5598
18133
2878
4683
4292
15220
365
3128
15456
959
4351
6558
13824
1201
2565
7435
14056
18799
13696
954
4444
16913
19173
5118
10139
6188
289
5984
4404
7887
13921
12999
15702
4951
11048
8698
9249
11205
14739
5668
10088
7437
9614
19574
10521
6633
816
7018
11088
18507
19782
1256
390
12531
13826
11816
19635
8846
17621
998
9737
601
8831
9967
8287
9828
2813
8667
943
5479
10316
3909
6832
4528
4720
731
9361
9169
10133
852
7597
16959
3525
19525
5384
11314
10050
5219
13084
4765
4953
5831
2545
13785
1515
11962
9173
8013
10152
3072
10720
8247
6262
1794
9640
14412
12037
13911
19655
9057
19687
5933
1341
16316
3376
12112
11103
5305
16100
7835
16076
19619
12330
14940
7673
12438
11654
17144
11682
11969
12436
16857
399
2219
17921
4658
10430
573
10249
18805
13617
2709
349
3870
10606
9890
12285
11133
13698
1608
3358
19216
19540
8472
14311
7454
7536
12312
14755
1570
14322
8796
5255
10988
17428
6510
9728
14066
11523
13548
16533
6523
15332
8379
9021
11983
16705
8711
12169
19411
2254
736
9341
4887
13812
11376
9140
7264
7219
19932
17757
8992
17741
1036
12313
9397
7845
9875
6508
15306
4355
17371
6988
17063
13542
5192
17954
15165
5525
10916
7397
11223
478
12538
12803
3118
17192
4382
1331
1939
18397
2468
12738
6627
6872
1888
19710
15453
17774
14378
18253
2799
10966
10288
18317
378
8048
44
9263
1925
1309
2632
10446
13943
938
813
11426
284
6966
8547
10364
15859
17051
3376
9835
14997
11466
8397
2061
7641
18574
3770
12949
7910
3285
14449
10057
15690
3834
5529
11515
16230
4253
9201
7972
15734
3571
10835
11935
9192
1752
12183
16079
895
19871
15367
3482
670
1480
22
147
3916
2159
11190
16211
6877
13468
17694
2846
15896
9441
429
8580
2448
19045
5432
7189
6261
11385
975
16337
9538
14101
1988
6776
3308
7334
1730
1155
10616
3439
5466
5139
10835
17411
17080
10145
11793
18081
7960
4790
16016
16998
5689
5138
15834
8905
4113
16388
15081
1492
1119
18798
18003
3403
5800
10528
14883
15193
360
1779
7275
3907
3485
11856
634
6272
8448
15234
8311
12134
17882
15581
18658
5914
10446
18909
19550
19435
492
49
6237
5255
8875
2534
15070
11484
16091
1019
3835
5513
4228
4723
665
12024
3106
4077
17772
16473
2216
11166
9477
18781
19424
19249
14331
11062
17615
15734
14601
7674
6954
3255
11019
11819
15611
4079
19061
1558
10951
4394
7652
5085
19067
12437
3640
4443
14051
2650
17703
398
11448
17092
1590
5655
19396
10448
14346
6393
10949
16318
16361
16598
342
6936
3247
14139
16708
10222
2742
2401
12260
9927
9722
18823
13522
8381
12370
2263
13452
13552
17203
14159
14647
17063
17345
5754
10136
5389
3340
4005
16854
682
19098
13108
3423
14834
9542
4073
17195
13805
10122
10723
16126
12221
8453
19870
12269
2035
12865
11763
15299
7181
14551
14346
1410
4437
4964
19047
15700
4224
18531
801
16453
6173
10546
6641
16952
5866
2637
8632
6515
8459
367
10471
10266
16905
6393
18283
8263
6389
7040
10184
4799
1913
460
10961
1629
13693
9428
17800
17665
18308
7420
980
9748
18163
9154
9370
2990
12659
12101
6068
4441
11336
6396
17311
17210
13785
132
10500
13420
9355
19211
10897
2094
3287
570
7985
5994
9413
17941
17176
3200
10697
3630
12287
19506
17011
9753
7473
15505
4952
13010
18697
17529
5456
18833
9788
8035
17928
10485
11946
18034
16844
12644
8708
9825
10251
8486
5792
5189
6129
10156
17204
10301
4474
2592
11562
17921
647
4991
15275
18413
4395
853
10288
15858
10834
393
13477
2806
16480
17955
19073
14321
11271
3977
14797
4882
466
12558
17311
19808
14692
1402
2517
11615
3351
2861
12138
1426
18603
19891
4715
1086
4869
16982
2568
13770
16154
2457
12336
10238
485
4359
9086
1906
5658
17169
694
19814
16943
14945
1641
734
8677
12625
11818
10476
9642
3391
8959
2898
18386
16951
9897
9315
10958
9163
4159
4199
13009
14946
3558
6213
12871
1810
10681
246
13502
14493
697
3932
18934
1692
6860
13084
18997
1794
4416
5346
9619
4947
17881
10685
4209
18468
13740
456
19606
6151
16557
7263
8127
11831
866
6674
8262
9890
14956
514
14952
7370
414
15836
11001
19068
4180
17247
47
2815
12968
11831
18993
1774
6103
231
15619
3668
19062
2445
5088
13693
2241
17636
18678
5770
10675
18022
19222
14590
3305
5527
14500
395
999
14833
19890
14066
19834
8815
4716
15697
18370
1134
17182
15194
5723
10844
897
11719
2077
12723
12066
5575
13284
15459
11206
16100
8885
19563
14033
11077
9420
2827
15446
3763
8519
9308
15378
18051
12252
13805
11341
14347
13401
15605
11637
5910
14734
14220
16218
8093
198
2162
13057
17525
19324
17224
164
8945
18741
7419
3463
5370
1100
5938
17950
11677
19036
1322
2907
1919
13507
11465
3508
15333
14721
2519
10692
7255
13535
3020
12209
10606
6032
6669
10256
459
14083
217
1455
4275
15824
14738
7285
12675
11035
7657
2498
2924
7847
6714
2262
13793
11257
19769
19119
4037
19408
14313
2513
19
9198
9458
11876
10861
7974
12391
1681
12452
5692
17055
5010
2442
12373
12880
285
14420
3570
6852
8931
545
17927
8184
12532
2049
13150
15835
14732
8628
18790
333
19932
18501
2813
15831
6158
19893
6264
17184
19143
18433
18596
16711
2646
12148
19081
15689
3265
15543
18334
1117
11031
16248
4260
13930
3091
15379
14349
18911
12194
13616
18915
13407
7242
12420
13839
19853
2929
14981
14431
7559
18282
11516
12480
11065
2320
1325
7216
12705
11744
3888
838
2691
19671
5704
836
2215
12690
4172
1997
12616
17340
12399
3258
3660
10572
17143
12849
18670
6384
9698
7546
17807
1587
5000
3390
443
16624
8995
7316
11771
1775
7464
7603
8689
1423
10757
10067
9289
17316
17044
4026
15099
4715
18996
4493
9096
15281
18282
9150
14514
674
16648
14025
13252
2193
5993
8829
10018
2893
1706
2373
6112
6825
3387
1559
13951
19426
17304
3041
13679
16260
13224
8067
1689
16353
19940
4291
19981
1890
17676
7419
13254
2174
3168
8991
11775
5491
1515
6095
18025
146
11752
2985
4361
8255
19766
230
17408
1557
14498
14629
10485
8744
12850
15118
6561
10612
18586
1031
10800
10546
7425
5354
8627
15378
9854
1746
1807
16411
19107
16529
17742
3420
2372
17561
16727
4616
11552
12127
11749
16552
9083
13181
7326
104
4052
14340
10327
8668
19832
10437
7952
8142
4509
2625
4200
866
6027
9284
13585
2909
18808
6848
5324
19618
8963
13811
16584
7184
13425
15724
9919
2154
2384
6447
12245
12009
1645
18682
16014
218
5611
5774
12895
13094
17170
6308
15329
8701
9065
6704
1142
4280
19711
11050
15246
6872
7723
4165
17926
13450
19914
19067
4792
14148
6415
8912
12085
14206
19804
10134
19151
17019
18559
8444
6154
5756
19964
14156
13234
1048
18355
7074
5263
5065
12748
6370
8628
9555
8167
11884
10496
17606
752
11574
11689
9084
6792
2486
2726
18820
9534
7697
16178
3581
16300
9443
3221
17657
13879
14973
7925
4066
17273
2856
7402
13329
16900
18024
5299
1411
4123
8306
7551
1047
15224
13260
13114
3072
12816
9835
6465
8819
10522
14123
1884
15231
8237
16405
2302
8221
1822
11205
18376
15792
17592
7838
12447
15720
9354
9903
14391
3672
8872
14161
5142
5628
15049
8350
4458
8317
964
4356
6987
666
18692
19142
8504
2833
18621
12073
17480
7661
18263
6527
4473
13457
12738
12807
17548
12890
16788
4095
18123
11173
9812
4873
362
12826
8792
13158
5287
18235
4029
1441
737
14124
2772
18674
6939
9395
14228
52
11218
6195
16338
2456
10993
16959
2838
10409
18725
8880
11913
3088
13794
11900
6813
2202
13299
4978
15904
471
15006
9990
4601
15393
14219
15442
18152
867
14340
1657
18341
12039
970
9862
383
927
18261
12137
14081
18785
15127
16348
5732
6804
12294
1927
7591
12002
10999
17311
10938
13097
10124
15249
9599
11533
13597
178
18844
16882
1790
16257
1097
2923
17533
19438
7760
12891
4776
13089
17275
12023
4619
17808
277
12385
16032
4369
16041
8234
17902
16219
1510
13875
10429
12852
18531
18457
1822
15865
9449
11315
16108
10728
14278
13932
2863
14551
15710
11465
15100
16293
13853
18224
1787
19848
18065
8038
9940
8703
7072
16121
2799
16263
5080
18522
18726
13218
11174
7190
5841
10965
17414
18077
17737
10693
2479
9566
1860
17967
13644
1563
8889
15600
1593
6100
12883
7774
14906
19369
8100
17216
11243
8478
744
4797
15106
14355
4519
4033
1471
11617
15285
7407
8338
10952
2423
7985
15372
19514
4693
14087
11743
17169
17604
10161
7582
19701
1381
1071
12178
14426
16941
10203
1081
715
7524
4863
19879
16803
19982
14794
5809
10862
41
1068
15139
8562
2759
9704
76
4816
8228
13574
1641
4288
5687
5790
5539
16892
6078
43
9714
14705
1352
10211
8053
4217
19994
11473
14472
4908
18501
6455
6233
19130
11716
14705
4449
16856
19618
17702
15
9034
10140
12352
542
14822
17183
6435
17292
7197
16377
11924
9560
5699
19121
13952
7988
3106
11272
7310
12734
2766
4407
3713
18622
9663
13606
17269
9940
14327
19563
11178
9227
13144
2381
9523
18684
9630
3759
12842
52
4346
3241
16120
4080
18641
3702
9268
19675
10019
12827
8824
14972
11438
1130
14344
2420
4361
2357
411
2018
5762
11934
14179
14868
17111
6765
2628
78
14284
944
10619
15178
18071
8839
9083
12656
13922
4376
17528
16221
11636
18711
16257
14994
10984
9173
2851
19564
9912
4654
13005
1748
18050
16381
14423
19944
12185
15478
19665
2047
19031
3132
448
12186
3856
12873
12551
7843
5088
11319
7733
8407
3038
4179
8122
13508
1273
6464
16494
11357
1630
14095
1293
17542
9645
533
3051
19106
3095
5997
288
6485
2798
1715
5511
8014
924
15047
11269
2086
16126
9228
12820
4166
5355
19442
3321
13364
15698
1691
14327
4040
2063
3270
13404
9096
17646
11048
19228
16512
1198
19268
304
9818
6699
15863
19764
14561
18030
2092
16854
13588
19704
15309
11660
10157
19836
9916
793
11941
5502
888
13968
19428
4173
5661
12079
18405
12901
6105
2272
15816
11279
2500
9116
7381
13621
7824
19180
16266
3626
17024
17453
18467
7732
2968
13119
16758
7080
12317
12098
12938
17425
7736
17761
2635
9449
15694
8078
15189
16292
16452
19521
12505
6471
15096
19371
8317
28
3783
9070
9078
17650
12070
14273
6503
5981
3731
18437
8020
13315
4681
4394
18380
9809
5428
7822
4763
16380
6244
15420
263
7759
9947
19290
5174
16303
12767
6823
8887
9564
13201
16699
3268
6210
15686
18596
5290
13968
4485
2276
1238
16730
16915
2212
17469
4929
14519
16227
12352
11460
6114
376
14591
570
14877
6755
13971
4152
1040
3962
2918
179
16699
2140
3693
13016
15631
12089
17094
15644
9912
5676
17834
11262
7953
10463
16725
15894
3055
15830
19154
11617
14060
19640
6255
8981
12828
8638
12560
5958
16764
3035
18594
16186
6939
15953
949
8244
3292
9442
11421
18264
12494
14209
1635
17523
14800
14979
6991
11056
2952
6396
15368
7264
2593
9932
3680
3266
4503
14991
1642
3329
19948
18487
9297
14713
4065
2127
16340
12
4407
14711
12956
10086
17517
5748
16436
13986
10759
12108
10057
13401
16202
6380
14776
4529
4815
11779
10826
870
11369
9288
869
19677
12360
2501
12172
13393
17625
18382
8977
16292
4753
11004
11893
18889
12956
6224
19384
12487
12163
3722
12541
5455
12188
19298
11910
2409
19466
6201
7653
13709
18328
4332
18951
5570
11801
5957
12381
18178
19136
7192
5141
15489
2175
10937
974
10303
11650
14786
11926
19263
10119
8939
8430
12257
7437
1538
5440
740
2368
8061
18222
18412
9561
5973
18095
11610
18173
13585
10418
16363
18340
14249
17372
16771
6297
9220
13735
2015
755
2454
10592
17525
18101
5524
16145
8839
2292
12557
8408
2780
5250
7696
12898
14446
8886
9521
11137
18935
12193
3370
8019
5679
7213
12417
10176
586
15071
12595
13841
12118
6431
15619
10997
7011
10791
16959
18111
11979
5204
13828
2787
16830
18129
5956
10196
5041
10836
6600
2248
17389
5525
822
9297
10049
9250
18106
12227
15515
6961
15746
18370
16390
5943
1227
1195
12768
18696
17581
14394
6686
559
5082
2253
4808
9799
6740
872
13501
631
3755
9305
7559
6375
3526
2739
2595
13736
3521
12692
11599
12772
5072
19214
8707
7627
19390
14117
16455
15647
14738
13874
2556
18623
15866
1589
11369
4324
8130
1089
8813
9884
17236
11482
7314
4482
1733
7481
17082
11096
1847
16894
1376
3176
5207
4952
4711
10741
18904
18456
4097
12156
4371
4358
1974
9581
19176
17245
2498
10559
47
3400
5944
14467
14967
16844
8492
7821
4692
14885
14465
11453
7289
18773
17283
4690
6229
946
18747
6338
4177
2327
13213
410
951
1790
7191
6138
16326
13629
14565
5150
17396
14589
6224
18307
867
18267
16152
778
15787
12634
19268
18961
10885
746
2678
5090
15593
8549
9266
13633
6042
14702
11955
8935
17105
11339
10059
4414
1502
9082
7606
18306
2791
7023
4275
9136
3566
16198
2307
343
15491
2678
12064
7208
2152
7423
4692
6590
16032
6617
4646
7617
1731
1519
4078
9535
3941
19481
6527
10577
15003
2513
14610
3558
18671
2184
17365
7935
4308
19888
18510
5981
19521
1123
12814
16152
4244
17688
11828
18708
5392
11459
6777
6082
9261
17544
16435
13419
12397
19222
6820
19318
12741
7804
3447
13934
8931
463
6187
8625
6211
9645
8311
2314
1717
4403
9451
1709
16106
16720
6995
12490
16357
19583
5051
9462
11481
19792
2585
4189
9326
1834
11149
5216
12574
460
11417
15232
7784
16400
16017
13125
2441
8409
15665
5964
3212
488
3517
4749
1241
7100
11993
2017
8378
17549
9987
8779
7722
19413
15978
2010
6550
18340
13707
16893
4940
17554
8617
1488
11168
8624
12477
7676
10349
11870
4670
17267
2519
6318
18841
16285
17568
8556
19813
11488
12734
4250
1815
7224
7446
439
2266
4811
2403
10754
9003
10113
6390
16044
15446
11266
12032
4696
9384
14329
12632
15052
3506
11114
10244
3263
6170
18706
14920
5277
6726
10595
11338
6406
14752
12165
18028
6543
1672
16321
9976
18158
9295
16841
5721
2767
17619
16011
7465
11192
19525
17786
3492
5643
5832
17686
13365
11747
210
8046
14915
18353
2643
3236
7123
11324
14221
10453
152
15957
2173
9036
5326
16127
596
8601
7646
19678
13085
9929
19688
12887
6361
4644
18697
19786
8407
8512
19904
18345
18299
11653
3394
7875
16978
3479
1211
16249
14266
17989
14547
11939
2735
6836
16589
10668
3587
17985
8164
19006
188
7888
18035
551
12952
4420
13409
17529
12518
2809
2527
16676
9894
12802
4492
1666
205
10474
17541
610
2820
14112
5682
15622
11535
3711
17024
3124
3352
12810
7877
11330
14946
6808
11184
11934
2294
4537
3284
10792
12876
7650
17993
9689
8622
18338
4413
17419
16255
16777
18285
8925
8341
10888
17038
12990
11245
1565
3521
6869
4048
1447
19784
13043
18118
3916
9851
11476
5115
3662
14725
15718
4973
7369
15183
1902
5361
8892
1148
862
8308
19227
15807
12633
18588
11709
9604
10079
9490
6272
8626
8850
5189
2515
11094
6108
12
16969
19587
666
11618
19305
13639
13520
9564
2956
15532
6474
2565
6308
1950
4186
4999
5631
5445
16760
10037
10471
1506
1426
14354
3815
6008
9864
17158
11626
10409
18809
3435
4665
3994
9882
1750
14511
18362
16722
18059
15029
10253
16449
17494
19864
19082
6532
5312
6327
3105
15381
10987
245
4644
10868
5889
11565
785
5450
18655
2313
13151
17102
8662
12253
16190
18393
6592
9424
6808
13526
10137
14650
4519
9261
16138
5104
1129
4314
13918
2487
8140
7756
14379
3581
2662
13705
16805
5653
5987
3317
19970
5082
1856
18107
5763
11729
578
14510
14656
11470
13671
1607
8426
14333
11369
19338
7949
1620
5779
18563
17866
19189
15838
17853
13031
12964
18099
664
10913
16681
10500
15129
4666
2905
15929
6047
6359
9549
17290
9742
2571
5465
8646
12543
6321
10383
15183
19862
11569
8219
3948
3157
18043
14918
19842
4797
9452
9897
15690
611
15774
931
5194
10099
1102
4934
10517
12174
17719
6819
3881
3484
4898
12100
15329
4634
18609
1916
12739
11739
1897
13517
19072
2876
18642
2783
1860
10490
17613
12551
8012
5309
13687
4330
19186
15828
17083
5059
234
19253
8530
8087
11654
17242
7975
12158
15232
3687
13654
8191
15798
2493
9325
7685
10456
2627
8052
6964
18238
9937
18713
9367
8262
3247
16365
9157
10858
18114
8731
8350
18071
14790
9533
16741
2874
6303
14902
6593
11426
13524
9342
1331
15666
683
11216
3904
962
8272
10820
6691
6047
18246
17050
5230
5354
7809
10522
2938
2934
116
19984
1651
7821
17942
1615
3808
7647
1340
16667
19483
5763
2570
2658
17716
18790
3435
17774
2430
1210
6253
19424
17648
11760
14088
14512
15623
708
5792
1290
13646
9983
16706
8388
10499
9767
10079
15631
9179
19044
17397
15064
9765
11858
9723
15537
2152
11342
3201
3921
8968
7843
13352
16797
10785
15086
6692
1187
1306
4093
17912
8393
19298
7406
857
8784
7097
8719
9664
11446
16068
683
11463
6750
9363
6597
6362
13803
7760
14580
14785
5029
18284
1818
11831
7793
2425
4556
14462
17095
911
14278
823
10268
14836
12874
16452
1912
17908
9977
1012
268
10532
3376
11107
45
15891
10321
5186
10705
12734
14899
8397
6012
7826
15876
19350
3556
15065
2024
9745
5718
18489
873
14300
87
9763
18664
7584
1325
11913
2491
8151
10473
4771
3043
3452
8733
11339
14116
10842
17185
11308
15918
10667
5930
15615
19945
1068
6909
4717
17997
6547
850
4806
10821
18154
10954
14174
2003
16292
11874
13106
18130
12621
977
19212
4366
637
2289
13754
18623
14578
18204
9832
8533
11475
9235
3505
11852
14004
6216
544
6265
12345
11127
15534
8623
8120
1684
3161
860
15166
6477
12260
3411
3035
9846
8082
14814
6671
8454
19148
15600
7569
12868
2809
5544
7691
17676
4134
5843
4832
16808
14050
10015
17781
14581
7900
8409
3874
2926
4741
1861
15174
11381
11886
12060
2563
12071
15810
10447
18749
18902
15073
12877
8866
13307
103
19861
13795
11507
6955
13564
6602
18982
13839
1289
5508
13745
8537
19991
3922
17447
15097
4050
8176
19451
2784
18962
3719
13441
5112
17490
6471
10870
9211
18535
14301
14114
19372
1764
9102
17080
3419
6083
16851
15471
5588
12947
5164
17302
6758
4221
9141
12384
1333
16666
7577
3326
15180
3690
7397
8574
2610
19390
12468
6877
7730
8578
3455
4343
7613
11414
499
14579
9480
312
854
10130
736
314
8485
3446
19592
17174
365
16140
8934
16141
8813
5530
17393
11514
18478
12537
19470
15083
9547
14762
19850
1664
16033
8340
12476
1089
16240
13068
4208
15918
7747
15537
8697
15767
16630
14259
12179
9092
10449
15090
9862
3560
13423
13516
14884
11272
6632
17495
111
6531
16559
12021
17988
5873
3404
14755
2379
17369
11699
3159
4148
11398
15101
1366
16793
10469
15122
2377
601
9749
17146
10273
19753
13658
6301
17343
3403
16021
12032
4754
18051
10893
12039
1452
10497
10139
12591
2239
7036
7620
5334
16316
5216
16527
6820
13473
19091
8405
3695
19933
16471
4638
109
4934
6620
7023
3232
19638
17009
2502
5250
5562
17883
19769
8173
4338
12066
12416
645
1798
1060
11119
1936
2874
14754
11899
11541
7716
15524
13680
19634
10165
6627
13948
10123
15972
18303
11379
13763
8785
7294
16172
2323
18877
13506
18651
5425
6802
16125
19487
19352
4498
4077
4332
394
10580
6423
10707
7214
10489
18132
10670
17983
15611
10865
2672
7672
4072
11466
5954
10325
6679
7740
3013
17022
8545
12480
7786
640
8915
15892
12146
6005
16353
3083
1744
17747
6696
2908
3654
3173
12354
15177
6862
5221
19786
18977
9333
7227
8647
9386
3662
6909
2332
19463
3450
500
18832
14245
1643
4520
2093
117
6553
9524
17245
3856
1372
1830
3994
13968
6445
16421
14761
18512
9441
3482
9371
18484
8626
4281
6669
15665
12470
14735
14244
814
8130
3305
14617
6683
9690
2515
2021
13020
17774
15571
1186
3557
11681
15898
3206
13880
13656
9601
824
19116
10659
13161
157
10096
10839
14258
9704
6472
4325
4231
5155
10346
7324
13169
5029
4406
5759
6188
12341
3237
2099
902
6480
6193
11426
18581
1326
18835
8335
9673
14713
18234
12012
13375
12616
1036
18046
5272
525
2019
17266
12732
10175
18013
13211
19571
6771
3877
18290
4207
12334
10748
12669
15527
7937
8976
3869
8302
1400
19266
9028
1583
3033
13635
15326
1825
13115
5273
1619
13261
8767
17113
11975
13528
8736
18968
9400
12800
10124
2499
5248
1834
15628
4933
19016
5927
2137
14838
16823
17139
1019
14731
13819
13390
351
10245
18037
14061
7194
17293
8798
8707
10753
12057
5792
19605
3709
7795
17086
6736
9912
9316
10141
10172
19363
11595
13193
13247
11908
4417
13280
12663
14944
3620
16258
15510
1309
13781
16887
12402
8602
4107
12531
10365
8549
5089
1857
15366
5323
19399
17499
10376
11190
9405
7934
3443
2598
15168
3796
19452
8721
17645
10782
10078
18333
13543
16500
7165
11412
4624
13224
19615
14545
17147
1801
12286
19963
15351
18303
2764
11880
2553
18140
17468
8463
14705
561
15564
7993
13810
7778
4866
14267
10842
17593
8681
5427
19004
17665
4832
16271
703
12789
3596
9765
6735
6705
19734
4962
8635
16048
3468
9019
18322
17758
3912
2476
6774
7938
9412
16243
6993
5898
18927
6454
6691
2777
4666
9376
15121
15752
5784
1386
14095
12117
18703
3309
1944
6086
8614
15375
9945
7828
12485
11053
271
6442
19098
2201
365
2782
12786
17028
10784
11038
10645
15261
15964
14646
1465
5339
11099
12477
7203
10077
2364
18802
5543
19322
11252
16155
1626
7794
4019
4400
2012
4665
1470
11387
7987
10468
9451
316
13021
15509
8897
9093
10740
8391
16651
7784
19795
19935
16279
17626
8172
15361
5298
6546
19311
3414
8409
6122
3130
16073
11546
4120
9839
1577
4960
6760
13216
14233
16167
12005
5614
17387
5880
4187
2527
10720
2430
4542
8766
3796
11106
14498
4885
13849
28
2068
4349
3118
14309
5221
13422
15984
5038
6345
809
14835
3153
4983
18727
18916
6635
8682
7427
16873
13586
9948
13731
8122
12845
6748
2243
12847
2187
4571
15105
19136
14173
19925
11634
10452
2310
19313
1303
1778
16418
9996
4427
3714
9036
8191
5037
16572
3498
7024
1436
7733
18491
13389
6344
12124
12225
5406
2494
2133
14521
14676
6374
8054
16097
19437
8627
3815
1441
13466
3906
8800
18279
11557
11462
14987
7707
4659
13869
18342
3138
4813
1306
17019
15444
6700
11470
7211
10488
16364
14466
15728
5802
17643
11369
18363
5319
19421
13473
834
17407
11849
1121
10193
5479
17642
13385
10350
6925
18092
17497
2079
9633
15567
13236
16970
10113
7912
11362
5325
2689
7833
15147
13683
19745
14745
8957
10385
16889
2464
4144
12454
8215
5280
582
12009
12719
2584
17811
7612
10040
2281
864
19691
12427
6410
3536
11433
11492
9135
12934
5516
7808
17439
17769
3442
8536
6649
18681
10045
16847
16680
19164
5490
19947
14662
18287
15765
763
19533
6219
7363
9220
279
9601
11940
5298
11410
8472
3638
14153
10387
15458
14427
8793
1458
14545
17438
8352
2555
131
1761
16330
14124
30
19277
16389
6197
18485
10968
6102
14858
1498
12318
14716
5847
3170
513
18582
7502
354
8394
8330
14779
1270
17646
8148
6957
18601
13227
11917
11375
5067
18318
2126
18754
1568
13155
17204
16917
8274
9751
17181
4670
6282
9179
11583
11602
5579
9131
17925
17469
19782
11907
5433
14285
13453
4923
6661
15234
12031
2238
11389
4751
10443
1568
12453
8242
15308
4932
10249
11040
8406
16131
18818
1628
16200
4395
16864
14125
1958
18539
19698
14432
15873
11989
8326
7712
6104
12322
14229
6318
16255
3212
8589
2551
1773
3486
7853
14195
5322
5630
6430
12500
6954
2830
18020
9821
942
15238
1312
2167
1884
7126
1190
11583
764
4740
6778
15722
15103
9658
18389
11334
12592
10441
16468
17179
16561
3347
9650
509
4880
799
9432
4672
13427
3148
4389
4756
11493
3280
7754
14739
5828
16790
14
18312
6873
2199
9564
2337
2852
1150
11044
10210
14906
3686
12665
19524
4748
17213
17300
5669
7770
5928
6711
19509
16358
17239
12917
3966
18019
7698
12136
13104
3591
19415
12772
2508
1043
16706
15204
16985
16097
15818
8039
13382
1758
10805
11801
12779
9297
9953
741
11080
1081
1977
33
17659
13848
17444
8009
5122
3903
17191
15166
14443
10491
7448
12194
17646
14218
44
11962
14546
8143
11529
12274
15064
11312
4640
2076
4592
18121
1009
618
10019
3749
8649
6085
18814
4979
14850
9928
8966
15761
1056
2107
17689
19305
6232
16121
10058
5619
2739
11249
3264
17599
5983
16285
16862
2339
7406
6530
13471
4307
1879
16293
12517
17629
11238
10070
16889
8123
12472
18850
17194
7327
15977
19746
19303
9338
4748
3888
10175
12677
10877
14783
12858
14728
15218
13232
7534
15711
3009
2591
1197
12911
6792
9840
6322
15009
8322
2235
1138
10924
3511
3320
18580
18109
7796
18490
17962
17809
12012
18724
6269
7379
14593
7110
4105
16010
5725
11945
11523
16308
18015
2173
1685
7988
3851
3485
18585
16516
12363
11898
16552
5029
17868
14048
15820
9930
15023
17793
10564
579
15647
7954
8792
1294
4494
11314
13143
17302
10341
5634
3554
17919
15151
4365
5294
11855
2881
13629
12018
5296
5325
2413
5898
14319
16372
5566
2759
5077
505
15795
6783
6568
7845
10928
3240
11991
12425
14865
3026
9377
8755
6923
5681
949
11074
8367
14231
6096
11301
3161
1668
2568
9373
17407
1850
6820
19536
4441
1640
19877
5113
17495
3320
5777
12995
3874
17117
14105
15671
7011
15413
18410
16800
15254
2538
1574
4583
18865
1253
19601
14828
14677
7940
15715
15884
16410
19637
9862
8806
16981
5886
1860
14350
5540
14085
5197
16337
12192
12545
7544
14585
19242
7801
12393
861
8263
9343
11267
3696
15060
15944
16948
18825
16752
8917
17327
18783
855
10710
17608
10495
7612
12077
2214
6652
12567
14268
5712
3661
70
4344
1991
765
16731
14014
11024
17119
815
1008
18571
8912
2435
3110
1422
3463
13756
2833
2704
10289
13284
7108
19116
267
8794
10043
18847
11167
4938
7303
15784
8298
14230
3356
5044
2843
4448
1377
18639
12689
1993
10649
11418
5965
2625
19887
9956
7861
983
10363
18096
4542
2450
13622
15441
3886
12685
2414
12381
18505
12442
16472
7545
250
7193
6486
8720
187
7696
11384
5696
6416
18675
911
3776
12217
6367
15194
8840
14155
9845
14411
81
10383
12945
11535
19965
10793
3834
13928
9965
17702
1419
3034
13241
272
1486
4215
1877
10541
6063
6270
14820
9055
16746
2631
7431
8343
5130
16639
9994
16640
15400
11677
15588
14852
5775
1682
5499
19331
7009
2577
17392
12010
17006
2319
6106
8643
3971
15462
5556
9369
13149
4787
9464
8758
10301
3374
19292
1028
4113
8677
11019
15559
12961
2502
11316
16370
8541
9579
4911
12629
5647
7855
18029
2275
6120
521
9574
12027
6100
11794
12385
13721
9395
12068
11825
13550
2611
5343
11083
2931
4784
19730
13125
7966
754
3890
3684
16866
13769
5133
11481
633
19069
6367
8865
16498
3655
19723
17360
6024
7850
18009
13511
75
988
19210
980
18871
17336
18874
19537
16982
4177
14560
9190
19137
17639
1109
16641
10182
5941
6789
15963
13383
1363
11665
8076
6482
3858
8272
15207
18643
16174
18566
14914
11570
15276
7874
7796
3975
16996
5311
17598
12437
15865
14584
16193
19384
17277
1488
2451
4548
9684
3780
18529
16966
444
12402
2673
16864
877
17152
15603
15285
19158
15703
5859
1538
15705
7935
5671
5540
6107
19840
15858
9768
17346
3510
10749
7043
14516
4787
14404
19588
5144
18033
14535
4109
8232
10200
13683
1555
1446
9540
18650
18771
16010
8772
18600
6182
13184
16314
13455
9688
16264
12349
6492
12303
15832
14198
13039
13053
15976
11943
3415
193
8018
19131
12826
8615
6573
12408
16773
8012
11995
17582
8242
18268
4915
19155
16453
6160
6396
2947
18810
7384
17266
19381
17740
4282
7827
8235
6505
1479
19822
15847
16768
5773
2651
16900
13667
9473
51
10232
12575
18756
2434
18356
2809
2365
14809
12097
6662
16788
6502
8685
17242
19046
7241
6010
18422
3162
10315
15437
18275
322
4745
8783
17949
10290
16571
906
6450
7779
1600
7356
2696
18995
12676
14694
12471
19006
8552
505
5820
15397
16273
11595
15263
5114
678
18843
4739
13937
1235
981
3421
12451
7020
5521
17461
142
13566
15499
12853
17457
11797
15110
6516
4881
5582
6249
12109
6340
18943
18695
788
10042
7450
4456
4512
3320
8658
15247
14816
10966
6435
5683
2124
7312
6960
3972
3396
18323
18700
11145
10958
3750
17984
12429
13062
12771
2929
19050
8962
10974
8224
5555
18522
2678
12156
17058
13350
2029
18552
17358
8688
2226
16530
722
973
10673
13554
18098
324
1829
15381
2627
13257
17374
7650
6703
75
12783
11295
18330
3278
19697
15756
5066
2747
9017
4016
5050
5438
19019
11642
11635
5347
11683
3581
3092
10392
17193
1465
9828
914
350
495
19630
514
5748
34
171
18146
4447
3753
16791
10096
11967
18405
17918
10650
15110
1077
988
19994
7627
9274
18676
4028
7708
13613
8364
16741
6595
17700
19706
8642
16112
9922
19636
326
8500
15510
9948
14016
14029
11290
6110
6923
15970
11018
3580
533
13727
8638
7566
3784
12163
14329
15387
91
19325
4569
9657
1710
12225
4608
8664
16589
6955
689
2616
19648
2291
10525
5296
13716
19186
5596
12720
7952
19729
10552
2217
4487
4565
17513
11078
10961
8889
4698
13322
987
14771
4015
13737
15319
10998
4791
3998
8061
17002
7291
1836
7326
18232
3309
9277
13273
7578
10445
9066
17796
17562
14740
16963
18983
19464
2240
3698
10774
14272
3350
18680
17374
15471
13440
5537
226
9140
9058
3522
15569
5541
13860
18188
5168
9068
8529
18165
7966
4805
1459
2208
674
9542
6493
1100
14726
14270
15517
2603
10224
9262
3617
14703
2657
6497
2125
595
1695
16992
9709
15572
8690
1198
19256
6410
11681
18177
8218
7790
8911
5791
1737
41
12001
15746
12474
10804
2636
10100
11335
4766
8589
18878
11194
14776
1847
8095
13330
17126
9318
3199
10219
6308
13136
2138
2577
4699
12996
18090
7818
12466
10987
698
1088
11454
7566
18970
17008
10431
18007
18827
5239
13287
1774
5574
10969
8593
3025
19558
3308
12392
12925
17773
15838
3551
5442
11047
18425
15046
15196
8034
2704
588
15409
10237
5973
2696
7871
19784
18197
3469
2613
5997
4967
3544
11824
9491
3269
3094
4014
15062
7664
916
14302
4992
2149
1955
12492
461
13171
1080
3970
9672
5152
6900
16691
6009
4821
6192
392
2556
17721
14824
3459
1364
11341
5952
7152
5673
12610
14756
13148
9907
5120
7194
1149
9762
19012
15537
15123
17512
19284
3994
15260
15337
1499
18653
1259
6078
13995
6336
15326
10296
11546
6917
621
79
844
13556
11110
2524
14216
6106
13725
319
3967
13998
4677
4908
15146
9869
7250
7080
11274
11075
18494
19042
15757
11742
10165
11617
5960
17444
10886
7779
10519
13399
381
1981
12865
1361
12629
14076
11739
15408
16135
7568
19103
265
18227
8784
4016
4289
16124
2869
8727
18465
156
1564
12626
9296
5638
18960
13518
9495
10108
8026
4055
9352
5912
12451
1234
304
12421
1165
7409
16893
10980
5709
8770
1892
5157
14489
16299
17668
5794
4343
19838
15209
10958
1130
6720
10358
12084
6702
15048
12834
13379
5687
15066
4959
212
17595
4476
15255
18246
3203
14758
9738
7565
1093
762
3947
12771
16123
6917
7767
1509
14922
8920
7471
6619
3899
12202
17353
5951
4436
14883
6830
7518
9417
5254
7256
5950
11482
2192
5932
13346
14539
19295
8979
16561
11119
2033
1041
2525
8113
19146
15157
14657
17139
2700
16591
11052
7953
15919
19754
6072
4221
4523
14415
11320
12436
3283
4286
6697
6153
2097
17373
15166
81
144
12491
11808
11630
6295
19308
15664
19611
15483
1133
13034
1220
3598
8155
10415
18032
4327
1156
2672
8024
5923
122
6900
1989
8285
13249
19693
932
12663
1096
10493
14123
9411
6874
371
2491
3217
11680
621
11086
19430
14463
17198
9821
6909
7290
5727
643
16185
1144
4458
10005
2807
2969
2876
10571
3997
12173
7272
2114
7428
12653
538
11749
18797
13567
16320
9080
8469
4525
11623
4506
2758
19843
7997
11932
19984
12638
18189
18256
7660
13450
3833
16634
19241
5566
1878
6133
16542
15719
515
12736
16287
14364
7336
18025
2549
17627
11734
15218
888
4693
18236
5717
1043
3003
211
5683
19938
16557
5583
187
10721
108
18229
7602
4409
6790
14295
688
7421
25
159
11127
19153
4197
8479
9869
11327
17203
15033
6118
19024
10610
16534
6195
1547
6705
7386
15021
14529
5984
17862
12464
6370
16063
14874
504
13962
2466
14404
8111
2844
14334
18564
7715
688
8236
10726
12878
14485
2485
17844
12208
10783
14800
13240
12798
16698
11180
3267
11781
8179
458
4708
19911
674
1268
19487
2528
13122
2549
17130
1674
19147
14459
18733
15460
8942
10576
10204
10846
2483
9063
9667
11419
10799
9814
12529
12121
13598
17319
9460
4400
15939
14207
19381
12669
3485
7896
875
18186
17847
17831
7619
10843
4046
15306
7151
11990
16456
11518
14614
829
444
8414
5548
15835
12027
5827
8808
728
2620
17778
1886
12228
17231
17047
3088
16757
5865
1086
12575
7642
9127
15622
15303
759
14989
15264
15627
12156
8820
9780
15044
7472
9846
2131
10431
8850
10707
522
5710
18858
5074
5745
10094
19915
14106
7354
9819
6031
6199
18888
9625
11512
1144
17247
9009
6792
16921
16923
16937
14033
14969
6296
4935
8265
10487
9324
11465
17377
18698
4746
12118
4848
802
13187
18020
18445
1474
11651
5537
15859
11346
472
11316
15481
19172
6469
4748
16780
7
14747
799
11357
779
4174
10457
12110
4063
6389
5338
16408
1167
5060
3117
189
16086
616
11124
4856
6549
5345
6379
19429
17399
6059
7825
14931
11944
17211
16099
7301
78
11455
3696
11494
12696
3490
8414
2357
17571
2230
8341
2768
7276
19985
9512
3791
5312
16147
7898
16653
19881
14495
4799
19707
2948
4969
6730
5308
2177
14371
12356
1551
17178
14538
10746
13430
18339
13180
3392
15133
1516
10989
10424
19484
19910
5589
12249
13436
5391
11400
14327
552
1169
10971
9978
2261
17355
18914
15475
1918
2158
7342
2320
13561
6842
9655
1091
1105
5518
19890
7449
11942
6945
5616
15729
10354
3441
17776
15104
12913
16994
1845
13774
11803
3925
16551
10672
18765
16426
3555
2217
7300
2227
11490
15521
1162
12321
3530
18132
1713
2360
16041
10020
3136
3813
1799
439
19564
7668
7341
19650
4505
13824
14404
19412
12167
18110
19644
4884
12965
618
1567
7906
4284
11799
3972
18900
5878
11349
8113
10134
19947
11551
3524
11353
10638
16900
8675
13594
15459
8466
13406
13837
2090
12491
889
17392
12752
18797
12709
7284
17955
14490
6152
4331
12337
6450
17872
2785
10194
13129
9226
6364
1915
12722
586
2976
1651
15789
9756
6141
13838
13287
18857
16065
8863
15509
17522
16960
6006
15492
15612
13311
12152
16722
18984
18469
7337
12221
16632
18288
8519
15292
12267
16691
11079
1634
16524
7137
5048
17812
8950
18722
6156
3130
11480
5535
8073
7032
13747
16538
8363
11451
3946
10904
15894
17388
14730
16708
15412
3117
14689
6552
12221
8321
19841
2347
19503
14211
19091
246
15624
427
8922
2660
19771
13945
8895
6347
8236
8865
18620
2143
17372
19642
5580
11815
3122
18009
19324
10882
763
5339
4860
11608
15772
4478
14564
12870
11456
13397
10675
15321
15697
10283
6167
14225
13660
15787
19675
5754
15739
10035
6644
17887
16062
5888
7760
9127
17173
2551
19690
9860
14079
11208
6042
10330
13130
15485
19761
10036
1673
11702
3827
8060
14774
12918
10842
4048
13780
5828
6650
13923
6233
5688
203
12609
7501
17972
2298
13065
9017
376
2506
12956
7193
11710
5057
13220
14408
19824
4412
4345
19922
771
22
3779
8963
17697
5110
1901
1717
17323
11426
9127
94
11608
5084
1986
14657
8059
18517
8761
12378
9845
573
10770
10826
8979
17358
7195
19999
16972
10780
8238
8371
13255
8831
18511
19590
1300
17509
11131
19213
899
3313
7126
1001
19124
13072
5651
7638
5876
13071
7853
8566
17280
18797
7791
5259
10549
17873
17263
12511
6743
10731
9750
674
18790
7180
6397
19156
12023
10584
5189
10235
13688
6967
1977
10301
17267
12692
6831
18156
16574
4397
2412
12150
4433
11895
11013
19496
4266
9695
2660
3282
19737
15243
120
15675
2089
13408
19701
9271
16325
17987
2353
126
208
7897
8254
14274
7908
5830
4861
11965
2591
11397
5330
9060
7491
16462
7386
8383
18444
7637
19595
19520
3579
10444
13857
814
12474
38
7817
17784
13481
17083
6209
12361
14937
3293
2144
8110
17721
3248
1959
19925
5193
16935
11056
2983
14894
15751
6022
3627
10469
10371
6843
14998
13397
7339
2699
5160
17473
18422
5969
16413
15633
2299
12794
18805
7560
8734
4283
14904
3952
5819
7591
6782
18646
2589
9390
11872
9732
4882
5381
14535
7127
12564
19939
6700
14118
6207
4689
11927
16768
9274
6519
19700
455
3772
6840
6403
3167
13623
5279
19421
1181
17282
2772
12417
19583
15275
12252
3167
8447
14092
11138
3135
11879
19654
1774
1748
3174
3918
14314
1461
13163
3567
2750
12711
12428
19867
12956
1992
9432
7169
18922
5366
1565
18407
18606
12807
16203
10511
6937
9666
17535
1782
7218
16200
7444
7752
757
9235
18313
19867
12148
4922
15444
1291
12794
2789
18630
4675
3975
19671
7217
17860
13971
4676
11901
16756
7222
15759
15277
12557
14359
4358
2511
16645
6620
3514
1919
11883
9062
9620
7923
19099
11511
10952
17959
18873
19072
13479
8235
10252
16191
6195
1080
14174
18155
9128
15128
3033
4899
6635
19747
5360
16328
15515
4557
9575
18276
17004
9744
4672
5676
18310
3959
10011
10789
8741
13251
19737
18533
19995
9565
1032
18527
668
16398
1399
16650
4126
7729
18142
19191
18259
19101
11173
11910
8784
10424
12409
18812
8090
8860
10614
8337
11291
15768
9609
15379
6744
11077
8979
16293
1012
6754
738
11912
4206
14112
4169
9511
971
2114
19969
14413
7838
7658
5099
5768
16232
12484
4809
19133
9080
8361
13674
9117
16247
14173
10862
18897
16619
17815
3526
13794
5312
166
15251
19551
4506
2879
14493
14474
12307
19599
12882
7070
10701
7035
17005
3056
14901
16203
15333
14019
10663
2293
14552
6411
993
17224
15842
17167
2574
13808
6047
3644
14915
15273
11381
3017
8932
14457
11741
11651
1441
9099
6403
4270
12154
9303
3815
11844
255
7523
6398
9948
14224
17830
4372
16296
18505
7956
5089
19791
18378
11844
15145
4048
10428
10206
13294
7938
19775
15060
8351
88
2357
9102
15405
19479
17099
13717
9402
12766
10971
3054
6293
5166
2736
10494
12963
17275
17920
6550
8777
7835
12523
12102
14157
5456
17490
18771
3151
19666
1260
7609
3479
12477
12123
11436
17940
5245
14254
18010
8564
1059
6157
8566
4029
7666
10898
19266
12565
4408
9399
5615
15746
1382
7083
14616
8830
9866
12640
5956
16959
2292
12178
5488
17440
11084
5689
13206
1932
10478
10515
5710
11358
3101
7356
13138
6467
8549
16212
9497
375
18822
4547
19150
2137
7216
9100
13296
9039
1121
15945
583
3958
1381
9490
18221
2070
2103
14078
6562
387
669
19815
11602
17719
14782
11045
15749
16456
1976
5152
2286
19444
423
7775
14043
1983
11585
9199
11704
4095
10257
9233
7132
3545
9739
7173
18890
3006
18390
14784
5337
1508
5421
7226
12342
19709
12810
6243
2084
16197
9976
5214
15170
3507
18308
13690
16991
11600
3701
9706
17239
5983
1773
13889
8792
4255
8200
17637
6053
11928
11913
6027
10650
792
16864
19115
10481
7100
13393
3573
13646
10542
9630
9760
1785
1058
11567
19610
5220
10918
3513
3154
8167
721
14762
11704
6146
5455
271
14943
6858
3737
963
4656
9460
11596
19889
10342
14971
19960
3637
10840
9240
2001
701
15996
17161
15707
7542
2036
18004
18319
10628
16336
749
15705
11797
8534
337
15487
10241
10025
8353
11074
18443
17527
13126
1668
12477
16749
11129
3694
2781
12274
4099
3310
1059
9461
4744
18481
17744
11335
13163
2622
5151
15958
11454
16124
12958
6263
2022
19609
7062
3166
18345
10601
18546
18441
6450
3697
12744
13975
9874
3288
2917
5375
13311
2945
12799
586
11224
13813
19054
17521
17981
4354
11897
11514
5457
5478
6259
11392
5626
14348
19691
12962
11224
526
5543
11905
12086
16761
19622
14957
4923
13834
7599
13756
2095
15459
15072
2031
4746
7905
12508
12808
10994
3953
16890
15535
19914
16298
1627
10125
7955
5804
3714
15327
4897
1759
19973
13031
2063
7637
15962
19530
5181
3371
15513
18967
16297
16705
4110
1597
11904
15977
5906
6171
13585
9383
10947
13692
13769
9173
5731
13380
5521
1844
888
2027
18477
7684
13614
17539
14599
11654
17672
7721
11487
4176
2185
12590
12267
19873
11396
8188
7424
12316
8030
16017
18736
9637
19738
18776
3210
16400
4904
18149
17634
782
13956
2382
5508
10106
15923
5278
12464
13282
7085
2564
9183
10740
1668
16911
9914
323
13776
17020
4897
11597
15994
14385
19149
11257
13207
6994
3750
19953
6556
19070
17919
7821
1929
1259
7201
9339
866
19722
19825
12622
11639
13358
18662
7574
2276
15024
8728
12379
4546
13907
12611
11225
19327
2193
15552
3087
17691
18365
8093
16523
18610
7679
9610
1609
37
4020
15868
18472
8757
16997
15198
4578
12418
6242
862
3920
5913
3830
15523
18376
8782
19651
12020
11889
5900
9599
2032
10518
5601
1428
12941
9812
6317
1778
14542
1170
4798
2343
8854
9618
18356
8486
19295
1065
4866
5147
11726
19989
19074
10995
8545
8037
5678
3144
9406
12950
19553
2273
8598
18497
17775
2594
18796
10187
6300
5895
7621
13832
3474
11986
335
7258
15465
10218
16669
12964
13140
1126
14695
11828
11512
17706
13784
14077
17423
19576
6443
18191
5135
3102
7749
9335
6429
10372
7538
8433
8351
3465
8107
7066
15080
8739
790
9032
12498
9404
785
1576
18408
14071
3125
9810
13339
17138
10525
15335
2528
18192
7518
3345
17420
15982
3559
15429
10421
13574
17424
5797
10892
8664
15279
18482
7513
2794
12126
17222
3015
11961
17357
11039
6443
10918
9886
12957
8838
7398
14162
5838
13332
18079
4453
13768
12045
14428
5734
16642
16374
9846
16892
7025
10121
9912
7761
8220
17565
9469
4360
14619
13500
17872
8984
3892
16880
6998
3845
15475
847
13483
5866
4149
6702
10684
15019
19662
7310
18136
4940
12557
17948
11008
7859
5003
11654
7504
4440
3465
12769
11638
14592
18852
15311
15954
15440
8333
6164
7035
17808
11735
8359
4269
4259
18448
9664
15938
6920
2209
13246
18609
7433
11756
3844
14417
3221
17394
17632
19824
12229
18474
9890
12594
4579
8538
637
5274
459
4743
19495
3953
19454
10904
12957
12917
11472
11785
3608
10073
6574
15895
5825
2626
12536
18924
444
7408
18044
727
10636
5912
8397
18906
16457
11422
7592
18216
18430
16168
14265
2597
2816
2213
18297
9563
1982
3002
18009
14373
18954
18563
5741
2240
19570
2901
16331
1936
6006
19532
10468
5594
7912
6611
14247
12836
16833
15328
12939
15212
12849
10564
17151
4861
11183
10433
10034
13961
7155
6261
14430
5639
8534
9768
12354
2373
14502
12290
19472
14119
16623
5396
1982
10622
17841
3340
19038
3242
12673
853
7022
15708
14010
12400
3085
19560
2126
2195
7334
14225
14070
9807
6137
9352
5708
3280
15857
13911
10196
7733
16082
5073
1379
19935
9043
7641
6765
8648
7416
17443
3248
5226
13965
473
2696
5918
1829
15717
10216
14014
19809
10822
11168
13192
10122
11247
6128
2375
66
3586
18753
5054
8390
3900
13288
18671
13941
3467
1236
751
13501
9573
3881
16042
15478
2686
7831
14941
2771
7694
14633
14637
1071
13304
11418
9291
19528
614
18335
5990
1444
17217
1987
11447
15933
10545
13519
3712
10322
10419
3155
5330
2224
7633
2173
12047
817
10902
5723
17590
1617
3564
642
2999
15857
15118
7384
5971
7518
17782
9670
15239
11323
2634
19892
18770
5870
13339
16905
4081
12317
16062
17053
8966
19005
3593
2527
11059
19334
17586
83
15551
2527
16726
5666
10041
16832
4515
14113
6409
7513
13587
10249
19752
3885
5880
10698
16636
28
15151
2108
1376
19922
5843
14516
14832
12429
5354
4445
14317
8212
2019
1317
18842
7575
3734
2197
16674
12253
10375
10495
19273
239
19063
8446
5962
2884
15954
5889
18279
9645
18185
11018
11313
9253
10087
17070
15243
5972
13233
9509
2791
9237
3401
5314
6084
14435
9335
14210
16483
5657
17723
15884
12197
3743
6166
16307
13111
11290
14952
2864
16771
19367
16772
11138
5850
14079
11771
15474
7633
9649
1647
17468
18211
11082
11046
8615
9080
9434
18086
11494
2713
18732
9434
5559
11977
4341
11222
17023
9603
2009
15979
5849
19046
15584
9734
6365
18973
9247
3415
868
6640
12681
12925
9901
9824
1302
13935
5651
8770
2936
10502
13064
5232
8757
779
14808
1999
17120
549
2961
14123
8101
3589
16975
13904
9463
1882
16604
18815
18627
3381
19571
9831
17939
13637
13787
17624
7167
13516
1566
14069
18578
2269
8150
6209
133
3510
11918
17532
7062
10112
8966
5693
18143
2576
16107
14081
3650
4621
6950
4884
14164
13001
3330
855
7859
11717
339
6539
9649
15684
1334
14606
968
5835
17919
2391
12910
7753
19385
1360
3691
1303
18662
9462
11887
15023
14702
17829
15170
1934
14572
10276
5281
4430
11132
4170
5613
15061
770
18094
18025
7957
3617
612
19464
14578
19250
2741
18538
19322
2399
19796
11103
15266
13129
3845
6804
14751
13648
19651
19418
2111
5418
13468
10815
3742
17954
5022
1363
10777
13355
1276
19918
5745
4324
17144
13649
13970
10047
16105
12729
19386
7305
15351
3221
14915
11491
13805
19758
3475
3688
17042
15107
10479
18878
5896
14830
17274
14602
1905
12253
2726
18708
5382
733
17143
1169
10227
9802
18555
4377
12705
8163
16173
6590
2083
10719
5116
5332
18148
672
18301
16059
18829
15858
4531
11810
18115
1398
8288
10477
7034
17497
19924
2695
13317
13226
612
1677
8919
19855
9980
8351
13765
10054
16283
12061
14020
11661
11978
17015
4333
1638
4043
10144
18868
10393
3211
5596
16295
9793
3363
176
10237
12614
2651
3587
5750
15490
1521
8016
13669
14501
11738
10820
1527
2367
3474
8520
9778
7451
7661
6641
2154
15172
4928
15590
7451
11236
4307
15269
895
3874
4438
9595
19033
17956
19117
16085
17747
329
948
1391
9195
15127
17630
14872
13468
3107
13467
4274
14264
1264
17524
6066
2353
14127
7467
4450
9126
8464
16644
19099
4535
15470
11193
325
6977
5119
9883
17303
18821
14223
19752
18560
774
13853
7520
13074
3385
844
3211
10747
6816
15677
915
18591
1838
8961
18009
1744
16342
7366
1062
9300
2104
5288
15767
14637
12770
5176
4626
6442
14072
13103
1976
10568
11879
3389
14126
14015
10502
5670
15650
16865
13656
11055
12591
10274
8126
15518
2570
10871
16178
6933
16925
5066
15601
2585
11160
8803
10457
11952
4347
7125
911
4118
6332
6015
7401
12923
13090
17736
2520
7899
17433
5933
2432
11503
3628
14102
16786
746
12609
13998
1172
10293
8024
11802
671
5690
9659
4615
5539
8526
18669
7545
1172
2264
2845
16655
19523
9953
4562
3960
11819
7155
7000
11668
5710
2922
16912
13622
10711
8476
17243
1521
11075
3119
5778
18664
8030
4600
2084
15355
10502
4384
14688
18968
3648
7041
15152
19524
8721
18987
5192
9716
408
18595
18608
11017
6137
11953
13202
9237
7382
9158
5631
17603
13995
17820
473
12058
7320
7060
17785
2060
1972
12309
16861
17748
9286
10822
504
5040
12787
13027
589
8595
6693
8236
11114
13255
14707
18130
6694
13302
14353
3458
5579
9838
5725
2163
11483
18191
329
17629
4187
18078
12367
538
4025
17796
8002
1951
19092
9623
425
16910
2602
4749
9242
13061
14441
14062
14078
16095
14849
17037
5514
18530
9042
18107
10193
18173
12846
14231
18091
13172
14871
5616
9136
9543
42
8478
1814
9089
8493
18867
11664
8499
13465
15910
16963
3890
7408
3137
10088
16960
7180
6686
18265
18832
12133
6806
516
8277
10268
17242
3770
13101
16609
7427
3672
17116
3688
10968
6207
1531
13073
3349
12203
17809
2353
13090
2841
5791
13621
16716
14520
1360
12322
16704
16364
5654
2507
5831
6555
9082
611
489
14132
660
16666
7982
16708
10508
9096
9807
10196
2227
656
2147
6738
16713
3547
9638
15674
15949
1105
5270
6073
6695
1562
18257
4555
12730
4353
2303
1741
8035
19753
832
3906
8754
4541
9491
8188
3743
6761
18112
2477
8562
8051
5866
2346
19048
7132
7165
6140
14624
1299
11329
10271
7794
2131
16894
67
12018
16117
18814
177
9563
16192
15943
15377
4684
2757
15707
1396
1892
13782
2648
19805
3359
10586
4602
17077
15405
17663
5035
10616
8896
4131
17065
17132
9736
13721
27
13357
8959
5545
19545
1943
9888
7668
5124
19397
7701
7320
15948
18950
9573
6952
1132
16527
1127
2077
3665
9803
4575
9636
4374
19565
16886
748
16995
14960
7947
12732
5912
5147
18417
13066
11357
3686
7154
17502
5077
6258
17573
4128
14932
8202
3232
9445
17030
15045
3323
2437
3616
11277
12617
12968
15627
19388
3012
14638
16600
11055
124
12947
12241
7605
10565
2031
2965
19515
9274
17510
16698
8865
16001
19417
13156
19708
8677
17583
1533
873
9102
4658
17727
9270
8210
1474
10976
17706
12284
2222
18806
9470
7465
17458
16239
7885
772
12287
8354
12883
9709
13608
7581
14206
6040
11948
3419
17663
12367
7586
11989
5852
5056
3444
15782
6522
10203
913
11026
11967
5208
16524
4721
8131
4740
8525
10422
7360
14622
15818
4410
8900
18953
13674
3134
13013
3391
12122
5199
10714
2243
19910
19624
14979
19847
6190
1992
2483
4717
10496
1118
11537
10110
10448
15456
76
2675
9957
19903
2752
9959
1418
12939
11439
16396
424
17010
1808
19593
2213
17722
18222
16051
16742
7288
17254
13103
5025
699
12939
6010
4560
465
16526
16824
15974
1693
10273
3123
803
11395
14036
234
6522
4973
7276
102
9840
4091
5145
8355
4074
2219
6868
5413
14342
14798
11537
13820
13575
1927
6636
9965
2356
9842
16080
7494
14891
8846
1854
12902
3747
12609
14438
13421
11019
2903
19171
6802
19605
6130
17742
10017
173
7001
2555
8244
17529
546
17566
9844
102
19604
14882
5018
15676
17351
18871
19303
13567
16030
8665
3402
2656
2998
807
7808
1450
17374
7152
10503
16631
5377
11872
12305
278
18230
13711
14120
12580
13322
312
12958
1160
10293
6565
15065
4101
17913
13649
18315
19450
16375
11768
10167
6886
10762
4460
6818
6255
1530
16011
7169
18742
8435
9457
1907
5408
8811
5359
1835
9641
7789
5151
2072
15841
4085
15330
9546
2090
9233
5164
2526
13356
16006
9977
6705
9294
5212
8671
17713
5616
6107
19670
3182
1766
15731
13705
11073
17235
8514
18648
8233
7232
17426
9454
12805
15480
2870
5251
10075
6861
3945
334
12795
19573
10315
3215
11322
13157
17417
9631
2294
10156
4881
13796
17109
16811
4371
11168
10386
12568
8122
4641
529
19444
15430
9797
9370
6192
1139
13373
12604
12214
16842
18119
18891
14248
14391
487
7827
18044
2691
4997
8519
4652
5918
18283
6801
6496
9328
8444
1608
5532
9380
11583
10494
7486
17920
5072
1504
8103
17671
10615
11249
19169
2680
12367
1528
1639
19035
4958
3310
5093
2840
16758
12647
13504
2025
9414
5032
9149
2490
19562
8998
6308
16054
15898
9695
15285
17218
1489
19170
11782
14278
886
9986
4663
8409
10278
16541
10954
16198
6838
6148
761
15218
1308
6001
7264
15773
2523
19410
12945
19982
13556
16809
14691
6243
18547
3922
11645
8811
12592
1175
8392
14903
18910
5869
3642
9475
12688
14377
11799
2259
15132
19468
5639
7868
19665
15515
14577
7334
18902
17426
7114
7373
7590
17260
322
2527
10794
8643
16960
6629
8069
11337
12997
5772
1784
16956
2852
3408
18907
1972
15916
6287
19293
15529
3363
2465
9861
19834
16451
19690
14575
14767
14699
19334
10029
13595
3037
15248
8422
14948
18729
7837
13725
448
18615
16643
9546
19991
18539
8764
10133
5520
19338
15512
15817
16800
3806
4845
18299
11561
2485
19672
18101
3793
13027
4083
6643
3241
18547
7201
10891
1296
16474
16343
13341
19886
15348
13705
9471
12674
15586
15960
17981
9708
11
3962
18877
3112
19479
14921
16001
15082
311
16880
3040
5005
18765
14621
3207
5672
12986
18377
4499
11961
2898
10869
7731
519
9630
544
466
7720
1801
17866
17592
15772
6289
4453
14081
3319
1444
9358
9325
9337
11759
17506
2347
9614
7633
9660
1985
14878
15057
17831
11413
18258
18859
15205
10208
4641
6149
8621
4027
6008
14500
3841
6286
13250
15617
10194
8830
18092
1939
15630
2082
13018
2902
7149
17595
6241
3029
1272
10465
905
5605
12611
11557
6063
7971
13265
1736
8090
6693
1223
11325
19084
8369
17496
3753
17663
3278
8941
13101
6312
1704
13797
7026
14634
13794
17736
7814
99
11066
4053
459
12048
3742
1890
12238
10569
14078
9157
12417
6552
11323
9879
2349
9482
9303
17468
1444
15118
7098
19694
19654
19962
962
16762
5849
15649
425
12068
13039
15508
1236
2162
2759
17327
6025
16931
6828
16538
2443
5876
3487
7511
3431
19648
5005
9643
7781
788
6086
6401
8523
18275
6764
15139
11737
16954
1332
18714
18800
18754
10730
10081
13891
13976
5025
11744
19178
11025
14096
2830
11617
2298
8754
13117
12833
2410
178
14345
17233
16485
18530
15688
8894
12069
7611
1749
8873
16790
5203
19307
16835
2586
11458
7400
9176
15774
15384
917
2343
8254
83
7778
17561
18810
4331
2724
7598
7938
7983
9115
8280
4201
11043
164
8504
8607
8709
11440
8101
3246
14671
9666
9276
12144
17498
19045
10066
828
18520
5066
2160
7408
947
7550
297
18461
4856
13471
8264
1041
9573
15435
12549
6631
6863
7511
17714
19229
5245
13354
15024
14651
17956
11062
13851
6315
12704
1642
11025
4705
12420
10276
17256
11244
18298
17838
4640
12235
2352
5370
1454
18946
14718
4639
5531
10254
9357
16617
3966
8371
400
3198
18799
13669
17051
2910
13549
3566
13534
81
16401
18887
3820
10545
19702
4944
19102
527
18481
13553
4963
13214
12587
5032
14167
17347
10335
17820
18986
12234
8193
4045
1890
3467
11039
15883
2070
11126
275
2329
16140
16819
8936
7879
5106
5982
5151
17963
1455
15506
19453
5468
14441
422
16525
16082
10494
7699
12359
12520
18998
6652
6529
12213
11660
13890
13550
17737
10423
7715
14082
17234
578
1775
19209
15987
16850
18468
15901
18507
9678
8087
850
11027
7239
3397
5365
9586
672
1549
7058
15691
9840
1991
16570
12682
14669
2098
10317
11238
7747
6132
61
10109
12125
14556
1717
1076
12070
13166
10953
19639
5840
376
5894
16460
11764
118
1641
15478
17070
160
7711
16975
6475
18975
14423
15284
18437
5955
586
19564
13124
2064
2728
14909
10911
15524
5745
1996
18668
11385
840
4219
17091
13176
16970
12509
385
2340
10056
19557
7434
462
9627
17199
1088
9490
4745
5606
16606
3297
3113
10004
11304
16152
4602
9364
14249
18546
8494
4267
11498
4907
15369
14933
11846
4287
2102
2036
12758
13156
3450
191
6645
666
13212
6494
18391
4504
303
13782
8609
10677
3848
6399
6997
16280
13501
16983
10768
17709
14531
3758
3055
15492
14610
924
2145
1584
14005
18222
18886
5236
8504
12803
15447
10285
13303
15795
9734
3652
5600
7947
5757
19909
18401
10311
14863
6314
4367
11374
8132
17888
10083
7220
14791
11015
13409
12088
18492
7548
15552
19423
1710
6038
8183
7740
18212
11343
18631
19098
5228
12822
12958
8607
2771
3379
11553
14158
17069
15017
9439
1663
16641
11143
6912
17991
13252
1129
1075
9375
15356
5529
19402
12946
123
5916
10728
19641
3095
5250
7579
11422
11388
10430
19595
13850
18295
741
3077
9339
3588
3262
268
8454
13657
497
9248
1118
2826
10606
12725
7730
8640
18140
4982
11124
16143
17262
976
16617
7137
7888
2192
13797
16323
15488
13729
17456
505
3127
7642
7372
2832
8697
2462
4062
15791
8905
1035
17484
8669
15461
8056
1602
12405
7963
5836
4902
15464
19214
10704
9782
17869
17922
2967
8491
15315
12982
9653
16661
19514
19177
3580
10329
1806
461
2916
4181
10082
19413
9857
11687
2466
464
16844
16247
4456
2226
16260
9604
9128
8288
17836
10352
8804
17342
10625
11623
9333
1317
7742
8687
11366
9598
477
12164
14649
2796
1673
10373
2665
11173
17691
1235
4800
1148
441
6112
4600
5874
14680
10463
18215
15240
11307
11119
6439
259
12041
18680
16266
5422
16019
15394
5991
671
9298
18868
7212
16832
8881
2737
3188
6117
3741
6413
11728
14364
11266
16491
16880
15684
2272
13327
1827
17416
1807
18703
9713
7180
7415
2059
1218
14918
9972
3334
16427
16325
2239
3864
2381
11979
12467
188
4048
17723
9478
15031
17239
1955
748
6868
6035
14185
14477
12192
12994
18940
18292
8496
10230
1362
15091
10994
4510
10370
3111
7233
15829
3451
2958
7885
13823
13326
14999
18286
5030
9492
4936
9429
1105
7548
1344
9800
13616
13652
17557
4407
6898
16291
3417
12290
14969
12283
19363
13725
9563
16061
2976
11186
4877
17631
9664
2494
12736
8145
10992
7500
13391
5448
13467
16041
1909
9585
1015
7117
10595
10095
7519
9788
1935
12644
7879
19418
1719
773
19483
1278
15848
16228
672
19971
4830
10442
8262
15835
183
19766
9332
10607
8256
159
9039
4585
882
420
11984
10157
13886
155
14226
6250
9337
1635
8924
3393
4095
10448
16994
2133
12134
4366
17940
9340
1096
3765
3880
6875
14685
12651
4889
5401
12535
12723
14507
3330
16134
17167
1380
1924
19630
4988
8441
6634
4300
11972
4661
15825
16874
10530
13074
11462
16183
4833
18501
12736
11232
4150
8704
11870
7689
8547
5829
19346
11097
5995
13765
14989
3117
17049
15604
17561
9659
4834
11501
1083
10818
16626
17907
12905
12370
7529
8181
17895
15885
2212
2592
7693
15331
6007
351
11223
12990
18614
868
13684
14695
15724
57
10792
6507
18959
15285
2213
7886
18254
5883
13449
6702
17586
19383
9249
4846
17430
7521
15585
9461
8430
3113
8811
1324
298
6516
11538
909
4018
915
17039
6534
11000
19344
16419
697
19484
6750
6232
16105
10895
9226
8199
9890
18941
9886
13981
19310
14852
17822
11350
10593
1496
6399
17263
12040
15748
2376
2040
12197
4449
569
6413
15368
3849
3249
745
7344
1394
726
16397
6253
10623
2281
3632
3554
5960
18456
773
18277
6253
12621
683
12798
9182
17929
16299
14630
14580
4156
8404
12405
19987
6655
10609
9823
18131
17493
11948
9901
5002
13558
5061
16891
12219
17473
14486
15159
9317
7214
9135
15427
1295
8922
150
2970
8915
11965
1597
3856
17048
249
742
8864
6105
11690
17704
18550
8470
11556
4483
2091
1085
17117
15003
11070
9473
13145
4607
12025
13901
3942
9497
16192
15265
15299
1070
7760
13786
2422
3961
8837
9291
8508
932
14222
19383
9356
5194
1725
11592
5363
14349
14037
19542
7193
9003
1323
2152
6382
12231
6086
856
6926
13355
8538
14136
11635
1445
10033
7523
9228
3701
17759
16627
17517
19427
1908
8509
7540
1712
12122
11983
12593
12443
19905
10043
19082
6046
9603
2813
8844
6607
7052
13225
4290
18939
11825
4090
19048
19919
4706
14178
611
15374
17527
8794
440
2311
1897
12111
264
6465
2508
16524
15539
7092
6766
19987
6268
167
9500
256
14307
9648
14493
912
6122
9154
13593
17449
15458
3434
9882
7174
14628
9044
861
10716
13998
1787
14531
16384
19183
12802
8650
10048
16984
2779
13928
8561
12414
17771
17486
13673
11527
10295
19130
11647
7718
12839
10606
4741
603
3767
2874
16499
1093
18633
9779
800
4793
5620
4577
15938
6663
426
14042
9565
2288
205
12681
15644
14892
2150
8666
5845
14141
13445
12637
9921
836
6867
3063
18488
12261
18247
11580
6805
14782
16304
19843
14149
14892
15268
16136
18583
10566
8705
2051
5256
15958
2351
19286
11547
6866
3290
3095
2325
16184
9612
17258
15664
3775
4257
1472
8417
18038
10745
9829
2079
13923
15207
4287
19627
15317
16613
14624
16833
9701
14005
17148
13250
13289
7380
5676
10043
8546
9425
13943
10411
14716
14985
3933
1990
1811
9872
14586
1768
2859
18888
8484
6728
10836
14066
15748
3040
4241
5412
8048
7381
10342
4419
17757
135
14229
18776
16969
19966
9186
8623
11998
1592
11180
749
6674
12108
4351
3936
17086
4534
1274
5840
3096
18899
13544
17263
9459
10611
3891
1027
8652
19630
7413
11097
4044
239
2299
6078
8284
16640
12916
2885
7200
15128
8480
11764
18496
19252
10855
12692
13871
13852
11888
12003
10682
11776
2021
10132
10834
7227
18554
15732
14119
2427
17880
7473
17471
16378
8358
8005
3486
17984
16426
2896
17237
5642
1624
7351
12739
10438
3745
12489
10185
15678
3450
15040
14389
13042
15141
18072
17261
17711
1438
6269
16172
13937
15044
16954
1716
5072
9005
5103
676
19007
3171
9202
9620
13848
9305
18926
12782
13279
12340
12790
7678
1697
13766
16696
5968
5456
2446
16545
3326
16909
884
3700
8008
7054
16869
11761
12338
13952
16282
91
16845
14116
13692
17734
13786
17488
6897
8295
14541
3448
9738
10702
12706
3986
8312
15623
16941
11862
16606
17959
2568
4474
1789
6876
8480
3930
16087
14347
18779
15185
9041
18457
9369
5866
9350
689
17363
19676
11889
4781
12806
14312
4551
462
10121
8157
14965
12578
15524
6217
9783
14040
17593
7807
12825
2826
9414
10024
16812
4669
16794
3905
9712
16469
786
9927
595
16992
16732
7992
12107
4595
8349
7011
10878
13824
11045
14934
16730
3463
6928
4420
3437
14011
15901
5438
10916
1627
17590
19905
11173
16693
3304
18250
2340
2559
12042
19343
1119
11375
562
12772
18999
9040
15972
17178
8717
8849
15214
9251
10963
7393
365
19339
4712
13726
12100
19099
1690
14960
5919
2218
5577
7485
2912
14889
11391
18170
9152
822
5370
17606
19245
16903
6739
2901
17385
8604
9969
9357
17066
18320
19150
11326
18024
284
1524
465
16664
2496
3412
105
11845
8164
5325
8529
15417
14581
10235
7656
2198
13179
17026
13757
1454
4017
14039
19613
1555
17478
7967
8286
11408
7570
1371
13354
16501
17193
16396
2309
17762
15545
10662
18143
19799
9998
137
5253
11446
16950
16806
12022
1021
14747
8570
272
1000
5734
9920
9412
7589
12887
2508
2584
7031
9142
18572
5257
17354
15357
1281
18812
2902
19348
17328
2736
17640
4053
448
17924
13515
16892
5524
4233
9380
8427
6963
16690
6037
5235
7054
14440
10431
11640
1679
4733
15075
9434
18726
18187
6506
12419
11632
14428
4341
6113
12155
929
3796
1396
13041
9127
13277
1970
84
13212
19385
1526
4919
14983
15920
10454
12311
423
4024
12693
4124
11336
11628
5218
13781
4871
10561
3276
17031
11177
1733
16823
17996
5403
19361
12613
3727
18872
16080
19818
11866
12990
269
12960
1019
526
11803
2514
1611
12207
14848
1074
7317
19095
15719
18084
15991
2788
18668
14744
12131
19689
7927
2739
14582
12242
17531
7533
9521
15676
9145
18088
7657
18365
11272
8648
10039
4850
11800
1285
18074
1295
2260
16252
6132
19992
16829
14930
13064
12901
4372
8080
4069
2908
9290
4770
19349
5054
1420
8155
9547
8323
15847
13876
10808
16206
4796
3213
15431
16788
18168
870
19349
3013
2116
10783
11638
1348
19212
5126
5054
15818
1548
18279
8358
6751
6879
13528
18348
10451
5080
2966
9040
10832
13578
17127
11556
11148
7398
2619
663
12344
17684
13364
12561
8010
8734
13188
13224
17772
12150
14993
19058
5724
5732
6992
17653
13316
11714
10937
9822
4502
1419
8834
16319
933
615
4403
8020
19092
671
16888
5867
2845
7023
10392
16075
15340
17184
4838
19801
14639
18674
19261
17093
11103
19277
8492
1854
13115
14799
13284
13216
16680
13403
6269
6225
16576
1424
8680
9145
7709
10743
11577
17764
11146
17991
6942
11276
19253
16752
10521
17069
6106
5936
293
7181
12724
4893
17176
6184
19242
17757
12024
19933
4575
11092
10817
6180
318
14860
4246
6699
4177
9264
493
19926
18123
17709
4650
8654
5291
4854
5640
4357
12634
10844
16130
17691
157
19503
19148
9100
5389
11073
16316
13647
10821
7242
9798
15173
12702
11493
2778
1836
13341
16528
10616
19554
17856
11599
7068
854
13080
1403
9772
17220
11651
7338
10076
1374
16816
15580
11623
9261
17240
18734
8354
19128
7512
16369
17001
14750
521
8354
101
9860
6993
11372
2811
12063
18339
6662
3346
3998
6624
18487
6126
11807
19047
10661
18897
10328
12106
12391
15381
13639
15328
9286
19136
9336
16061
18908
8570
3835
19566
13897
15412
6326
19961
8084
18548
12520
2910
8853
10778
16497
4482
6813
6439
12712
14737
1373
11849
3887
8989
17256
15241
9703
5560
16175
9009
12691
7304
9937
14561
6437
2924
14962
16023
5094
14710
6260
7766
915
14963
475
15088
624
16834
15232
13390
9628
11140
14968
3276
8356
15707
16402
15841
15324
7822
6708
1466
2745
6287
7219
3164
9787
8817
11487
17270
6770
10326
2254
1100
11156
17316
7545
8676
19266
14519
16583
11897
3605
15124
4479
6426
7073
6513
4296
11347
15392
5167
12708
8140
15452
12042
18605
18503
15720
10100
14887
13929
19268
11463
10184
19805
4289
5526
4784
19026
13017
7703
2065
17667
19614
8805
13788
1081
17635
14311
4087
9207
16957
12872
7650
13399
19111
2041
1327
16656
13834
9864
16400
19544
51
5328
2504
8988
10997
2044
3794
2664
12014
18578
19191
2116
3185
17254
10883
638
1857
4136
18367
7712
12339
1612
13486
17418
6871
1541
12564
4215
4179
2670
17915
1919
7219
4886
9249
10697
10222
15696
13424
6829
4528
5567
16139
8471
18724
6615
6309
7058
7740
7793
1620
1026
7040
10530
4742
266
6792
12968
4409
13578
2231
10258
3128
16269
7181
11049
11444
18317
11693
3949
8519
13252
18807
6298
10589
14036
15824
14186
6621
9493
4571
6719
4326
11033
922
18249
19053
17334
17679
864
5172
16149
11583
2387
13972
9061
3052
13762
9008
12783
11901
12105
9713
6172
12683
2699
16014
9857
5914
15267
13287
8610
8894
4285
19078
17157
8782
3780
16009
11353
11607
19900
7907
11970
9236
10391
6830
5834
11331
11338
5083
15659
7073
9696
9147
15012
1419
2091
15493
9162
3597
10837
8346
12761
6568
16560
13536
3567
8608
418
2736
5470
4626
18154
8642
1307
15503
9120
10231
10676
1393
15736
16195
5972
9863
11662
1729
7485
5124
2400
6412
3595
18663
240
15669
16048
8882
2890
14972
10678
10
19754
6555
6610
9906
10273
17403
17483
12561
7669
4096
4751
19988
15982
9821
487
2346
6926
18869
19122
5000
14550
4059
14263
8673
14994
11131
12439
18857
2867
7101
19401
6874
13644
2638
8712
3724
18905
11030
8319
15643
14665
7265
15603
11633
15016
684
14065
14705
14333
4926
2067
17852
12059
9993
2073
8094
6270
13137
17883
19609
10947
8497
11775
10176
2812
10657
17267
2747
12694
11241
9962
12398
17839
10305
1147
17128
17413
15431
592
4505
15998
11360
2847
2432
17732
10931
14375
14684
5469
8851
12217
6826
13570
17420
14560
19985
10152
1105
5979
13547
9655
16933
7472
9637
11605
4959
13708
8357
15013
17613
15251
15028
19006
16388
11403
9372
5814
16272
15879
17997
19215
1013
15641
3114
14080
5909
19610
6529
10963
16771
14467
17456
4630
17100
17774
3826
12503
16097
17519
872
4774
18971
11176
15882
19850
5318
18535
11239
6232
7104
19624
10627
5462
12403
11342
14394
9455
17469
9337
16892
1495
18217
4857
3708
10055
14987
4594
4777
18878
2379
11704
8986
14983
7576
8577
7548
6174
17769
12417
8760
4468
5980
17817
11832
5817
14277
11484
4055
19302
5978
12017
642
13316
570
6647
12140
17875
11947
11857
7354
11206
823
15721
16731
2765
6964
4293
16487
10886
1805
2991
7500
16282
19578
457
10030
12418
7602
5768
6404
14783
180
2060
8198
11264
1501
8934
2660
14362
17249
18902
1616
1917
2493
9762
3535
5238
10340
1136
16424
15944
12398
5080
8373
10274
222
2166
4125
9644
11118
1161
2913
2593
11134
17098
18312
13006
440
6352
9885
437
1944
19815
17923
2880
17186
19142
14445
18673
16618
2006
343
15205
66
16649
2435
6423
16427
2741
1325
2806
13411
7919
18192
2127
1167
2973
11353
11525
1442
5991
5512
6799
181
2589
11839
12715
14914
5455
9258
19948
18120
4190
12278
14817
9552
4899
6336
8875
806
1975
17976
8755
19558
8401
16215
17781
16228
4563
12149
12959
14393
5433
9451
19262
14833
3628
13122
6385
5052
2116
10839
16070
3880
4279
4353
11274
8284
13563
17230
17690
9358
1982
678
3297
12748
1726
233
7782
10780
8279
8197
1701
3047
4517
19263
18342
12123
6948
17906
13144
16990
19158
10704
19200
10079
8436
11181
4569
213
8223
5580
14398
5522
7164
13998
9121
19501
4661
8356
2256
64
1460
607
15326
8077
8355
3730
8605
14012
9175
19790
11952
12902
6770
8512
17008
919
1822
10529
6045
16857
8970
7748
15607
8456
2808
17036
12882
825
12646
5446
15059
4141
1353
3755
12388
6548
5304
6339
15894
12811
5816
6851
15132
2373
9262
5381
9852
594
15528
17074
15771
5514
8694
2013
12462
3099
22
12837
11515
17577
17302
15468
229
9535
1828
8828
7906
17317
12040
6976
18041
6290
10955
3065
14885
18819
11351
3619
863
8054
19597
15944
1984
18860
19841
5323
6907
5860
6552
6168
11216
207
19134
15752
6044
17250
9213
5364
518
11275
19865
4216
19999
387
5815
3459
6459
14633
6622
14790
11975
14479
693
17427
2971
9617
10816
3794
15164
7663
17745
17918
7580
14549
16612
15908
6285
19114
4841
5744
7627
14458
1295
18147
12363
6431
7522
19926
14828
19852
6106
4041
10450
19868
4773
18033
577
8871
11953
13632
14416
17865
10934
16311
8523
407
6215
10600
2012
11076
11892
2239
1028
5667
14767
9427
3212
16575
1314
15083
12279
17198
17501
15955
1734
7892
7007
9691
11640
13493
7363
4094
16187
939
5528
18889
7921
4802
5062
6137
18323
7080
9548
19512
593
74
17986
18361
17417
16180
10580
2440
19197
13267
5677
13102
10767
6692
18824
1
8082
8608
10908
272
15707
10223
9008
3101
19404
16699
14742
15324
8721
10616
6178
6828
3291
7914
8563
2263
17764
11311
18333
11409
716
8791
6580
6353
19902
14808
16886
11784
8183
13974
948
15785
8842
11908
10746
262
2300
9165
2300
11724
9087
2650
17997
14847
18882
387
3844
11768
18018
9678
4196
9741
3893
2952
1326
17716
2051
19305
16672
4153
8096
11864
18979
6641
5740
12847
588
12095
15809
10611
6836
18267
17990
8870
15310
10441
10631
6637
1786
12550
11830
1791
3593
8647
9590
1918
7233
18261
18880
19148
5538
4694
14063
11655
19128
13903
8497
14932
6266
19051
4238
289
10975
17989
12111
15656
12831
7676
54
2026
7394
7161
17690
19483
17164
5986
17645
8665
8581
862
18894
8275
4011
12933
10420
193
11747
5576
15057
18735
4902
8838
17319
12014
13205
8824
8158
19051
13166
8509
18274
13198
17347
18320
13136
7126
5855
19474
12431
15225
15579
15596
13668
5368
8581
1152
16068
1870
4762
4116
16915
15776
11542
15032
7628
16838
14511
7732
11144
17259
5690
8549
782
7546
16470
19559
50
16670
15449
12611
7665
6898
7721
19896
11887
12866
6340
11998
15867
13940
10228
10790
15027
13157
7121
17829
6272
7264
14461
11814
5822
13469
13841
4213
13145
8735
1387
12667
3040
5414
19941
163
7399
13350
216
4654
2121
10150
13884
8089
17106
16297
3090
13284
1682
19236
2926
3765
18760
1660
4784
17124
16004
2466
12053
1223
17790
3478
16874
926
10230
7715
14498
19282
8156
12556
12206
1194
14866
11189
2717
1217
18863
11792
2404
4806
601
19087
8663
14172
14039
2261
9727
10813
18748
6446
9775
9820
17061
8414
18205
15737
3828
12017
8761
11883
8772
1010
5589
2327
11706
18352
14067
8791
11920
11892
18782
14319
11666
19316
11288
1672
9247
4127
11589
3829
6598
1481
11755
19669
11640
11502
15553
596
12755
10974
15586
12327
16784
15377
18390
8253
11687
12977
6193
14280
18067
140
12971
18664
15436
15426
18047
4396
6689
11880
8321
11543
6848
5422
881
18696
19534
7935
7010
18110
19722
3740
15717
12413
16168
4626
1407
11497
5669
19496
15102
17607
10443
18154
8903
3822
13258
14888
17094
12576
14842
8082
10229
6737
812
11066
9235
19238
11727
16381
19329
15708
15094
12515
16310
8280
19723
17478
16092
9098
17331
16229
14488
6326
2575
7885
8227
7541
7686
19008
2814
14396
1241
13497
533
16688
14126
17643
18335
12107
6879
16017
1710
7933
7841
9517
10655
9174
11007
13121
18815
7915
6515
7318
13021
12232
7629
12866
4442
728
16617
6331
206
15940
108
5359
17453
9942
8723
18448
17599
8208
8486
8292
2052
399
14225
8991
10440
6469
10891
12142
5690
13684
2702
6082
1659
15525
8204
8382
17109
16747
9162
2735
8863
19779
17070
3888
17916
14063
16129
10887
13794
6267
4518
4355
10054
8190
11733
9101
16120
9978
19697
3087
4223
14259
13603
8338
7040
19996
14628
7135
3142
15582
5794
8537
11211
9496
1138
8643
5331
2958
10302
16924
13523
3979
18352
19177
17925
4549
5213
3824
2587
17105
18385
18563
17362
1767
16887
619
17843
4389
4327
10890
11295
15078
4086
9335
7279
8995
13460
1191
16755
9539
14306
3835
8653
14664
16747
7786
12910
622
16439
16113
11425
11848
14643
3591
6299
1491
9806
5356
3730
5231
6331
12114
12186
16014
12262
19151
19947
760
2888
12607
8941
2444
14258
12241
14964
2326
13846
1538
2828
10838
17043
16675
5569
18886
7311
5635
13568
1106
12923
16363
13210
7852
11826
3213
15425
3344
4191
5542
14606
339
10188
15282
176
10320
9212
11281
18147
2269
16161
498
3611
11933
13736
18995
15615
15019
11811
9561
3016
2249
12424
1135
13068
320
9988
17909
19897
19148
11566
742
2597
14002
8304
2884
1323
9945
1577
5576
12239
4692
13799
9266
18536
5612
5001
6997
12944
2552
3235
12098
14996
18124
6419
12028
9404
7665
16302
15153
13840
17106
6296
13699
11683
5357
3229
2673
6350
14805
5752
3173
16239
5655
3178
11553
14082
7491
2282
2134
17122
8048
2629
8265
11433
18232
18555
2323
3706
559
11149
19218
5669
17087
18036
14904
4173
7491
15869
51
3564
6670
14009
19144
5121
1208
658
16335
16548
13490
11944
12121
17783
14293
15909
395
9946
19186
2573
12032
13361
9804
18210
5752
2262
19475
18535
11991
8146
16001
6971
13705
11915
16222
14278
19352
296
13144
7027
6986
11891
4882
10708
11397
11469
2749
1610
13459
7501
10046
5356
11469
13259
6730
5504
5329
18263
889
5774
14694
17286
8310
8055
18922
5291
7323
11163
776
8196
11574
1792
1090
14844
6621
13620
18597
15182
8813
7314
14840
11519
16078
8745
11827
9301
10642
1969
9582
17114
11147
417
1776
9380
4690
9341
18065
16857
1495
1608
17851
9197
17120
7332
12708
330
16136
15274
12774
638
6817
11962
8937
1436
16321
1493
6407
15597
19169
11978
11694
4473
17398
6805
13965
19808
5970
13340
17841
9893
1083
15110
3401
12382
13994
1364
14214
331
8918
12788
1505
314
18679
2608
3082
14230
9456
14088
17413
16946
427
10503
2729
13885
18663
9640
12405
16153
7376
6445
13239
13814
717
4233
2546
2399
2173
11964
17002
15807
71
9232
13190
17472
15274
17838
4418
1230
16598
19147
3152
6037
19260
7409
15447
7289
1998
2303
16425
13622
17224
8261
15744
16445
1889
2954
10750
9805
14178
10365
14985
1632
14394
1338
7329
13304
5880
13431
14983
15349
1806
13552
17191
17539
2731
18560
7842
11478
3818
7683
8252
9720
6109
6907
19867
17525
4920
10884
1700
12791
1650
550
14940
11534
15014
4536
4314
1653
6709
8014
18454
14121
15131
18876
12934
3852
13895
4303
19420
16977
7545
6883
14611
7399
4477
598
2976
15933
19238
16815
1
10889
19585
3214
8310
17038
9693
18866
19649
15517
10903
8905
6264
8553
19330
7018
4019
499
18472
16481
4068
11218
16522
16366
17290
5986
3497
532
6787
12060
7174
8921
1379
2909
10874
8362
19277
3849
11883
14112
1477
16949
16717
17605
8761
9376
13489
11551
6013
14618
2101
17647
14575
7684
10197
14634
8560
6737
13192
44
14710
12178
4130
2056
13485
10602
1447
14801
7160
4003
17758
6394
10200
19561
13848
6397
16969
15537
7817
16359
12089
6916
4065
15358
17883
18416
4347
11449
8535
107
19726
6147
10166
7857
1662
19628
14122
17878
19031
7883
280
4269
18157
432
6618
15252
14165
8339
1706
4233
18290
11031
13055
15121
7965
4754
5256
9887
17849
9509
16087
14119
19696
1325
4950
2257
12936
8111
12796
16259
5247
15288
9494
17640
8390
11936
12975
19980
3368
18732
2833
19296
14669
2926
3198
5404
12773
14925
961
17829
4335
3402
1130
2181
3828
3235
19375
1116
15845
12624
6114
12516
6910
14638
11214
18727
17203
2237
16406
10482
14043
1801
14230
8925
12790
17697
5076
2911
11558
11403
958
8621
109
5265
4949
15900
6936
2485
1376
16502
4151
18246
4044
18078
6663
9020
11494
11507
12449
1431
7578
9472
11756
2484
691
7566
14623
9052
478
6372
10229
18813
9678
8420
15182
19816
19226
15366
13847
14229
11492
16707
4720
12836
7020
11162
12547
4811
16792
16654
17611
2269
172
2955
9522
8817
3036
15177
17094
12744
6302
9460
2887
1747
2189
15690
19682
15042
7835
14579
14169
16192
19025
14258
5837
14239
7987
5264
6986
1355
4084
16995
18629
16226
16373
9397
746
9686
6381
5419
9822
17991
19604
11834
6199
4198
16026
12272
2094
17610
16168
6446
9287
18413
11543
9373
8412
1778
8585
8937
19132
4297
6217
1782
18406
17788
9673
11869
916
7344
10927
11934
348
11919
9004
1466
15429
9962
6456
8434
11804
9443
4843
118
18975
18668
19346
9496
15749
6429
6463
6596
7571
4747
15049
8630
13971
6894
17325
17366
14610
13782
11565
14209
14107
9748
7095
9287
7543
2215
13438
5861
4905
12251
1410
18177
16154
17959
446
6469
18761
1551
3321
5711
12708
7556
9613
4061
16107
17422
10749
12355
18387
2307
7015
16953
5704
13375
5584
5851
13185
9076
5926
17278
18719
4029
19689
12457
16134
6228
7761
19054
2207
14023
10824
11580
14595
17638
17266
10786
18434
18281
6750
9636
6124
17302
19624
14645
13244
4445
14492
1998
19040
18156
8297
18926
7942
14832
15260
14670
14708
19028
207
7913
4524
470
13516
4292
10388
10158
17432
10860
5464
8768
16212
15912
10903
4209
15785
19804
6641
6806
7616
18818
10496
991
3733
10942
5636
17853
15324
18169
17972
16481
11785
16820
296
460
160
9583
13156
6534
3171
10806
4447
10650
440
2872
17257
4524
11730
13935
2039
19802
6512
9404
6164
16140
1535
5702
9785
17461
16651
13040
1885
572
8757
9204
18129
13276
13744
3066
17941
15899
19890
19952
1760
7130
643
10644
9955
6850
14693
11914
14519
19138
17933
19661
1643
10316
5231
7204
14960
17043
18505
5065
14402
19410
19472
18037
2108
19981
19695
18439
19823
17199
19865
19828
10796
5916
467
6588
17794
19007
11105
7858
12226
4855
12495
7846
4957
12627
6496
3185
6391
6588
10609
12435
9517
4255
13417
11153
16592
15612
5607
1092
6367
15193
7184
8328
12750
6306
12594
16075
18527
1650
1895
9228
9757
19677
4495
261
5795
2608
16821
13560
5850
6468
12929
7692
5157
7753
15953
582
3973
56
17671
4857
13015
17778
15711
1845
4251
3012
13199
1863
9428
7554
569
1725
7850
4188
7618
10226
5807
7708
14010
5390
4167
15064
17998
13507
5597
6816
9150
10841
8853
5628
13921
11389
4027
9748
11415
6398
7364
4388
11279
19601
16492
10307
14022
10958
1112
9854
17384
4990
18614
19620
8245
5307
17491
17370
19562
12146
5289
10999
1983
14196
7972
12588
19408
17352
10451
2590
309
17098
18049
19326
2749
16170
9147
12334
12514
18091
1747
11457
7971
19834
15159
16958
3004
17849
257
15772
17288
7629
1667
10696
6535
14007
13527
9667
12511
3844
8765
14206
13108
16082
4381
190
7988
11214
7544
472
7464
10908
7727
9229
13166
375
846
10907
9586
18197
8640
7272
14780
2300
19644
10654
2063
5968
2753
3942
11715
10743
10413
15999
9342
15861
8467
12544
10699
6839
11828
265
1220
3913
10983
7685
7366
19049
6174
7708
4570
967
16631
19171
14808
11556
2576
2829
14479
15793
1088
8781
6929
16002
12392
10716
12332
1328
18072
6163
5117
17980
4594
4840
3692
4651
19159
73
9278
10451
11105
11865
13432
5565
4471
6791
8498
579
1757
2087
10113
6149
19400
14359
13260
7312
16751
2288
11698
6363
6847
7475
7347
2020
8640
6378
9168
14510
8826
4667
16282
13129
15298
13715
12227
14104
16956
3817
13715
601
17244
9875
16373
5483
9377
8336
3541
14772
13769
1163
16439
9602
15490
9807
19089
14663
6384
4461
5203
2767
18614
9695
16873
2710
4454
16425
13
18914
15991
19827
10680
7915
15405
5173
2702
6936
936
5381
10927
19482
2642
12279
233
6532
12815
8503
2654
7855
12096
540
14786
16696
16655
11001
6256
9609
12243
17600
15821
13413
10634
10713
1640
6546
5981
17455
15970
1447
9150
264
18972
9227
1060
5258
17890
1656
9946
821
16782
7125
19506
7049
1930
17760
7916
11217
16520
6863
8609
2159
18835
1715
79
16012
7688
1742
18845
14004
10871
5508
12628
4782
839
7427
16389
18747
7587
8826
6260
12663
5931
12986
4998
498
15884
7581
13684
12645
10834
13821
19445
8033
17324
5570
2036
13493
15387
2314
7717
16018
3189
15115
15619
17797
15187
3114
9936
15395
8972
4726
18391
18131
18208
1864
18999
18839
2297
4117
11697
10718
14846
16728
1461
11234
2539
3899
16264
12883
1499
8197
271
6248
15504
10067
2223
12486
13907
7507
19032
16347
15072
14653
10792
11007
2295
8185
18188
6050
433
8095
7757
13254
1511
10608
9705
14491
1
5796
10614
18272
19423
16871
18981
3401
10072
9534
908
9231
13203
408
2575
4112
8313
1138
290
13265
3894
9519
4049
3021
17556
19946
14271
14636
9146
18839
9864
728
4410
10048
6204
12494
12522
12524
18349
18463
2616
14330
5278
3185
8428
4406
12571
6164
15126
4929
6995
17879
19748
14001
13605
5961
14328
2045
11824
207
5465
17104
6328
15891
16321
2050
19687
647
11968
6160
6859
2937
2821
7053
15571
3169
7617
8742
4155
5340
1158
16940
16548
16509
16692
12023
15001
5187
13777
6592
17777
10150
9444
9989
14293
2476
925
10553
3586
15418
1141
10313
2014
5767
18466
11534
17063
2665
1637
9863
19143
12647
5703
7408
2887
6694
2321
7689
11195
6008
11964
3456
6683
14775
12145
19692
727
19198
935
5654
8179
16517
4956
9981
6404
8386
3823
10522
18836
17935
3170
18368
4540
1857
16759
16225
16005
1178
1286
15368
5466
6064
5119
9668
14923
849
4052
19821
2322
15553
10119
19174
14286
11507
9700
1077
18271
2442
14385
6117
1119
3752
19094
10784
9577
7457
9740
4446
14652
1874
11254
8580
18363
11293
8187
18108
6867
13215
5350
4428
638
14777
5019
15314
8619
4775
14601
15172
6548
12698
11930
8836
15835
8938
7923
3441
4392
4061
11339
8285
2941
904
10701
17884
7496
9751
1279
1600
11210
9816
5297
12005
1533
14644
2553
4659
14220
3155
4272
19174
6842
3071
7715
213
10172
11627
18409
2614
10181
930
9611
9696
3609
14562
19829
8686
1628
9753
3830
6339
2436
709
16165
12496
13088
5827
473
7772
13927
7808
2842
8462
10793
16300
5626
4941
19905
5722
11878
16930
6133
17407
16634
720
5425
16860
2347
12941
11325
15800
17358
11451
12851
4426
15289
10339
12330
16529
18896
12250
208
9947
19957
9401
2064
12103
1192
6526
18684
13064
12993
509
7568
9042
19578
9164
5550
3648
13674
6677
9550
11512
6391
18498
1299
9551
12535
9461
16024
10118
3715
11876
8462
8382
11543
4949
16208
19380
13054
10284
5228
11370
17534
16868
3169
4801
2803
18594
14933
4983
1500
11855
13733
6120
557
2562
9917
3539
19231
10285
8028
16919
16043
17018
17685
5592
15467
7639
10300
6983
2869
16863
19011
12360
14547
7249
4015
8448
14386
15565
14911
15723
13369
16364
1818
15237
15364
19892
12419
4140
7088
14697
249
10955
18253
2939
9089
456
19945
12398
10143
8226
16066
3284
10097
14946
2604
1147
16710
1711
4011
15571
2919
19557
9980
1537
11355
6181
5552
13141
11444
10020
14894
8365
14075
12604
13126
12189
13787
15207
12445
15434
14401
19323
14816
10195
2546
16748
9164
7810
16749
18533
8405
6058
7682
6611
11294
10877
11242
5610
4933
17895
18
4112
18712
357
19958
17604
2383
16193
16592
192
9167
18031
1308
11428
5205
1480
15719
8124
15305
8724
3089
11734
2621
17850
4952
9609
11527
10794
14593
1567
12888
4636
16934
7087
14971
16834
6352
4630
7235
1502
19887
2399
1044
19707
9834
13195
7045
18522
11530
16679
4954
7469
5617
15638
9015
7891
8592
113
3954
9044
17394
5551
6047
8847
12214
703
3617
19407
3398
13574
13309
8753
5235
11033
4148
15024
7084
16501
972
1042
7510
5891
350
770
9754
16467
657
3616
8132
1943
2043
10507
2718
3519
15850
12878
13037
1513
7474
6667
3461
8090
16993
13978
5007
9660
15556
17290
17093
10498
14927
2050
14513
17967
11912
4826
17532
12160
10631
45
15734
12797
12727
1726
11604
18028
8545
14928
16850
9283
11057
4830
8812
7785
5531
5294
6949
12595
8115
16712
3021
15340
17743
14124
13630
15856
4883
12251
18646
715
15707
4394
3961
18325
13930
15223
9434
11468
7407
16508
14418
13155
7797
6488
3958
19303
13529
1276
1981
6912
6988
417
2079
10210
144
6463
8669
2327
16548
766
4399
2503
8145
15359
9780
13274
17837
10427
6337
12313
673
11968
3083
1110
3612
8061
16889
16660
10180
13112
5074
13612
15973
17851
19956
12983
9166
5401
6303
7560
12481
14652
14524
2052
19236
13041
4717
13088
14562
1343
9956
18542
4837
10112
19067
11346
14994
18939
16273
19352
7768
4508
7407
19447
3108
14080
11833
10150
3328
16829
19050
4919
14982
12500
14562
16505
3496
18327
7164
4764
12311
4024
4569
11198
17219
14731
16775
9402
16777
14162
14053
18619
7173
12996
11755
10976
1183
4067
3872
8918
5661
17896
18480
1571
3820
15569
10237
14391
5113
4186
17371
11158
727
6327
18719
1199
2222
721
16217
4000
2450
15923
1197
10573
5578
5725
17708
16507
4222
3341
12409
14898
8713
7343
7339
478
8490
14806
2270
13863
9186
9694
12799
12358
19116
5711
2949
18435
18840
4936
2603
12400
1817
236
8711
5719
17207
3315
17698
19266
1176
13433
19392
7286
6783
11434
6684
18646
19548
6603
3560
12409
14383
3604
11308
19631
13019
5944
15937
12414
3439
6248
16301
3817
14822
6103
8243
5482
12729
14074
3749
779
18542
14038
18592
4946
19899
3409
9676
11014
4192
1874
17151
17880
2999
12498
15503
4342
17491
11817
3905
655
13049
11324
14510
15451
18116
3401
7466
4431
6680
12240
13676
13136
11448
14960
7689
9329
11086
8298
13019
2705
11300
16073
11853
3663
13097
11393
11729
15380
4236
10588
6061
10332
19366
12775
18775
8472
9934
12181
17250
19885
7526
3295
11186
18787
1426
2455
7183
1261
17985
15950
10136
7765
15205
3820
13353
9361
11465
13157
18605
15633
7159
15017
18316
15539
2007
16755
11397
564
15832
15288
6415
9044
16768
15217
961
14465
14646
12569
7716
13354
7507
15840
5016
9617
13600
15929
8876
14455
6848
12700
4213
8075
2457
12401
17928
10786
18837
12446
10675
4136
15411
12471
307
19406
18383
1960
5084
6160
1191
16943
19993
9784
16119
18724
10313
18997
13896
19119
3823
6962
5050
5468
6289
17288
5256
17165
11260
2355
7475
2215
5681
3092
7466
11799
4127
9953
8082
486
1314
14028
8267
10457
13142
4186
2514
8051
2048
1808
12340
16439
16808
2786
16543
4687
6861
11178
6679
15558
11251
14600
5962
1249
3146
7076
16164
12627
11355
16096
2902
17898
16652
10565
4793
3445
9206
12722
19915
16606
6713
16915
5122
18367
15185
7770
198
4583
14168
5660
16104
2899
937
131
13087
10646
14333
12797
9487
17751
577
8347
19671
3653
6695
12045
17722
5580
11636
882
14855
11257
18161
8653
3177
732
6867
7445
19314
1859
3136
1761
10314
11428
7269
17989
3344
7375
2760
2642
890
5119
15577
3179
13016
14744
3630
15770
10466
14720
16203
7216
8804
3601
12091
17830
18618
16043
11897
12514
4588
3001
14738
1503
15992
12497
12769
1358
12707
6073
3438
5192
2140
17826
5527
9477
1364
7961
7559
7321
16285
11522
3425
1053
16022
19115
4360
17805
8900
9210
1190
6582
9614
19869
2016
5858
9052
10932
10618
7357
11062
9088
10563
8172
18135
10485
8942
2480
14096
3564
6125
494
3534
654
5558
9078
8166
8370
106
9767
16360
9147
6859
6113
13900
9307
18152
9555
482
2972
7861
19002
2985
4965
19029
12262
8908
4236
468
14241
7410
1851
324
12096
5304
5361
5972
16908
18563
19095
566
11837
15692
11461
16948
14455
14247
713
5355
10839
13883
18487
7469
17832
18337
15195
14883
10501
4820
15592
1225
19550
4428
7996
19617
2487
8015
5644
5769
8898
13028
11889
14629
4809
3716
18399
1681
11013
10181
17471
8107
19163
15567
3080
19904
3812
7221
17122
3196
176
14377
13104
4232
13754
7739
7763
2212
17319
9161
8455
251
1658
2186
10671
12856
2020
10538
4949
15117
16818
9874
3675
18029
19499
4713
7855
16394
7563
4696
9512
16054
14532
14649
13283
7896
19751
8363
5407
4717
11110
8464
2686
4240
15113
11882
17792
12697
13508
15940
4002
158
12804
1449
14065
684
4708
12759
17903
2635
3723
19726
17943
10378
13699
15361
8540
2795
4573
9063
5430
5553
3254
8474
5963
4251
428
18450
7649
14155
17339
11624
521
9063
13525
14344
10633
18302
13273
15190
5195
10390
12598
18509
7739
778
6850
7811
6088
13902
18046
13272
17956
10534
13547
16648
15271
19101
7271
7782
7486
9678
161
1673
12059
5068
5429
8304
7325
13299
13953
13004
11513
11507
10584
14887
17674
1086
2792
18756
10832
13551
928
17511
1343
4495
12997
3227
313
8230
8789
927
16951
13286
4204
2216
9707
4063
5279
15360
2860
1158
1514
5705
1612
17988
1697
3478
15619
2149
13740
11555
17937
1161
1894
3945
12351
2948
1467
16601
4759
3884
18608
5533
15617
15593
18362
9395
16713
5317
9480
5196
18666
7980
12624
8616
17393
19427
17016
7494
14859
16504
7368
13974
5155
13783
8664
18600
10917
17700
11050
6308
1568
7505
1520
14416
12073
4263
17951
3562
10494
16100
16187
7477
10777
7617
5012
6148
15819
12991
5500
19481
9687
12727
977
7189
14303
19751
8515
1830
4341
18489
16755
15650
9503
10019
4460
7166
11755
246
14643
6099
938
18328
6062
8939
16498
15324
7473
13969
15023
6515
11219
6133
16334
3646
18274
8647
10944
1543
9226
15124
18428
11698
3167
12887
13073
7425
14071
1684
14998
8137
14994
13616
1260
17205
19840
11680
8867
6661
7031
10335
11095
2158
17338
16094
1175
10003
2750
19427
9079
17636
17170
10205
10925
16496
3339
2614
13312
15492
1272
14455
18740
13616
11682
17963
5044
14041
2334
10830
4994
5696
10707
3754
15312
4
3372
8549
16739
6140
8478
17375
12583
4808
5943
10831
5564
7978
12750
9598
1907
10948
18799
982
2557
7206
366
7870
16300
14054
14274
12593
10546
7012
4099
4321
9789
2308
2930
17476
2252
4270
6817
16685
1725
11801
16013
17110
10409
19286
11110
357
12555
18059
16409
7
11284
3806
19392
14724
14266
536
10234
6706
15486
429
12880
9973
15281
8300
10420
3428
19527
10825
14378
6834
19924
7434
740
1791
3724
1661
14840
15019
4857
7769
14590
11029
6522
17006
10710
4594
8725
5338
4211
17470
6746
14011
19638
13916
47
12729
355
8256
11176
9816
2671
4221
16176
7758
2814
19746
6523
13198
3368
14747
13483
3859
9021
6973
13410
8375
17096
17442
16652
18226
11388
11823
8481
15635
10093
14481
8474
19975
17483
12697
16391
10833
13810
14456
14046
12881
18978
9571
15877
13268
12785
15173
13962
16990
15849
17142
8933
6193
8017
4949
13856
5100
1842
18997
4199
16031
6329
13874
2011
154
11084
4972
6184
5975
10907
14381
5873
12756
19357
17803
2162
2590
3746
14897
17507
13603
819
17187
806
15397
12491
9298
6518
6099
13002
16735
14216
14522
12868
2755
5989
9046
16327
703
2808
19962
17481
11316
15508
12488
19265
9992
4275
9664
2707
8494
6365
18808
2840
7204
15256
9231
10164
4036
6546
19376
19071
3198
202
12824
18405
17396
5294
4685
14603
12887
17096
2317
17225
13609
1275
8716
15681
981
9521
822
8841
18767
7451
19430
5568
3425
14224
4611
8443
13033
11187
3129
726
18450
19542
139
12090
8781
10686
6753
9382
14171
9280
15395
350
1844
2011
19842
17678
1706
15602
14565
12026
10046
11496
2967
5306
18998
9269
977
1614
6158
220
5380
18149
7185
11960
12933
16963
19589
2407
11589
13518
12265
16054
9473
3967
1323
1037
18003
2577
2006
18781
8214
17628
14137
6138
18901
3339
16802
9191
2837
2649
11591
5155
19061
12211
18251
4952
18443
16344
5229
4777
9637
13861
17449
17575
15371
2111
4637
18891
10021
6625
5060
2712
9954
15181
838
17915
16997
3288
1329
17798
14897
14871
4529
6786
14434
2013
12508
5599
1802
18188
17637
19714
1193
5198
13933
12843
4051
16928
3541
8036
5112
13976
782
5128
15943
369
3961
9963
17995
3735
4345
18460
16165
1107
5486
13597
3776
11845
15927
16393
10111
15092
14971
18612
18445
9991
3478
7223
11564
18933
12558
19067
9398
16289
2520
15228
4896
5396
16061
9722
5186
3304
12339
6761
8479
550
19878
6416
5002
3237
14486
18334
8476
14625
4608
2595
11648
12087
19182
631
11149
14825
19448
18319
15169
13686
5539
1712
1117
16049
4377
1662
5007
13230
16153
6212
2960
18811
14920
1447
608
19927
8102
6773
401
15351
8624
19404
5401
3078
2464
7789
6967
19472
19876
11164
10180
15754
15108
3930
15932
314
6975
1801
9973
15520
50
13359
7735
10483
4838
15301
4842
7081
14283
19599
6772
6695
3923
13135
905
6233
9290
18812
4484
17071
11837
6391
7585
16541
8290
3792
5011
18917
10619
16589
3285
1894
19787
3972
1045
12911
10264
37
17807
10289
18606
10747
11606
2469
17023
18174
2808
12808
13117
15258
18625
4637
6422
10523
17805
19995
9269
16683
12948
16967
5515
5774
6058
17940
9567
315
12342
11318
9998
1400
7664
14033
11728
12926
2486
14447
9684
18979
18459
18754
1205
4060
7928
12927
1723
5388
18052
13539
3937
8887
13938
378
14257
6550
14980
5125
87
18158
14837
9414
16819
16277
18627
2355
3655
10279
13940
17340
11013
15552
12139
1040
19648
9940
7639
19473
1048
12370
13233
948
7447
10421
9031
1477
14204
11931
11205
3394
10708
1725
17270
11542
18827
8952
16252
1674
8395
16122
5290
6933
14104
8305
11829
19384
14748
17492
5315
7492
12317
1084
11590
15248
11285
11580
12239
15668
5087
14870
5546
4702
3374
6110
10543
3467
9257
2453
8554
12901
3872
2970
14110
6735
2576
7428
10715
18190
18369
3990
8
13017
14588
2692
16820
12374
19948
16831
8106
7833
12797
2773
185
13725
301
9726
6250
9997
17778
17519
2450
3308
261
8707
5408
5210
7295
3174
5322
9808
6912
3368
9379
15847
1024
17663
14553
4185
11677
3683
14775
9113
19797
16245
6445
720
19014
9486
4646
14427
7559
11285
9626
17554
12211
3886
10285
3674
6841
11544
19029
16367
16901
1949
19801
19074
13695
17353
8164
13461
11238
18410
18857
8682
480
9128
14224
1308
6186
2188
6302
17149
593
13306
5990
18063
382
14728
2990
3704
1309
11730
1869
16603
8379
12260
17603
2849
534
5299
5494
17233
2628
8016
11348
847
18713
16443
2786
10061
19724
486
5494
563
17273
183
11115
16463
10334
6441
1675
15397
8452
16752
9391
6151
4941
11014
11428
6480
18854
12506
9758
7386
12345
10066
10310
19417
8505
6714
10666
12756
8469
16840
15958
688
1372
14115
2376
4349
16632
16912
16596
14298
8132
6551
17125
12564
12159
14812
11923
17980
16000
7952
18450
8439
17068
12629
13777
16656
2036
15579
14347
5039
15327
14020
10257
2190
15776
10004
18267
15687
6731
3444
3648
17685
4496
1879
478
18414
16794
965
19471
7620
1075
3220
1714
9724
17154
8027
5998
796
18474
35
10404
12251
11425
1721
9396
9522
12020
14338
16089
10294
15915
2193
3644
15456
7948
3680
17342
18771
19223
865
11604
656
7098
16512
15789
3131
10829
6545
4125
6582
14237
7466
14812
11009
3243
6346
7148
13361
17400
14426
10970
794
18207
17930
507
17619
16626
2771
2219
8399
18900
700
8205
2699
11020
4823
15185
11092
16603
7531
910
6060
19283
13728
19920
12443
19961
3019
1278
11798
17286
19386
11976
11998
3310
10370
15043
18237
12026
11561
9094
7176
15168
7617
3504
10443
16090
11875
16509
19073
2562
5973
16798
7274
10595
4459
3449
4016
9167
11202
489
13882
1982
16898
14785
14633
13556
18821
2207
5262
9728
19656
16786
11977
8413
18852
7746
13768
19240
8660
8736
13580
16998
7558
8601
19713
16751
10317
18576
9007
7717
15960
14775
17886
16821
10094
19229
15979
3022
5764
8854
3436
14512
5787
15449
9892
3668
19221
6788
2150
12649
1030
8595
6245
11940
6386
17279
19246
19644
11366
11805
9280
14173
17953
2204
11818
10680
6892
7120
6957
2589
9691
5150
7689
16195
3138
17336
19803
16178
4745
2514
9175
7392
9331
11834
997
16768
5112
4812
7251
17972
15741
13335
3072
16151
8847
15728
5967
16073
19014
13418
3408
17168
2541
11044
9797
9702
13098
15399
11176
7620
1076
15813
17781
17208
5617
4960
17131
7590
9264
9940
4786
14374
3543
9069
9130
13488
6115
633
7565
1624
2166
18856
1994
2927
4675
1101
17543
11750
1078
11684
5100
6184
1346
9562
13078
18996
6002
8098
1756
1405
19775
3814
8360
14327
1835
12037
5399
14524
3947
9349
10853
3011
19485
7666
13885
9000
18076
15723
958
4646
7371
18903
7188
13569
6246
10861
3853
16039
14766
11862
6257
1152
1660
17243
3470
2215
7434
5986
12469
12620
7936
6191
15953
4879
17324
11610
19535
3887
10257
55
15952
10486
10001
7781
18787
17975
7626
2143
868
12326
4365
1180
632
15855
4582
16627
15480
14520
6809
16879
15414
9948
13857
11290
4849
12699
3607
553
6299
11384
2228
13747
4873
18286
11425
19861
13931
3635
6425
12060
2957
13614
662
18580
9022
13565
994
16181
17113
19034
3172
13299
16519
1207
11821
2117
7729
1777
19454
12801
16600
17472
13598
1551
17047
4167
7
10923
11723
8340
19701
6226
1539
18032
18751
7480
19904
4144
11054
9012
12577
12144
5082
19709
12760
19577
15788
13311
18755
7885
777
18105
10183
1946
18818
9151
5123
6681
6822
4354
10128
7850
12206
13958
4696
7212
14064
11097
9943
10428
11272
3144
2565
16982
12026
7969
5656
12212
4145
2620
18021
1778
1328
9619
16780
17382
15551
1150
1216
9887
3768
17011
6981
9410
13239
19319
12403
16311
4393
9892
6905
17094
6111
13947
10891
2728
14567
13740
10659
6796
6919
13234
5497
15680
14561
4283
10481
5033
7786
9190
7854
15657
13440
2047
2834
12238
17108
12714
16946
6710
13947
6503
10142
10780
14048
19593
15932
2008
8005
6464
12309
13624
371
3860
10919
6613
16147
9160
14759
4409
8131
6808
948
17801
7532
5880
1304
4630
14050
10941
6826
11968
653
11383
10109
15873
5855
4601
7388
2669
19125
2278
1348
17461
17551
17999
516
11445
9167
12191
3921
16977
16228
7435
4267
6249
7829
828
7903
16878
7388
569
10619
15080
12702
3618
16192
3520
13082
5570
17922
8183
6826
17922
9852
4744
19319
16917
3381
16665
3993
19550
3649
92
16622
3748
1721
19777
14192
14726
12934
81
18418
8797
14353
17039
1311
15804
2711
9047
15839
14572
13335
18102
16651
15028
5886
15524
4764
14744
11987
11527
18934
12484
2393
13871
5799
7976
18984
15508
16380
12189
12153
7126
495
19450
12438
9232
16194
19021
7458
11381
7964
10176
337
12606
9259
7043
19336
4752
7798
96
13391
1352
3301
12851
5698
19849
6994
18542
2021
15152
15179
18663
15646
16187
1546
9167
9740
2202
18457
13114
1023
1067
10523
12388
7455
14216
2932
1628
12042
10461
12278
17332
19197
16401
15280
8729
15646
6764
11697
8014
7090
12036
13198
9129
13323
9193
8464
16200
9825
11230
2977
4187
7529
13175
18917
6804
13324
9742
7639
10444
10912
4303
8085
7183
12610
13749
8397
13583
3248
8720
1575
17054
19067
12994
19090
13208
15385
58
8139
2048
3077
19477
13572
433
8306
18
10699
12578
15430
13902
8395
8535
5961
18568
16583
6359
17140
15136
12297
13014
2139
8621
13334
5125
19217
9683
11196
18149
13908
9407
14049
13585
17919
4583
18470
17025
19714
12244
10517
18182
18636
17733
4358
10399
9719
1224
9218
13783
12438
12791
10709
17475
19627
18268
9621
10857
10879
15120
5665
1815
7366
19930
3157
6088
1899
18500
14687
10978
3249
9206
6002
7176
8647
12286
9199
17576
14338
18892
665
2435
2280
12706
7439
12422
1472
7563
999
9666
6178
1772
8720
10879
17049
13914
4933
11221
17082
3497
18927
14390
12477
7831
12325
13037
17191
16280
5564
3016
15582
18062
15030
19847
204
1135
12
7549
16555
1592
711
5184
18123
14139
18291
1446
2946
17992
18885
8743
8616
9466
17132
8157
6112
4180
1013
2172
281
2810
13992
8998
7443
18911
9559
19415
19427
11624
102
15316
11160
13846
9248
2249
1778
251
19315
1790
5461
12603
13732
3042
6989
3904
19589
4137
6127
7493
17267
5831
19124
3744
4170
4936
1426
9749
16548
16226
5486
9873
16760
19262
3675
17853
12951
4808
19124
4344
13437
3965
11912
4797
11189
8162
3181
7077
12586
715
12187
186
13825
19200
15603
5911
12408
9438
2389
4822
5799
3134
3873
11523
9292
7083
11819
5875
7966
13299
4105
14378
7405
6654
19848
5054
6287
12225
11389
5583
918
11764
6244
8859
2667
8232
7245
12537
13696
18000
12694
11243
11903
675
12386
7299
2778
8180
3339
3583
2225
4016
7066
13026
5133
7009
10986
3866
10088
2129
12502
10042
4117
10996
19809
4215
17425
12067
1574
13654
16894
3098
589
9911
17582
9637
15538
4564
14231
3513
16450
9725
11171
9132
2780
19573
16628
7319
8488
408
12501
12185
2875
12266
11985
13236
4330
722
6977
1160
11798
6565
8404
5617
19022
15858
7171
5604
379
3929
7554
19278
3607
12749
18790
16204
6221
676
11320
12859
18131
9273
19958
4145
9858
3015
763
6057
13926
5776
11408
5582
17526
19769
7940
18003
6314
16498
7211
425
4638
7772
7976
5363
12395
9772
13945
1790
18233
15556
15587
3117
13207
11528
2819
13940
9487
5291
15214
9699
17765
2649
14449
10568
18893
2350
723
2623
10247
1431
10668
4100
19133
8536
5736
818
16074
13175
7703
6265
10534
16740
19812
10295
9594
19558
6323
7180
15133
19751
18897
12074
3592
13827
3465
13117
19605
8595
1895
6857
10241
16160
6227
16925
12449
7600
9617
7040
1566
8676
12276
8530
16818
1927
9262
15058
12350
13485
7756
9682
9257
14128
9506
4552
5726
9894
4055
10617
12668
9043
1365
15857
10724
19148
6528
14448
11709
5575
19024
11167
13817
11664
19852
9889
7192
15569
7533
10144
47
10604
9696
10928
15141
15123
17309
17252
10970
17378
14285
3623
8278
604
524
7488
6505
8334
13259
11239
18682
1992
3950
14480
19473
14410
19577
1096
12406
4195
10283
7477
5487
12493
5482
5543
6816
621
16629
9514
4512
15527
16761
7529
1848
16287
693
13609
6423
8659
10386
1886
2279
13677
13699
19198
385
5844
12747
12568
14113
30
17453
9357
11408
16366
12237
10130
3218
13698
11223
13875
11560
3021
15275
14846
18469
9913
613
1192
7655
15791
6980
513
6420
12929
9978
11676
7222
10245
5021
18543
2228
5658
13531
12384
6810
19141
4253
15528
352
5184
13811
10021
9528
7190
18494
4452
18021
9302
14132
222
14450
10736
9799
9017
3954
14927
6319
14527
17641
6266
18172
14682
809
2481
19211
18330
18953
8568
10221
18512
19581
15083
12879
18937
14685
6251
3467
19397
12338
2700
4841
4808
12788
1456
937
16261
13034
921
10694
15479
17672
8298
3843
8440
7931
5297
12081
5677
13138
6663
14396
16703
1319
9467
4729
10615
6804
8654
15525
3475
8496
5226
16749
8928
8874
19705
5538
11525
14207
19283
13592
8577
6341
3880
17297
7540
17761
19790
4677
6796
3286
2835
12002
5457
12255
7573
8517
2989
8351
14523
4939
5619
4025
11411
7370
9616
9394
10914
12851
5267
4521
14896
17635
3071
16142
11108
1614
4162
8089
11565
15911
5311
17338
15569
6147
17327
19354
13743
1715
15618
8153
1028
5581
15930
14211
12795
15061
1656
19211
8701
19384
18183
7612
8485
8423
816
19944
16305
19688
14884
19618
16465
13008
5148
5372
13870
16345
17910
11024
10767
12332
9012
4511
11259
13576
6719
3320
8167
5352
18090
16307
3156
6940
16577
4307
18971
7391
10629
3116
19528
6697
6688
9385
5511
73
13541
15612
15843
7179
5848
7644
4598
15944
11708
5912
14345
9568
18416
18057
14139
13227
2967
10783
3638
17316
18412
10618
9588
4532
19585
13435
11463
17859
902
4038
14330
4828
16963
8458
9064
17269
7381
17618
6030
18520
8329
3513
14456
2481
3838
10982
8967
14257
8356
18635
16036
18938
15108
10720
10158
11863
16822
8361
4677
10826
6617
1406
382
6414
2166
6538
10307
10327
7599
7793
3163
2297
7540
2181
12934
16724
9927
16585
8590
616
11323
14406
19930
4053
19604
10928
10615
5512
11705
10380
11285
8138
17905
14074
18531
1923
18048
8031
14819
2855
2769
11164
8318
14491
15774
2947
16576
19199
6372
18638
7092
8676
17878
16873
16549
11748
1081
14963
2989
9105
19961
4446
17604
11923
17990
14459
4727
3638
13720
5790
2806
3726
7402
11016
17799
18721
6466
2030
2512
2012
7081
7151
5015
15967
6061
16171
8583
17515
10135
15825
9159
16233
14654
12591
7790
9967
15558
9569
19927
17177
1488
7181
3609
12728
12059
7359
18865
8834
14214
1827
2831
6328
13742
18089
1731
2448
995
3036
5093
10959
17936
14916
10567
6590
13737
5481
1274
7577
2416
16065
10902
19056
16320
13767
16436
2497
12741
8290
953
9152
13775
16261
12765
19715
17667
16663
12666
552
6225
586
16589
13401
19129
10476
12516
19468
19980
8724
14094
9993
1115
5045
4013
14665
7266
7980
2102
19670
8199
931
13020
12601
14529
5100
7319
14269
16507
6899
15010
1259
18221
8057
567
11211
4410
15544
19969
15000
8338
19585
11458
1721
2284
8255
2303
4881
19981
14895
14138
7022
9188
1532
3612
6617
12193
8938
1562
354
4850
13297
10416
7426
10829
19002
2812
16153
10044
10961
15576
18061
17886
1409
13747
6943
12746
13066
6813
5112
2388
13768
13979
3367
12388
15970
10238
9704
16351
13348
19507
8158
15162
15892
14150
4878
10495
150
3597
14874
5087
10014
3775
9526
18434
5746
4653
12700
9516
4781
11496
1987
9242
16385
2005
6930
15365
16046
15793
2148
9093
5253
14419
16874
18184
11938
17242
11971
1059
1769
7699
8723
17746
218
2739
16044
7433
16655
10881
13611
9732
1320
18777
19296
4304
5162
12655
14420
9684
19044
16906
7970
470
19953
17595
7388
3143
17363
9592
289
18605
6793
9636
379
16226
7616
1614
10973
14753
9475
2497
19656
8448
13643
17856
14910
4725
1525
14220
618
11922
18769
6032
239
5628
12666
9516
12588
14687
14280
15649
845
7811
1174
10551
13219
5096
8555
16613
15782
15231
11774
4205
13966
387
11247
16138
840
13238
2870
2832
19365
13529
11303
15795
184
18937
7037
2104
5925
19957
14678
15668
8332
17949
1199
6721
9738
18597
2279
12301
5659
19954
16590
7149
5631
10053
18112
13138
11612
9277
7541
1465
1017
10967
2909
13410
8896
9712
187
8393
6374
4370
14187
5332
7279
15036
11506
907
7050
4039
6159
8659
11299
10365
16794
18555
10045
7216
4576
16177
3731
3019
8334
9666
5765
9917
4749
1640
13757
4361
7148
18819
13861
11030
18839
17029
5503
15724
5113
5096
13628
6190
2895
4823
17111
16222
9997
1621
517
16846
128
3504
15150
19010
14040
7232
10110
11071
8523
11849
8007
17903
1205
4061
5270
4703
11968
3322
6842
9493
3719
16494
16041
2892
15285
18395
7522
13854
13557
16633
14894
8554
10510
11790
18050
10779
10531
17778
659
17150
3366
15436
18670
1945
11066
116
15717
18307
1057
3387
3818
8386
15198
19633
9189
15312
14376
18584
9725
727
19632
8726
12355
15341
8078
1082
8361
9934
2002
8678
13625
17177
17777
13380
15785
13461
7116
7832
11986
19460
5376
6265
9059
8455
15227
7295
11974
11138
4077
10763
15501
11897
14448
15068
3370
18856
7671
4093
10278
7340
701
18989
16234
1589
598
920
16355
8216
10344
11026
18351
8856
19238
14438
18105
16734
19571
14978
18175
6066
7282
4707
18085
13967
17876
2364
14783
1627
3657
4690
9017
16601
18400
14062
4402
1596
10472
18972
3409
105
7517
4945
9301
6561
11570
1686
19931
1140
18768
3513
17780
2968
14178
10046
6684
7738
19744
4143
2112
11317
5603
7447
19258
17484
5921
7118
12268
13367
13573
14704
4190
19872
7098
7292
17657
12070
18821
1887
19976
19640
6648
1182
1561
10292
8845
14862
4075
16701
13069
2694
11554
3182
4317
7378
12815
14934
140
15684
9978
5576
1282
19822
9205
3732
1485
15098
15698
10408
5279
1431
6967
1077
1610
10226
17433
9955
18944
12488
5687
8393
19765
13471
18297
9928
2467
19648
7976
16893
6395
10819
4322
16458
13637
11708
3370
19845
2413
3653
8601
3666
18867
6793
17027
10794
18207
4926
7525
4846
8427
9411
2282
11505
1578
5627
6850
11938
9766
13742
7417
19880
6229
17442
15740
750
17276
16547
4091
14974
3228
14144
2993
10096
12801
18085
3319
3426
377
10033
19628
2456
17881
11517
4867
13310
2120
5971
3825
18541
4249
2324
17614
5276
6182
633
18055
19254
1375
16986
8428
2476
19392
1369
5603
10901
13889
9868
1788
1907
18888
3524
5628
6892
1559
4987
19567
5685
13120
8107
1365
11021
1871
17836
16116
18107
18318
3899
14222
10045
6205
15299
13764
1268
5188
11051
2218
12444
8099
12862
18478
16799
2563
8684
17677
6795
4204
4284
11915
14002
12836
1653
15184
13005
2347
662
1136
5803
3341
8034
14150
17236
5634
16549
753
184
6714
9868
3795
15996
4179
19617
1145
9601
13350
8217
14128
10197
12702
19150
10148
8607
1310
9378
9259
6485
5629
6715
16454
13749
1013
14701
6833
6958
15907
3313
11559
16101
7996
718
16749
3441
18651
2348
9769
12478
15991
18784
9181
19208
3404
4147
17965
7145
2255
386
10578
8468
10637
1257
18466
18365
8422
11462
10302
15312
11330
10884
17399
16056
7000
14525
1986
9320
16551
13557
3751
16683
1610
4906
17793
3610
4182
2238
14237
99
12431
11111
15007
8967
17555
6682
5296
734
14727
11566
7551
17326
13520
6244
18712
7894
11229
13755
3299
14912
2368
6219
17024
11548
4522
2062
18937
16386
13236
6374
6805
4565
14845
8813
7560
2443
17230
8727
8764
4853
12288
4123
3211
118
13810
19637
10922
8828
6115
18648
16519
12091
8726
596
14069
16463
1886
5672
1895
16309
10016
5103
4411
17434
3563
11717
667
339
14628
10084
726
1175
15719
4367
16746
17091
10515
17249
17207
15942
17327
18929
12850
9624
11487
16679
17139
14016
5791
12547
19323
7170
10668
11135
12499
7608
5708
14653
16341
12562
17748
12556
6429
17694
19208
16456
16459
10620
6962
13206
13682
19436
6710
10967
11156
12593
1596
19343
5764
19480
10611
4152
5860
9067
19548
15780
1924
16490
15727
12854
15114
5480
19252
2290
11982
13199
8816
1202
11636
2072
9481
15595
554
5114
14094
5129
4286
3242
17427
12825
17085
7941
12081
11148
10240
1152
12478
4815
16561
13989
1483
8734
18015
8752
11407
11696
4417
7152
17661
11621
11612
8245
14908
12160
7076
4363
18026
11712
1090
15860
10377
7607
4673
775
10229
16899
12194
18260
16231
5035
12913
4295
15711
7328
18351
14723
14423
2666
11746
2307
10187
8336
14366
18924
18265
17293
16255
18310
16875
10353
5879
13857
1841
2126
7900
12938
7405
559
5994
4743
8130
7978
4845
9893
7467
5892
10542
17023
19448
16890
523
12944
4491
1648
4558
2111
4119
8318
9367
4997
14030
3535
9676
5513
9718
16084
1477
165
12103
16521
13048
14914
2337
13483
3568
2566
15630
10259
832
19452
4534
10163
13514
9932
4413
9553
12196
16833
18929
6270
14173
10837
13349
6968
13097
7240
4517
12622
19792
10380
11691
4382
2855
2336
5155
3717
1462
9194
5251
3494
537
9033
11083
14055
3478
11365
9198
4729
495
14149
5022
103
8666
8780
8207
11029
15279
11755
4753
17190
17860
16229
14832
11688
4588
7889
15565
14043
8249
15562
2435
6034
19396
3451
1101
17926
15699
14339
6114
6275
9612
655
14640
10255
12399
14126
8667
14141
16150
9345
12174
10100
16474
7936
1822
18709
17772
12165
15036
18728
8651
11798
11581
19246
3468
500
15564
14142
2864
663
91
15006
1344
5416
13639
13194
16534
12836
15442
11064
8206
8790
14530
186
1315
6642
4428
18676
8303
9105
700
10883
18088
14624
5797
6179
3239
5448
5483
5227
10061
2109
14902
9243
19308
18449
4817
8429
16890
19052
19735
15663
14106
18466
7892
6124
9663
7967
19366
18308
5414
4477
16033
1738
5351
9557
190
2324
2552
18972
2470
17763
12350
11265
13715
3899
7663
13897
7641
16514
16755
2148
366
15033
4592
798
15739
8517
2461
3265
17078
7196
1054
16584
17453
8645
14074
5988
12158
11240
1970
7157
12559
3189
16371
5022
7864
3603
1040
12753
14360
9847
12742
14506
13792
2096
700
6599
2881
19508
363
4150
2495
18306
4708
8468
18
12683
11732
11726
19106
5187
1999
8484
4252
16677
8994
19850
7164
10394
19056
10824
19048
2026
3346
15304
14241
17151
10503
2601
16992
1114
8714
9737
13086
16642
14476
11705
0
3297
4599
5626
13158
5039
18444
3649
17052
3093
7575
8525
11396
2444
19468
3584
16767
8708
6430
4862
9305
5232
9314
1650
10596
16833
9079
6185
7223
16019
2340
19383
7801
15438
7564
10586
9045
14256
6222
8123
8146
2701
9506
12718
9818
5358
5515
18820
18774
18319
5407
12918
17350
1134
4948
7456
6502
12304
14509
11226
5235
13542
11260
11845
1583
10222
1718
7825
11055
6491
4516
158
6687
873
13234
19421
13040
4461
1282
11912
9849
13587
13772
4116
19787
15019
2453
16826
499
3489
69
1573
8299
15287
8483
12894
2858
3901
10282
8413
476
1047
5688
9149
5894
15029
9210
13983
6268
8398
2434
341
4162
8430
17594
1030
11873
842
15926
19667
3500
4564
10162
19451
7544
13580
5237
5743
7034
3585
3956
730
18683
9806
3513
12212
14398
17953
16464
19682
286
16977
1916
8020
7672
11533
6549
3140
15808
2183
17761
19478
16210
15752
4957
1793
7151
15990
966
8505
5008
18834
16478
9944
15749
5916
14127
1416
6268
12349
5240
7091
16808
19743
1391
18010
18625
16486
19559
2319
10284
6149
3106
5667
15706
13451
8371
999
13771
19634
9393
12977
15703
5546
11446
17359
1419
2374
8312
3161
54
18467
15763
16059
847
6420
18848
2734
14939
9371
19561
5520
19779
19899
14276
3911
2863
18099
15753
1354
18248
8778
11013
16562
855
203
15608
6878
1491
224
18672
14305
3472
6120
3477
7443
7842
19853
15914
16816
15474
16784
8678
16851
11615
18267
618
2848
4751
15045
1421
14948
13840
12819
6056
4305
4452
4802
7803
14315
8951
14438
13912
12823
13159
10627
10338
3393
3883
4103
5681
12410
6348
14049
9458
13931
15379
9773
1811
14423
12730
6591
8985
9644
11118
16939
2660
11093
18534
10056
2368
18313
4844
15818
5314
6672
12701
7207
4896
11275
143
9217
19966
19267
6951
17663
3536
13307
13360
9824
17823
7318
17899
9083
14849
11219
10146
19859
16026
1607
7833
7426
4627
18416
11146
19070
3658
1211
9246
19919
18899
7985
4168
3093
19597
14131
6198
13894
11057
2412
1881
5496
7981
3118
4580
17147
11741
13317
815
17808
8687
7987
1396
6929
4459
9826
13818
12383
3148
15909
13156
13186
3538
7314
1005
6991
10469
9966
17700
7913
13376
13733
17392
932
18179
12808
18945
265
635
14458
1591
4719
14292
11810
8368
7414
9361
13587
19233
3588
18463
5133
6824
5717
13828
7490
344
9957
10219
13478
12377
10921
12521
3067
13294
286
1105
5020
7861
18162
2049
18908
15995
12983
12719
18221
15196
18451
952
9925
16295
10430
14330
9935
4677
4520
1723
6767
19775
6190
2918
10114
15085
9767
17344
7388
453
12465
18099
15870
7637
1026
3251
482
4975
1436
15048
7709
19686
2444
1998
8229
1654
14731
4702
5395
18403
5917
2949
3878
15186
1600
1598
5246
16244
10758
536
12030
5541
9150
12951
4375
11186
15916
17394
8220
19422
4350
14199
11542
11141
3828
13063
17634
18220
17214
15446
11603
17739
15823
12914
14160
5826
6935
2952
6552
5457
14331
14215
11225
5138
15857
16963
19991
120
10102
2535
13238
11286
7087
14644
18866
10180
7058
13096
5701
15920
9295
14515
11733
14736
10738
5510
5006
2902
16034
10878
6520
7052
17248
3323
1518
10840
8872
12608
11704
1823
1962
5207
17106
17382
17735
333
1959
14764
12294
15978
12186
1240
4202
18561
13008
5498
15990
7524
2699
2165
10017
5965
8347
13409
18218
15534
3009
6542
15427
17309
18295
2128
6541
3253
8454
13997
15367
19242
16358
12564
16628
18038
11458
10053
13419
12874
6309
8648
10894
11955
3139
6860
5098
1734
1830
14126
16950
833
10953
12282
18981
9945
10242
11478
12905
1669
4708
5888
16233
2089
14276
5284
15074
16031
9111
16414
1274
18719
10306
5500
10903
14522
5744
13070
5054
8739
17728
19042
9177
5218
12911
11776
15912
7131
14408
18965
15259
15230
6130
5967
15590
7576
4408
19487
8084
15146
7109
15698
3970
4883
9688
11284
6277
11956
17249
5475
6761
2686
230
14953
11739
17348
1246
17179
649
10977
11731
932
2567
6703
3127
1342
1412
12571
19422
4140
6458
14188
9500
13719
4601
8553
977
11208
16975
19567
13878
18845
6565
18560
2486
19252
5649
17763
11063
4619
6521
17657
15226
11604
7120
17091
4552
10385
5353
3035
18252
10472
11828
17790
1747
3335
16635
99
14160
10446
661
6999
16807
17972
19670
11297
4767
19652
11646
18929
18786
7875
11674
7470
5968
11609
16111
19501
426
19102
748
11780
3117
16118
957
2824
16999
11734
12927
6982
8731
19746
5929
1642
1334
5923
15048
18588
911
1549
19979
2868
3934
14919
508
9423
11951
11604
9642
3941
12233
18620
1781
6475
13858
11818
13217
10713
16405
8740
14197
17475
17480
14453
8537
433
8547
16913
16341
1248
4643
1796
16298
17391
16811
12389
18456
12443
15735
480
5031
15321
17199
18875
18533
9324
14831
13994
3826
11921
13791
14155
5723
9350
17952
7783
12971
5236
10586
8169
3597
10002
8716
16533
9561
3966
11886
11259
1561
3414
1786
11278
16262
9012
9482
5966
19450
10435
3336
2699
17786
2483
2139
1954
7887
599
998
7641
15144
16943
7040
8830
8272
19372
11110
5224
19763
18366
17831
4953
8164
10223
16624
7004
10215
16199
8467
14609
13855
1435
14775
886
6179
12607
478
16639
14289
19300
5520
16745
4645
13855
7702
1750
1985
6433
18071
3076
1132
5184
1243
12574
11406
15044
19852
3991
10132
12184
3690
11269
17526
11894
13224
16263
9654
7659
8246
17486
5668
3338
4859
6902
13164
10111
8570
18010
8078
18249
9702
8326
9546
1700
16779
8373
18888
1947
12886
14331
15030
18924
7440
18704
9454
8231
15518
11143
3458
3991
17867
16424
4333
7209
6953
2236
17926
7003
19953
5730
2105
11051
9182
2697
8077
15195
1626
19990
15456
13865
17284
8624
14418
5989
4502
9679
14443
11126
5671
10306
134
13722
7739
10102
1675
18459
15123
2979
12252
6070
2511
8045
6241
19231
1790
14351
12615
10015
9814
2596
18838
19213
3428
394
7724
13321
680
5721
955
9146
9880
3590
12675
7794
14407
19527
1313
8281
14126
11370
14324
18557
5040
13450
4216
17234
9029
13690
6310
11070
11896
18235
9435
6578
13982
18864
18690
9181
1240
3682
14903
18965
13914
18975
8957
5530
9072
1977
4806
1085
17323
17648
15341
15415
1014
3876
11270
314
15896
17347
18813
5051
6464
7187
14082
10989
17930
9893
4214
4784
1120
15718
13633
18816
8089
11825
13679
5848
14764
6562
11405
15018
2014
14738
2517
11185
14851
18076
10459
19751
16973
4839
7033
17076
9801
1501
5994
16152
13282
13695
3783
7456
324
10699
19213
7598
802
5847
9655
6152
9427
9801
12915
17247
14238
15825
13631
13281
13327
2460
4008
9130
19579
19624
9863
17395
1137
2135
9263
7265
8482
6077
12064
12273
4912
4176
11554
5264
14824
246
8123
11073
7761
15591
9219
12302
4432
3255
1717
4475
7830
3279
13478
12421
17427
18453
9464
3433
1771
14804
10669
17920
8020
3997
5027
2528
16672
10343
5785
13054
9673
2718
17884
8230
3942
4069
5656
8252
17834
11363
1284
283
3838
490
9936
11573
8818
6071
16849
1251
12000
8726
18066
521
15760
19628
15270
17963
11195
10445
2275
5414
15920
8630
19826
661
9188
7772
16862
10013
6493
3031
6388
4516
16228
18473
398
8244
2905
8985
15177
9774
10767
2238
6881
702
12933
14693
5697
14628
14484
11263
3377
19445
7062
7789
15854
9374
8779
10368
4150
17806
8962
19016
18701
3632
16090
6342
7606
12053
1389
6945
4750
19918
4613
6458
2258
5559
13925
12773
17587
8930
17967
18625
4359
18075
5835
13170
11503
18177
5667
5926
7012
12183
2115
1335
16845
5121
3531
12108
18443
15779
16014
4118
9221
6476
8292
6482
16376
6936
8704
17217
14811
16159
17449
8016
6003
10419
13279
9959
2256
18521
3240
13378
10231
15688
18957
7405
3332
5226
13056
8442
9090
6059
8248
7596
5066
17833
5737
6675
965
1389
4375
5814
18010
18033
9640
8599
9554
10607
16877
18116
7972
19685
6676
1740
5777
11690
9621
18950
17149
16984
12859
13106
11989
4929
13075
12457
6745
16720
18435
8709
14703
16316
11613
2766
19443
4633
1021
14776
2149
6122
16122
2799
5070
7798
15634
16707
6285
4523
17563
18541
16344
5216
11609
6742
1512
9030
7584
732
41
17766
373
884
19741
1232
13393
6338
2213
15733
10682
4256
12837
360
14401
2182
19613
6566
11064
19983
17976
19840
18032
2134
17574
17206
9772
2417
854
11847
1121
42
19125
10559
9768
12514
15646
13138
3582
12150
15350
17862
19616
15143
1975
8433
15297
5599
720
14986
4593
14722
11762
5133
5640
15097
3598
10130
9655
14972
15244
16264
14897
6993
7270
3726
9069
17861
6055
9623
16863
5620
11989
6142
8113
10050
1958
4229
13776
1338
15670
5452
16716
4929
10904
6474
14742
558
2255
8401
33
146
15386
10159
17923
3781
19026
14648
12022
6004
12188
18802
14910
17003
5502
13648
3639
17989
10394
11357
18454
10596
1287
19096
17926
19528
7263
1691
12323
7665
15887
13230
9985
17035
1750
4995
10820
2106
15618
8512
6145
11439
5333
18096
3257
19526
7323
10718
7624
11582
9487
1381
108
15598
16652
3776
16544
3482
9740
19652
13699
16260
1852
9101
15674
8890
9710
6701
16665
9520
1410
576
10916
18629
1583
15422
4805
9394
8083
17975
11710
13842
16359
4313
9546
6618
15157
16150
16216
7969
5242
15679
12665
5436
14938
19377
18684
5413
13046
3609
5613
12979
13159
13292
3305
15188
10913
4223
4901
12015
5172
2855
5017
2957
18207
14734
8809
17209
365
14423
899
16019
10116
7702
5602
6745
2378
7705
10570
14820
14631
13919
7755
7929
3143
6380
14190
223
8456
3297
4466
9570
9741
3232
1031
18264
14050
14506
4050
18144
8630
12305
10075
14538
2624
7270
8602
6952
19571
9779
12809
7695
17415
6751
11622
7519
9035
8457
8231
18811
12665
18771
14143
19369
5924
18550
17285
10178
7173
10522
8703
4276
8133
5496
6048
13975
12781
1040
7225
4210
19740
16150
13226
9310
1238
18859
3038
15186
8246
11727
14680
4821
3311
8131
9122
6219
6926
18553
11450
14234
15703
5978
19693
6204
11253
15533
16755
3038
14507
18591
9805
15992
2798
13771
5042
14678
7182
750
1889
7428
7751
18428
10780
13917
17972
18732
1574
10317
15417
346
5790
11363
16874
6165
19392
14959
19687
4414
437
4375
10909
9211
19198
13885
3353
12915
14027
4657
8883
2077
2076
11989
12386
8636
7239
11843
5955
15549
10832
19394
19321
19783
7214
9020
5319
13987
1147
9858
6880
8641
5163
14471
8126
4203
16442
14911
12473
11141
11723
55
18651
16716
9216
8555
15144
3282
9272
3185
61
18256
4866
15465
18868
8014
4008
1185
360
9268
834
5799
7317
2181
3766
1961
9109
18474
15753
17855
14531
19390
3380
17059
2080
981
9048
736
7769
6015
17536
19630
2920
19339
14784
10224
4918
4063
19246
2117
17268
4065
856
4973
15156
3115
4354
2476
18232
2860
12182
7803
18301
13420
17677
6616
6630
1966
12374
9857
17140
12808
19752
1588
2539
17542
4560
19994
6234
3500
12322
508
789
1819
17574
17669
16204
3043
18675
1915
2549
19660
7161
11178
6859
12861
12861
2849
11781
14356
14254
14741
19543
9293
19711
2274
14312
3155
2515
8425
16822
6100
9275
13036
8306
5335
48
14816
18735
11095
882
4762
8365
1328
8352
7340
15764
11785
12863
17321
7313
15496
11093
2541
16794
13127
1307
7291
9939
12405
10216
13238
2617
12260
11732
12041
5123
2963
5261
12646
1451
12247
7253
19610
2840
6312
14162
3216
12208
4186
9471
4223
10173
8571
15725
12479
1909
865
15881
14301
12541
7480
6532
10034
18170
11550
15235
214
11549
14143
19370
13295
9409
10450
13269
5531
18119
7763
1013
3487
3682
17615
12841
12638
16297
92
9854
19042
16736
4012
9899
9634
1773
2636
11577
3889
16781
6846
1962
19189
1871
4744
4779
11845
9758
2555
19833
15842
6001
10027
19110
11255
19653
17493
5288
17546
15373
11786
32
17790
17205
7009
18239
5377
14216
5815
14186
6210
12577
11158
4143
14655
1225
2975
19660
6950
11109
15287
10802
7607
18404
13233
11083
14901
14116
18357
10941
19983
15296
12168
239
11134
1860
18007
12011
3398
11076
9056
8415
3126
6584
12478
17303
1079
9207
644
15450
12780
19800
169
9959
1255
15836
9623
2809
28
2454
8079
13794
3854
10335
2138
17200
17823
10012
10571
13076
10102
2202
13931
14244
19845
13714
9045
3190
9866
6662
8777
14985
9304
19759
13438
1728
17038
3565
19388
14466
2328
13708
2524
1988
6235
14239
8521
1269
13907
12518
5161
7749
13809
14704
9230
15279
58
4348
7679
10709
14279
13882
11843
10298
17411
15605
12406
9314
8785
5004
19713
6318
11096
7875
13546
18241
1244
4272
8141
13655
12323
4426
6385
4057
19164
5710
13815
73
1810
8570
7278
5081
3545
18850
16972
3104
9479
17373
763
11759
8341
5214
17840
18943
5678
3784
10969
12942
2894
22
1803
11674
11101
6485
16786
8524
7260
6929
4878
17146
13211
18773
14667
10883
1929
16224
11403
18243
11135
18258
16423
16500
8373
8019
13016
8369
12765
4389
7163
792
18062
15917
2579
3178
2801
12331
15550
14612
16322
7645
15467
6623
3436
3514
19078
13588
8154
244
9522
13412
17274
3475
1654
11837
15085
8284
11085
11042
6538
3667
10755
16511
16212
16266
6875
8552
277
6299
418
6328
19808
824
13492
13527
3568
18800
12389
3909
1327
17844
7281
3309
2404
1888
13089
8521
13462
10192
14570
10414
18855
14324
9984
4375
3423
19134
9889
8161
7115
8794
4936
18182
7677
4069
19894
10222
18436
9295
4740
9560
3123
572
13072
3423
13139
7546
12112
4349
2220
17193
16859
3981
8468
9164
17086
7859
10284
8673
8991
7494
4281
2799
9872
14212
2507
16251
10509
10367
4576
2510
16382
18069
11892
14493
19411
12800
9957
11308
18291
7729
10333
18913
18338
9999
5575
15767
15305
18346
15350
19335
19339
5606
19858
16988
4539
5409
3086
14901
7852
19144
6432
12702
19589
18481
11698
16691
18723
4598
13559
2020
7018
2040
6621
12969
10876
15541
4468
12442
19507
16363
19900
2447
8239
16740
14048
11970
14835
15551
1483
15730
1843
7900
6851
12075
1520
17698
16080
17133
6462
18486
15709
247
730
4876
6698
16415
11669
8434
3921
3615
9648
791
15105
7642
7067
19141
9852
12386
17891
18286
16080
17860
4718
419
5938
12182
17336
13443
19136
4245
8456
1467
6042
8442
13412
11760
19078
10427
12299
16173
12498
1289
950
10206
6162
19118
3281
17056
11292
10664
8670
176
1270
5634
12292
7962
6091
6929
2103
16168
15540
7340
19971
10041
5783
18075
13505
7138
12451
16435
13151
15575
7551
15133
2316
6939
6575
3224
19798
4135
14852
10600
16574
18113
11641
3618
18306
13167
17253
9146
12519
5758
3318
6832
6841
19973
4414
1823
6369
18895
15160
505
5627
5343
14491
3922
17676
6657
9589
19101
2921
12220
4781
17108
19702
2409
17440
1734
18144
1139
4700
7668
649
15747
11240
5127
2494
6360
12944
15689
14088
18413
9666
15900
15882
17701
3036
16204
17259
1946
3501
2638
4106
5893
16300
8287
13463
17983
12199
2648
7829
10105
685
9156
13463
6126
17996
7596
1403
2683
19997
15687
14793
3904
14336
4224
3298
2514
19006
15165
18959
5347
11079
4464
11110
6799
11955
7890
15247
17538
7557
14428
9059
442
8004
11351
1224
1136
1209
7369
370
3348
11293
12404
6571
18434
14599
9674
6713
1915
16869
15654
6280
10318
16709
14091
12295
11212
18648
17254
17140
3553
9830
5030
6121
14175
15049
1488
2784
1350
13270
19935
5602
19265
19656
2187
17537
18116
9834
10289
15956
14968
13386
313
8525
7648
9429
2360
13309
9144
10979
9965
10974
11071
4889
11909
6019
8566
2933
19329
1795
9336
4319
11848
12217
16725
14203
4072
18300
11283
4554
8872
9652
32
3462
4534
15400
838
15594
6449
472
7229
5302
12790
9526
8315
9563
6596
3652
10896
10082
4094
3540
17627
8864
14447
13295
10830
5931
13241
14872
17950
12324
4559
13624
4350
5260
8764
17774
3295
13485
250
14966
9984
14208
17143
8701
11474
3776
9118
10897
14556
15674
2607
16318
7694
10221
19031
7106
16560
12090
1578
19935
17399
17047
6916
3350
16922
9786
8246
10796
19113
11177
9030
18258
608
17142
6032
8767
14084
4618
14885
17295
4734
9462
13137
12610
4000
19055
16296
13842
5648
10667
7998
16460
14074
4820
11289
15174
14525
15055
10666
18037
7718
14956
16727
13208
9545
19676
2363
17902
9219
752
13045
13665
987
3897
2009
17025
14243
6728
14681
348
3571
9644
3871
10814
5479
19756
3474
6776
6970
5147
7429
7976
9178
17233
1557
11744
13408
8082
14863
11548
617
3774
19560
19948
15190
1005
11785
4268
11699
17546
4350
9967
1783
18118
17272
6931
16475
523
15916
9518
19167
16999
3447
18471
14706
10776
8855
18432
16172
13528
9244
7175
13467
7994
1214
14032
7306
1790
18977
11001
8853
9235
19223
3659
4568
5898
3347
3798
3761
9329
17420
14676
14898
3279
15027
12485
173
6973
14088
10165
15125
8728
17911
14482
14726
18290
6673
16004
7901
17738
7309
1123
14191
15250
7361
3976
11117
10848
2321
6517
5845
18289
19867
15283
13456
9071
13247
12092
11576
10993
14551
16085
9275
11309
2859
15318
3844
14091
6404
16598
6451
4486
15920
19128
11261
2303
3679
9858
14337
1162
11633
1111
12225
12026
11487
7977
8626
7821
19576
12011
1517
12579
2159
8865
7758
216
11775
4989
12592
11259
16188
16002
6870
8306
19347
18564
16214
19812
11165
5646
5328
16947
14950
6796
5559
2615
3227
5798
8655
18758
3397
5047
10931
9227
2371
11772
7574
18483
17246
9333
6354
15253
12968
1661
6935
13626
17879
4494
852
6929
2255
16017
5643
7901
14799
17725
19695
2041
8390
5621
12312
19683
9472
18346
706
9577
19294
4462
12636
3770
3592
18554
14443
14655
8097
11009
18236
17725
12510
17838
683
16954
15810
7702
10335
9915
18879
572
6847
1886
1995
7431
7647
7412
19165
6934
13535
18673
9861
3045
18757
8312
3515
3326
5494
11255
8021
17093
12018
5409
11890
15372
10631
18668
6636
9701
12789
15712
2398
1503
16483
4914
10020
3121
11033
17345
95
7247
1655
5614
15326
14985
10422
11250
13640
7957
11620
14729
14463
13427
18723
15934
8886
10354
5946
9898
16815
458
9077
15517
17648
16410
18644
1798
3682
10498
17116
2989
13292
9228
15307
3210
2284
19202
2190
3859
2301
10915
11231
14241
13046
6233
1343
13872
1599
16388
934
19549
2781
1748
15188
1292
12870
11442
1202
3175
15200
11841
16147
17784
11297
15397
4125
18313
15042
4621
6167
17812
8999
11719
11028
5800
1018
14615
5150
15873
1019
7235
8492
5328
760
1944
7090
18316
14355
3124
13195
4072
3103
14795
1118
15499
11661
3906
18062
13908
1424
17445
14851
8276
6684
17179
2279
19844
5677
19200
7992
17158
7273
18483
1277
18016
10979
5766
6633
14478
14212
11225
18083
17105
14788
15918
16266
14491
4812
1215
18638
3768
17353
5726
3114
9058
16239
16317
13762
12185
2626
9215
464
3735
8869
6943
105
16319
18199
13417
9986
13216
19516
6746
9098
5036
1608
11163
19978
19302
7060
4444
2467
2337
4445
10593
2318
5921
9566
8940
14017
8041
19830
10442
5761
4451
3014
15344
14107
6890
8721
15319
12901
10837
15567
17737
3627
10347
13826
4368
6043
12911
17436
4033
15423
3850
67
7508
18215
6141
1524
6849
10957
4965
19096
15993
17534
11515
4615
10885
13928
8175
4359
19093
19971
13349
2349
13845
17486
6819
2394
11637
12517
19534
18080
17486
18281
10757
585
3351
13262
7716
2706
17380
10602
13010
1598
1397
3947
7593
8852
10798
13805
15854
8097
18942
5546
2258
19421
1404
16076
7453
1754
15995
8100
13157
169
15129
18813
14274
15099
18337
4870
15978
10171
2369
8847
18633
18876
19412
5026
14620
11779
12124
11858
15227
6712
1713
7917
9442
13680
2974
10885
2374
12537
9104
11881
18364
19879
16541
11061
10409
15967
12993
18980
1676
8849
7454
12645
18551
19913
5571
18064
14214
11010
13622
13417
13770
10161
5662
17954
12935
15438
13287
16770
7822
17961
5328
4374
464
3596
10695
18186
18561
300
9021
7072
18433
620
16034
17994
3219
13359
16523
9859
4376
3946
11396
204
17450
11692
12552
7411
5554
4501
18082
13084
8692
8820
16294
15073
9173
679
14387
13957
9222
7238
3118
9985
10298
19706
13651
2771
5548
2646
15319
2910
19661
17978
10444
9062
2578
325
14678
7561
7172
8738
16423
9523
14334
5239
8644
7212
19267
17301
4486
14670
716
12535
5199
18559
6752
1342
7265
14870
923
18958
15591
15164
15546
4228
18598
18866
2394
17068
8601
795
5070
16912
16836
7092
4305
6217
2752
9136
13270
7928
18488
15063
6160
13339
9794
6347
2517
2933
9826
6638
9691
16104
16833
4713
3008
17548
17610
3877
13200
9659
13004
11703
3738
14201
10098
8603
1890
8851
5877
7292
17693
2197
2215
1427
19474
3645
1409
1097
8307
3261
19665
13825
826
2762
15406
12036
9054
19926
18242
10814
19825
8733
7744
16488
19559
4674
13691
6471
1400
11992
11016
1595
14064
16223
17034
10202
18564
10980
341
8900
1653
17920
9681
9437
14047
7530
15787
12698
9419
16975
18583
3386
17992
2639
8741
17717
1067
9578
7478
11623
6459
2614
1274
10079
13379
4390
18020
19165
5830
7535
5792
16538
6409
16934
4938
18965
14343
8416
9704
17270
4832
16345
8263
2779
11389
11145
17293
18001
12773
12920
12251
10929
4116
4805
14469
17007
2638
3098
8757
11297
6169
17519
5244
3813
16060
13382
9288
17464
4239
4005
10864
2384
12380
19299
3940
8683
8171
6781
14216
5577
15697
13955
10785
13293
17351
6688
17707
10635
8645
4082
15838
15338
8552
18511
10797
15061
6501
4868
8205
10380
16112
16471
14814
12094
420
1590
14134
12495
5062
12239
8618
8135
5593
17186
6898
6157
13799
3221
17304
10005
13631
6187
3906
5543
545
7983
4875
15761
7691
4022
2414
13945
18642
18359
11920
4481
14337
7315
11811
5101
5838
3575
5601
19879
6316
121
259
524
6849
9735
5382
16686
2717
8617
18580
7147
902
2333
1293
18477
7993
7435
4371
380
19607
9232
9288
965
19666
11742
14592
12118
8447
636
136
9706
15964
1433
19159
13433
4014
6446
16732
11901
7224
12496
19013
12905
18163
4900
597
18465
17165
8050
1335
18496
19463
8134
42
9739
11751
4520
6627
823
17629
12218
9201
7370
11909
1321
14517
17161
485
15444
18766
14527
13925
18074
15719
2891
11890
12169
2267
15930
371
18189
12371
1987
9309
13799
15876
19060
17025
4455
10327
18336
5434
5574
6962
11677
3573
15777
11897
4904
999
12942
12131
1544
9720
4614
14925
890
10256
3808
19965
5680
19884
15990
14593
15597
11747
12014
2792
16124
10733
5922
10997
14288
7432
1195
2790
17620
7883
3591
309
4201
16497
2341
1330
9713
762
16520
19783
8337
18678
4835
13256
12065
8394
3354
6572
173
19348
1724
825
11162
3626
10754
18886
9316
15637
558
2585
11675
3864
8141
16148
7153
4574
3739
9066
9903
8650
17896
17693
10548
3220
8859
10092
15142
14261
19903
17585
1238
9010
7029
17387
10125
7643
15089
14603
17625
10299
4974
19992
18710
8192
2745
16250
10610
2530
244
3319
3991
815
9049
1939
12854
19270
15423
1509
15281
13477
12931
379
5608
5598
13701
5074
13088
10341
3418
19875
15756
3164
67
16158
9552
18787
7719
1193
18597
8059
16830
18557
2762
5906
12988
1633
5306
16763
1160
6383
11191
7476
8919
5475
10236
18399
16503
14839
4364
7752
169
9308
10349
4386
10631
19136
2090
2670
8306
18711
336
10233
7007
17577
8135
16089
8076
13187
13971
7017
11622
16055
1172
8829
6136
12439
12623
13442
2885
13560
15363
15517
18181
1274
11675
11288
5852
18536
19784
8274
4079
13969
5418
15634
3031
6336
14133
17476
3894
2883
5571
7270
17270
12825
19066
12333
10776
1351
877
1176
19683
14532
12335
3351
325
6137
10156
12972
16880
6855
2470
18630
5573
1319
4541
13670
3152
15663
9275
12782
10024
10121
5070
16684
2703
4968
1047
17945
10589
11500
921
6055
3225
19310
12468
1546
4531
1639
3690
8260
16853
16869
8178
8283
3483
12079
15015
1601
10618
5288
8983
17605
17145
14326
7916
12723
11444
10485
17944
5861
7731
18277
15275
12815
1002
8799
11531
6591
18884
685
3231
16105
19860
14477
2641
2895
3481
19665
16382
7726
8306
10046
16669
1781
9764
374
18524
4472
13939
3751
7256
19178
5840
14148
8795
5899
2976
11359
14137
5178
1520
5254
1899
16821
6806
811
11792
2115
18321
13066
13151
3239
14964
378
4917
6811
10270
3426
17584
17587
17866
10881
861
9183
1698
18916
3280
14762
2658
756
3607
136
2831
3036
16595
7005
17360
9541
8619
14529
186
5793
18904
4498
4536
15506
1239
18930
12642
3141
1389
18916
4237
5411
1626
5492
10760
18688
15624
1479
15453
1672
15883
13085
759
18890
17407
7637
1383
3634
3750
4611
11509
7319
26
9981
18408
17638
17630
11176
11110
8185
13368
10442
5616
14113
15630
14992
17726
13499
3718
10961
8623
17203
3758
11869
13731
4189
14706
1866
8295
11170
5812
4045
7953
19602
14127
2226
121
13123
17863
3931
11048
15401
2228
811
15843
15
15290
11362
16483
12642
3105
12100
16153
19026
15408
8327
5595
13325
4211
763
4876
8120
16788
8535
266
12964
344
1174
8730
4283
10769
16859
3230
13621
5729
8917
4496
14996
13755
15477
14305
4995
3092
1720
15168
19037
18085
16205
3966
13615
19903
19929
1001
271
9129
19025
16027
16447
4242
9885
696
4942
10047
4302
4583
2513
12284
11281
14385
15309
7245
16098
6238
10479
7172
12120
6364
10677
11299
14017
6986
17899
13643
2304
2564
7632
7822
10627
4200
19264
9857
13269
13373
5933
1316
12543
4323
17931
5154
5491
3798
16915
10854
509
16654
14196
14164
16724
15940
8244
18634
18257
14704
5099
6192
14594
7999
7183
3927
13609
18430
9891
16229
17042
9189
15486
4818
12179
18867
17314
11470
4010
17519
11516
13967
19881
11958
3064
7949
9188
7042
902
15669
12894
17082
11311
16772
3623
7874
2969
19806
18260
1366
12264
16774
2283
652
17152
15943
19054
2331
11161
18135
9284
10789
1093
5497
7145
10519
1008
5941
16558
11684
6626
17941
8767
10859
2844
8960
12334
4145
11375
13400
303
8193
19603
3984
9164
2716
8996
9705
782
634
18906
10725
15804
17412
1875
7099
7880
5774
8868
5349
4466
6236
11555
8875
4642
11906
3621
11988
10596
508
4450
18928
2420
11419
6406
6245
5014
14988
2918
12637
18652
6487
10868
6349
4227
11157
15345
5609
13208
9458
18882
17719
15939
14332
9277
10683
19688
12066
19826
16949
9027
10127
14223
7409
12994
13781
15568
12181
11641
16769
3824
323
16553
6431
19033
7593
3182
4348
15143
2570
4150
9687
1373
17159
2351
1940
6745
9070
2851
19683
4302
15187
19189
6051
16865
19961
5074
14793
1077
1453
12315
17646
3365
4535
3958
12614
18826
12424
12889
16091
14239
19848
3543
3148
4304
12390
3783
11059
5309
4931
15801
16905
1035
9081
14376
16809
5919
6169
5175
5684
5860
19018
6716
19035
13967
2599
6029
19356
19264
1344
6719
1006
15343
11745
9938
3497
2374
15682
12455
15023
13079
7932
5596
1721
15809
12326
591
758
11619
10906
2391
6246
10281
17670
6662
12770
173
2765
13060
2460
5992
18254
3058
5448
10631
4398
9150
18632
15376
16678
9366
11764
2305
832
4496
18078
2952
5527
5729
3101
13912
9257
11022
5603
1006
1478
5283
18294
15448
935
17258
15167
7230
3121
19820
202
5926
7463
8672
1567
3516
1947
5914
8982
10398
7133
2483
14817
12676
806
13547
12237
15216
5403
11969
14698
11560
5313
6196
5206
3682
2576
10713
3143
10611
16437
7772
1736
10442
7982
16298
18402
1010
5456
6973
11194
11990
8914
10421
521
16685
5050
9421
15517
9217
19928
8604
9294
13986
13381
18947
18307
256
12362
6562
13130
10012
958
14730
16779
11722
2451
6506
12974
15145
343
1719
10041
6553
9343
12659
921
16713
5747
9498
11597
863
10925
17515
12359
15594
4370
1642
19095
527
11891
3037
296
3145
13767
14559
9603
9498
12536
17464
13819
492
18544
19568
5088
11281
18370
3141
9404
18819
1591
12618
9391
3025
12542
19436
956
18787
13212
9015
358
13464
17307
7235
1826
12948
14054
14774
18505
9268
11062
19504
8046
11736
13990
18005
5107
6745
3162
9396
14116
9085
10327
16757
12954
10968
14696
10044
11255
10577
14861
279
14758
10323
823
8012
11238
13112
19828
7277
19870
2839
1906
456
10704
509
12080
178
19749
14565
17602
14564
1368
2546
16610
4285
3208
15624
4355
18205
3697
751
7845
93
4736
8570
9074
16285
11275
13079
17056
5371
7441
18410
11224
3643
3863
13384
7657
8102
7780
17388
9955
817
8464
8935
9741
13241
10660
1430
1207
10689
12730
2280
4895
4660
10029
8715
10097
17954
14516
13140
5103
18130
12627
6598
1271
3862
6352
16223
62
11271
7111
13429
16581
5794
8116
8309
4371
446
19008
10572
5023
2639
4076
14712
9960
10725
19301
48
8921
11400
10251
11716
13384
6217
10059
10225
4624
1678
13487
3881
6383
367
19060
7250
4913
13019
3825
7626
19190
6344
14462
15715
17475
8560
16105
1775
18056
4122
13939
1211
4588
7158
17172
6211
16778
2525
4355
3019
2776
19189
9383
2712
18306
18405
10753
8817
12456
19259
2187
8750
17618
12612
14593
12878
424
13453
2822
16078
5464
4289
5901
15242
11677
14858
16476
7845
8249
1534
11784
4207
13310
19566
5851
4085
7690
13092
3696
19849
9631
9822
4818
15435
19121
13869
9813
12537
3743
18104
12702
18568
4451
3797
17839
3388
6298
11046
25
14043
7297
725
7972
5903
3728
13400
17691
123
17141
8320
16828
14221
18829
17232
2537
9782
19626
17507
4143
1401
1264
9969
14185
16849
15384
10844
3364
7153
18161
2191
10201
11153
5241
3364
1074
7055
11148
14825
846
7831
4070
14390
16272
5887
18652
14975
5995
17746
8708
12776
9097
15811
18020
15530
9170
6772
16454
19498
13017
19460
1576
10711
18020
6918
1270
12731
2022
10572
4624
10664
5629
11237
17162
9077
16717
986
13610
9520
1498
12906
432
4515
9399
2071
5612
19870
6980
18776
369
855
14325
19881
1670
15951
18014
11278
4183
1753
338
10933
10093
15041
753
7523
18515
12171
7278
2792
18834
3822
15126
14845
3905
7952
17503
4687
10581
15221
11055
13640
6069
10117
11576
11241
2396
19105
19919
8976
8462
1047
14675
14296
8627
7713
15780
14398
14975
955
13165
7522
15227
1900
2734
4868
5745
12081
13723
4142
11422
13735
9734
4198
13896
10264
2932
75
13549
1726
11775
4843
1210
13871
5183
16055
14144
18137
11069
19680
10730
2313
18249
12325
1466
15008
4230
16506
13042
13917
10101
12767
1712
16181
13353
12274
3423
12773
12630
15079
19942
3381
15739
14176
13740
2405
6096
14635
13744
5927
18528
6325
1906
8624
1981
7265
16413
19180
3490
17636
3386
3846
19123
15511
381
11193
2060
13405
2776
4201
3147
3919
16804
2249
9051
5812
6736
19438
13650
3408
15343
14896
10243
10213
3347
10983
16391
16527
18620
10140
6154
10149
18468
9373
17191
1096
3948
19378
12730
3573
12209
6309
17726
6679
19272
8845
14676
10547
10274
12437
9442
2881
11300
4521
17543
16653
2927
19529
6645
19201
6818
2278
15674
15933
14591
9665
9921
15355
2981
17590
8940
9242
12164
6751
12375
17521
563
19934
4683
14911
16884
14552
6017
19844
1595
11442
14401
12837
5947
17840
19049
2153
6014
16385
17558
1617
6123
10447
16795
12176
3602
3736
11088
1646
5224
13621
18160
8627
4794
6694
1227
15331
115
15937
19534
6646
11120
5215
7484
18237
16205
13037
368
10126
16928
10866
9800
18581
1690
15395
15497
12277
11079
8710
719
5843
2707
12596
11867
12524
15592
446
1721
9126
17656
5451
19701
18936
8591
2861
17527
9488
18035
8366
5265
3343
17066
14085
5480
15505
90
1489
5475
15364
11768
2656
375
18738
17955
2785
2543
1947
4056
17683
19970
3612
8301
5985
7761
19921
1926
595
6718
2420
541
4510
7609
10363
12045
10843
15330
19252
16814
1707
11604
7141
12683
18638
7573
4468
6361
14281
1174
19049
11060
13973
17368
6691
12889
9889
14710
9695
17738
1690
13555
1763
5820
11175
4620
16396
4553
18332
9117
15989
8018
16640
2198
14935
10048
12056
17402
5892
16614
15363
5215
9180
5902
16077
18565
19467
1765
3808
19687
10901
3493
12330
15164
14263
10333
18242
17406
7555
9896
3331
2685
8027
11809
12289
9417
8431
19659
17936
18939
9733
209
7851
3207
11799
12106
13049
16733
10564
15636
19632
514
16019
10079
4438
1940
12293
6282
17731
3485
19325
917
68
5624
11176
4074
14917
8666
5667
19308
6478
4806
4662
4032
2851
512
15962
18568
6011
17946
18543
7719
6149
10421
2000
12329
8882
8217
1060
8278
5987
11959
5647
5478
14900
16476
4792
2622
19411
8287
9538
5550
10605
2854
19086
1921
10375
8175
6053
13500
10308
1773
4109
14760
2751
1766
14965
19304
1362
10306
7154
1800
16981
15153
1704
12757
11971
19767
18971
17157
6497
10681
5907
9120
11777
15404
17746
19496
2710
18806
11151
10723
14459
14257
9733
10910
1748
19846
1905
14951
18775
1016
2906
1248
8206
5276
6741
10428
2325
4932
3839
5846
9230
3316
9169
17023
8491
3694
9374
8974
15986
15732
4762
13574
3831
13109
7201
2047
1979
2772
7819
16509
1267
10412
11228
2260
8649
5108
16636
9676
864
178
10565
15242
7762
6369
3853
8214
18547
12190
2644
19751
1874
3076
6021
15617
18750
8983
12144
16453
3466
8704
17561
11850
12038
13811
9581
10410
9937
11645
15987
5719
16774
9299
13149
3762
18369
848
4406
8648
7657
14485
5092
10930
1064
7425
4332
491
2584
16374
15981
11749
9386
18872
19947
6385
12963
7439
835
4857
18436
8598
17073
4082
10973
17971
574
10588
1285
9548
8349
4605
10067
8524
4190
809
10779
8330
9923
8214
13526
19446
3334
421
14777
8914
2391
14688
8107
6044
18841
16532
17043
10839
5282
13505
3557
9682
6685
13042
1582
11587
16573
1104
9353
17297
213
17862
8372
6034
7527
11365
264
10432
9527
17852
3936
4888
8883
10992
18656
15793
9790
11988
5814
7173
6965
11672
9768
5347
16092
8738
1614
16131
8298
9113
7818
6590
10893
7756
7236
8843
10529
1835
11312
306
10970
5872
17479
5113
2622
14957
13278
14877
16406
2864
16337
10583
594
9117
464
5850
19438
16270
4703
15572
14259
18685
17588
13103
8093
18349
17091
9549
5617
8018
19929
16832
2993
5415
6455
4869
2299
8548
2222
12522
14668
7502
13539
17173
65
4032
9882
97
19250
15734
4939
11977
16103
6891
16260
12470
7681
13209
2091
143
16466
2072
4532
19518
10714
12627
9695
3079
9970
15161
8566
12389
12892
12989
14361
8499
15660
9056
8270
4802
13567
8171
18542
13094
11607
7791
4457
18052
19950
12012
15416
9244
1021
7188
3268
8842
4652
10721
12269
3793
647
2608
14692
18792
8996
13824
4449
232
5397
2432
7556
9879
12122
11155
7694
10987
5075
8504
4013
11167
6366
3188
3233
17754
11222
4996
11150
18837
9192
6450
13155
11447
2470
4888
6920
8166
18673
806
18902
11459
17221
16258
12698
10477
2011
19728
13970
1401
11778
7961
14857
279
10625
10814
16718
11859
17029
19025
9641
6736
8969
8484
14451
16388
1068
17196
470
16767
6657
17511
2037
1731
7195
19544
7816
19520
18041
11214
11813
17589
12537
426
5770
5509
7184
10232
8329
14031
17778
8114
19351
3926
10080
13627
13891
2558
16407
16806
6101
6803
10018
17216
8730
8851
11401
6508
7010
4240
9218
10813
8440
5362
15184
16830
4205
11505
11437
15877
917
2034
19962
3567
256
3364
11194
18311
2361
16649
11857
1538
10307
6015
18462
11697
6294
6730
12314
9420
18900
2456
19040
14172
8022
11196
17221
6326
2348
9389
19871
9421
11209
141
18830
15227
8475
3686
17175
14579
2834
7495
15127
10045
17743
16286
3398
16173
501
1090
1487
7167
6024
16515
12063
13893
14402
15975
17328
5051
19596
8967
9783
10535
14038
4911
5873
15804
11550
12685
3838
5967
16862
4119
10969
13927
14314
12439
12523
16881
16906
13440
11341
13391
9868
15445
19234
10057
12003
18898
2588
10117
11334
13017
1082
15494
9616
6871
10025
22
8384
5909
7704
994
2208
13550
439
8088
11780
14892
8392
6210
597
15164
16223
2567
15602
17532
1029
15794
9632
19303
5930
13694
4787
11630
4983
18272
9941
8942
13092
14955
19292
11941
12281
2244
18595
14152
16981
3866
3663
14691
16931
5815
12986
17986
15
19749
9796
3713
5463
6494
1820
644
3973
14941
19791
2554
10037
19607
16360
15114
8427
14476
561
16921
17957
12802
14130
10541
1016
1291
11003
14621
9989
2271
16451
17458
8403
15898
14802
19959
1973
15846
15290
19018
10334
1025
9187
4891
16886
9160
980
16028
18411
15356
6729
5854
16733
5170
1586
13992
9924
14595
19106
18984
13495
9281
589
14252
11253
14909
12176
12851
6727
17986
7274
7954
17436
14337
11634
12439
3578
10398
19566
10432
5535
3253
10422
14675
4070
13495
5624
12629
3995
5726
1069
12303
17275
15079
12974
12109
7335
3474
2447
17021
5902
11268
7036
8502
15107
13013
19909
3496
7293
15650
7129
15806
10886
14135
18896
738
4377
2423
3656
15225
15462
14100
19584
6997
4092
10072
5348
17292
99
14444
1288
3852
4858
14445
17802
3906
9094
9728
3207
10913
19285
11384
3081
12341
6504
18167
14261
2237
10523
2997
8769
6835
5817
8344
17788
9749
5208
13674
15590
8872
17347
1375
14542
18416
13910
78
16948
15241
8649
6647
16335
14895
19280
5733
3930
3313
2029
13468
11461
12340
639
11678
1527
19286
17427
3476
13405
15114
781
787
4915
5074
12935
9421
19830
16649
4072
9830
3479
13395
18802
15306
9471
4930
18012
18339
17562
11872
16896
2675
17647
4562
13397
556
11118
16408
8005
10119
5484
12895
3018
8881
13540
7685
3238
19201
4847
5954
4594
3229
15817
13884
15374
13658
13569
14608
7852
7727
2041
4499
6102
10636
2825
9684
3385
3013
13559
8946
11399
4232
4998
1193
7125
4161
5282
14890
494
10475
9729
18223
9997
15679
1126
9733
132
5344
15132
3756
12714
17643
2897
10634
14769
15282
5176
11254
4080
1133
19419
16008
15961
15466
13832
4851
12179
9132
8974
16915
19844
8994
5606
16409
7416
17276
12315
17301
3178
11845
10687
8108
8197
11868
8100
13951
8052
14288
3219
4309
17413
16668
2339
6146
18026
5314
2551
15995
19807
5327
6518
6452
12530
19957
5738
13582
16314
7956
11424
6969
12352
11246
5645
18872
14103
5302
17215
3819
8024
18727
12420
1897
1911
16695
13939
8417
11502
17187
186
849
13579
15355
13651
16643
4424
17223
10145
18979
1856
17819
2160
6348
10838
19567
5462
14351
15938
15993
10749
2594
4169
6983
4758
5180
12476
12882
15739
709
2294
4710
12911
9335
7523
1173
16633
10507
17933
11762
16011
13853
650
8663
14315
6622
10953
881
19409
5629
7536
18022
6832
3922
3127
17527
14345
3001
17540
11425
2121
9336
14350
1282
15396
5906
934
3903
5105
7973
7924
18785
4279
3773
1007
7060
13779
4157
18176
8128
13754
7292
19935
12519
12042
2647
15712
12154
19335
16418
11652
13927
1510
7360
11486
2136
1866
1291
18346
5368
16145
3641
2711
10959
14171
10879
6794
6672
18461
4129
1077
3043
1333
7590
18879
903
6301
8544
18035
12486
1850
11300
15254
18467
623
18927
4745
11908
6840
3508
19104
9876
2840
11986
15913
15148
16730
2575
13028
19387
2849
12694
19282
15462
15143
2961
1730
18772
10776
6435
9037
17837
13959
4168
15799
18795
1524
10767
3362
2377
19629
18553
6292
632
2698
9360
14577
17771
3140
10975
7208
15330
1536
12884
3867
3256
9681
10384
16577
11342
1237
15904
4503
9608
14090
16321
68
5567
5775
7789
7942
5101
9451
14955
19320
1110
3805
2912
1998
13589
8187
15159
6972
6471
10114
13989
17561
5788
19019
17078
11618
3724
17199
18896
7064
17166
16111
15199
16361
8034
9731
156
13886
11286
9169
8057
6227
9260
11770
12605
12822
8801
10195
14896
11128
3911
17041
18718
11686
16605
972
1116
10529
11989
834
3981
8496
19569
1329
17687
4464
475
13490
10623
18322
689
8589
15253
12102
10603
861
9973
15030
16222
10089
7960
15320
15978
17379
4044
16473
2317
10693
6954
19024
13716
499
6807
13294
459
5703
8275
15762
16924
12292
9682
3101
4549
13095
3640
3417
8551
2801
11142
8569
12191
16812
17656
12348
9029
3072
748
19616
5763
15447
11461
16676
13318
1353
11131
11140
17257
5458
14179
1509
9585
12227
11528
1330
10043
2667
12107
18043
3245
2116
4887
7973
18355
16367
9700
2966
15291
4766
8493
4407
4747
17087
10926
19785
19448
6175
6402
7712
19525
1344
19335
15148
12172
16557
6090
3028
14533
19580
18021
19841
2128
3473
17113
11589
13273
573
4915
11214
2661
5158
8634
2539
6496
10383
9668
6105
12063
17729
10423
19319
18504
7390
12193
16571
667
3575
19928
19719
15102
9225
11564
2543
9097
3287
18904
6072
19837
17104
11061
12518
1748
4680
3895
18425
8608
12049
6560
4102
17189
14520
11207
2854
13932
853
123
3639
19895
4030
3122
7413
2138
18034
1752
10744
10549
17435
18628
9258
19600
2685
7508
16638
9952
8155
7467
13888
7735
11916
14973
3795
3809
1019
10536
15736
4826
6513
200
15306
1160
1565
2276
1025
6860
11569
7225
18786
3912
13372
12163
1010
7910
6251
7121
2967
7002
3556
667
2462
6930
19819
4590
4667
13180
15706
83
16678
118
15951
6156
17872
11222
17463
10060
7603
16319
15294
2422
15365
7749
19940
4278
18211
14608
3935
17015
15507
18738
2821
2798
2416
1272
1821
1968
19397
18425
2446
12783
11160
15629
13848
2168
14251
12222
8043
2952
13816
167
2390
805
1294
7262
18428
684
7686
1803
17244
10157
13979
7788
9433
7502
10030
17181
19654
18782
8576
2739
12647
16765
18170
14410
13447
15861
17574
16237
8444
18720
15047
4578
9792
17057
109
6168
10062
3675
5915
2630
12582
10251
18379
2246
15451
11595
11826
7087
12881
16101
4635
11207
10259
3539
13947
15582
1209
8949
183
4280
12896
13258
2962
5901
16780
14741
7914
6115
17463
4391
13624
19916
14575
9946
4416
9624
13332
5549
2270
4634
16059
13398
3596
8442
10103
6815
5958
5750
8312
2563
3670
13403
3549
6198
4581
7549
16911
13944
1569
15322
12467
16719
18735
18027
9978
17185
17792
17189
12010
13347
16090
3783
12749
17196
12858
4709
14949
13796
1923
671
8868
13266
14581
3526
6135
12579
3544
7958
14406
6548
2626
14297
15420
4640
5254
14466
2758
15328
14445
14780
18274
9579
13858
12758
9120
18027
6305
6202
8645
5133
14545
9557
4089
15866
7539
4330
8250
4894
2831
9612
14399
3849
160
6147
12967
14751
5771
3123
17779
4955
16708
1314
18164
7858
15480
10893
6493
7692
18585
2060
13258
8206
11545
1181
19397
7902
14822
17885
11993
8425
4146
6450
9978
707
17090
14187
874
3533
9244
2438
7716
2096
1489
9435
10681
17848
9941
10342
5045
9363
13657
8572
18545
8256
17919
18656
16280
4274
18679
13973
14695
7282
10146
11813
12011
18825
4315
10143
11773
5297
11960
14807
13770
3212
4814
19666
73
368
6016
7683
16604
18846
4792
12075
7433
13080
2665
8374
6182
9296
19863
7387
9026
11962
8794
15936
19235
734
12370
13924
15691
9385
15303
1710
3364
14687
16403
6532
10445
7929
573
17752
13495
465
13941
19774
414
3358
4981
9726
16276
9756
15626
14515
17381
10873
14653
4217
19532
3626
10171
8829
7169
12541
11656
11702
6344
8204
15503
8304
17326
7040
1340
15432
19917
4359
2069
12298
10913
8494
12917
2876
11713
19116
3246
15379
2270
19226
11822
4694
10465
19023
13196
3794
18287
13795
9436
9190
14540
1109
6661
3665
11194
18447
17055
3517
18053
5844
16301
2002
7506
11670
17343
19661
8715
19532
17750
6978
1340
18235
16367
11931
13447
3519
13774
17992
7510
1914
13064
14542
12048
10851
8415
15969
19618
17655
13938
14228
17691
1017
9085
3007
14865
5910
16204
13335
7240
3843
19396
528
16417
18120
14271
6715
14485
2090
4356
8189
16771
3005
3365
14148
2681
8897
7660
1318
13125
11464
16212
6769
9831
4548
1040
14300
11020
4312
10682
13999
5638
15336
16897
9984
19122
2194
16182
18189
3739
575
4990
13428
7280
11954
7362
190
14063
13394
13424
9853
17094
15332
5194
15916
16277
8407
4402
5159
2119
8498
2000
6282
17204
1326
4671
10351
3296
18962
14172
15002
1452
5634
14815
4685
7061
9792
929
591
18580
15930
5876
11286
11962
18199
11181
17088
837
12385
8899
18530
13527
3866
10341
4471
11036
14807
13431
13354
1929
13954
7959
6954
9189
17138
639
15757
18398
3490
18288
13520
16277
15346
6606
4890
13624
4124
1472
1659
5173
14946
15678
1018
14579
1022
15790
9906
18522
17385
10926
19183
11580
4789
4073
18911
3401
10945
6022
17460
846
15595
58
18078
6975
6117
12824
6044
5401
11347
16155
17112
13830
7393
13292
15542
9592
6456
17606
105
15299
19188
9991
6055
8945
8820
6470
8277
11038
5776
14246
16602
12949
1152
2568
5644
19043
3321
771
797
14479
10560
298
3339
13498
16838
16370
16620
9209
16246
2100
6506
13684
14858
8572
17284
7281
11628
16844
2386
17985
18588
9972
6940
9801
11933
17619
8810
18011
19299
4386
2631
14544
19784
5233
10322
15391
18352
3829
14557
18238
6517
15683
3672
1932
5050
10979
8150
12202
14347
2818
7830
8089
1375
12998
1793
8092
11585
7214
5609
3839
9038
696
4925
2073
16159
9675
12085
18570
2775
2370
8762
1233
2879
5524
5229
18053
14379
1840
8484
2631
10356
8842
9966
17756
10758
15472
13217
6235
11270
7514
5334
13955
16449
19531
14369
12900
9224
13990
10665
5451
16379
13611
18028
18067
3201
8309
17362
11096
18855
7752
1234
7881
576
1286
7434
4463
351
13497
14666
4020
766
11436
3673
11932
18114
6655
3871
2756
17013
9487
10427
7577
15903
14812
8555
6270
13828
11720
15986
7393
162
5946
4135
15173
18160
6068
10489
2381
2617
14625
15513
4363
16089
1397
17824
15461
11468
19718
2631
5827
1689
983
10551
1783
11136
12233
2788
4885
3929
11358
2539
1063
11072
1080
2223
16757
9345
5669
3623
4919
14878
14020
909
12805
5604
16510
14816
17727
10813
12322
18084
3131
14275
4378
2536
14176
17211
14138
18933
627
10634
11925
1707
4437
13148
13858
17156
13854
2969
18367
10779
18387
17874
15744
15291
5427
12058
4428
6657
17458
461
9185
6102
6025
772
1647
9592
996
16782
2920
1109
17417
2163
4348
3480
7566
1346
6777
8421
17029
1283
5882
3688
6600
4956
18172
14217
10266
14208
245
7796
807
16361
15334
17613
18133
9174
1490
7177
9166
1416
2128
3356
17512
13801
8632
8607
13586
1875
19413
4059
4023
1321
11155
6310
715
19824
14482
16439
10917
4876
7577
11496
450
818
12379
10982
19054
5078
13426
15917
16479
3150
8632
16742
3766
1915
17713
3062
3581
6586
3842
10816
18805
14315
16546
1584
1342
15874
1573
8626
2783
6473
7022
13968
18337
16031
8417
15498
8769
15353
1601
11210
587
18633
11359
2682
3991
5411
5922
19098
11382
12184
11404
4908
11902
15883
114
12128
1065
11558
12537
3834
5739
7306
891
1452
9906
3785
11549
18592
6412
9028
9593
10494
13260
2525
8863
19238
7908
2396
15907
17707
5083
10283
5220
9669
10687
2713
18904
2066
5608
5102
2831
15364
7065
17344
19197
4619
9868
10984
5821
19820
15681
18147
812
1837
1162
6237
234
7019
13509
3052
11239
2774
13270
1553
15559
1522
13570
4342
13203
6716
1142
5359
6865
9256
10200
13784
14056
7257
2895
15125
14741
9668
10070
7849
18410
5739
295
18723
4084
3137
6587
13521
14991
11631
18183
14840
7096
1317
9602
18990
4220
1273
18587
1321
2216
18015
18324
4199
9445
9016
1901
376
268
13291
3273
18837
5058
17742
15075
8949
6132
12395
11447
789
17048
5521
19923
14041
2734
3186
8297
2851
1003
5547
3781
12819
5617
2106
19175
2402
18587
19460
1761
9148
8902
10747
15890
18500
2339
1512
7608
19891
5196
18190
4338
10497
7561
5845
19058
3293
13590
6481
4377
17259
15403
11788
17923
7203
1910
14647
18224
9155
6783
10481
3497
14719
3147
7490
15273
9485
12200
11172
14569
3218
18508
8653
3438
2730
10601
4037
18273
5407
39
19464
129
1513
19648
4408
10790
4969
15309
17114
16755
123
3847
13544
9263
7460
3603
7601
9491
4517
13755
18147
7156
2610
4961
13846
962
1999
464
8458
14508
19456
11316
18186
15918
2533
2763
16081
5476
8243
10760
6693
17146
2720
18549
3706
17885
5826
9446
1315
9839
2748
14085
2124
828
7151
9679
17141
7913
16878
2333
3800
4963
2394
677
8821
12381
13557
3002
11188
18583
1660
8269
17419
11790
6434
18244
1259
15867
1536
15361
2044
9433
10357
12594
6041
939
18159
9232
15666
1716
12761
5137
1879
2587
15487
14396
7545
18240
6329
1089
7046
10917
18830
19472
2980
13386
11337
1147
3694
8420
2462
19833
14283
19353
16364
8713
8766
3369
18844
8639
16706
8457
12533
1739
15858
9644
8489
12093
19350
7052
9829
11599
11948
16219
6626
5211
15208
317
2316
6120
16336
18153
10616
11490
6493
3863
7872
4632
7300
3948
17907
14102
7380
14378
839
17108
16865
14479
988
17261
6848
12147
10690
17286
14295
10294
12464
16411
16962
13240
12097
3559
16404
7167
9644
16895
1663
16870
2150
9068
16157
9224
9960
12002
10692
17896
2797
7390
17656
2274
18344
8063
10213
19646
6418
11835
5685
13147
152
4582
14560
16186
16143
19601
4283
17251
14232
3488
4506
2804
17219
15076
3559
15478
11159
6625
4032
4476
6012
2786
19792
11638
9575
18985
18612
12421
7557
9182
9919
18914
12794
8122
18440
12950
2789
12335
1879
1045
11764
14380
13742
3936
1074
5824
9488
14053
16513
1015
15980
12262
3486
12819
19606
19882
5250
6798
18289
12282
14432
6091
3867
4823
6244
17164
9273
17586
3287
15996
1902
15286
17575
14213
3701
4531
1412
9739
12840
1496
17754
9480
9559
19532
17785
300
14181
17630
11743
16562
5617
7059
12238
18927
9890
5219
602
17084
18825
13905
10349
5129
1563
5025
8796
19244
2589
3442
13434
11078
11284
14056
6090
18686
19973
4190
127
5320
4162
3890
9592
4564
15539
7516
6230
1349
11613
17313
13164
11509
7901
13636
9357
18470
14811
8292
5106
4854
10919
18163
5741
13434
13454
14385
820
1848
8473
13035
5509
9184
8852
12546
7371
10373
12972
253
8765
9850
4693
13334
11936
13374
18137
17662
17407
7858
1810
14801
3008
516
8921
5510
15507
1692
5723
10593
13178
8928
5269
17736
11520
16728
911
3904
18893
10145
1607
4660
10092
6064
16119
10614
18576
13435
1604
14424
7274
10476
8558
6320
19997
17821
14645
4229
11080
10688
1126
7353
12913
11863
7782
19481
260
1665
17186
332
13387
12718
16585
8579
9680
18745
7565
19033
15700
1760
8235
4219
17409
17699
17160
14015
17348
9654
9736
13668
10727
2214
2696
3208
14322
16113
1951
9017
9796
15424
14648
7626
7762
17740
18905
13809
8661
2530
18852
7460
12033
6376
8637
5629
8101
11512
14831
475
13804
19397
1899
12182
18548
8410
11467
3957
6579
11024
2104
10143
4538
13353
16613
9072
7249
17605
17201
3621
17764
6470
6951
10873
18799
5436
8532
13081
1248
19660
12510
12994
11746
13016
11257
7512
6885
19065
11383
8370
1604
2162
10149
12919
19261
15184
17143
19132
1526
6835
6398
18490
6307
9085
13272
7887
15899
4860
13851
12539
4037
292
12572
17072
3144
13894
12644
9022
1199
4821
5924
4833
6291
13860
18014
3473
15003
18508
4546
5334
19023
7852
6175
17003
1080
8797
1286
2926
3102
11932
15233
5835
2042
16783
17863
1727
9006
16652
2785
7163
1903
14514
14396
7406
17406
18395
18740
3643
1567
8422
12671
4422
12101
8751
5318
1823
3880
13709
18418
4195
7788
17536
9173
8458
17854
13621
6081
4251
725
2799
156
7446
8477
15237
6944
698
546
16244
2124
3815
18870
18857
2671
14740
13954
19736
12179
1647
15931
8633
626
6657
3792
7099
14813
17651
11744
3543
4042
674
664
14827
16563
18212
6932
4665
2394
18848
13501
10012
1334
4437
15377
6097
13572
15474
2573
4656
1007
1301
13970
8218
8750
9030
2735
3130
9128
1149
4233
11283
19223
18610
13097
9897
3469
15886
18920
5708
7596
18885
5762
16003
7680
14170
4614
7994
9317
5818
2581
11368
17638
13487
9996
3988
90
10981
11343
1620
1723
4850
15152
6574
10544
13046
7653
6664
2005
13433
17858
10186
19807
14
10397
3295
3680
17460
7884
16686
17727
15918
11241
9983
7727
15354
16481
4596
19043
17320
16046
16031
8430
16970
13149
6109
12088
7584
1727
10853
2227
968
1793
11074
8930
5431
7840
9185
10683
11922
17847
10838
18301
13663
3477
1962
2753
4633
17627
3893
17836
19125
16782
17451
8787
3325
6173
5746
8798
19456
5563
12201
8119
2375
9143
5120
18664
9021
3405
9154
15220
6573
4079
19288
16408
10649
9103
9356
13207
16810
13447
18627
16644
17139
18100
9728
17729
1355
9370
3828
12090
2927
9729
8472
10613
5970
10239
12596
18371
5976
10760
16539
10068
12835
8461
19674
4166
9274
6177
18549
10387
4439
507
7131
18996
12634
14537
19044
12623
16469
16430
3252
12879
16057
17579
564
13805
9698
7993
11841
2705
10610
17645
17581
10175
3455
3844
81
9245
16875
550
9138
10565
12399
12955
2718
13804
209
10255
597
11668
17018
13864
8879
11100
5725
3749
6655
8151
1509
1665
690
13612
19944
11120
8765
10833
19756
16039
18172
12361
4874
16705
18400
8291
14761
7424
7314
5911
4378
7619
5980
12061
8567
9961
8323
5611
13025
14419
912
11872
16624
1921
4927
15358
18274
10089
18127
18184
9751
19833
2057
15360
18940
15494
11011
18338
14586
15228
3768
1760
5210
14260
3711
18147
12953
8452
18156
17586
5506
8671
19598
7675
17913
1417
5935
15014
2617
18364
8248
356
12395
10255
14679
8531
19101
6695
5052
3148
13184
9355
10534
16606
856
249
2407
2090
10139
3064
8166
10509
19660
16471
4902
2494
5123
6840
18102
14793
14212
10699
14455
5298
9119
5345
2612
17506
7124
8869
9273
10414
17330
7652
3039
11633
12288
9689
246
3772
13249
17882
17163
18569
9654
7824
5542
5953
1083
14132
3336
5338
17681
19455
16999
3369
8023
7845
3
1330
4675
18286
17349
15833
9455
11654
4256
19907
18726
2826
17778
5501
8759
169
12412
12199
14152
13250
11709
4979
10656
16867
10016
12926
15842
166
10745
4563
1270
17510
3982
7869
11922
7116
2175
216
10307
12363
7111
9562
18450
4981
18665
6172
2034
9350
9576
17537
18708
8981
11563
5599
6618
18728
13545
17316
322
1587
9961
1145
625
331
1673
12069
19755
7533
3274
16221
10317
17338
7179
19100
11307
7536
15688
8620
17842
6451
3723
12470
9888
3982
2770
9561
11474
5322
441
15587
18548
3429
19755
2540
10194
15780
19662
16457
10316
10716
5804
19692
398
9183
17373
1755
15660
18693
9312
1778
4259
14186
4407
12177
16830
15268
3552
7447
12071
1772
6849
6231
17576
466
8064
9574
6278
9296
14126
6188
17901
18029
17728
16103
11350
13004
14267
10755
9958
3776
18680
7904
12397
5679
15814
3735
4956
12682
3919
10517
3477
7754
10850
8860
18588
15476
8929
564
8642
11873
8773
8585
8922
4050
10507
3584
16308
15024
12337
13239
12841
5419
18042
15784
8374
17075
19013
9091
4516
11383
5359
12105
1434
15907
9089
16201
16105
1652
16106
12403
14649
2207
6930
15600
19912
10757
4288
8857
18317
4105
11202
3033
8861
5854
13063
19858
2859
7572
13448
16759
3969
12968
16936
5861
18611
9068
9813
13759
9002
11970
11354
19594
6972
6585
10673
1475
3378
8225
19255
11291
3046
6528
13153
7586
9741
13349
18641
17670
1756
13340
7345
9865
6505
18436
7521
14179
545
19801
14846
11495
4655
19801
7418
19855
6626
19310
17464
19380
16510
10872
2490
3608
3149
4994
13315
10183
6875
8308
13141
11490
686
18962
9185
13891
8017
12878
3694
17298
5959
3335
14507
5227
13636
16967
3235
17547
8621
16985
12646
171
6217
14164
6182
15541
13060
5312
3235
6747
10239
5813
15999
1481
18901
11817
14240
3706
18591
3944
12248
4618
13770
8224
329
4955
870
17993
3567
1839
1431
1878
18106
42
89
1071
13905
17683
4043
16948
10308
18531
1113
7990
12674
18394
8261
14488
2626
16967
5446
4895
13549
7458
19123
6826
233
18225
12745
8547
15581
10147
1940
18654
7837
576
4260
19843
16864
19818
2229
4351
18884
4756
13404
5965
17634
12374
11927
6630
2617
6408
12654
155
15229
13325
6886
7421
19632
11557
4876
2628
8633
19564
16834
518
9942
16348
8046
12503
15496
7523
15716
6476
16449
10040
8010
13568
19519
5313
4400
16171
2759
14195
4943
4941
14132
4185
5788
17994
16682
19658
14528
1822
9139
9499
19956
17789
3576
14413
9171
9662
12201
8871
11939
4157
18101
9919
11591
5309
18880
3291
6451
8337
5138
9043
12791
17086
10809
7672
2573
14380
12619
4372
19403
1414
19556
14317
51
8922
8054
3492
5283
12554
13248
2665
2086
5692
1554
6733
18166
1273
9033
4007
6425
17310
13671
1781
7812
11856
7509
2990
16897
10190
5966
18088
3437
15681
9212
15119
17742
12325
551
8238
1849
12805
17516
9807
12953
3154
113
14058
13272
9692
14790
3753
9175
9983
19298
10013
6965
16067
13469
1588
16334
18268
13301
17085
13572
4931
19465
7190
1356
14049
6238
893
14537
14498
11675
17542
12349
2680
6168
5614
15020
3746
5108
15647
2961
1707
8915
19503
9349
8438
13745
1901
2834
10246
8368
16114
2665
10999
19036
13217
14283
6761
12675
8282
3794
9508
11368
2759
14342
703
17060
6530
11831
9069
14868
12668
15700
5779
5065
6160
7598
4774
1366
18511
12764
8561
12105
2437
15528
17376
14210
10429
19753
7517
5997
17829
16012
8275
2414
9217
2291
13405
2128
15554
9540
3556
14221
2068
18089
3953
10520
2227
11183
1382
6995
4517
3199
8678
3107
1735
7961
3026
6331
19168
9049
60
9648
17648
404
8995
14008
2008
14171
4392
9537
10919
15187
14781
15157
11939
167
18628
7600
6246
4403
8188
11390
7139
17460
18382
10469
3472
9418
18301
16476
13084
11075
7137
11996
17181
13172
17611
7342
19817
15265
16259
6595
6913
3181
13541
1251
16311
5897
7831
13917
6690
18230
14309
3807
14031
1814
4448
13243
1033
875
13897
18268
8174
8487
4845
17065
668
787
17549
2889
17167
9146
9714
17746
713
19788
470
17379
1633
14233
3457
14763
8280
10418
18904
14480
14926
10624
15242
399
2806
19906
4310
2124
6720
2884
16381
1834
10123
12877
16360
5258
2262
4813
603
2167
2956
18545
5712
17132
15508
3925
9722
9086
15682
1486
4488
5107
10764
4566
11498
2770
909
11431
7543
8675
16111
7758
12359
16539
14163
14859
9985
16992
11620
9192
9966
5914
5545
17712
19529
6771
7295
5498
17172
13581
10932
14466
16499
12541
17932
16038
1546
3102
18782
14688
3778
15493
3394
665
13133
7746
14587
3736
7724
19563
3787
11050
18747
6466
6054
15074
19827
16340
7861
11042
14574
3775
7684
12973
3118
14668
10575
14354
12954
9237
5872
9099
9931
4421
7202
3971
19986
16192
11401
18240
8717
3586
18739
5828
5891
4267
228
2936
17563
15392
14444
19481
12093
9777
15224
10192
7295
5597
900
19394
7954
10445
11996
10097
18204
11043
18716
1378
12657
8927
1562
19931
3851
2549
12737
15934
13314
11144
6812
11644
321
5730
8099
9951
8796
11998
3180
10353
2538
6402
16122
4988
5746
6275
10182
17908
19660
12674
16752
13039
18273
842
2560
12089
6089
7125
2418
15390
15833
4591
13391
16171
18817
18568
11917
1171
12272
12948
15343
11550
1888
10009
19619
7483
19865
14986
2536
10197
1898
13306
14658
14203
3181
7154
10613
11670
5547
15467
17056
2976
518
9836
15535
18492
3611
3968
6125
1694
17890
8750
12576
19290
16576
12270
8742
13514
5015
6185
18898
17227
16850
13717
233
14975
15021
197
18448
18333
6542
5317
12539
3732
12959
8100
29
8404
14692
15574
14044
15854
5349
12189
3773
5573
17268
17064
323
6943
14983
8038
5577
9563
8370
4466
7898
479
1440
3228
3807
17643
18743
5644
7266
10255
5181
19774
1051
5232
377
10508
13915
8029
9978
1812
14496
528
1405
19654
12948
728
12385
12560
9465
14819
6342
14527
19245
17294
9577
3904
6853
1878
15823
4294
15000
10530
19911
2521
9262
974
18156
14457
14647
7237
8612
5589
19991
16694
16798
17415
3544
16460
1873
11441
4432
5902
6552
2573
19608
3045
2529
5297
10834
7526
19409
7185
9053
15301
8792
5879
10265
17824
4274
1124
6953
19966
3541
15219
4681
11367
18101
4766
7159
12714
15550
14577
11763
5291
15671
7320
6224
2723
7287
2655
6867
13574
5341
2097
3545
5298
11265
9596
10982
7759
2250
7144
7589
7674
10914
6977
5678
3714
6891
17964
19123
5728
11400
5515
19820
125
3591
16280
9293
3344
2178
5781
9559
9646
18956
18763
18423
3725
2997
1341
3931
9688
3874
2420
14034
13213
16238
5528
8989
194
8911
3374
12875
12312
18453
19499
4004
8192
11474
7834
19915
14140
16837
1585
7769
9408
10873
13320
14293
19809
16458
9706
17228
852
4316
4535
18497
16094
1108
1665
19978
11575
746
10391
8066
16247
10591
2751
16799
9489
923
533
11547
14304
14596
8655
14165
8238
11625
7520
2398
15306
1856
2234
11576
6136
5331
8910
435
15192
19773
2279
14406
17023
8073
1419
5552
17819
14186
18493
998
13560
6287
4396
10642
10702
6058
11491
11524
18787
11550
6052
9337
86
4186
15182
9354
3322
9612
3549
15846
17871
4029
13703
2209
1832
19557
1462
18784
7330
14268
6681
18700
4874
5129
6717
2959
827
19030
6997
6556
11353
19437
7104
149
15856
13644
13008
1315
8144
14855
3071
11861
3154
8571
17660
5378
10062
745
17089
2143
11499
2403
19615
17728
14909
7162
10695
18634
6091
10020
658
16841
8267
2196
14635
16288
16983
4391
9093
16384
7870
16617
17252
14674
6428
5428
9078
1250
16830
10101
16455
14787
3315
19736
9520
7120
1064
4763
15481
19115
16458
7289
4110
15043
8818
9251
15759
14955
13878
16654
18375
19658
9699
11609
2869
24
5562
17667
3494
206
16482
8712
14518
15364
19563
11345
18117
10037
14977
6277
2532
7410
4325
1794
11083
896
13682
11871
17763
10585
9490
17389
16665
19949
19069
17439
5636
15528
10337
3120
17088
2312
11268
8342
11476
14201
8768
17097
4056
1833
2078
14618
15706
10375
3873
17559
13004
8260
17437
592
7333
14831
8474
15189
13567
11929
11690
3547
5153
8768
3929
13420
12110
5220
4158
14115
12587
13522
17960
12224
7073
6905
3506
3337
15020
18918
5896
2640
17032
16061
14171
5748
12042
16365
15547
12906
8163
2645
6557
19451
9502
9418
49
4423
14038
5742
15723
17158
7200
16328
19569
17283
17424
636
1378
19595
7552
12007
3264
17715
12328
8682
2652
871
5625
9665
5445
18538
6775
19218
3124
15097
13530
12456
2621
1730
19964
669
9866
3665
19986
7732
6007
2658
8924
1237
6630
6959
16738
9972
11752
6174
3556
17051
10728
19172
12082
14260
18264
14039
14248
14261
7895
19101
4353
1096
19401
192
10739
16023
5015
14310
4705
1543
297
13861
10277
6009
6582
893
8735
16979
2464
19189
6840
7469
10411
10176
11301
14313
3091
5751
13260
9
406
1575
16658
15179
17755
10412
17570
9359
15437
989
13914
8376
8419
19916
11204
13424
3221
6121
2469
13714
16314
12104
1809
11905
10194
18345
16968
13538
17990
3438
6475
16530
97
15482
18323
5441
15653
15204
7704
10580
2706
6380
934
15554
17795
16427
18851
19080
17053
18600
13656
2501
15420
1504
12393
3233
14634
1734
19405
17775
12067
14823
825
189
13694
9222
5569
5309
4475
9843
1262
16131
19111
9028
11514
9973
11077
15387
3117
3032
17277
9595
14916
779
11688
12017
1556
1377
6414
4118
2085
4157
18834
1788
4745
2354
8905
15603
10028
4142
15231
19800
18574
8975
2965
879
8490
9831
18700
4490
6358
7414
10941
16519
2664
7288
15045
6226
6062
15872
10234
8478
15914
3061
2938
9056
455
337
7425
16182
3103
9588
15190
13948
17245
17912
17718
3472
13489
17825
4155
21
12219
1771
16037
8581
4473
3998
6218
6373
9000
9306
19372
13092
14943
16053
8858
19837
1297
2872
4590
13985
346
1423
17342
7820
17779
16324
3961
9597
9840
2467
8696
9103
17675
10001
8344
10108
15106
4258
15206
10269
14136
5792
13305
15350
4084
15506
6898
17160
7305
2320
17230
12476
2523
4672
19837
12142
7190
8835
7460
1732
17125
1507
3244
15963
9484
18522
6498
5165
4852
2806
5908
3501
16547
1878
18684
2575
11290
5317
14418
12426
8385
7300
8341
7611
19209
2281
16301
7230
13190
6685
13926
5393
9964
5630
11312
8377
17002
6435
9739
4666
15504
19896
1649
16828
4877
18162
18818
14390
15531
2848
7600
17053
7347
7275
484
486
10741
9674
3543
7611
4818
19802
2432
16330
19561
4031
1414
6206
6506
18836
18945
10555
3702
2668
976
8139
13398
9220
2184
15391
12516
3015
2407
11139
2943
18802
14282
251
18913
13440
7798
10211
8520
72
4756
7303
18488
6737
9527
7757
18185
107
9896
4607
10621
16819
11212
11873
12759
15759
4630
16295
19038
18402
16175
2972
3815
4417
17570
4499
3937
14673
3566
11944
13478
16962
237
11098
3673
19340
15805
7506
1473
15583
15816
7642
16226
9092
16586
7555
12528
12029
1490
14191
16871
7322
19289
14795
1321
12037
6998
14046
243
2985
14553
4018
617
4996
5384
7172
11480
12460
16578
15946
5801
1633
7867
11213
4551
16031
7295
10170
8147
11411
4045
278
10919
3836
6772
7832
18219
10730
4573
17703
10723
6202
13584
19108
2422
416
15051
17680
4537
935
8577
7598
15237
8452
592
11882
14850
11672
1145
19886
18294
10934
7076
6966
1873
5344
16053
7767
382
1756
1876
15820
13938
6135
4630
11562
7292
3316
2415
14074
105
18219
12265
15291
645
12113
9170
13807
13405
13526
6454
74
8901
8125
17234
12466
14622
16332
8230
14599
19151
14271
160
18122
4086
2361
13641
868
4594
18130
10449
19735
15058
1087
869
18560
15046
8352
19581
15944
18002
18652
16338
11347
631
14976
170
16419
6462
14763
17821
3464
12659
10328
1104
5812
13491
19751
19992
10314
12929
12756
17532
19360
9502
19882
3256
5423
10585
7553
4288
1585
6798
10400
3351
17258
7030
13922
15194
15172
8743
8173
2055
11980
13820
2881
15391
7796
3813
13719
12284
13880
15236
14202
11614
4270
6679
18665
4217
13306
16095
4654
3537
9349
11717
18730
3516
11050
17141
16095
10790
162
17918
12800
9790
482
16213
1520
9804
14234
14674
17370
7373
14718
4017
11940
6789
5386
14962
9056
8094
6655
14245
6857
8954
1529
15032
16438
1159
3043
15169
6053
5363
10237
7864
12828
18422
18986
2947
1331
15981
18700
3357
1718
1275
3677
5979
15564
11591
10274
7610
1871
15953
16890
11988
10748
16496
11028
3867
6278
11691
4648
18359
11661
9189
16766
5880
8
17570
13805
13131
7297
8788
3106
9079
7605
18171
13125
11278
5039
8090
10742
3449
7866
13166
16771
13066
9046
1932
5269
14526
15759
8157
16558
14455
14950
19491
17789
584
5653
1559
12604
18278
17131
4981
10672
8040
10951
4698
6729
15573
10625
9641
2738
6403
13765
12596
17341
12576
8552
12701
8343
15601
10971
5363
13944
5720
12233
2163
1034
15630
14795
14596
4497
16956
14487
1960
8287
4783
15099
16840
1505
17678
3966
9750
5356
3044
9677
6184
13959
13811
8337
6028
11056
1514
6743
19045
3022
7802
18379
14154
2139
5067
11094
15038
18267
18300
17342
4760
8203
1851
44
19238
11024
8190
4728
3923
13768
7668
11957
14540
18661
11294
13990
5264
2490
11979
13439
1930
5954
17215
11864
15095
3237
1476
17988
15493
12289
16632
19809
15039
9996
2986
7154
5383
881
2075
11269
5567
13944
3389
1995
1665
19377
6386
212
17001
4732
5028
12922
15806
14678
16244
3632
5588
9718
18952
17932
14659
5200
2804
6303
11952
9649
15274
14668
3073
7718
8737
3305
2652
422
2418
7271
13620
18421
2619
12261
8812
15573
15071
8379
1587
8823
10964
964
6725
3933
16798
9430
4716
14465
13812
5072
627
682
10519
1986
18653
1236
9351
9801
17404
8349
12114
5755
13294
1685
5900
17963
6324
3063
16544
17196
17456
27
15112
13049
14373
10287
9536
349
19618
9121
525
10762
13087
12352
19611
5025
18581
3914
13107
17315
5815
11414
1523
17556
15882
14421
12667
12119
6068
14725
15372
14014
3546
17417
18298
6530
17404
470
2764
19388
17144
18236
10374
11425
326
14756
4800
16670
12967
9638
8000
17620
4234
5976
18626
1468
7303
11317
3133
7397
2501
9576
19311
2506
10349
13598
19741
5191
866
11234
16937
6639
18991
9126
17445
1114
603
2169
16327
5958
6911
1006
13906
19579
10054
19016
18506
1705
11853
11999
7302
1337
17724
18832
11191
6023
18250
9768
10406
19855
3778
16869
15117
8123
12729
6587
2661
12656
16216
2478
8047
14405
19781
6525
18163
1966
6678
16169
8221
2542
18086
6619
17836
14500
11997
8994
897
12067
12318
3946
3382
13047
3760
5719
4529
2061
4380
2299
5411
4826
15226
10077
9628
16783
12305
17346
1654
15962
1672
712
13038
4844
7844
1592
13326
8487
12014
1971
18136
4561
11816
7593
6938
8904
6781
6903
4690
16278
6517
5189
17779
8764
8408
5395
14265
17084
3966
4762
11683
19345
18905
12710
3847
7820
12991
7389
309
7044
15015
489
16322
14646
4811
2924
10944
13279
19892
10023
13208
18958
12364
4214
11459
6802
9607
7565
19311
18717
18439
9269
8660
17645
7922
18127
13773
19657
15208
15721
6697
13640
3116
12318
13135
5309
1417
879
17049
17381
14691
18257
3106
4680
12843
7948
17443
10831
120
17548
1657
2673
3937
4980
17967
19089
5607
4609
17504
15224
18829
1919
16619
15154
17022
418
13085
659
10618
18246
10489
10519
3715
10527
19478
8156
2461
19177
15937
6319
11858
18202
15166
10087
2790
16667
16002
17262
2157
10166
15512
7199
19337
10671
13400
12355
9491
2180
4226
14518
14469
2627
19378
11955
7500
8964
5862
18058
7142
16491
16153
1431
8701
4840
31
12590
1858
16878
3787
18987
8766
17889
18618
1785
8849
18763
8188
13425
19072
4299
15332
17874
13224
8409
11058
4691
14333
13537
15798
16909
19922
9404
1241
11303
13829
19673
9623
2712
9617
2414
14286
8953
17793
13278
14288
122
2944
10031
5656
11291
14777
7305
15206
10123
17045
7754
14187
2087
17509
6220
18139
5313
1640
13202
12737
7133
10463
1942
16976
17871
18588
2429
3460
3773
3335
13835
10412
10643
13665
12635
14369
18504
16364
4844
13036
16248
12034
15254
5008
2144
15115
7639
18426
6142
10466
19984
11028
17146
14758
5423
19968
7285
10604
19477
7414
17658
15935
12249
58
17330
8453
748
206
13092
800
10774
12122
8462
3062
12483
11373
670
9135
16284
6655
12984
17540
2416
6423
13392
18629
16705
13817
2751
10679
2338
19906
16044
17359
18393
6333
15833
19710
7053
7973
16809
19502
15496
2658
16457
3023
16327
2354
8221
17344
11205
13343
12790
1038
18352
3870
3039
16303
16417
4681
8228
16973
7886
10401
13797
635
4989
16045
7612
6328
18201
7228
7168
6772
8153
3816
12867
182
7794
15610
15484
10460
5568
2883
5005
663
16565
4219
2507
3456
12916
6080
18772
10271
2996
381
12048
11032
4109
9119
3876
5932
4678
12994
4848
3040
6904
15610
13369
11831
18085
16849
7933
10532
12238
3857
12658
3373
2182
18087
12711
4939
17317
8106
9931
6787
10831
10955
15814
1266
17632
15606
19354
10746
8421
12597
19942
2160
3673
19541
14321
5149
7531
6278
19174
13967
5171
11897
4276
7724
9661
9107
6080
7295
4585
17175
4415
13180
10872
14988
9162
10074
10218
4021
3767
3427
5478
11163
17384
8397
8687
4087
6325
19137
18212
10764
6513
7335
9720
3655
16177
15596
2616
10383
19920
16020
2763
18842
19708
13616
9360
17662
14756
9915
16811
14794
12578
5934
4087
4061
18448
15017
4426
10849
13537
4951
1711
10434
12075
16807
5138
2787
3188
15904
842
15973
19493
14875
14212
15410
12541
8563
17566
4122
4016
1510
18975
584
6603
12719
14313
15570
10471
7324
15020
1704
13658
16683
1321
10427
18579
3547
16432
19167
14681
5180
9934
314
12559
6947
10875
1761
847
3487
18578
4986
14589
4241
19528
12323
13829
15156
12309
6590
17131
15001
9784
17818
3653
13363
7298
18227
2896
9336
10927
19776
3447
3109
17482
574
14540
278
5701
3440
9081
16236
1601
14874
10243
4207
15591
3534
7325
17456
16342
9786
9787
6218
2134
19609
9681
18013
15562
771
13932
19542
13839
14489
1535
15180
3523
7642
11573
497
2123
19741
11671
13504
14145
2030
15665
5004
4875
18030
13418
19893
9189
16505
18730
12871
546
958
11788
5218
4173
14867
2806
11535
1772
19612
10405
922
15142
14568
15615
7917
12031
6636
19698
14804
16464
7037
19500
2872
17994
4228
7515
1267
17080
16223
14139
16117
7411
18079
8150
13069
6821
19717
17668
4492
1784
8059
4317
5708
2653
951
2180
2665
19675
2089
11774
15359
15545
10349
2353
17657
4327
9752
7768
3562
4604
913
15868
19044
15947
4546
3965
18875
8848
13663
10080
5337
9473
16698
13565
11403
15520
9497
17271
15352
12071
16888
6837
644
13766
12863
17630
15423
14290
10262
1821
10138
1324
19517
5782
6183
3041
12316
17502
12191
14454
14451
14598
19220
11543
5743
14574
318
8226
10610
9379
11003
8814
1328
6645
19033
1394
9963
15998
12392
19817
10207
8688
13433
15759
18715
17183
8287
12366
10654
8941
18862
18092
7491
18300
7264
1910
9765
6645
8039
2352
3136
10729
13387
7405
19154
19196
1016
10
17562
11125
2388
6700
2669
13116
4462
18384
12475
1762
12024
15121
1571
9370
4195
10810
8620
16519
4434
10875
3656
6490
5495
4182
10747
3367
6049
19402
2458
906
16889
16451
2172
5824
15929
10329
17831
15571
7788
13775
13930
14306
1791
17744
4938
11143
2713
9077
18948
1917
10534
7258
5693
19214
8266
668
712
18533
10720
4218
9123
627
5048
9012
15516
7872
9163
5342
8330
14326
8296
5111
10561
16570
4469
6532
2924
7686
5091
2648
19512
8291
4817
10660
17765
6799
15534
13965
5596
16979
2715
12427
11852
13265
1627
12304
11952
804
9449
14587
14853
8724
13481
214
18675
11345
15175
13029
6402
16910
2406
12794
7504
17099
18878
13737
9327
2726
16537
19904
17249
14079
9939
14228
10753
7056
15721
10904
14073
2085
1733
7309
13164
3279
8543
9001
5407
11896
17046
6615
12534
14149
4788
18788
12989
9762
16271
14723
17362
4518
3353
1597
7685
3997
17282
7014
2807
4248
14477
6395
18469
15238
3751
19878
5951
19180
12527
8120
14215
8356
16236
15510
12757
14358
18407
13488
19953
11899
15981
4099
14908
15388
12612
1119
2679
6247
9449
7680
7078
10948
19194
12209
9574
14156
12055
10829
7437
18772
908
10617
204
17326
15061
4481
18172
15992
9865
19700
795
6142
1957
13550
9152
15820
6047
13531
16594
19153
16809
17467
1654
11773
16333
8378
10204
4685
1617
668
1781
3252
11597
19295
15052
12083
9463
16420
9338
466
6101
8507
3370
14121
17170
16688
1605
2068
2795
4221
9444
6476
9544
7134
5770
3822
2709
15551
3114
7737
15688
4297
2502
14690
16452
14818
19699
16960
8892
11483
11506
7364
4785
2001
11018
4145
5060
6354
14819
6499
1824
12201
5372
12382
13371
14435
8681
4117
19882
16008
5430
14724
4189
12581
5071
8891
9960
1110
12941
13290
15974
1097
6917
2211
9967
10151
5050
1986
15760
16532
13079
14202
7960
3377
15014
10796
10434
3677
12394
10590
14191
13447
4055
5349
8579
4554
11066
19356
779
18851
15850
3363
1177
2142
17108
4102
3996
19516
14105
3186
2727
17890
8365
16282
5934
13868
16657
9828
4587
2344
2631
1104
17216
12425
1510
815
14504
4552
12415
5631
8737
1439
2070
19607
12373
6375
4819
15828
2485
8186
12060
15802
1655
2485
7704
11068
7478
9736
1882
17805
9679
8884
9803
12284
15371
8105
3263
2557
2411
17417
13917
4031
18539
15403
17632
7750
10899
16366
3386
2745
9118
8371
10210
14584
6840
5496
9091
3414
12734
9074
2226
19091
3101
4796
4642
8625
13663
10136
11641
18488
16554
9583
7925
17101
10331
7307
3064
6486
17554
4396
13827
19331
11713
251
13136
17464
8495
263
5814
7866
2556
15644
199
12068
19288
5823
7439
1466
8695
18766
16313
12351
15319
17329
14833
7721
17250
2589
17645
16542
7963
8343
18767
8267
8271
13795
281
17721
3311
19732
17176
10367
18125
17440
17649
2200
16619
10972
17944
9674
17290
19555
12706
2624
9043
9076
19262
15130
9016
8009
16246
1779
8078
5710
12868
6642
4666
11294
6317
14556
11606
19445
9384
11769
5273
11851
17502
8009
18118
2834
15267
13613
11381
6036
7118
851
202
18405
19282
3411
10332
18231
6945
17669
8272
19261
5113
8547
14322
6770
16067
5859
14068
10661
17311
5030
10164
16412
855
17478
19855
6908
13180
11318
13508
3441
16779
14043
16404
5526
13299
11756
19855
14664
510
16769
2829
9805
3479
4624
1588
5924
3695
50
13125
13995
9458
11329
9626
489
1819
15713
12679
10305
17228
7660
14002
6650
7293
9975
950
18958
5475
2847
10308
14731
7778
5287
17319
19073
12603
1891
8386
15986
3615
11445
947
5466
15629
4432
9282
9091
5861
19472
8986
11902
12746
14409
8282
18840
544
978
16590
17013
5932
19605
7023
6901
12634
1558
1697
11043
13671
9381
12138
11296
1831
7229
6070
8900
18156
9993
16522
13981
2857
1337
2643
3391
5248
18616
2343
14775
3060
12205
18493
2770
16862
10997
3348
2587
19000
5994
15662
10631
8622
2433
7837
374
17321
13304
6036
17842
401
11
14572
7705
7058
4093
5807
19081
8211
9231
11796
19449
287
11359
15190
14695
15953
14512
10697
3517
9490
17588
15969
968
903
14583
18935
1911
15903
19505
4895
3168
14752
196
12729
18492
18454
18229
15306
2387
19216
967
18997
5926
12867
8016
6988
3935
6367
18064
6400
13269
6031
4607
11634
14433
8957
6338
9718
6551
16137
5829
19489
2140
19438
877
18450
12175
826
8557
5287
13926
15161
18621
321
15508
11547
19054
1953
4
15242
1416
17536
15253
19434
8933
5961
2623
18464
10738
3668
539
17871
19908
8783
13811
18709
17747
8890
17889
18547
4699
17151
8300
12250
17447
4339
3373
14202
1757
11457
8103
19327
5966
17759
14322
3876
9016
8637
15316
5991
12378
7965
6944
10292
7309
16464
3275
12278
2159
15020
14483
5238
15984
11859
12168
18988
3738
8045
15296
13478
4159
17475
17235
3298
14691
15697
11822
17010
9632
1131
5995
6316
4286
12674
14681
18118
967
9365
5780
12579
4234
9249
18275
8141
5882
2309
19176
11995
1959
10439
9106
10063
6640
5984
19258
8963
7066
10355
18380
314
3227
9023
9193
3022
19653
4769
7837
14997
8968
11340
18621
15916
2503
14657
2121
5379
5107
699
10538
1364
14734
4627
14591
8124
5634
14322
6191
10151
17182
15727
12148
11251
1124
6044
1576
11584
2224
4258
1618
5049
1649
18380
1153
14810
8547
15989
8936
6686
4837
16466
19018
15284
17108
17771
9132
5459
8877
13318
16291
11922
13236
3290
641
3636
8809
3421
16741
15863
640
5251
10966
1072
3782
15993
6316
10548
19448
19017
11264
14158
5034
13306
7776
4260
4114
5946
16180
1122
7170
301
4198
469
14976
19129
17512
12895
3703
17528
10283
804
15667
15596
7345
17475
5417
11562
15169
11167
6717
9046
14826
17608
2830
18395
10441
12607
10819
16588
14351
13422
5548
8428
19269
7157
19611
15927
10364
4743
5987
1274
17620
5213
2131
17196
9514
9950
6490
5436
15438
13875
5131
19347
13615
3958
14174
7614
18194
10523
6554
8806
7783
255
471
12224
6497
16107
5571
729
17247
5636
11466
2069
9651
16434
8631
17977
5963
9602
2914
3702
6885
17298
11412
10127
312
18323
16684
3434
14612
14205
288
14555
14611
10305
16336
11101
19007
15951
3164
10145
14168
485
19080
2942
1504
17246
5073
10813
11887
12543
2882
12932
9823
2683
13176
1351
14770
12938
9354
11752
12816
7758
4475
13630
2663
11146
7471
8603
14845
14487
9002
19240
9325
2397
5930
10484
5076
14960
12945
201
12570
13774
4327
17498
18923
9052
14473
14519
19400
14342
15881
11454
16599
16115
18755
5426
12562
17027
10449
5034
9305
6982
10249
15016
8001
2328
11767
6948
19124
10031
10870
585
15551
10422
14134
15172
14684
4616
2828
534
5293
9064
16854
2106
6171
3484
15483
1593
13864
9073
1615
4730
19655
4250
1007
555
19950
18833
9082
18497
18994
1246
15393
9569
6195
693
16058
17962
927
19825
19568
2107
15822
4625
8174
6876
2885
11089
4198
11987
184
16885
3561
13302
13421
11302
9777
5784
3912
17588
1003
4724
18422
1951
17899
16574
17386
9920
13698
10071
17473
7241
11262
8532
4600
2306
13203
8539
4334
14590
18372
2374
6815
6723
4067
12229
16098
15053
14902
5788
14699
10669
9501
8429
4085
13712
4605
19162
13796
11065
17976
1245
14706
11941
8907
9694
5784
2571
17508
17400
19613
16063
13107
17396
3666
13862
11649
10208
4143
9810
8527
3616
1162
5497
9797
3271
9938
15763
584
18195
18746
10028
484
16149
4350
17576
10618
7067
8171
19133
19714
163
14784
9570
765
6544
10700
14501
15848
2277
3522
7386
1677
10890
8319
19632
15964
8833
19490
6274
15907
8401
5514
11207
19410
18278
18040
12236
16582
1283
5270
19626
11053
240
2934
6549
18853
6937
19277
12759
6402
17113
725
11408
6614
10333
10291
7864
3530
5497
15966
19476
13201
16050
10810
9360
15481
4364
10517
9032
18894
18310
5670
15986
4779
80
7363
7733
6740
337
19220
16358
138
12068
2610
375
12424
4156
17371
12170
12541
11331
4724
3466
3234
1897
14254
6912
5820
13777
10176
14953
2532
1693
5872
14759
1949
9185
17671
14061
11091
252
18906
4735
7576
1280
13273
15903
9707
12809
10286
8285
1443
19364
4043
17953
10422
17401
19009
6853
2581
79
14051
12034
12107
15146
12357
7643
19012
11352
11154
10644
1757
7660
9776
17949
17974
8263
7815
19309
4550
15772
13686
8922
17550
13674
3264
6224
5824
9409
14703
15198
15182
19051
7161
3181
9006
18923
5479
4163
19295
8127
19003
12151
6362
14185
8672
4881
7538
1216
9416
18952
8023
7534
900
11943
3840
11658
14830
6119
272
2087
5420
16567
16757
10188
1754
4877
2935
5071
4168
11035
8775
15885
7078
3337
17949
8062
6323
16737
2222
16681
19184
7387
15801
4403
19107
4769
14792
19914
19915
2587
16518
2500
15676
6075
6963
6760
9726
15206
15500
11588
10910
8248
7811
19458
15753
10005
13779
4226
15649
16654
1331
15503
19856
4657
16877
15633
8919
5222
6836
8448
4266
11644
7701
18645
11215
17793
7701
491
12547
7275
5127
8253
15432
10508
9861
16928
16724
7241
17579
16800
11888
8147
6317
13681
11980
14193
3841
14085
19021
3035
15251
19479
1978
12830
13435
369
5417
2107
14596
9811
16847
3605
12664
328
7173
19008
777
15578
1528
5512
17129
14824
2657
16804
14357
4434
10780
7512
16689
13493
9795
6675
5628
4069
7395
13668
15
19219
11860
16887
3923
14553
7183
15697
7922
11770
13670
14143
7562
13220
19647
19657
4872
2442
11928
14959
10099
14524
14308
11544
11514
10162
408
10426
16098
2805
9097
9361
1001
5272
2367
2266
5356
14491
8763
17050
17375
3738
5512
1990
17973
3814
10491
959
9555
8913
9184
16875
9077
10021
13156
2860
6048
1417
3600
2237
16390
13039
13717
16263
13836
8917
14163
17354
12204
9288
14063
168
15905
4167
15258
4243
16030
11159
6971
10366
5794
1356
3417
3662
19970
15898
1265
19206
14920
16868
17057
3698
5658
14373
15142
14930
17466
11489
7472
3768
5686
16870
15222
16106
8304
4173
13318
5303
19480
19144
10678
4062
8055
212
11369
1670
11497
11387
4851
4092
14567
701
5362
5862
8991
19221
19076
11837
434
4076
11325
3481
19723
17086
10359
11052
15140
1322
933
10972
14018
4973
17752
14560
4725
3609
12686
9161
17098
3551
9594
11168
123
12439
12407
10116
16000
17079
6767
15531
6467
16940
18691
2682
3105
11786
14889
17669
18566
2349
9555
16974
18818
4688
11435
3762
489
10355
10764
10880
11377
12844
421
181
19028
15441
1802
6941
14931
10412
17080
9145
4060
15472
8264
2504
3789
7146
13385
11760
16740
1728
10263
6143
12680
2390
14572
18870
5219
287
19169
4883
6214
19378
11189
5886
6641
10971
18671
3260
14854
10215
10057
15569
13688
11006
1872
8674
8183
11286
13369
4577
2349
16750
14086
7856
3134
19142
16481
14187
8116
4739
15683
4060
4276
14042
13242
8802
14353
10323
10471
12692
525
11484
7756
12505
155
17616
10410
8771
7816
1489
8882
6801
1088
3543
13285
12966
8535
17962
11220
17046
19898
12510
14805
15109
11378
7508
19471
16759
4386
11571
9340
1015
14377
1223
7321
13877
14001
1289
19315
12818
3702
6834
7697
5546
19462
16488
12779
14319
18335
19721
17081
9614
5490
877
4782
17457
14419
2727
1824
17623
18260
3699
5557
3167
10396
15756
13060
13131
3227
5736
3480
18083
14947
10460
8102
13380
18527
3702
19968
10671
14922
13758
13963
7714
10896
14368
3504
15234
17759
17449
15151
5183
17775
54
442
5911
9693
16541
2590
3853
16956
6197
8742
7102
1965
10579
844
19978
18690
13114
6360
3160
5553
15529
14832
10867
10705
5637
13010
17617
6264
11639
8207
18909
5089
5113
12051
19738
17353
12676
11245
13116
12368
4579
17259
12410
10585
12564
15228
16476
88
3323
17248
7818
4030
2589
13645
2342
2701
7632
10656
17495
10547
574
4507
4660
10807
1893
17192
13988
9293
3039
12653
15789
3930
10311
8304
9567
4907
5558
9437
8463
17897
10715
12412
11604
1738
9049
6245
7652
145
9145
15116
11208
19018
2151
18519
3142
4408
11554
2768
17406
4239
10346
17282
11631
13761
1382
8955
9882
6517
13145
9427
9745
16873
6427
477
15484
9456
13806
15909
12067
8422
8041
4005
6945
9566
7410
16045
17872
10435
4078
15839
18498
10812
13147
3812
4538
10332
10540
19616
11014
18254
12468
3923
15655
16448
15445
2264
12103
3365
14032
10335
6763
14063
10361
14266
1422
13582
16595
10628
2115
5108
5848
17674
5900
499
17648
3362
4325
10184
2402
19075
11602
12053
13166
3169
5393
2289
16568
19943
13806
10416
386
17712
11628
19977
5708
7696
5641
1428
12411
18534
8260
2045
5405
12467
1277
18609
7742
18714
10524
10689
253
14845
4491
5212
17671
5722
11078
15694
6735
15471
7143
3987
4512
676
15827
8286
13208
7943
18990
11127
13304
5920
2468
1082
8304
8380
10033
10288
19554
19149
12883
15703
19703
12520
382
1815
4500
15385
5091
2588
13852
3108
6452
10331
1348
3766
10650
18176
17260
10285
648
11212
8258
10106
9326
6907
6583
1975
5739
106
11649
1587
13179
10663
11698
19683
1856
3581
6838
19218
4018
3787
2242
8913
5935
2242
7858
14402
5661
13506
14007
13495
10615
18471
14059
3949
15417
11603
6705
13977
14209
6460
12842
6416
3082
10019
2127
15829
2635
5589
3268
10573
12825
893
18586
8092
5069
14928
14698
8832
14799
11006
12434
4497
11127
7234
14945
8803
7183
1404
13418
15266
8149
6378
14878
664
1337
15260
3358
12309
282
16699
15481
15974
15354
19409
6695
7346
1349
10623
19506
16241
5369
16351
9389
9199
15378
4947
16921
1460
12160
5423
9086
19597
12848
9804
18716
10233
6189
13472
17143
18718
3849
1332
2740
10381
13205
3175
15727
3357
16674
5903
10664
16989
10655
3603
19258
3822
18095
301
15057
11999
1934
7567
5998
7997
5387
15677
19184
15730
18804
4341
8437
7213
4027
11387
718
18309
10305
3038
7455
3953
17136
11929
13530
308
8435
11758
5187
11610
10385
3495
14398
17877
11625
9596
17295
17056
14002
10364
16615
13784
15432
4715
11433
11732
15037
16949
17681
12569
164
9616
1631
11905
5436
8103
13728
10965
290
8531
11614
15025
14499
7310
12213
1527
5981
13231
12180
10552
9600
10570
1405
1962
1232
10052
2960
18342
18094
8530
12572
3415
11179
13022
1892
11651
4981
12056
1378
16725
16486
4691
8407
7441
16118
10033
16334
238
17544
16050
7336
14984
5985
1847
2154
10761
13162
19211
19976
13607
19946
613
7031
19018
17594
88
16093
10977
10361
13532
6726
297
5247
2322
16355
12591
327
18750
5879
1554
9845
10751
12237
4393
5893
10575
12202
9453
3952
16013
567
1195
19467
19748
3429
8912
4783
3354
8250
15919
11078
13216
7734
1139
6942
17668
6902
18469
16872
12479
18671
8343
15383
16724
11992
10935
18482
19664
17985
5883
18948
11322
910
11082
5701
3866
18954
14112
702
14566
17913
11773
7350
10651
14205
6543
12653
6897
12840
18342
18338
2410
5257
12752
2338
10546
12930
11262
10490
5078
8213
13094
8875
11284
5424
5470
11244
14378
12288
15948
1811
18713
10844
12857
9630
16838
17026
16149
10864
12839
5563
17776
11170
591
13527
13125
18987
5516
18200
12286
17296
12382
18027
19667
19871
6050
6206
14709
18825
8838
6408
4233
5923
10552
15743
6712
12651
6605
9853
15815
13063
9126
16417
1181
7509
4717
2085
15320
18034
10082
15563
5903
15780
9806
17021
2677
10060
14573
14915
9732
11399
12263
7175
15233
2981
10582
3561
3392
17725
978
15588
12132
15235
15559
15096
12733
1992
2325
19952
16882
15374
10215
5863
8796
8342
9198
5992
16410
11761
18392
14797
1456
19491
13032
14340
14000
8368
16973
13324
15714
7151
8305
10642
596
17544
1653
2594
12204
10013
11524
6720
13856
2243
3494
19085
5144
18357
605
19915
12302
10084
13202
9241
13996
17273
10456
1726
760
10782
12570
10281
13155
19744
7420
18677
5698
5406
14570
6204
14745
8057
10120
6038
1606
3194
4986
14347
423
5445
11058
11478
13441
13923
11219
15317
18556
15564
6563
5738
16386
15225
9355
435
15618
5824
7432
11832
13491
15384
9357
7999
16317
15593
6640
5540
15127
8938
11201
15766
16261
12053
8793
17873
16376
5262
1061
15736
9692
1709
11321
9025
135
1220
15608
3413
9877
9503
14900
2346
12685
19323
19932
5956
14434
7460
3466
8554
6893
11567
14238
10696
230
17674
764
6272
11200
18586
9916
8555
2953
13536
18423
6852
13094
16346
182
6984
10554
1385
12152
4261
4378
7941
8750
19634
4272
4814
510
680
14977
10064
2681
14170
16523
3887
19153
7963
7019
16692
13386
791
7225
9050
17531
14666
7963
8091
6331
11688
5933
18388
15908
5033
2741
15959
11986
13894
9400
10841
14974
11843
6233
4494
658
6499
10765
4720
2703
7520
16902
4593
3538
10664
15051
7480
5112
8402
9265
8071
18352
17116
19114
11991
5493
16788
5307
15163
9824
18690
15362
1183
7529
9549
5517
10024
17309
13921
9488
9482
10064
8878
11024
7288
19624
15671
12725
8821
17129
15515
9468
4598
929
19670
14592
2032
10569
1329
18945
14357
15084
6506
3893
1971
16535
9216
1138
14422
12362
19435
1677
3837
978
12717
13745
10351
19744
4067
84
14796
11431
14537
10822
10054
18280
3480
18777
18617
10909
17504
7832
8638
12643
14114
8015
3455
3447
12185
11558
13394
18426
15885
5978
18520
7170
4306
17877
11790
12244
19199
5506
408
15708
1603
14219
714
4416
12221
15425
11250
16243
4679
12113
17619
18654
18819
12192
3236
1952
6209
10023
11455
16458
13308
19785
19096
18084
5568
7936
9387
10075
12216
11805
15386
11191
14382
8073
10845
5320
8454
13097
8937
6860
11622
16084
3855
14789
3189
17497
13238
7809
11529
8178
14670
1149
19938
17976
295
10321
2191
8190
2611
12128
11949
17281
325
887
17207
16411
8400
14866
19928
3333
2608
9964
7433
6797
6134
6739
16419
6902
15783
925
6940
15774
16287
4265
18898
8322
10722
4984
2571
12027
14403
4990
17334
5033
15374
12832
11126
14534
10282
4360
2591
9449
11621
14518
2600
5352
2404
832
3703
14291
16178
15716
4923
18098
483
10260
6938
6421
11403
267
11000
9746
13706
10065
2667
15183
1367
12187
19943
9680
15857
15223
3374
11815
118
1804
8973
12888
195
8262
1027
11896
973
15676
16259
3559
1053
18474
3247
10462
17220
10623
13957
12004
17249
17238
6525
7909
2373
18160
3137
6852
4993
19043
17929
18109
296
8136
5718
15357
18809
13678
1304
15458
14673
10524
2896
15420
4976
1251
8803
11506
12054
12607
6662
15430
6996
1709
18438
7893
2615
10061
11185
6503
15617
7358
4591
606
18105
8906
1990
562
4049
4463
5828
8707
4877
17683
19651
18025
16616
2252
1054
5700
12203
2004
19084
5383
9713
13279
11076
5181
6052
9010
13838
18670
16126
15778
4213
8365
5110
2531
16298
5186
15911
2016
9405
10699
13963
19730
8994
2630
11403
3631
19556
3583
7153
4218
16007
11719
11225
7764
6154
3180
8089
5828
7392
8376
4473
5941
17465
19854
16113
9260
14461
9359
2342
5826
229
8221
16530
1245
2537
17443
590
7300
2462
5134
3974
15087
18097
6359
14836
7431
16648
9210
18977
16121
5958
17129
13242
13095
5600
743
6286
14380
5268
19625
17892
1855
14001
3062
18573
14164
7735
9268
12492
9327
8993
1366
16581
5577
9724
5954
6491
8277
7791
9528
16109
14462
9419
11804
681
7277
15365
17669
11259
19378
6030
18589
16196
14646
5982
16378
6001
12396
15742
770
18388
8486
9998
18938
8218
10848
1044
13713
3905
3256
19949
4011
2636
12275
11508
12654
11124
19757
7141
9584
2794
17971
5213
14189
10329
7493
7676
6555
3062
1492
13443
11815
6950
6343
1760
16398
5900
9551
11939
616
529
13277
15998
545
4337
17527
12653
6581
15907
7200
9024
14757
234
14573
8966
4751
17520
8955
3821
4919
8273
11154
5085
15628
15194
19186
5633
5354
14488
6243
19750
3332
14465
12755
8531
13165
8675
10209
3072
12319
19270
298
3212
10609
4134
19450
12586
14146
18596
3011
7748
18484
10167
4122
12398
1799
4798
7968
18763
2938
12241
14743
3089
16020
36
2572
15098
847
12427
6527
12425
19802
14042
7131
5137
221
15356
11892
17487
535
19310
3975
17681
3085
2684
2592
2545
12117
16810
18622
8329
3129
10528
10608
9446
8778
8949
18797
5478
10097
1839
9501
18779
8610
7050
3900
18103
602
16660
1694
2341
19264
613
17656
10007
15840
7001
3757
8981
19306
250
8495
808
6570
9514
16520
19793
9433
11574
13361
4983
7895
15362
3776
16487
17787
17695
19734
6700
541
12115
17000
18382
1411
16645
15500
7246
5661
3953
8590
5897
9198
6271
2386
5338
19767
15232
12188
18080
7525
6602
2585
6597
14035
14246
12325
5893
5583
13010
14430
1269
19269
14393
4747
11587
19239
15808
605
10658
4110
15632
8437
5016
14746
17947
3565
10194
6387
4047
16390
9000
12987
13492
1730
7373
9479
4827
15708
10296
12632
8987
11070
16484
6450
681
6302
1598
16336
2737
6161
10838
11881
9376
2020
2231
19246
18055
5744
15029
6064
256
8850
15740
3336
5917
5140
2404
13007
3791
2606
686
19002
7217
4283
12408
16720
9175
6594
19909
5906
17093
9092
16206
11009
2367
3499
407
5667
2205
9275
10360
11596
14240
17505
4927
9928
10797
16306
19118
9486
5701
1979
7753
16218
6511
18474
12263
16782
10552
11068
4307
13177
14182
6718
4293
3840
18969
6025
13566
575
10292
11738
14271
15354
19128
8627
16794
16043
11607
8315
11815
4840
10821
15739
2886
15816
4944
4419
1565
12302
12491
9281
14347
356
3045
1363
10960
1544
17685
15500
7520
410
12684
6314
19313
16369
17686
11021
72
8841
9195
6834
15023
11733
2393
13655
12207
15044
474
6821
1551
10482
10683
5374
19659
10755
18458
6683
3778
6121
8745
3506
9265
3454
12451
17331
2233
12006
11979
9592
12192
7338
13702
15923
9506
15425
6975
8469
12030
400
15091
16196
5157
15973
4735
10
14454
14749
9250
16673
11012
12982
5636
11243
751
13387
12687
18851
19368
8307
17951
6922
13458
11558
18951
9692
11868
3302
4549
4280
10057
9710
4966
5954
17540
15748
4480
15837
13221
3050
2203
5484
10797
15045
14233
12660
698
17733
13907
2945
7335
3367
15634
6762
7827
15761
2424
7383
78
8437
2972
357
17343
16704
16241
11761
9410
6738
18308
5608
1409
4785
6061
6663
698
16139
7026
7957
15307
1045
9297
1983
11182
9771
2372
13881
4866
12886
9122
7930
5312
16645
16762
16397
18471
4866
5261
11990
6575
14421
9392
5036
10715
17461
13834
4629
17342
10191
15613
6826
10637
3458
15834
17750
3166
6392
1317
10482
14842
9312
13419
2049
4878
10250
17434
10252
4131
12965
5119
19035
4898
2473
15068
9328
13994
19773
10149
7915
5731
7601
16254
12984
1212
568
18924
15110
15352
15432
6696
8470
17859
7750
7095
19495
17019
14155
19217
17835
3103
3755
11953
11480
2249
501
13286
15370
5922
4643
15548
5980
18247
5369
6881
15952
10054
16975
1544
18634
10633
8095
8935
14790
1156
17072
14995
3238
14938
3758
15097
14446
14287
7957
8660
5123
19757
17950
6419
8068
16316
8043
16288
499
8147
18154
11250
8771
18326
4919
2440
14099
9968
4566
11233
11495
18036
1956
11780
6577
3827
11091
7707
3359
3018
18164
14597
10545
3617
958
8744
15196
2841
7182
15196
2043
3228
17054
2200
18689
15153
10982
19968
18510
11457
7707
10807
1349
2582
50
4231
6188
13250
19368
5679
13484
3428
15024
7175
4316
11794
19698
5338
8060
12320
15926
18771
9646
16030
14577
2067
620
12519
10802
17710
19681
6799
11019
15555
16405
1418
11315
19525
16921
17103
4688
932
13361
5915
4596
971
1303
3763
14132
9901
14050
12993
3612
9686
13777
10354
19694
11813
3533
15251
17682
5200
19699
19105
15164
16017
15340
3728
11462
10901
18195
13233
1221
17547
2538
8749
1791
16494
13472
1015
15490
8138
8276
3461
8609
17413
5817
9023
15726
12612
1888
13982
19428
10273
7056
7129
3342
2882
15985
12692
10837
7233
15221
11083
15302
13110
3608
4965
8057
15473
14875
16636
694
9457
6469
1623
14858
11885
7710
18821
1105
18413
7159
13175
1119
126
5557
1393
6656
3024
8494
16708
219
7710
10881
567
8641
6955
3760
6022
6046
10868
8194
5672
8894
18470
3370
19106
18307
8518
12788
11223
19307
209
2236
18658
17892
9244
53
17939
13511
7688
15675
16290
15868
886
10314
12724
5977
8810
3419
827
15800
9248
19443
18020
6143
7775
14622
9105
3584
19582
7063
15887
7332
11046
1025
14390
8406
349
12178
19451
2713
6319
2898
19611
14664
4903
9802
10033
14397
10562
8858
12926
18617
19560
3304
18217
4533
5172
11872
12171
1263
2398
13838
12170
18204
16774
7297
18739
5140
8540
1642
10821
2868
6308
7403
17878
10569
14711
8657
3230
5509
8294
8987
2206
6271
14034
6457
10605
14071
5969
16813
5970
13699
610
7460
784
7826
6453
15315
5586
16181
9952
14345
17308
9618
8402
4712
19894
4440
19463
3136
7838
14858
8725
12146
15737
8439
13939
8240
11547
5848
16240
16260
17376
1970
11088
5322
11931
19045
16827
3182
11861
4834
6983
12469
12380
8511
8097
16120
3402
13293
5083
2348
17421
9659
10727
9011
18111
1297
6304
7865
9941
13289
5522
3029
8723
14569
4251
10437
2871
7206
3211
6154
4451
17934
17659
1593
12848
15890
7786
12743
7939
4237
14460
8501
17520
7325
8733
12807
16464
2076
18006
4578
7633
2061
6692
16876
10770
16874
15683
10888
19566
12887
9524
2856
8497
6785
9134
12588
15144
11337
9494
6
12820
15518
5036
2233
11909
14652
19378
14575
1898
5493
735
1359
13415
15147
16195
5556
13713
10999
12197
12260
14530
15511
14594
16704
18952
12033
16760
14022
7064
11331
14673
2380
18684
18213
19484
8874
2705
11102
16242
15915
13218
17742
6302
12177
7982
15822
19936
16009
16567
4978
12497
19264
9878
7871
15293
3325
16228
15905
14688
7304
13491
5075
2924
5002
8241
12864
7953
1719
1570
9939
6304
17154
19143
5608
11420
2486
7463
1037
12624
19959
7085
13971
7051
9348
8824
5836
19053
10123
2315
16505
12416
2545
14907
5306
10353
15412
8111
12205
13360
11303
4760
13711
7740
5948
12823
9168
483
8230
4545
10229
11696
8593
15983
10885
17963
15498
2258
13373
1677
2477
746
2842
4861
17010
16963
12966
19621
16671
3239
19715
1555
3194
14095
1587
8614
7327
19396
4631
9651
7406
4212
17930
3761
17319
10036
18200
12713
990
5291
14728
18270
2569
5282
7064
12137
2510
15369
9037
10994
17414
310
1096
1411
7008
1174
15343
604
10533
11504
9906
1059
4269
1553
13966
13000
529
14619
4323
4383
6036
11557
6011
9778
13952
5770
12615
9517
5781
5195
6099
1644
5635
1531
10005
6388
14984
7799
9961
4943
1225
11712
2133
8352
13722
8646
12515
199
12004
3454
8180
13227
5125
19232
4945
3245
11656
19841
3301
1808
7286
16366
10371
8660
1375
4862
6748
11960
4315
152
13036
1006
9818
17687
5581
11373
16317
13902
13355
13184
4413
6676
692
6486
8763
1922
14527
12204
11527
17749
15489
471
3788
2011
18323
11671
3845
18591
11877
10365
6005
4256
1707
5499
1092
6413
8254
6363
1084
7672
17433
18196
5820
14447
4420
18905
14492
7121
18724
10852
7102
9111
7025
5517
5538
8059
8045
2892
13362
60
6601
12885
11107
630
10356
637
1334
19753
2443
1422
3877
5663
15093
1642
14799
1564
13588
3858
8382
17129
16298
3115
15272
2368
12985
3568
2415
6327
1528
7302
12353
1403
9925
10475
13758
16678
10877
9993
6279
13034
3052
19781
13382
7657
12221
8997
1595
19842
14994
16434
5247
11945
16328
10905
8715
18277
9553
10858
16657
8348
1066
15830
12990
11204
6351
8792
1124
8222
9363
1288
12510
18566
4387
8268
7117
16124
17323
10091
13305
18552
12572
17218
8251
9962
9923
4942
15345
9570
14149
7867
9869
18431
15431
5035
16592
17480
11917
8134
13701
9409
13504
14374
126
6556
17844
5752
13662
8434
11583
8548
8319
16233
18949
6770
2994
8588
10656
18550
13136
17096
8204
4077
4877
13580
9075
13267
896
8571
5156
17207
6972
5696
4590
3429
4896
2798
17012
2060
16943
12997
3721
6772
19878
19103
5209
10242
8381
11884
5726
8216
17470
10033
1078
3971
8979
6693
15290
13923
17607
10291
16997
13009
18816
15513
15841
4569
9762
7777
7711
15687
3419
11578
10425
10605
4098
19773
5586
18480
17763
6099
8800
12339
9777
19739
17791
18901
15163
9837
15111
16796
2504
157
1389
8904
2682
11315
1705
5957
4581
10075
6780
12265
5849
18579
18179
17680
6536
17077
12036
8542
11773
10716
3840
5130
15114
10055
3502
17947
17751
16625
2551
7194
4043
3140
5478
5463
11884
8802
7670
2117
11188
8471
11314
8282
2970
3391
12413
3003
4236
6504
15175
15085
12532
4901
7957
19344
3414
10791
4852
8800
2088
4912
12126
10424
12902
16466
13685
396
15673
1698
507
11103
6451
11643
2600
4090
16898
11663
10977
4835
2319
17170
609
15104
6957
185
14775
8254
7000
15930
18033
17791
10217
10925
1628
5019
8614
583
11098
6295
12744
2877
8534
5450
769
9397
4216
4691
13167
2323
2998
8879
4601
11255
7158
7890
19117
6636
7082
11419
15771
6267
14966
17540
12744
3512
10481
16926
15700
13545
13990
1509
15063
3361
15090
15229
16654
11248
6417
19482
15288
1831
13832
6909
16321
14818
3389
13939
13561
17690
2119
17363
18619
3668
8770
12718
7123
1995
10752
17691
8585
8722
5779
9785
8125
2299
4413
16901
3315
11511
14907
14976
9682
16484
4175
13361
18957
18289
13892
14256
1855
9797
3540
16817
5891
16846
9396
16529
6417
13132
6764
12803
77
3306
9808
19778
11968
535
13529
8472
706
19144
17735
1657
16020
18244
17106
13536
11036
11910
1553
6597
17911
16754
4775
11278
15168
12715
4874
3144
12902
13718
19026
11639
3822
17354
12749
16390
1868
8098
14351
15468
8625
5821
19273
13221
8713
967
3545
4822
14281
6670
18358
9171
19139
19277
18639
3533
17817
18733
4857
15557
2087
8465
15387
6559
17123
2818
2620
3425
6677
17065
15998
13063
13294
9012
16399
12713
7630
5349
2877
18504
19290
11830
8002
11229
17064
13488
17741
16052
332
15044
14720
2409
18348
12293
19245
1781
14642
3638
7973
9884
331
11108
12671
9030
9413
17787
3734
8601
18189
17929
15437
17753
11022
13038
16410
720
7958
14583
10112
314
17255
4557
5102
14634
8400
14198
5674
3572
18895
10616
841
1387
6385
13368
4318
4405
14543
11499
16128
19207
12672
10111
7457
5289
15595
15557
12152
13067
16940
10539
8077
13359
6643
13187
19245
14503
848
6657
19891
5441
19592
7514
11141
2363
15796
16329
14813
12298
8338
10972
993
16988
11987
6177
16603
10223
14896
227
1668
3498
8992
19643
11798
17919
15855
3272
18462
15298
16313
14188
9682
3000
16716
10419
11413
804
19722
16467
5652
17914
11408
11918
1759
12778
18110
4031
15681
7956
6162
18995
5648
5696
11401
18698
19335
15839
7270
10671
19917
13040
9039
16525
6731
19576
15100
9401
5195
11086
11704
1898
12737
9371
7928
15136
6258
2641
11728
17572
16099
5755
11548
12124
10098
9196
19938
14893
19851
7862
9059
18388
10688
12740
6240
18506
19334
3302
13133
9011
19993
3546
19078
13450
4330
4805
2027
15129
13215
4382
17069
1032
4051
19869
16804
12268
16763
1716
16538
13589
17292
4631
4955
17400
16712
6310
2703
12761
10976
8270
13155
19720
10186
10589
2516
1124
5383
4452
7636
10890
6281
1880
15322
14602
888
14349
6355
19093
1909
2630
15889
12112
3500
3268
4119
5606
287
5430
6827
18055
14760
9432
1450
9256
16153
13261
6444
2441
14478
3189
11293
12775
12320
12533
7027
18440
9051
3299
11907
11565
7436
19712
13280
17346
17351
19367
9643
13148
10805
4727
10678
1266
724
2177
11253
5177
5314
4458
12483
11794
1474
2606
18842
12774
16555
12999
12314
7393
12059
4056
8471
17263
3329
4039
14018
6718
1620
28
2234
8160
12491
8554
4423
18954
1041
5418
7602
10086
9267
1157
14227
6290
4160
4332
19634
13953
5986
13056
252
11300
18629
4692
9700
6935
3
10000
1174
11718
2559
14011
818
2601
14392
12266
10744
7298
4834
6421
19813
19265
6205
7894
8817
11483
10646
10910
868
6424
19622
13398
5962
15117
16770
485
19829
8074
7767
1514
19118
19269
19906
2946
8905
12697
2213
3551
2789
15380
3330
18267
2818
15994
16652
17250
15779
17308
13291
17852
19036
17968
9591
10575
1022
6724
5128
16944
11786
15353
17434
15492
6814
19411
18950
19742
14901
19976
9331
19943
11550
13583
13871
460
9509
941
15186
10697
5466
3430
724
1111
19531
1333
1175
4674
17153
3143
11974
5054
1505
10193
2534
248
13205
5925
9083
3693
4340
4123
10404
9276
21
4404
8943
8877
7091
15046
18362
6091
15306
17293
8479
12833
4725
10608
7755
666
3819
4558
16284
17037
15407
18461
14813
7489
4168
944
14640
16301
9575
4181
5381
13308
2362
14039
19778
19779
3599
15440
7940
15498
12158
15892
10602
2421
18964
12435
9304
12441
18323
2908
9829
16140
11878
293
10171
9880
10939
13529
19596
18480
19392
19459
2425
16406
19389
16028
13242
12349
15430
8110
14553
12645
2461
9826
9545
11731
9258
9182
11860
2325
10040
16131
13260
17927
1333
15869
12778
1063
3438
2334
9946
12001
13237
11270
4036
12035
18881
5913
2894
8480
2140
9204
10749
3198
18842
10121
19504
10213
16671
4138
11391
7283
121
1578
13739
13125
14357
6644
14677
10556
6706
8839
15409
16291
7030
3535
14867
6740
13937
15921
1102
7316
3716
10965
9344
5389
19240
449
1364
16253
17589
17312
10339
18751
12487
1698
17912
18214
3321
2394
3497
860
5706
6567
13826
2705
6292
10570
907
2954
7541
7681
13791
18486
5625
12109
85
132
6614
11987
2578
1569
17343
5744
16104
2582
15379
3733
13694
14146
7868
5990
14369
8646
5422
11274
18430
19071
4554
7973
12571
9432
1627
16060
15580
17773
3775
5200
12012
13271
9884
3533
4946
4742
5480
14438
17909
19789
12494
6358
1201
10105
12521
10023
10322
3243
5203
18638
9244
18462
19154
8802
2918
8841
16579
14530
16507
2557
13140
8930
2293
11813
425
8232
11317
7297
9158
4546
15563
16940
9858
19767
6760
17397
10080
609
3590
4028
16901
10949
16324
5669
17004
10459
4937
13657
16579
8619
6735
18456
15520
19745
7951
11507
10074
13079
17661
11981
5625
11190
5117
10817
13658
15955
1738
2088
6493
10387
15171
7657
9362
2693
3908
673
9510
6915
5264
15570
8378
517
14506
5680
19098
10965
19292
18017
16196
4163
8670
33
1458
13659
6041
16272
12991
17892
14990
2952
5136
13975
13867
4979
16418
3396
12562
14194
6153
3464
16642
16483
18016
13801
10777
14352
4092
9328
10426
16467
29
10398
6668
1183
19119
19111
5217
6042
10510
16945
1679
8125
14459
18907
19826
10582
13701
18959
16710
3137
11060
13916
9227
5861
7825
7035
18239
9323
2433
19554
14904
18197
421
12181
4241
8536
652
12167
4488
16010
1846
17546
6829
17183
16866
13304
465
12240
8379
13104
6103
16309
9188
9388
15349
14137
19365
11577
7109
5128
2849
13895
11721
10433
209
18774
5789
2986
19343
13708
2096
16540
12539
4571
15870
17685
4487
5975
15839
6403
2335
1974
7609
3697
19457
13669
6525
8174
14327
3846
17927
1054
9148
10074
9495
7426
457
18452
4781
18100
14124
2268
6417
16378
9110
12300
2416
1714
692
13393
14033
13883
12294
8117
18346
19510
1927
19157
12482
13818
16954
7726
8516
11124
2805
1491
5272
17611
15167
1998
10663
15215
15125
7102
8900
11047
11308
5868
237
18794
8514
14919
13638
4802
4004
6073
5201
7273
10655
1967
10973
15683
3723
1397
17867
19548
16860
6223
5109
18847
7331
1631
10008
17823
7721
8665
16310
14899
6037
4259
4815
1847
17980
18184
15261
19439
15239
5616
19431
11555
1109
12096
18505
12771
10856
10532
6848
8368
16756
6847
14395
11515
6141
17408
8415
179
19016
11578
18051
17131
19187
11532
10847
9159
17690
12365
655
1438
15248
6428
15367
18556
14037
10079
3027
5385
15729
19216
3733
10871
8504
19331
4313
8527
18435
5255
4579
10219
16081
19180
14348
18129
4972
19392
18657
9402
1432
4814
2185
5561
4915
8202
3948
9823
4189
8470
19847
1456
339
1963
10980
19804
11097
3729
8295
17182
2278
2017
1571
1682
1410
3987
2431
5272
6728
6749
5328
971
2160
11541
16335
13112
6713
12244
16886
8166
4631
8044
58
11299
9921
4940
9467
14425
14823
14028
11376
13993
9556
18840
5942
17492
987
11659
12751
13908
10695
15942
1846
6313
5318
17955
15053
8915
18486
12078
5009
14375
322
4997
4410
12631
12008
3123
9184
12139
15366
13660
3543
2645
8712
7414
16738
197
19256
10528
8907
29
11656
10787
813
17439
11926
10040
14728
17848
9874
11133
12298
7086
15263
6576
5877
2055
17111
8958
6565
7908
4163
1451
16864
15875
11825
10462
8760
8776
10023
10226
14967
8662
12344
8975
15332
5427
8985
14667
9717
13449
16994
2342
1484
7538
8259
11971
1617
3440
4393
5631
8846
7017
6388
1415
16557
16928
6144
14329
8723
1278
17769
4602
10781
10422
9256
19340
405
17367
593
8326
9376
19207
11992
5600
10464
3184
17571
13243
9724
14684
18259
4502
14711
9273
2729
12639
3761
17530
8211
17431
12246
4396
10344
18748
5955
18426
2272
15563
5615
11081
19859
19063
134
18193
3251
10931
96
19352
14352
4804
8089
5848
1884
12799
18833
16401
4449
14223
5417
6061
5765
14618
3009
12931
11669
9032
1528
3765
13455
6591
11586
10195
3797
14994
4854
10191
390
10077
2426
6447
7965
10168
11135
288
10786
18770
16208
19964
13458
18850
19244
13752
10296
4374
3580
19700
18374
9568
14840
19992
7373
2338
14055
11703
7848
19760
11399
1259
2268
7377
18507
12479
19082
344
13787
15543
14495
4800
6560
2506
2110
17040
8378
1555
18443
12938
7678
16672
752
7261
16141
13082
6322
6417
955
6188
5754
17475
390
18747
3662
9282
15744
3679
14933
8779
7576
759
566
4164
9861
11010
3915
6748
5984
19718
4941
4056
3342
7283
6236
8231
15455
11565
9237
10996
1720
6991
15081
12405
18071
4426
9141
10932
19630
9587
3160
17825
10473
8600
13569
11484
4755
18537
15631
17718
7491
19338
13052
9358
12689
2196
16089
222
12637
3863
9891
14180
10214
6173
9267
13106
15250
3691
6745
6987
829
18808
12045
1392
17325
15867
12081
4761
11395
13695
5271
12919
6895
906
4567
8031
12602
12516
18846
2001
10999
19162
15446
12388
16054
10627
12446
15575
14983
13869
3948
16028
5086
4277
7695
13807
15844
13538
6035
13186
2309
5007
17130
14508
10987
15235
15990
17512
15849
11450
897
10035
1461
1667
18132
16340
6014
3517
11256
2413
3168
10747
11983
16080
1603
6416
11185
18530
10380
17095
10621
822
14544
17500
10272
2275
2296
9874
16813
7894
6735
2428
13808
11040
23
19616
17331
4392
19157
5193
3139
15802
7784
6196
4554
5028
16925
8746
11213
18490
18559
11767
3583
7274
19474
5056
6901
18637
14829
8690
4220
3059
7641
8313
5875
18291
18844
12044
9609
19085
18121
5358
17692
13139
18040
1664
7930
3315
15069
19068
18976
19886
17605
13784
9463
5444
8041
15687
12973
19306
17745
7683
377
77
18788
13734
1388
4396
17441
5803
2117
17361
6507
17187
14277
18417
19707
5439
14675
15455
3845
15682
3727
568
19057
19342
17380
14883
3636
3916
13039
4744
17236
10964
15650
10938
507
14359
13554
18248
14664
15863
8247
7656
15534
12548
17969
18066
11210
4502
4944
19799
6396
13889
17981
17066
8586
13590
18620
2512
16840
3176
10173
1642
17154
13556
18575
16114
12462
13240
7902
17956
9826
16051
4942
3897
704
18496
14826
9137
1422
13990
275
6117
13973
5992
3894
15015
14348
15765
14019
11548
15728
13396
2039
2959
3760
16633
3834
14853
4068
2587
3798
11641
14361
18802
10939
1233
16521
17489
4767
13475
12651
6502
17213
6651
6969
7088
4702
9507
5122
3971
7372
16389
3657
415
2587
3157
16171
11563
4411
16683
14413
9800
15968
11822
570
13132
3589
5322
19816
4135
11683
1585
3020
15222
14839
18447
15265
8440
3802
7880
2809
12935
2404
7639
7190
4290
99
7360
5537
16300
7448
12610
10245
14445
1305
4935
19253
13293
19758
19208
15234
2554
17707
12114
9578
18265
18223
640
8766
18952
13116
2612
5357
11001
12257
4746
19633
15623
11792
8228
12868
2048
15500
2067
9372
1940
13938
13857
19403
641
16440
7702
837
778
3328
19057
14562
15257
4012
833
7497
14733
12981
13416
14356
15103
7226
1442
2343
11902
229
5907
5156
2859
9224
11672
13414
19673
3443
19385
9139
18706
4269
7711
1412
6892
2930
9281
14372
19391
4921
17006
18806
10197
17915
9992
17039
1044
15106
3101
15285
7387
18098
47
3488
4449
1350
1272
11280
17618
19112
15384
17848
3085
18412
16684
11974
70
12170
8417
14692
18451
1192
8488
12015
4253
2714
6845
5770
9656
18780
10265
3577
711
19817
12207
15095
9472
10869
881
16471
19205
12657
2456
14774
9400
12680
6834
2441
10840
6428
5300
12922
4227
18461
19745
6293
9569
8050
10297
4931
170
13415
16714
17773
12453
11005
15026
17367
17092
8428
4567
18467
5515
14695
4094
990
6732
13485
17968
9957
18386
13647
1347
8132
15674
14039
9849
2447
8191
18150
6568
468
9039
9171
7554
4788
5318
13215
3010
8131
13644
18687
2170
7645
4957
646
19278
4026
12708
1315
6504
4647
8869
8370
11103
6517
10059
14328
15029
199
19896
2640
9319
2539
934
351
11834
13112
1572
18074
1472
3119
19405
15563
16508
19161
8073
1696
5550
15152
823
7957
9541
12929
15303
19473
4056
162
17624
1429
14532
3038
10418
906
2146
19877
16554
4610
10233
14024
5343
17081
1794
11163
10879
10503
10479
16625
938
5901
13551
19676
8640
15096
15252
6116
15843
7842
6714
18887
17250
6325
19761
10383
6352
18941
19988
13741
19034
16826
13235
18992
15893
12661
19978
2014
18784
7370
6495
116
742
10267
1121
5672
3450
12302
866
15544
10718
9493
6045
13524
12335
17496
3313
8400
13178
6868
1292
10892
7224
2689
16197
2345
19162
5880
1946
17073
8546
19386
7789
8777
7952
18516
12302
5740
610
6960
4102
8446
11450
8176
3297
3708
7895
9719
13078
1051
14576
12311
9505
15958
8690
10081
18549
9792
1279
12499
14316
18300
1439
13950
2019
4253
9120
9350
14348
19202
5365
14007
15623
7859
12307
10003
13057
1766
15014
1486
13274
384
2355
12269
1336
4032
6092
8507
18077
2990
10397
3709
19544
18608
17577
1771
798
10218
19147
16762
12248
16860
2130
5651
7587
11561
8909
10026
13663
16951
13511
8992
19293
968
1469
8842
10909
13608
6062
6671
19950
16092
9152
1220
952
8672
4840
3055
10334
5113
998
6755
19493
13914
3319
3212
14024
8517
7665
2042
10836
16846
916
7615
10732
10263
19515
11850
7493
4498
8277
3595
14520
12142
16221
17498
18871
10306
18275
7682
19343
13046
16448
13574
2322
6244
19320
5070
4083
19977
8748
5703
8271
666
13192
11124
13356
3544
9716
3635
10632
15722
3638
1015
18167
4905
9833
17420
9559
9820
6944
6163
15392
19668
10005
5190
5276
223
10127
12657
7077
11106
14943
8753
5459
12112
3995
11648
5007
3223
18998
17902
14709
595
16176
5601
18847
14166
1881
16727
2415
17370
12981
2887
19301
6513
10657
16246
13359
2109
12490
8602
11101
1486
11628
7651
11258
11106
12323
18475
1920
6736
14888
13351
6433
11575
3741
2339
7608
17452
12131
18108
15901
18680
10437
392
5379
873
3226
4411
3177
15764
5526
4903
14615
15308
5421
13055
4723
12579
5609
3763
511
141
16795
11152
18811
12803
10823
7989
19681
9586
1686
11236
8692
7583
1776
13486
11143
4890
14538
3552
16063
15922
12293
16941
2953
15016
2451
15593
3710
18798
17204
8962
18053
1576
4256
15782
19156
1339
14383
13218
15725
16084
10408
10923
11903
13807
16273
15662
13827
13455
2498
15153
14009
12839
16141
6366
11097
8665
11958
15852
13597
1546
7742
12075
9441
7905
5455
18026
4128
13083
18865
9061
9923
3453
16730
6660
13552
15756
2926
17583
18996
17374
3824
1164
12333
2747
3051
12690
13680
14700
9853
9920
15354
9719
18677
6638
15988
2341
9445
8573
7943
17162
6433
4774
16034
14273
3071
18473
14310
17047
6946
10762
18749
2672
1483
3730
18574
5403
18139
16513
17287
327
15250
14444
2179
3749
3062
1893
17456
15262
17229
17352
15730
15501
10784
8321
11437
13471
16349
5163
9122
15570
13371
14516
5850
6067
1055
84
9639
11984
15862
16517
1247
8961
2487
1764
3640
4998
17390
7534
16732
15206
6518
4567
4157
12796
13317
8593
2633
9058
6398
10213
12139
2195
91
13443
2796
13102
1363
8218
2453
14311
11974
12976
2096
2637
12083
11602
5421
17246
11267
17212
5028
19054
5984
9481
10417
16317
13266
18109
11116
5822
9494
5090
8267
12929
4424
13911
11214
1456
4863
16773
13176
19377
3545
8600
18377
6841
8965
13105
15171
8923
6573
13353
7382
18957
1923
4664
16522
5796
10654
1576
6828
17007
2816
9898
15247
17824
17215
4841
3211
13408
13295
6788
9493
10553
15861
8897
14645
10602
928
10942
4365
684
479
17111
160
6884
1724
1464
18725
18460
1983
13809
14029
9233
8735
15802
2247
12457
11998
16369
14045
3652
841
8971
15718
14693
17591
13835
2208
17253
6970
5166
11753
17960
2113
800
10834
8941
8000
8189
4729
10233
17355
6689
16080
12565
9747
15027
11306
3010
7808
7765
696
9564
19660
13966
4392
3426
1609
18063
5349
1262
19135
8755
15947
8377
3875
15009
4446
16894
1354
17463
17092
206
17100
10234
7506
7348
7861
7651
12543
10380
17841
12670
16234
12903
7159
18525
18598
7946
19125
18426
1685
4320
17430
5798
5234
19372
9967
12331
38
18990
18506
13150
18276
14571
9137
2599
19101
7662
5588
12924
1590
17317
11923
10753
17977
6967
1621
7430
11682
14756
219
2104
14576
12711
3712
5091
2640
8546
16382
16713
18561
19321
6831
4034
2400
12987
6453
18290
13114
11739
633
8072
2021
16449
18451
8481
17839
12019
10686
8013
10719
19075
3991
1754
1386
257
16744
7287
430
14719
13117
19764
2816
9081
19082
10771
4296
12273
12265
8274
19499
6029
984
6021
18373
12707
12592
759
19784
15605
14955
6509
104
3405
8900
18022
2003
4383
5101
1280
2935
6763
16825
3308
10560
17160
7178
14929
2192
10962
11153
18240
2897
300
5510
2180
5753
5226
5749
13862
19257
482
4236
1872
10328
6362
5514
9334
19112
9228
8105
15750
4451
2577
13054
13145
15786
93
16554
11665
17566
15198
2109
5132
19908
665
168
17376
10080
2630
18778
9251
586
5630
4260
12220
953
1523
14177
19964
4024
12753
6232
7683
19495
3546
3570
15989
11567
17688
13760
10323
6541
8933
13630
7770
12816
11803
1754
7205
11265
10865
620
13060
16213
10880
10640
11649
6658
8048
7518
9001
15979
8185
19666
6174
935
12232
10556
17310
18125
5981
18226
15673
16991
9836
15920
1634
16776
14399
1965
4440
16932
15512
1601
12647
714
3588
1082
4060
4740
2960
1809
12154
7996
2615
3510
6087
11985
16307
12364
17335
9161
10384
17154
1467
14000
6305
15217
4106
481
19252
11188
16522
14176
13897
11950
9651
17908
12695
3661
14768
10939
15429
11777
5944
17271
8348
3113
18493
15315
18669
11356
111
8218
2439
10750
17894
3870
10577
11230
3966
1728
12805
611
12120
12456
9470
14284
17718
19088
9433
10853
14138
1179
11911
14562
7367
9321
6457
8801
14745
14551
13733
8194
6109
7478
15314
5540
7127
8662
13664
16649
7413
16744
1167
15837
12677
1452
8919
14852
12845
4319
6661
6959
5143
9356
1374
1660
17121
861
17882
3870
1978
7304
13044
3978
1555
19994
17794
8711
5486
710
17725
174
6496
18206
19553
18646
1275
12889
10486
6637
11084
18859
9107
9069
1296
18128
16180
4780
3227
3711
1257
13102
15328
15079
2510
9488
17260
6617
15741
14564
9800
2126
16912
3900
9534
5094
723
10272
15158
3362
19954
7082
19241
13508
4529
7019
12914
18370
13388
19705
4617
17033
19705
18047
10753
3530
6195
7048
11861
6390
9531
770
13069
14025
14906
1482
1186
16648
5816
14800
7650
8677
8301
16026
18838
7842
6548
8980
17756
6660
16037
18964
12509
12556
3476
18203
11349
16459
6946
1902
10020
9199
12758
4162
16083
18663
11568
17059
1695
1247
2864
6521
10786
2799
9367
5878
19073
5052
14004
9061
12622
8583
17244
15661
14493
15992
3803
3717
10286
15430
13522
7394
8299
13286
129
9212
16159
10620
12308
19009
16278
19677
15097
8756
19640
10477
8562
16937
12904
3883
8534
13424
2733
9827
9369
8489
7336
17882
18239
2031
8968
15860
3485
9649
454
5643
9306
705
19656
3594
17684
6958
4187
10331
12771
3360
14251
18660
9525
10729
1893
8365
16171
7054
10214
9677
3308
15134
16640
7228
8452
15974
4161
5574
15492
7708
6443
2738
5164
2983
18862
18285
19700
2597
15307
5136
19198
14517
12113
3637
14953
19782
4367
2618
13533
6644
13691
8158
1359
3311
14755
15005
3560
514
17324
8874
17007
7549
18988
11920
6641
8954
16326
17327
5299
12253
16144
1303
15140
4289
17817
12008
11041
9055
2222
601
6778
2036
11884
18153
3342
18729
1365
7041
5277
16436
4656
3303
18987
14360
5883
3759
17010
17879
13048
8356
5487
9849
7917
12893
17339
16045
2202
2598
13083
9008
17322
11422
7860
16638
7061
12134
3732
2317
17486
134
5300
18347
18654
1751
764
13155
15202
4079
9216
10689
16591
18632
13900
10312
737
6695
9314
741
14353
2175
5519
3627
13285
9770
12531
19214
5058
1614
8293
7089
11049
412
2704
7175
253
10347
5411
8745
16678
2357
12401
16346
5599
3080
17145
15787
10700
17756
8758
5189
5133
19393
495
2757
8971
4779
13853
5953
6767
19255
9721
14582
3413
4422
13381
17768
13485
3756
14653
10052
12299
11669
15639
1160
5829
7061
11456
19401
11336
8749
17969
328
6477
10303
3067
16025
18055
3048
4002
961
12742
14436
9842
9002
7401
2949
5935
5023
12927
16590
1024
8989
15148
11004
773
14607
12748
18565
6576
13098
19908
14586
9771
7097
17554
11924
10310
10741
8868
17045
10630
11945
15725
358
10513
15093
4060
19667
16865
3569
12516
12781
17227
4461
15404
9351
10492
2767
11524
6927
19972
7215
11882
11446
646
4905
14068
5402
547
14193
12896
2241
16146
10308
19197
7895
13954
16250
15244
8319
849
19714
1427
661
17833
40
13
17515
9905
7836
409
16045
2298
447
3396
4065
13849
17
17313
36
3075
12954
14032
5889
19006
8110
15892
2828
12691
17912
3699
2856
18984
5406
9943
4322
5462
7046
3089
15693
15422
793
273
16938
11889
6572
18072
13703
649
3801
3496
12668
7415
17633
14053
4288
6806
17210
11456
4523
19580
7736
8689
8346
9711
15769
7892
14570
5827
12158
4821
17924
16523
5026
2583
7412
352
3270
4927
6399
5338
13294
12290
13462
3222
7103
17570
2623
16564
1909
7580
4864
6431
1090
19728
12989
19521
17366
18621
16567
5779
8581
4599
17718
14924
9334
8102
706
17274
19164
11402
19428
4536
16413
7132
7201
6957
9045
4393
13114
3602
7618
1706
7477
4260
17374
17028
2266
1655
12392
1805
10682
16338
3108
12160
6242
1191
8116
9087
5735
18330
12100
5730
19157
3068
1343
118
3150
7971
18225
9419
15658
17428
17161
7354
11531
10307
7662
16274
15654
15949
18142
1163
588
3544
569
10947
12296
12897
18160
2685
78
7204
6311
6452
11871
6770
4019
1392
9797
11346
18710
17302
12341
7724
19052
1891
12717
6761
13281
18004
4175
17314
11802
5011
14833
16922
16404
9723
6889
9939
10615
2239
9506
8020
15356
3357
908
10449
3857
4597
914
14283
3575
1900
15276
17585
19208
10882
7565
2033
2229
5283
4580
6225
18350
9808
16169
4844
5197
9163
14978
14837
18460
16867
17299
6130
7355
793
17580
18019
9621
12468
3183
5976
17380
5078
3549
7090
10343
7882
5286
3877
13607
15147
4454
3364
15276
19727
17560
1397
9478
3190
4724
4125
1504
4477
8987
10288
12558
128
18153
5723
2190
3484
503
14566
14424
3625
3550
13749
8259
1897
5519
15769
11647
1933
780
14231
2801
16415
3371
14340
10010
11972
11427
802
13618
248
14008
24
18072
6948
352
1496
3120
7525
5233
16616
16242
16816
1833
9994
12529
13709
3786
15587
6359
15302
19934
2015
10168
1764
1214
7060
17196
10493
468
15598
19692
2934
3255
5489
14589
18867
15344
3061
2838
6687
13582
7837
9038
17301
10703
4361
3959
4698
571
8931
6130
19020
14935
10016
4799
14270
7262
8756
9792
6065
3970
8555
11910
15539
2541
10953
7618
3792
1324
7274
13735
8800
1248
16940
9527
18469
559
9119
10017
6807
2481
8441
2145
2609
503
7482
11430
6139
18227
219
2855
559
16977
11295
19671
10599
17937
2382
12544
7824
16060
16692
1522
3764
8125
19180
8172
9095
8426
7050
764
197
5977
5386
3042
16027
13001
19188
19304
5341
17997
6059
781
6426
10723
17556
13684
18652
15226
17621
12410
14027
6029
12840
14911
8018
6988
19691
233
18371
2812
8031
8316
19802
18925
1231
13844
12866
10234
1453
1541
4896
1325
4806
12461
1603
2203
18338
5188
8507
12650
2604
1590
14129
9947
6074
14196
18765
14870
12322
15819
14341
10192
16541
18596
12967
18047
7714
5869
15669
5937
19682
16800
9187
1025
4992
3408
13724
5086
19758
7383
11686
19784
7433
8408
13231
17186
7164
3332
18069
2809
19539
16154
17207
11102
16941
12356
2938
18586
7360
1021
3626
11658
6839
14847
11136
15850
10676
869
11865
3610
3360
9108
16461
2417
6950
1367
17065
19498
16229
2311
15205
10767
18914
13763
650
12427
3184
13482
6564
19736
2331
15373
2489
4097
1501
18791
1559
13546
727
13180
17738
15376
5833
8899
7098
2269
11694
7834
2233
17700
8733
981
18794
5503
13558
6586
2994
2282
6061
5734
18359
12797
4606
15232
8997
19802
12925
3726
18752
9195
11973
15305
960
1327
3485
5800
11994
13898
18898
6285
1425
3244
11616
13629
5588
5139
1076
14737
17271
19351
641
13625
15947
9117
12615
14097
15330
8591
10548
6315
8268
988
13379
1020
10750
12408
583
18873
19406
10578
4906
10573
965
17497
15023
12678
5584
214
12347
4658
4527
11475
7091
6103
9480
7785
3843
17578
8056
12047
4260
16855
17364
17776
8133
14951
10439
15197
14452
9688
4420
3109
19651
15842
19194
17578
15134
15076
16728
3733
17116
213
1115
10860
7070
17096
17112
174
19241
12600
12575
6168
301
10331
19126
7029
13286
16178
7847
6032
3232
19997
11795
3152
12943
7555
10669
14821
13122
2168
3625
10729
10301
4022
10210
6883
6645
19424
19653
4440
9332
1240
8681
15698
8866
12818
4216
18950
920
8674
19401
13121
10790
13634
18441
17619
12065
15973
9127
660
4101
7795
10003
13470
16653
8369
17981
11954
18249
19922
11247
13750
12787
8858
3232
15041
348
7832
11155
6571
5383
2006
15417
7723
5767
11938
14644
1275
4793
5186
541
15640
8862
10088
10719
3308
7999
4943
17351
4555
10330
7807
16607
14747
8641
5723
15639
5253
3542
10374
13281
11210
9061
16381
7304
4338
14114
7986
16914
711
7394
17332
15823
4662
19453
7375
5652
9838
11253
19429
18412
1715
16428
6375
1763
16146
19889
5297
16033
14907
14083
987
12356
18098
17063
10455
18765
2964
12379
2270
9179
2601
4210
6902
10670
17337
14962
8038
6019
2036
14144
15863
16261
2172
19453
17520
6356
10818
6610
15376
3050
15758
12956
14027
6646
7643
1479
7732
2760
12676
11083
19603
9290
6047
5300
19361
3394
6518
9496
11179
8184
7948
3588
11087
8923
18586
19430
13549
3555
12686
8596
18846
4230
7700
6689
13551
4556
18915
18839
5071
4817
4523
7158
13428
2746
4688
8928
5474
11832
10034
7148
5558
18038
8598
8116
289
2206
15561
16282
7717
6613
18603
3642
15092
19090
2958
15567
11296
7730
798
4329
14200
2198
10563
2536
9970
8856
1653
11190
121
2692
9498
12721
11275
43
14358
11531
16125
2419
8142
14973
19773
8226
14802
6436
6573
3476
12362
13961
3750
19143
3082
16040
13379
6406
8874
19792
6389
2131
4816
2441
10129
13747
5384
11638
10913
2076
9116
8631
8193
19355
19927
152
4524
15483
11717
12055
12996
15155
3058
526
15182
113
2205
7722
10802
4985
8902
5010
19925
6860
5405
5229
3817
17503
6992
13209
12522
15371
11342
18296
15643
2144
16197
19658
5867
7957
15554
8295
1468
1434
12405
16949
3898
15436
17161
7674
13451
17446
12046
11763
4821
4113
16021
18114
13402
2433
17364
10354
13441
3656
448
13496
15790
12679
1442
9581
19885
15213
16257
15575
1042
7146
12776
16049
15463
8744
6932
5464
1377
1848
5551
11500
17667
11495
2592
6851
13319
3827
18057
8881
18994
12712
12941
11513
6983
8416
1409
17569
13162
10820
17275
644
12522
6718
15297
1409
14574
2547
7709
8485
10202
5018
12979
3624
15148
5093
2200
19972
9631
17308
19859
4510
17516
19288
8104
10591
19178
19110
19222
7255
11534
16598
14223
16565
9132
19508
18490
16227
19015
1497
4897
12834
3862
17097
7273
2077
9438
12810
5652
18664
3522
19559
7330
8410
17383
6722
7604
5197
11170
943
5139
9785
15687
15100
2183
5043
18291
11662
6657
1541
17866
2505
5559
13189
13734
2010
18723
4510
5929
19872
13485
8135
12129
3220
11513
1319
18327
10266
8188
6020
2725
8383
2887
6742
12388
15897
19040
8844
3888
12701
11967
9525
12079
6386
7992
9067
623
6254
7982
10691
11458
17365
13561
3031
16402
3310
6490
13155
1702
10510
11420
9149
17978
7139
9020
4111
18252
4099
12177
7803
15116
12354
9142
4259
13378
12621
4807
7891
14450
13724
18788
12475
3635
11670
16492
16970
17060
1552
8916
16876
11711
15449
9677
8920
12740
18629
10919
11789
19901
12033
2755
9930
8108
9816
11273
4159
9913
16913
16825
16430
16333
17412
16666
6397
8546
1695
5988
14261
18632
19142
564
14900
5749
10399
4803
14063
16106
4717
4007
596
8165
16946
16477
3613
5797
2859
6619
19388
295
5945
19500
2627
17726
10878
11291
11599
14586
8664
6555
4301
10478
18899
1341
19281
10098
10717
11370
16068
1346
6742
11917
15893
14140
16087
7931
409
17356
19988
5001
16737
6155
19842
16007
11898
11452
4770
5179
5427
9565
9241
7607
18544
2878
5977
6719
2870
18944
7734
15919
12137
19807
11555
19601
4544
4392
16319
7679
7640
19324
19939
15498
676
4160
710
17944
9148
13190
12583
3449
11563
3960
10261
3679
6614
6444
12450
15574
1718
10567
11116
3159
13808
17863
17104
8007
19420
17749
11388
6741
18340
14294
18738
1242
17503
13172
4060
15124
15063
14144
13183
5342
5645
2880
16971
19087
985
3021
10797
19241
12013
1767
4072
3977
4763
14821
3740
14047
16024
7964
4587
1299
7906
18856
7190
19749
14636
12296
8541
7044
6712
2001
10697
3121
2995
1117
1027
1376
15446
4305
14321
7109
16565
10875
7698
8269
8999
1598
16689
5333
3279
89
5272
10239
4081
13343
2954
16059
18102
9906
16918
4075
2914
15755
14223
9184
10980
14160
14961
4300
15957
880
2290
14529
7340
19023
16440
4197
15830
19778
16343
2903
9075
7588
7990
11717
16049
18319
5938
4893
7042
1576
14219
4514
11932
10962
16062
19075
10543
7381
13278
15532
7436
7203
10610
14013
2766
14211
8927
762
10481
50
643
6133
7180
17791
17597
13351
6461
18004
10001
10460
5352
15946
6391
16441
5911
14887
5301
8980
6744
11310
14947
18227
14758
7047
11057
12760
17062
15074
8629
16347
10061
15928
10624
13471
15655
13103
9864
2364
18103
7640
11542
18100
2368
15165
11820
4670
15123
9046
15679
16858
10783
14442
7343
18271
1935
1693
8451
2746
16140
6723
3330
16917
1091
695
5261
19872
12858
920
990
18495
11499
471
6698
19019
13984
10466
2758
10070
803
15942
12751
4425
7659
4754
13831
13875
10555
15787
9506
11895
16668
9228
18336
12670
8676
5321
10189
8326
12199
9725
1128
9687
5415
4488
13634
5251
985
2697
17848
17583
687
12489
18336
9165
17369
5839
12635
7160
6857
19023
12090
7103
17126
6318
18716
1787
3300
397
5239
11004
14991
15500
3270
13609
878
7720
7193
17054
11354
12584
19302
6654
5561
10708
16161
9324
1772
1005
18541
9995
13466
6743
12136
15846
2038
6390
2579
19592
18422
13286
16787
8974
198
1969
14140
4618
7672
19520
3023
13939
5286
14580
7246
7107
6504
8297
19213
8443
12005
1269
19277
10665
14718
2831
3751
13144
18354
14835
16059
19174
7893
13047
18878
820
19582
11782
18138
13177
11616
9087
16240
13672
14891
3956
7439
5437
12930
9819
6631
4915
61
11102
15270
15859
11098
7535
1151
2465
16269
18534
9713
13773
12184
5346
16206
9025
2029
4958
3963
19590
16638
18660
1615
17316
15354
9159
1432
3565
6509
831
5607
3741
10794
13966
6990
19130
6333
2446
10943
12444
10945
8028
12023
19301
6110
11261
7166
8552
5955
4714
3260
12449
3138
15159
7403
18770
16833
4257
17909
4695
13515
1473
6535
13480
18475
71
18839
5911
269
11904
4367
12505
1248
10365
3567
5881
859
5099
390
6153
16030
2202
226
19326
4865
3079
2432
11698
16719
15578
9407
11310
10645
17903
8008
12643
10853
17147
7158
434
9353
1479
6801
10238
3493
14765
5623
641
12844
8639
11203
12207
10591
19606
2453
13954
1234
19880
18523
431
11151
9118
16141
16127
15704
12881
11544
18843
10639
19838
12906
15584
17917
1820
2978
8418
14040
6836
18564
11853
19794
6683
1819
14611
4957
12039
19255
6918
12560
12726
4352
14610
5682
6567
15646
17177
11872
3949
11484
518
4424
12327
16230
6422
14546
7105
1389
17066
5041
9346
11033
17915
7343
11908
1540
1712
7332
10779
1412
1507
9953
19755
16466
16533
15664
8594
19986
9526
10498
3326
11411
6424
4819
16504
3566
5453
14104
9620
3723
10500
10496
13738
9696
7100
2992
9707
5391
13068
7864
18542
3864
3992
6397
7751
17832
7423
4127
8573
13161
7882
18108
10038
3971
7344
13712
16698
17859
15521
2975
487
2091
1702
13900
5838
11192
5925
14942
1419
1924
8129
15488
2522
4945
15337
19956
2273
18125
5597
10608
10320
269
11156
6429
14963
19059
2388
9725
15463
10166
9465
8021
13595
15601
9370
19020
19108
13641
7084
15694
6706
9459
2616
19994
7312
18939
1430
16713
1680
12394
1817
17241
1232
7564
6992
3641
12284
4559
701
14583
1040
18706
11082
2892
5798
17809
7238
17223
475
18970
17500
16610
6932
19250
4381
1260
9797
4034
6976
16169
13630
737
13918
2624
8808
6286
9769
1092
16883
2170
15477
14204
7694
12002
6849
2905
9758
15983
19297
1380
6946
3427
10077
11087
13742
2159
16049
13566
9188
17036
16663
17911
11069
13370
2174
8956
19019
1988
15853
1071
12233
4752
6757
2386
6038
5797
7712
704
12159
13897
4574
2831
14542
11248
16720
4470
5939
8807
789
3671
13918
13653
8152
11894
1268
8799
7795
7387
2334
1357
16430
10031
19180
7916
18192
17333
7112
2677
14713
6459
2784
4381
321
16240
683
16473
14881
232
2056
2895
14604
15966
6567
7873
19140
2737
3014
13108
10792
4782
2515
9142
8010
16394
4884
6833
6020
8797
11922
11102
15486
8075
2928
8683
7057
7752
6835
15965
15144
5494
15906
5289
454
15589
11389
18693
16932
11106
9242
11983
19194
14781
15179
16957
5510
9685
5437
9798
10271
5876
14434
3459
17230
11748
1388
7454
15210
760
15153
9134
8078
13219
3993
10666
1190
2706
14803
5915
6494
11464
4586
1162
6322
5835
15015
10409
13542
2053
14292
6559
12921
19215
15497
16799
15302
6884
1577
16415
4803
16983
5526
9955
11661
9272
14446
16837
19854
12277
19670
18513
2334
16198
9673
939
4415
1742
11367
6422
12851
19854
8929
12456
207
16466
7444
5087
19093
19591
14037
5542
19046
11641
2065
1086
1006
12822
13423
9164
4118
19461
19221
13478
10490
6414
2214
5269
7075
12072
7504
6453
7604
11587
2499
18647
8828
11618
9311
86
6726
16703
19849
5492
940
6640
12878
2160
19169
5736
17636
2687
17855
19315
10947
2172
5591
1599
3303
13770
2656
19778
1001
88
15209
5813
3352
9445
12310
13971
7908
15283
7827
7240
17744
8225
14515
14308
19201
16373
19362
19312
3088
2411
1563
772
4452
6753
14513
14427
14996
1291
9377
13554
6935
2325
3271
2008
7997
11324
3381
5486
10488
16220
18284
3602
1211
6307
13247
16975
15315
5440
1673
18116
6920
13062
404
7253
3809
1820
3924
3590
16842
2447
3633
9383
18434
1285
2547
14092
9811
7619
16322
16085
7244
14243
15089
19623
16077
8500
9302
8955
16565
5904
10966
11128
587
6539
8636
15259
19848
7207
13221
7909
372
13799
18511
9276
11688
13338
18555
13296
17666
11435
630
16877
2331
11019
3088
6511
12946
557
17390
13706
1902
7578
12236
9852
14076
3873
8778
11477
18251
10858
14478
10052
6933
133
11644
8747
19000
9558
12147
12604
17557
19007
12835
17744
17155
10836
12639
19334
10438
259
8783
9308
3299
16386
10861
16442
12882
13232
7089
10325
16101
15819
11737
1094
12521
15660
12423
13891
2648
12480
1108
19268
14932
15313
5507
9680
10684
6727
19178
1818
14388
15739
12496
19837
18437
12230
1507
16256
10074
17022
1945
1849
13653
7001
8855
344
2028
9111
13330
4827
9613
14173
15248
7596
13613
13704
10483
4853
9165
16689
5598
12014
9249
19414
19743
11498
2711
332
5591
4288
3283
14525
974
6295
512
5137
9280
16016
15432
8391
3322
1027
18303
3139
17769
9694
105
523
12869
4156
17377
44
13914
14362
7678
2032
14102
1266
143
7186
16419
1049
3898
15872
17641
16206
3629
14588
13561
5175
14081
10521
3840
18604
13549
12606
5739
6378
6728
5760
5835
9781
10953
10973
9633
17168
15449
18369
1176
19000
294
13775
4410
3253
11608
12342
12115
13052
17755
9105
15231
6309
18604
3163
16408
19731
17995
14256
10132
2055
14880
16237
15812
579
10204
4481
5367
3999
13535
14720
8473
4652
8940
19034
18364
15371
17967
11046
9710
8228
10480
14954
15952
7041
17918
17462
18355
4623
15884
6624
642
9904
6146
5341
5420
14436
12924
11047
2121
2555
13566
10684
8872
6734
3984
9437
5255
4088
10047
14379
13989
15959
19505
19715
10544
4732
12475
7101
17470
704
10562
1079
6577
10048
11218
11600
5557
2505
13704
18447
19042
5952
19399
17010
13826
18992
12124
19182
19206
9694
10856
5343
18651
3559
4521
8516
10272
8894
12185
18530
12778
11999
5534
8725
14694
5673
7568
14603
5126
8336
17361
17353
9050
765
13876
9374
13931
10759
17880
4986
1741
13354
6064
17012
539
7799
15664
5016
7281
3852
17506
17735
2415
1849
14707
11518
18499
16997
1966
871
11133
13732
11429
8278
5286
9507
1484
7630
2179
6594
7368
16686
3652
302
18182
5993
1406
15414
9686
6281
16154
11943
14790
11402
6486
14585
11702
7234
12680
11675
15684
4990
12024
16255
7877
4562
8080
4203
6442
19480
994
8551
17782
490
3420
18474
18873
7400
7943
9729
1994
1437
5027
11060
14686
12780
7205
14168
150
7089
605
2045
17253
3159
1435
18368
3160
10354
3371
2819
11258
11871
1230
10458
13655
17849
330
2320
12502
1724
17500
6298
7832
219
16455
12162
13192
19571
16686
18562
6529
16872
7184
16266
10293
11848
14401
15788
14137
6578
11379
2743
1178
6006
18012
13009
11781
5920
6985
12529
18603
10963
12717
13186
3854
14749
10198
13735
15556
1387
14255
12584
17432
11522
2668
7738
17280
13986
4880
6944
15654
16360
2298
15533
10469
13854
6717
12982
6258
11354
4284
16520
12128
7520
17033
2937
3997
6492
7646
7484
5629
18571
10311
18081
5788
11263
4126
19722
9379
14529
12819
839
13312
4144
883
19384
5251
9894
14684
4742
19698
1591
1289
4871
6821
8637
11671
18891
16301
1002
10431
1404
5327
3110
14798
12377
14205
5019
2811
6938
1450
10516
13365
5630
13120
10559
19172
6612
16308
172
9362
10996
6862
19741
1620
19144
16305
3358
482
11380
11378
9145
18324
4919
11288
7515
19573
17150
12936
1041
14365
5104
6998
5668
4917
18365
6171
4609
18675
5106
8812
5385
382
6233
19511
4529
10350
8806
7786
18095
10286
15661
3420
8877
2901
1831
5759
11629
3800
13574
16920
10722
10713
2037
8641
14613
2561
5683
2101
9167
14411
613
19912
5836
5181
3476
19927
9285
1862
15478
16739
13328
11535
13324
19035
17813
15077
5372
9862
18409
7763
11327
13422
2633
1690
9099
14701
11289
13381
12035
15983
19643
19077
11215
16766
2051
11871
10730
4539
8781
13378
10348
6067
17301
17158
19109
3031
18773
6594
2043
18507
14194
12889
12592
7254
14365
2611
10185
5695
15921
10074
11923
7125
17248
7539
18517
13635
12595
16442
5034
17511
11937
16985
14395
3850
1616
7744
511
3098
14068
8152
15021
18592
19598
8459
17479
290
3257
6919
18973
6926
2241
2235
4297
9305
14010
12315
18661
12366
15005
19463
13677
5706
3951
258
13347
3656
15754
16350
16988
4396
7604
15319
13919
19064
13877
12305
2153
15173
6111
19101
7029
16950
8072
6502
2049
8604
19339
8206
4939
837
15278
4279
9082
11632
1626
1780
11114
3669
17477
10527
4276
15099
7245
7624
7493
10390
4325
16630
17381
10797
15806
11293
15584
10783
3553
9125
3727
1368
15141
11112
2531
16484
19240
11056
4644
19061
809
3366
18814
15669
6832
4490
8279
1353
4126
11925
11141
13930
8781
8695
9916
15477
19538
398
6406
13689
13474
13252
7131
14226
876
99
5439
18545
963
6361
16867
6605
15600
7351
17152
19877
7662
14861
4641
7198
2702
9510
181
8264
7882
7446
2589
7734
11093
17650
14748
13757
5978
18198
1921
10626
7489
15464
15777
6096
3439
18501
16362
7902
18374
4728
10710
2321
7346
6289
19165
17357
1991
17278
14591
14356
265
700
9218
16600
10007
18068
8281
3925
12649
7775
18475
17694
11237
18518
13849
7337
16494
11089
5188
7002
2716
7954
3370
8950
18061
159
9408
13694
12678
16294
7621
4031
4606
18845
18831
3238
3455
6978
5060
7871
11288
13437
1687
13917
2601
10476
4358
12827
2599
16802
11693
3609
2162
12774
12230
8568
5828
9679
10736
7786
18623
10241
13382
5494
6646
221
14564
5833
13128
8088
19247
15531
13092
7014
19426
551
19614
14160
12373
9929
19419
2321
3639
15041
3419
11193
13662
2050
4215
3360
4264
8381
2923
11814
15067
13988
54
10715
5057
10531
4828
7908
6096
9730
13555
4066
8608
15212
5936
18171
17016
9070
7554
2526
19104
14235
4440
12654
4583
13110
4736
7139
569
14116
3017
11185
15779
14700
10107
10094
7598
11351
14662
13587
18361
16301
2372
3481
3975
14995
8921
19502
11363
2289
4742
9618
957
1398
19019
15672
5786
725
3250
12019
2951
15051
13637
3524
13284
3696
17190
16859
6931
15751
16179
16114
12056
66
11180
2672
1624
3174
885
5332
510
17579
7178
18813
6346
7798
12069
17777
11828
8835
12594
5363
13389
2245
9866
4489
14043
9606
10128
11215
14508
15489
7069
7543
745
1061
1315
19392
7372
709
10786
19809
11281
7458
18256
7251
1506
17851
13138
5182
18516
14019
15492
13713
18596
11345
10723
9086
7635
9465
5786
9146
12197
8590
15875
14405
7385
56
3901
6729
16372
13829
3568
18893
2365
17814
8280
17987
7460
12408
14173
5376
18318
1095
9447
7371
10647
11838
14425
18015
15556
18799
10357
409
2479
277
2599
2341
5340
14822
13246
15134
14441
8037
3384
3482
16121
17695
17513
1457
16231
9444
6275
9097
631
13051
16156
9176
7953
11217
8578
14036
1066
19434
19539
11158
5203
12847
11267
2758
17858
10277
13676
6215
9384
9853
1267
14246
19158
3066
7001
6387
13376
18517
2773
16962
3747
773
18874
10732
15395
15874
16927
15604
2644
7935
4783
18616
3503
14269
1478
6309
13410
1418
655
13602
7009
4684
14605
714
4437
6339
4632
11234
19333
2280
4868
19172
13407
5903
14857
11718
16094
13287
14399
6660
16093
4572
14690
14888
3595
18512
13258
6396
925
3009
14008
9102
16283
15557
16246
13160
16990
1471
479
2081
17077
10920
13592
11312
4914
18179
17942
13438
19428
15733
1279
10955
14092
2721
10351
12383
15180
2862
11439
19792
2054
14646
19735
8214
9959
9988
10280
3821
7754
6879
9291
8498
4586
16286
15556
3089
8844
1395
8379
10091
2604
16400
19373
3488
17382
6464
14864
10998
4255
13205
2310
13338
19821
10237
13963
18431
4648
16165
5813
19958
8012
10864
9313
760
18643
15266
8225
2955
8636
11309
6628
12331
9866
2653
17786
53
15877
15298
11549
12318
18343
11588
16598
5695
16099
3570
3549
10877
16734
1910
10881
8581
13707
8097
16745
19078
12523
5397
4938
4825
5550
6017
2625
14824
7536
8027
671
3562
4539
18668
8030
6681
6004
1384
14440
5253
19386
5036
10131
11516
5445
7777
3687
13672
6652
17784
10706
8999
10184
7155
14750
17062
5100
18589
7753
15467
10910
6589
8749
16127
17016
6142
11643
1820
8216
2741
6377
16017
10725
2705
5633
7432
9710
16157
15191
16370
6969
10094
13562
14070
14896
19085
6301
14062
2017
7706
14733
9448
10756
17696
11222
8325
5569
13499
11921
7986
6661
1805
11859
984
9009
3630
4842
2845
19492
10367
9043
8350
14382
16036
9809
10411
10844
13814
9138
14247
18978
3978
2759
6170
15252
9042
4476
2871
1278
7234
18478
14476
730
12203
18903
11160
18179
312
17014
16340
13647
15620
7760
5787
4433
14609
6583
8522
3047
19120
14409
11304
3767
12977
15849
14106
182
3267
19747
19119
1677
1294
33
204
12630
4813
4412
17012
9743
7218
9089
12203
6685
9999
14283
15309
15476
11576
16653
3605
6718
5375
14490
19763
12518
4289
19384
4835
9757
6569
11021
18296
17322
12574
12428
7283
2420
4130
7005
4960
17279
19955
1721
7032
13599
19193
17031
15436
4684
8787
12222
2405
12556
17157
15825
6572
15407
1434
8106
3119
12845
12295
8725
476
18244
6345
7833
3361
4730
2168
16196
11616
19839
18947
13348
12811
3913
12331
17573
17987
14052
1938
14025
3944
9815
18038
4879
19817
11883
6570
11045
19454
14717
870
15790
5720
8084
2566
19015
10048
12377
14957
14279
1374
18037
16987
19836
13345
5041
5005
19732
14779
15680
17038
11129
13540
10229
11705
10748
12058
3862
6849
4520
1883
15273
8142
14406
18036
2765
12481
14808
5144
9515
13501
3584
3291
5576
15444
18983
415
6724
12307
9846
14638
2421
11688
5257
12250
893
14319
13347
2619
1739
5845
17079
8534
896
5334
16136
11573
6348
759
19949
9406
6443
1818
13346
13592
10567
2221
6255
6306
14435
13137
10105
3524
828
4626
6054
18752
116
758
1042
5315
15655
15679
14274
10812
3143
1354
1515
19632
8513
11175
14712
8063
6399
6327
8021
5242
18110
1606
1208
10654
11201
8884
13027
11739
1432
4744
10945
6291
886
6138
1728
16823
6685
6123
8990
10570
6018
945
16544
5505
18977
19135
9143
962
10797
146
13413
14510
14192
19615
3291
3942
10681
18062
909
6868
5385
6004
12801
7122
19688
5886
4709
12992
717
11007
6539
2522
871
16414
1164
5408
14193
1109
17553
11367
1656
10369
15014
2251
18106
12037
16736
1513
16363
5158
10900
5016
18202
5347
5142
15763
12447
17851
19482
11676
12747
15538
18718
5668
19259
10733
10278
17355
2999
1140
13844
18218
15032
1804
17579
7284
16588
12916
5745
1396
1662
3228
11739
16847
1625
4503
4087
425
7576
14492
17597
7537
5511
16921
14848
19230
9604
3553
13611
8300
11578
14735
18988
3798
9081
19747
9775
7971
5033
5785
3663
7139
3237
141
18719
11658
10157
11790
11122
8240
11291
17823
8403
10358
6281
12039
19524
15796
2639
16416
11682
9979
4247
11777
19935
8947
19220
19298
7909
1363
17138
18861
5331
15145
3800
19666
16558
17
3927
11212
19266
17425
6682
11313
14367
88
16545
5195
7193
2584
1156
231
4732
12826
8452
5847
1818
13133
2179
9598
6139
17610
4437
12281
9895
16933
18333
989
9045
12320
3470
1470
19254
7291
16488
8578
2499
2953
15122
6077
8446
11958
19814
18288
17057
11913
18954
19669
9496
10108
9358
16943
4357
6734
16904
8885
11993
13445
3806
9048
12927
15825
5194
18184
3377
17382
3977
12441
4319
875
9341
7622
2066
7259
19661
10862
9872
14651
917
8513
5200
3458
9488
11975
1281
13126
10981
5185
15590
134
13823
7318
389
6922
8483
14460
19780
5319
1345
2733
14863
2684
18662
10125
1949
10575
4021
12458
4200
3753
16083
4339
16605
16370
19064
2390
1127
12307
1347
1052
7447
12667
4238
7120
2079
6241
19906
11412
18511
7445
14910
11806
11644
10816
8258
1703
16786
3614
17118
4959
19454
4875
8997
1445
8261
19547
11371
1792
10085
17922
8524
18946
12396
17277
12120
1416
6283
11597
12042
13229
2154
7013
9543
17840
3642
4007
10159
14159
18624
1763
13683
19624
8155
36
5130
4480
10884
13224
10808
1012
8588
12522
12626
9435
9454
7469
4829
10024
1877
7755
12778
16065
8599
4799
3590
507
11801
16507
10463
11095
18379
11122
10288
13771
17119
19952
9923
4077
16622
10785
5425
10104
1917
12231
2324
4367
1912
2364
14891
7912
1943
1517
16573
14863
7260
5801
13839
12910
4910
12858
15577
1961
7682
13612
1964
16933
15704
15676
15082
16186
3653
6368
19115
7568
498
4349
8544
4270
10036
3018
9516
16590
13374
11087
13599
1729
16566
19100
15133
7936
7138
16650
18256
14460
12138
6877
19174
17795
9056
437
17300
16053
16456
8936
9530
19819
19492
16381
19593
4320
9811
1822
16629
18631
1361
9461
12660
14633
2484
15935
15172
4373
3831
4317
4111
7732
1345
6460
19227
5725
4623
8251
11545
5831
18970
19684
12453
8694
16726
13043
7198
8870
11148
19347
9035
580
17818
8547
11841
17377
7257
6027
15897
15188
8937
2479
8229
7620
14472
14157
7477
9889
4991
16302
16173
2943
14739
10626
1565
13346
16388
5235
12378
9065
17637
7856
10359
1861
17228
18511
3624
15011
8381
5653
775
7533
1943
16779
17737
2315
19286
18240
11502
2099
4093
3652
820
1037
18266
4495
19449
13452
2242
17964
4578
12850
3233
1301
15088
769
5589
8189
3125
6002
15734
4229
6355
18396
12449
18794
15978
3717
16076
3480
557
19762
16565
18982
13699
7356
14194
15905
6882
6882
13168
18010
19179
1098
19964
13938
8484
19817
3847
18881
7579
18876
584
12391
19217
18710
4426
1472
13179
2929
9935
11091
15435
16490
9478
6294
18081
18615
15836
5242
16902
4545
2936
14052
12037
12382
2822
4279
13788
13777
10894
13210
8810
1539
17784
19810
10089
12285
17714
19333
19998
12672
9543
9285
2342
397
6770
19068
12963
17192
7446
16793
561
11132
11966
470
3213
1319
3041
5379
18187
9769
5111
6074
6613
11804
3197
13865
4878
16036
16649
16090
230
1554
10416
8838
16253
8204
3536
10316
10924
13516
16487
19313
2777
14319
6634
5773
4480
18834
7166
10095
11374
9087
9240
3210
11141
8982
14773
10082
19944
4497
5402
1983
8165
12534
14629
8278
17891
12969
13901
6578
17756
19329
7389
15940
3286
7591
7527
18124
4479
6334
15214
12122
10604
12810
1961
1348
3418
15964
15608
15741
682
11812
3685
4037
13937
18889
16792
12970
16567
14545
11631
6046
14427
7440
16797
16796
16911
17553
17762
5043
18290
6633
4484
15639
7662
14823
9197
9280
12613
15906
5960
16007
3664
9511
3511
18665
16946
8995
8764
12113
16819
8710
18714
18102
14566
18061
11907
14909
1284
7473
3752
14921
14807
18554
3990
16064
19287
11951
11673
12672
12466
11582
8057
15793
10216
9148
12901
1428
3561
7177
4254
7308
12903
10032
5444
13226
15997
6190
478
5781
6924
19104
8355
7164
1620
5393
15098
10645
15009
16883
10116
9020
18234
16453
2828
14809
3066
17060
15509
221
11806
9981
17858
15403
11389
1085
6584
9327
14531
6873
10581
16314
384
12459
11906
2104
568
597
14676
14558
15204
18350
3540
4409
6803
9195
6788
17805
85
10568
17796
7294
13892
1039
17537
1991
18632
16174
10374
4047
11667
11993
4108
12011
18457
14229
9235
4284
15110
14409
10333
13134
10465
8257
7464
1861
18672
8493
19100
15383
7993
14550
9749
19567
9384
19099
18891
8588
5561
10201
2129
19046
8335
3300
8708
7472
1942
8240
11952
9527
11054
19599
2266
8801
16796
12995
303
8065
13033
2133
17724
16721
1905
62
7034
14787
17598
10709
14910
9883
4015
9007
7975
14858
19969
9036
12673
15444
4281
5428
14102
422
4950
5176
16312
6643
17633
15600
15273
1326
16166
4587
16532
9855
16705
19555
9900
5028
10583
18097
10529
10828
5772
2059
3470
16910
18103
1124
15325
17634
15726
16588
17043
10071
11696
19974
10291
3481
13193
18159
9931
12726
5190
17060
367
5634
4650
6139
19828
19737
17376
10415
2495
5193
6998
14944
18596
7963
16535
11212
4589
8974
10989
9889
5188
14642
1124
9082
19257
4123
14098
13517
14228
9050
18874
6627
8209
9434
7787
19631
5713
7687
19426
6705
14952
18329
8437
15143
12567
10540
19993
19829
14075
10393
781
19865
9475
7099
11208
19573
4804
17221
14073
5902
17635
8910
16109
2054
16866
6048
17572
12920
950
8271
18968
1355
1951
9859
13186
10436
8868
3215
19314
1881
7669
17675
11208
4532
17220
11838
7606
3470
9489
17375
6223
16088
7533
11453
11713
11215
11289
13424
17415
4442
16537
1506
3406
10319
18196
7103
2264
13928
5142
17205
4100
1203
1920
18399
11743
6322
6116
12238
10878
1165
18695
7372
9790
18694
9436
10024
16022
19738
18920
13686
3734
14343
1755
16195
7652
17814
3076
9906
14891
19032
8341
10550
12396
14274
225
5905
7880
16221
16656
14279
9556
13146
16393
19861
582
4158
6485
14056
3327
8344
3133
18466
5467
3777
13470
17482
7404
2150
8974
17422
18164
188
6894
19429
4071
6931
6112
237
2027
5207
15007
3353
8760
7223
122
2325
3516
8706
1421
12476
2805
1145
13102
17701
6679
2911
19547
10923
2762
4441
14448
16835
4093
10156
10179
7767
3854
15629
15008
13011
14862
9796
14523
19526
4932
12154
8669
2527
1704
15316
3523
12871
15625
17053
3949
4142
4892
12906
5457
18737
9469
12855
7089
15005
8551
12029
9791
18942
4523
7194
18625
12618
17107
9375
7039
713
8587
11423
7648
11281
18686
19407
4649
7949
15381
12976
12755
19243
8989
10592
2526
6479
847
16093
13752
5423
6660
14686
5346
3250
8787
17474
2370
2804
11081
7250
2271
7806
17511
11520
16908
2246
8392
16641
121
10088
12481
18704
5469
1161
4178
14415
17944
12780
6961
2639
15296
12965
6229
19850
4796
11854
1176
4737
12150
2092
11463
6578
11196
11194
12809
7045
14373
3641
7283
13214
5959
61
16741
9231
14257
17783
10882
14611
5868
5206
16591
11972
10282
17590
17734
19590
1100
3719
11885
16947
1170
13498
7814
5045
1732
16117
13823
12644
686
6356
6296
7572
7380
10232
17231
10504
17808
8433
544
9066
12999
10774
19984
2389
1878
1473
19519
14202
19802
10859
18595
2829
1156
2596
16591
19225
2736
13150
10993
12186
12798
12422
6989
14175
10943
11778
17648
16045
15901
1146
16306
3362
16978
17882
13312
7917
18558
15972
14447
8235
622
12200
14658
6672
8248
12027
8118
6463
18053
953
423
18409
2468
19516
14387
13332
10808
2383
8035
12030
12110
5279
9448
11512
626
8656
17265
17596
12139
9240
8043
6099
18201
19902
18612
11999
10850
15446
11743
16249
6176
15363
12375
19498
983
17285
9825
10138
16290
11750
11560
13376
4203
15608
1072
13468
7086
3385
9634
1443
17305
4659
3674
7227
8996
3004
1529
15613
12765
10360
9735
12226
7272
12890
9498
2723
11569
3748
3721
17393
10478
238
9897
1845
2214
6571
17416
13833
16815
17957
9663
11964
1469
5536
16770
5302
18637
9474
2673
12052
18687
1752
16360
6330
14187
13893
856
292
15518
3740
12176
1364
609
6614
984
8412
13509
19530
13142
8685
2173
2645
19573
5724
8981
5813
4589
6030
5058
10272
7856
8470
4176
13909
17640
14685
5390
12418
494
14007
13239
17654
13433
17135
14615
6541
4295
10050
4775
18399
3483
2356
9687
18660
19776
16440
4345
10807
18014
11166
4459
7967
11985
4494
5411
4807
2401
5138
9409
16407
8946
5368
11213
4085
10025
511
19705
6489
443
9645
9443
9665
2693
955
7935
7629
3089
19143
14512
16197
5570
11313
2742
8691
10145
1542
19907
1630
1746
10728
9845
13306
11893
8179
12338
2057
15005
7150
19652
13574
14178
950
6458
19561
12659
5117
4853
5127
2963
14190
14053
10661
4604
13604
17893
4558
10673
6488
10973
2183
2520
11287
19199
12954
9186
15752
8051
19092
4438
3631
3307
8999
3002
6286
18133
8393
19045
5451
9629
2070
3985
15543
18923
16459
16052
10843
2288
18715
9396
12287
2837
1005
347
17904
14027
2272
18044
14536
151
9534
14254
2746
12057
7782
1140
546
2387
2735
633
11904
19672
7927
12402
2873
10195
10535
8524
18788
13852
19725
7073
16702
11477
16434
8773
2165
8572
18248
7119
8836
4988
8079
4694
270
6958
15805
3491
15212
6145
15819
18763
9622
5544
15266
14262
17540
788
9551
1611
2464
11869
11632
12426
4308
3392
2565
17061
12120
19034
18593
16721
1768
3345
5922
9273
17560
17600
2148
17237
7597
8194
10764
13522
16408
14608
15693
12644
2089
14010
6909
11972
8285
19497
916
2638
1999
18700
5625
6302
4586
15830
171
13499
19744
12586
18421
2933
10196
17812
16239
6856
3895
19416
16735
15846
1087
4835
7589
9378
4639
11376
2266
8719
10283
18167
5020
1318
10603
19517
11130
17317
16776
2043
18833
6609
12516
17120
8135
14617
5765
14987
18355
2440
18018
8537
6028
4208
102
389
17965
16096
14497
9127
3611
5963
8888
5195
9798
7014
18065
15680
12628
15868
18691
4300
5262
14853
10673
4023
6264
11118
12991
4006
2501
7989
6582
12736
13350
5826
5947
12776
17892
18751
1811
7518
538
17329
19822
5794
545
1528
9409
13052
17438
14280
14082
11229
17526
1836
12605
12959
14453
4106
14878
10156
17942
5974
19454
15188
9607
19399
14381
3850
1373
15278
8104
2263
16106
10960
432
9929
10712
4251
6486
1151
18138
10825
404
4936
19305
18721
320
15494
10312
17595
1078
12795
17440
7995
1740
14414
4977
5566
7596
8512
15664
7130
13039
13922
2612
9410
4245
12809
16765
7116
15510
7031
14110
10482
7486
8633
3794
5963
4008
10911
2286
17075
10666
14713
3253
14892
2401
2517
18621
7737
10829
11438
7196
5919
13695
17869
4551
1213
3242
15217
4103
2302
17470
5529
5813
3307
18515
14060
3979
11292
9248
11246
16572
2018
9198
4588
7804
6754
11392
813
12612
11712
13131
13379
1586
4212
4140
10485
10647
7370
2854
19924
17452
18881
9188
6305
8706
11169
6146
7051
19572
1240
13126
6738
14547
5379
19735
8780
4652
2747
2647
4902
16141
12108
17790
2940
13874
5660
19385
1034
9606
18406
6604
18069
3779
5217
5146
19395
18198
830
8552
2618
8879
18481
12078
8211
268
10800
14804
831
11266
3396
18366
10426
11364
11637
11873
2904
10507
16000
3956
16657
61
11335
14578
11533
4242
15834
17184
18010
14585
11184
2862
5223
6894
9818
13040
7403
7386
7020
122
10605
18209
1243
9029
6842
14633
1212
18057
15569
5595
19094
19050
658
6989
6998
757
2141
5062
19746
3077
17733
10930
19001
14398
18537
19469
9667
2807
18613
17115
5469
16620
12088
15651
16914
8559
17392
2810
15704
1191
4248
11722
1808
10338
18204
9053
5864
9700
12048
10742
7127
7793
18537
14992
10090
18494
9222
9533
11601
7243
17840
9114
13661
15175
17079
7015
17889
15443
16162
12164
16738
13533
15547
959
17997
2751
18178
155
16209
15869
16478
676
2780
2335
19291
12252
49
13572
4519
1738
11817
11615
2127
10824
13908
19162
11864
8756
13530
2957
3855
692
2276
2785
19991
15826
9900
4104
6603
2397
15889
19169
6028
11610
5431
18713
11845
18042
6757
15487
4655
19228
13623
16599
19728
10213
12450
9080
14681
5202
2289
11689
6228
17999
3236
7020
9190
19518
12873
11545
4133
3720
2846
14946
12049
14731
15464
17150
4370
15115
15216
12365
3113
10161
19661
11023
750
972
13247
13412
19824
13104
4819
16245
13432
3413
17891
296
19795
3139
6007
6409
6200
2473
6000
15888
1468
4685
5684
10211
7521
13085
1045
16103
7141
7071
12034
13340
9783
9377
10363
12066
2275
8575
14990
1581
6190
16911
12445
1202
7676
13903
16601
5244
17249
3896
18384
3254
9165
15738
8619
14355
5152
13711
9060
5067
13433
18214
6284
7537
9158
2119
14856
16823
1657
6038
10250
9186
2800
14980
5403
3107
13111
12050
12937
17107
4780
17510
4304
13074
18910
14394
8639
9704
179
10307
9423
5024
12448
7903
708
17345
13524
3834
1022
6907
7337
10372
5768
15524
6075
4522
11367
6320
18170
7321
17372
17784
16938
15667
15589
5652
17155
16974
17236
17694
13248
921
18269
1443
11666
3415
16953
17243
15317
19873
8724
15636
18812
9254
14857
9861
14793
15506
1336
8191
8124
2671
8039
8600
7251
14069
8659
1033
4492
12776
17231
12117
17701
19025
1194
8758
3735
12890
18849
9079
2660
10630
10124
9998
10550
18672
16115
15731
10895
10452
14424
1717
14181
1969
6023
9671
18922
17009
11093
9288
12598
18880
9782
3276
5507
8482
15896
9061
3461
3532
12962
11269
4146
11147
502
9386
5230
16825
932
3317
16163
4331
15866
9469
17013
17626
973
2502
10006
11800
10187
5329
3766
3471
11850
13161
8408
15270
8832
5250
688
4431
12341
15893
14437
12309
10868
12628
2900
10188
9151
15149
13672
2644
17190
2392
7762
6782
14335
2388
7486
14762
8823
4333
3716
18665
10224
18665
9374
10659
649
13606
13156
2001
10452
11867
13619
19269
4502
6701
11957
12172
7854
12074
12276
8669
2097
8075
5598
10287
13206
17060
11809
12614
17980
5671
6220
17708
3660
18756
3718
11476
1159
13536
19847
19976
9129
12385
5751
16676
4504
18449
4281
17971
2969
7493
6514
5977
2004
19426
1961
7615
10857
12793
17740
7785
14875
2313
2940
2814
18662
11667
6058
11767
10583
14103
10537
8655
18245
14795
2977
14698
17816
1766
10738
11063
12231
5083
12943
5851
6823
17510
13628
7092
16027
6553
11695
27
7768
4120
4968
19393
669
6680
1065
13444
2315
5801
15239
13823
8359
6492
11143
13833
19425
10248
19207
6311
14133
6546
5975
17815
18337
14521
2499
6105
14479
15020
19210
17118
9376
10612
13810
18238
17990
17082
18620
16468
11790
4205
14314
2206
18916
19719
10683
190
10545
15733
5851
9645
9156
16681
14475
17044
12650
16445
10050
14539
2006
18580
15468
2480
13991
18506
3610
316
9130
10432
6849
1251
16688
16297
13469
8568
14380
18155
14908
675
12580
15784
702
5565
6284
16636
8425
15629
15348
18349
10716
8101
8085
5207
14549
82
10280
10872
6379
8064
17219
8655
8591
10837
18019
13025
17149
4196
2499
14136
6123
14475
6049
403
16683
10169
2986
10479
13673
16570
10846
13323
14458
15678
18875
16183
14503
14506
11953
10499
15999
14264
7002
17772
17261
12184
18436
7450
14690
19902
10397
16354
16193
1524
12187
13472
13237
14651
16959
6583
2289
2837
1183
1627
19023
12082
10862
1480
17659
2332
18383
16472
19730
15403
17032
1270
1659
4791
7664
3289
5444
5176
4631
3631
9854
14767
3252
6430
2748
18726
5092
13978
19086
1127
4032
1393
1063
3259
16585
3433
10127
1981
16096
3429
498
17803
5538
7728
4114
17958
1425
7791
17132
324
9760
2166
11450
8536
16918
11379
5264
12973
16276
5372
1353
8353
7080
12768
3380
12859
16514
9406
937
16751
384
12389
17359
1632
10984
18650
17830
6496
2386
9716
52
1050
19942
13022
14429
9099
17277
18644
6731
11774
17960
9876
1525
2606
19654
15983
16930
12119
6956
7243
19081
14930
11753
19433
15629
16331
277
19235
11303
11647
12195
7663
16507
10455
4750
8265
15673
2182
5533
18480
2231
4854
14193
420
9507
1398
17362
1763
17804
7083
15439
6904
2155
15291
14377
15290
1989
3412
10448
1674
1414
16842
5303
4247
1722
19250
6875
9787
1562
6985
1732
9475
19848
19844
4155
5536
5541
15224
11485
16354
7211
7688
7686
976
8251
3723
8662
18032
17161
1374
12038
4016
11659
12133
13082
16587
12211
14311
16774
17940
12714
16345
18536
18054
9310
1402
17467
496
19708
9315
4307
1948
467
1775
12159
3079
18466
10491
14357
2274
18383
10325
1959
4770
14539
12639
18837
2260
3197
12025
10547
3321
16130
8284
9441
10873
4669
1297
3090
19219
9990
12575
18
8947
3858
7270
13809
19307
11944
5146
7450
1135
16435
4122
10018
4062
17860
13028
6018
13119
10453
8699
9646
4525
1050
18921
10596
4660
17994
5993
18111
2367
2175
554
13414
9165
599
4550
2698
7700
9057
371
7496
17795
558
7691
5809
11813
1045
4690
16194
10486
13019
5017
10123
16888
17741
7803
3162
8530
4242
3549
6706
5671
18585
3169
11243
8841
10892
8184
4717
5750
16418
7318
3332
11193
13334
9100
16188
3514
4390
2651
3418
8958
10090
14864
12272
9901
11595
894
6515
11016
1840
1035
3206
2649
8251
7206
2329
7017
4205
3437
3321
17713
18917
1230
9160
3130
11165
2015
4711
15311
7087
777
11478
5582
15173
7258
2210
19066
18220
7587
15805
11204
19793
8747
14244
17556
14834
6964
2932
15101
13494
18025
18672
12035
5076
3857
2702
18044
14534
7351
286
215
13993
6822
17684
16753
8233
2605
18455
12122
17336
9433
1751
18696
5741
13987
13298
4196
4225
2052
4959
18624
12078
1823
6951
15057
17632
293
4126
5887
11162
13824
9268
882
5922
5519
17372
14417
12520
8633
12121
19489
15626
5205
14853
9052
19455
4491
7954
16197
15649
9202
11487
4492
8491
739
11865
16760
17003
2731
7391
9802
5392
14134
10034
12847
15211
16011
6195
2479
3048
7517
18242
18277
9274
14331
18391
15369
13275
13753
12295
6793
13862
3422
16506
3874
7471
2966
6053
1192
9382
8897
19483
9622
4849
15288
8579
3481
12170
13360
15111
16095
2861
461
12910
2136
3405
15418
17476
15950
7336
5810
9294
3462
179
9253
1618
14521
2237
8159
488
8977
16436
6784
16860
8994
1676
13015
9555
16115
3469
19789
576
689
19514
8636
19619
16451
19151
4846
15219
1204
11965
8965
17844
11846
7154
15292
3755
12111
11427
19187
1911
26
4303
8025
7238
17944
1167
12333
11399
2992
2353
2008
13318
8471
11928
19674
8889
18672
10664
10781
2905
19022
717
19713
11587
18092
14199
6400
14410
13275
4843
9232
4080
7365
5675
19461
8916
14786
19911
14145
12242
5841
19589
8170
8472
1745
19130
17031
13425
6575
14688
9448
11813
18691
308
13888
0
518
1685
19458
740
14982
1168
12976
10677
8896
14964
4332
18486
1619
19532
15130
11203
14672
10085
15019
17249
13639
19925
6163
18811
10027
14773
13778
18622
14534
4616
17078
9628
3457
18202
9511
11324
16650
9814
2909
17289
16191
1420
8476
9553
13340
2991
15058
19944
9096
12116
10908
6262
15105
8906
279
10164
3459
13178
1483
5463
8023
7798
8200
10024
2891
2235
4676
10078
13147
15405
13809
11109
12663
4049
6307
9047
17498
1097
10189
14221
10906
1671
17338
10721
2315
16480
13389
6590
2495
68
11912
178
4055
14571
16217
16488
6465
14140
19608
1666
10811
15849
19996
6163
10334
17141
17647
15496
18765
19146
9834
11936
9520
9378
9233
267
6953
13714
7524
6892
7626
7401
4716
2427
4223
6675
15552
11781
7714
11500
17734
9459
4062
11988
4858
14819
5225
70
4483
8570
571
13617
11578
7964
11059
6917
15872
13881
18854
1266
8384
8209
772
13449
15800
9308
9925
5665
17108
12173
13735
5865
7307
7401
14623
7158
5490
15620
8223
17770
18163
15362
7001
4741
7872
15225
5370
2543
10414
2327
17220
11889
19837
7739
12876
6291
16993
9761
15792
16578
18192
18128
18441
6872
17658
3428
4982
2422
19122
18758
8042
8753
11633
6344
17703
13525
15315
14789
9542
12863
4370
1776
1049
18203
11301
13206
11646
982
15779
14748
6643
5998
16939
10490
4920
18307
854
17574
6701
10576
3414
18792
12980
13522
7986
1704
13164
10923
2591
17169
14850
13685
2391
12693
13132
6223
10737
1213
12476
19676
18678
6140
2753
15813
9318
16610
13042
8997
1051
3934
19881
6716
10704
13885
7667
2893
7552
11631
17627
2
14452
19112
4655
8533
19553
2329
13231
11211
9579
15047
6479
14018
9628
12588
6254
2714
16959
9532
9215
10022
15668
19419
7713
11385
1983
17855
226
9717
3766
3531
17845
3140
10039
13925
12559
16517
14977
6494
3759
17203
8396
12824
10197
10457
4370
6811
10937
2103
13470
13746
8854
16687
6880
9862
8399
2235
9841
15893
17962
10071
8411
17699
8365
11129
15554
6402
3000
6267
17381
3023
16731
15942
15673
14754
17982
7558
11886
19746
16454
7125
13074
58
10375
8897
12099
13053
6668
1923
11309
17241
7475
16219
5269
7263
4508
8238
16268
11518
803
5357
18381
8241
11621
6382
14092
14781
6628
3511
3586
766
7390
6204
1601
19265
3449
10586
3216
1101
18376
13932
18476
8064
10729
14813
1509
6319
5836
4182
16877
17552
13375
13369
8646
18584
16307
16284
4864
15289
10484
17104
16135
17912
5714
18091
13903
12094
5795
14220
11384
10438
11977
19441
16391
11769
15791
13731
11058
17307
14947
17716
10337
11738
7885
15865
11621
16401
1302
328
11225
4689
16292
13292
6405
1282
1796
5179
17704
11571
1766
15898
16600
7758
11516
4974
15932
19218
17162
14072
2797
13892
255
280
2152
2293
17718
16250
1892
6307
11230
8372
17494
2987
8254
11438
1460
2596
7598
5920
5091
14232
8525
1974
17957
19342
8693
11310
6904
16244
19824
18792
3135
2437
5084
19224
363
1838
3214
6668
15361
7740
12939
11591
11460
13243
5870
15022
19038
8197
16767
19998
10598
19415
10908
15869
5048
2431
18748
3239
17054
11157
12591
17240
5124
9910
15380
3797
6976
5442
18024
85
15948
14250
17258
13277
18389
9595
55
6135
2314
16215
19866
9840
7507
11374
5806
3915
3096
17360
5471
1249
4265
10744
12551
270
4198
12982
14921
17592
4369
14308
4881
2544
16739
909
4951
7105
10359
5724
10252
3752
4693
19541
13072
3771
6288
9864
10871
11589
17675
12756
19077
9306
11854
12563
15785
8255
15889
3442
4652
18280
12867
17454
16334
14602
3435
6472
18077
12460
9320
2209
15530
2729
6143
19131
11588
3186
15292
14314
1028
6813
8749
6256
2096
12683
5779
17728
9282
793
4743
18391
13650
19117
19195
2116
6494
15502
8404
14477
18524
18281
4720
432
10298
11488
13320
4698
794
19167
1859
6927
10907
4682
18912
1530
6357
19358
15460
642
1384
3863
5646
5552
14718
17366
8477
13434
13949
19577
2508
10846
6547
5878
18772
9950
542
11270
4463
9037
10579
16796
1888
14451
14614
2525
14435
10952
10907
1127
1952
15542
2625
1376
17017
12316
14008
1775
10986
14521
5663
4966
17826
12087
7202
15240
15539
9263
6897
3250
8993
4091
13345
4088
15863
14924
14486
3069
11694
12593
17306
8980
18218
5685
4142
17599
18955
9949
2232
12654
18115
16030
17121
10553
11739
10483
3718
5296
4782
9979
16151
2563
14541
12546
13325
5
18266
2852
2819
19517
18389
10908
15463
10449
6124
9447
13757
15909
13813
14567
5703
9146
6330
18323
9562
12738
18175
18634
15838
13720
9972
3090
8189
19854
12636
9450
4017
2720
3349
757
19342
2453
17035
18761
5751
1062
7609
10560
795
13571
8262
11524
8754
10990
17282
10350
1106
18312
2009
16142
1766
8474
6401
14383
749
4248
16566
5368
16986
18952
9890
6781
976
14696
7446
17586
16991
9735
1614
6616
7527
19348
19453
4403
9589
11178
8748
696
18674
7288
10206
17565
16146
11034
5017
1701
1937
1788
554
14525
1873
9451
14110
14209
18630
5357
11893
5868
17892
3166
14147
18944
1550
17134
19521
8718
13750
9746
13732
15766
1277
13420
8720
17952
17012
3575
3451
691
12024
4567
8665
14290
5089
6928
7538
13449
6893
1205
11639
10865
9622
13758
5655
9344
6561
14158
12065
11805
11946
18316
16229
2680
16286
7008
10813
19587
6631
12441
3185
6136
12155
16372
13662
18934
9727
4432
10051
3578
11842
2163
2414
2948
15219
10678
2016
12514
19424
11860
18692
9803
6472
13379
15302
6624
14952
18076
4338
5560
3799
15313
7973
14468
18942
11394
13609
1430
18188
15811
3838
7333
12781
11556
2652
6647
7883
19036
3019
17964
10357
16168
9907
3288
3072
10469
3331
4208
680
2415
9716
1319
2779
4935
19916
12478
10271
8468
18045
7750
9711
2866
19707
8695
13821
9436
14811
3430
15060
4625
7072
16209
4262
16137
12991
17946
7754
2983
1826
5611
2715
8455
12852
11716
6313
15244
12684
18651
14166
1076
18987
18295
8373
12450
18034
16021
5546
2787
4431
15168
16004
9583
18463
12200
1482
10804
18956
6258
18573
18050
2262
1384
12159
16693
12402
6504
2122
4721
13382
10584
10405
1380
19716
1566
12984
14905
6503
9773
4000
7270
4470
8869
4287
18736
19791
2897
8296
7602
18762
3349
9192
1965
9693
6116
15077
5398
7411
14680
17197
18984
4577
12914
15318
12029
16644
779
4070
8063
7899
7757
18629
6579
4467
12993
18667
813
14977
14064
18659
15012
5599
15067
3242
4640
10800
4233
16248
1287
18137
15482
19337
9675
8735
8381
18805
18381
19646
4073
416
19245
8997
65
9409
11880
9270
891
19219
11296
676
7437
8873
17262
695
11445
3617
5148
5743
5344
15797
11305
11485
7053
17082
2633
4703
11781
12525
10073
11455
5840
16974
2482
10390
11789
587
10236
12573
5164
15668
8568
16057
10946
885
17257
17246
3165
5177
18461
1979
12458
11927
15161
13396
5063
9125
14967
15799
1277
13036
3474
16855
4914
6368
8291
18795
4809
8943
4615
14514
7420
13616
16431
15641
460
15617
5851
4772
14036
7842
17850
133
17216
8821
13631
19468
7916
1808
3924
17661
4208
14612
10655
11383
7299
7413
9007
15553
12031
10237
17360
12720
19688
19200
12210
6539
10686
6829
5160
12226
4165
14180
6562
10645
19924
8674
16401
4033
10206
10111
1337
11708
12828
1505
1418
11963
16275
9141
16106
5757
8931
13289
2820
3482
18395
4748
8134
13892
16146
6791
10102
18225
3610
17009
4170
16380
1999
13572
5024
18464
9758
1706
15642
19643
7918
3964
15231
9782
2383
260
7466
12419
13444
3174
10727
10615
3200
9140
4209
2461
2261
15896
8104
8990
5875
7505
11092
15827
13596
13674
11751
18985
19889
10680
3325
14657
5010
14605
6087
13209
1189
17953
13309
14448
641
14736
4625
2259
17428
14757
13898
1635
5686
7618
4704
6267
7218
7700
18375
5328
2981
6549
5009
17299
6254
3948
16459
9754
7289
4962
9293
16378
8565
14839
4256
14275
6581
8981
15343
17383
7218
4402
10542
18697
17210
7252
8163
13073
12051
5128
1358
9594
1356
13458
5169
12995
2317
9580
2853
9986
8083
5264
9239
19743
7200
8379
16283
17164
17568
18169
15422
11163
16677
11095
3159
4365
228
13870
8711
7645
16436
11242
19989
14464
9819
12626
19177
2137
216
4545
5132
15085
14476
3582
15297
9525
14223
92
593
7475
19909
13626
6305
7112
18639
14554
15250
14508
9841
9051
16004
10802
19469
7659
14705
604
5161
10954
4906
3561
11614
18926
2305
5776
15018
17780
9853
10803
10752
12369
19975
10239
18157
12070
18482
12691
1221
19930
9899
2861
13687
5274
8342
9315
14780
11005
13251
16698
7281
12610
11324
493
16224
10412
15138
2171
14912
2612
18299
6210
7775
10671
19930
11553
18332
13105
12255
7523
18732
19858
8726
16965
12848
9924
17138
2804
19796
18125
5803
7877
8428
5084
2084
1338
5203
8049
9437
11150
187
3070
363
11579
5080
5567
19
18672
12445
11353
13720
13947
13620
15428
12028
4649
12454
14978
6487
18345
19280
9789
1057
6578
14302
4194
10390
18014
18612
898
15962
1082
1843
6956
13735
18783
15451
15511
3175
5550
1242
16984
8235
2964
1316
11172
11447
6297
17345
2092
9861
5711
17373
4239
1783
5697
9090
19150
15844
2917
6906
9738
16049
19726
13767
18861
106
5875
2877
14232
14742
16311
2942
1314
9460
16258
11658
2208
14663
16593
16623
2689
14372
14635
10937
93
2719
5743
9054
11790
9974
13931
5082
14049
11301
145
16553
13018
16263
9207
1547
11976
19840
9532
18918
11933
14555
5624
11283
17978
15547
12082
5820
13527
3514
11928
2395
4331
19036
19513
19984
18784
14872
6326
17803
16084
3394
19534
5012
15266
2504
19074
15031
15666
15409
6863
19134
14208
14820
17877
19208
18556
11324
5246
11188
6391
13661
13544
11154
3626
1812
10047
5249
17948
9189
241
8692
15282
7521
17745
6330
13817
3805
17084
19272
6411
7191
1065
10752
19176
11502
3703
12442
9319
8525
13818
3950
13057
10066
16718
10453
15103
11171
19633
5924
9792
6757
3010
10353
19131
11005
3795
16022
9969
10447
136
8301
6933
16974
19510
15753
2861
3459
7327
15772
8114
3707
8996
3527
4107
2668
5440
5949
13591
16732
16998
12814
15519
12384
15905
19168
16352
5396
19200
65
1797
3591
3377
8650
8874
8706
15714
18034
18666
9576
8303
5571
11682
10357
302
2146
7723
7030
4561
1170
11750
14397
8088
12178
2958
19107
7562
15576
17746
3382
4580
15183
3806
4588
146
4267
12257
10594
9874
6020
13267
15480
16779
9764
5721
14576
6805
5190
943
4247
1503
11780
1452
4486
3151
10597
13517
3984
3335
9431
15622
11559
6647
16470
7284
124
10583
6896
95
3325
13287
18509
19031
12663
2514
3266
2655
12023
3750
14619
13129
1991
15747
2463
1695
16372
17537
6151
15583
13424
6895
17520
674
14524
3783
18810
5266
8231
13346
14030
8157
9042
7942
17387
18027
18469
16110
4936
16064
15770
14595
19903
6973
12217
1793
18377
2543
267
6427
5047
17076
11145
19185
7198
1112
17036
1460
3258
9676
70
19628
2413
17162
7991
12377
5386
12380
12002
19593
4790
18072
11864
6738
3952
15479
8017
4445
15809
18338
16392
10736
4482
19658
11605
10899
15555
12366
4928
16822
2217
5797
3088
14926
11164
805
11613
19635
6790
24
18853
19746
18101
14250
11777
6620
16586
15203
17312
11846
16770
17713
14552
1030
15690
6546
19000
6076
9049
13633
12612
1360
7341
10074
6692
8687
15541
15028
9487
10793
5572
19368
11504
3939
4402
1658
6903
714
315
14521
16976
4158
14614
10707
217
8868
2218
15192
15135
13014
3372
4525
16983
14632
7628
6728
17551
14382
19271
18423
19684
19923
16157
10342
18406
13993
4260
15847
14229
6025
15339
11601
11459
9980
15797
1269
880
18327
17092
3603
17314
16461
10492
8899
5635
9923
5236
7703
12017
19698
5095
5059
18817
18444
7320
10712
15970
17946
7112
18301
8281
1209
4172
2483
15219
877
12784
6811
17751
8786
19179
9223
15189
18019
14623
7275
16970
2366
3485
17833
9601
1869
6153
1443
4226
12858
16619
15324
13540
17930
19982
5311
18850
16295
14345
4620
5306
19966
6646
10743
12816
1186
11128
4811
16643
17411
10366
2973
12552
1419
13423
5127
11122
12300
18694
19880
19140
6623
5073
15021
14193
2763
16285
16700
3925
14776
2496
955
8774
17870
507
5322
16692
1321
2678
12883
16227
8487
4894
288
11315
7997
1738
6656
6231
4087
10263
12125
13861
14187
150
16424
15113
9135
7919
13043
14164
11899
17936
17147
5688
19873
10634
9559
1898
4901
15297
5946
4415
8613
1177
7464
438
18922
9753
14803
10333
15895
15799
4385
17490
18575
6183
10403
9208
942
1540
2811
9270
2744
14366
18645
525
19251
18205
4642
5064
2089
7237
3514
12340
12308
19374
18654
9721
11505
1967
1960
19765
3167
12436
14539
13929
10518
6299
15865
9632
19314
8333
1415
10730
13821
1593
6665
4193
1080
14479
15475
2709
15292
19131
13872
14817
14676
18584
8967
14456
4977
18538
11191
11813
2870
19487
2665
5843
7187
10968
13075
8142
6467
9307
2074
3091
10661
3914
18356
18676
6768
16564
16726
16623
5808
10597
14059
16270
16829
9365
14394
16595
12281
3972
17935
17650
15389
3757
17981
12376
2675
6633
3878
12228
1959
16516
1129
15602
4930
6905
6145
11368
15455
9508
7221
7412
18782
9111
232
5434
13983
1828
4333
11903
2023
19502
8152
1137
17498
15704
18063
10395
12125
9398
11485
9847
6824
18958
7718
7326
1809
15106
15004
7339
18553
2074
5707
5073
10070
17034
12889
17885
17068
10653
8103
18308
4035
135
11896
18953
6155
7830
7856
11891
12747
13521
17222
9918
18811
18375
12995
8411
15831
19601
18418
10889
8739
14671
663
7537
13720
17979
1186
2385
10919
377
17844
11927
179
138
2766
16015
2301
6094
11992
16326
9919
19195
14603
8142
7103
10725
18245
1889
19489
10492
5056
5311
15697
16949
8297
11864
3972
18137
17109
17602
15649
15006
19279
13614
12888
10975
16626
7905
9335
8953
16172
6929
14410
4023
3069
17153
4563
963
10059
10094
3234
16351
10898
18643
10252
6227
17159
18657
13705
19527
8857
4451
13390
2797
11995
7570
7878
6276
8663
19633
4705
549
10217
13344
14506
4316
19436
4003
7769
7787
19807
8058
16274
6728
18745
5068
17536
3324
15150
10057
14194
15641
11595
2946
17246
19337
18708
6079
17284
16282
16147
15790
1650
4290
8127
1929
12753
1514
11667
15322
8485
10520
1957
17539
15740
1086
3681
3216
10607
4897
14430
5715
9120
18539
5833
17577
12874
8449
3943
10591
8178
9454
8290
7748
8976
16372
3431
1343
1972
17518
7079
18606
17376
10742
12055
15894
9332
9618
10289
2251
15643
19488
3676
19422
18503
11519
7208
18191
8551
17911
15322
14753
6356
11382
9932
5622
4474
15942
415
7223
15239
16577
17699
2058
3271
14073
19203
1073
13288
12254
12313
891
1886
10315
19199
7307
14248
5201
3081
17755
18051
9557
3578
12710
11735
1208
12674
18711
7489
6948
7985
16235
8977
19959
19269
18214
2746
9899
16907
17827
6838
14094
5026
14899
6896
6922
6197
18688
12082
9697
17557
16759
13489
12687
1709
16073
8899
1747
4315
16264
2048
5670
18974
12415
13638
15915
7769
1436
8405
17521
3410
12780
19643
10116
12194
7074
13550
11435
12180
5853
12908
15213
13842
1608
5526
9037
3968
13778
9033
8666
1926
1909
17747
12953
9579
16584
15345
5257
2837
9566
14167
10208
13894
10588
13891
1233
14028
3570
15430
3208
6582
19905
7286
3651
11211
6893
5388
10810
9304
3373
19299
4279
15128
4579
16186
5268
15418
2025
14722
16973
10553
1089
3932
10684
16148
14787
13286
4058
18480
19226
3002
13218
2280
17175
9671
15813
4725
3303
8314
2020
4784
5241
5264
1488
4502
16065
19002
8880
13780
9846
7445
19980
11139
10637
12278
16399
15120
16393
11941
10801
6118
1061
11625
11444
7865
14484
8686
1486
5403
6215
15543
19706
9649
9311
14521
16955
7888
4452
15804
1011
19475
6058
14020
12731
2703
18902
875
6378
16678
2855
19841
10444
3558
18435
15390
17048
19267
14434
18007
2472
6410
1437
16916
17065
8432
1114
13477
12084
4352
18971
9219
18927
15345
19439
9402
17308
9822
13560
19118
19092
6098
538
19460
17815
2924
2497
12992
2635
17907
8359
13661
18739
12895
4185
15651
18279
7012
4644
17741
15735
13377
18050
8909
15560
4394
19762
16013
8424
17555
6076
10346
443
3623
3116
8029
19355
19341
6535
4916
1206
4344
4804
13451
4187
18393
2280
19611
13751
6686
10538
14878
4747
19523
1967
1376
10543
2785
3964
18473
5854
18698
9632
19015
18397
9658
17660
6373
881
9348
4768
5084
2410
16234
11126
7653
4372
17440
8306
15639
19250
9494
15407
10412
19489
1495
7582
4842
12641
18825
16291
3216
3085
4947
19945
5410
6342
642
9455
15292
10634
15466
10331
15522
9128
15235
5444
11762
13474
4056
3337
9202
8302
18934
5623
3935
2832
5265
18281
9987
17146
6039
8049
19562
3725
5818
13124
18914
17045
5410
8269
7172
7904
13532
919
7902
16164
5372
4903
4009
15977
6434
16203
1384
12226
11430
9436
4592
5340
10656
12098
803
10200
4829
15665
3862
15467
14529
17450
7480
11196
15341
11475
17877
11404
15365
11453
12458
10498
7769
14615
15841
9463
15202
9901
12098
15743
7122
3721
2657
12657
19475
7820
11628
18576
8470
13466
5757
12329
7922
2613
17397
11596
4064
7521
263
11342
4149
16527
17661
13378
15287
13219
10231
16269
16419
18282
3277
17838
15591
4722
4973
19255
5746
10504
5598
16327
18011
8209
16999
12067
5092
14636
12112
15577
18754
16936
16912
9390
11821
18303
6970
854
17028
6733
1310
11148
19077
5757
7812
2248
19076
3206
7819
12442
9648
6993
7421
14077
13554
5995
9054
17975
15831
18708
1299
13780
3339
18699
3243
14222
15065
13361
3744
8086
10779
17782
8060
17961
734
12720
4412
13997
2709
18400
2597
3371
2745
7073
5536
3606
4816
1290
2145
16007
17545
18445
7898
4471
3227
2653
16339
6142
18784
12670
5820
17681
3738
16284
11064
6040
9290
5984
10076
16700
8735
8996
8473
5857
19209
19063
6258
11822
16216
12869
2482
2423
8433
15644
15200
1137
7839
16225
4628
7531
19596
5050
16126
6317
9826
2946
5001
11737
2370
5547
8202
8179
14064
8444
7208
11037
1166
8030
15698
5398
2473
4669
2964
1830
3412
2337
18405
424
15522
2928
17810
4605
15310
12473
18929
16135
7904
2553
13542
11023
15082
2753
9281
5110
11178
6180
14098
19949
13908
1186
17065
12985
11819
11227
18024
5270
13710
9203
9225
16923
2296
5075
10689
10927
6823
3001
797
10320
19940
12978
10511
13596
10824
6402
9670
14593
15993
11824
9519
14386
6777
15337
4833
18398
14977
2295
3334
16082
2317
10734
4148
15125
7844
15768
1717
9688
16954
15799
6201
18376
13004
14698
4401
8904
11196
11272
4883
18269
16848
10597
13417
5754
79
8222
8027
18785
19067
3084
9073
16191
12171
9247
2460
18169
12786
6861
19034
18626
14948
14159
4019
2784
1700
18620
5632
14791
18994
11926
18132
17030
7604
333
15336
18647
19481
9359
12189
7935
1490
17975
5357
2666
12086
1646
15191
7843
2242
9245
2800
16405
13223
13685
12558
11363
8638
14373
13837
8402
10982
1850
2727
15030
11200
6441
18849
7940
16618
19326
8529
14560
5904
13544
1476
2366
3585
580
2141
13940
10532
18835
10007
2263
15137
17454
8307
313
3197
5353
4505
11557
17716
19717
16879
10198
9034
9723
12904
14588
7374
4970
4990
11349
19254
15574
3428
3437
13918
12235
16158
8658
18798
4706
9671
5652
17687
16756
8134
3853
773
19404
10965
7831
225
1066
7069
13862
5738
19097
7846
415
14203
18356
18171
14213
19372
16263
16497
12281
4165
12235
8194
10488
12933
2318
4357
19167
12002
15778
9590
1975
13015
15514
6433
1809
226
9371
14958
7661
15754
11378
6973
8385
9775
1405
6333
1266
5626
11510
3586
15450
8216
9461
16453
12084
13
13898
13694
3631
12891
3802
12781
7703
705
16625
2189
17925
16863
11249
17330
15448
3957
18142
4420
12239
3889
5484
3596
17504
15958
248
5633
6143
861
10394
9997
8283
2538
15262
9466
16783
6692
10739
7439
13025
18208
9572
18207
4944
3517
11767
2708
5523
17886
16222
3777
17781
273
1070
5700
18132
16831
11127
15569
15447
6748
14130
16076
6128
9420
4959
16465
7441
8374
14185
18393
9319
9986
8855
5064
283
5997
13530
5431
10811
741
17019
6471
481
15042
15468
14055
13528
10840
18797
14620
17038
8832
1150
6747
12970
13632
7765
13816
17582
12278
9399
17307
19035
8171
573
6609
4116
2561
7779
4054
5217
4089
4524
2096
1756
17887
14452
18563
600
703
4913
10760
15186
5083
2134
8013
19831
651
19941
13886
1332
16941
5163
6128
19168
3202
999
19591
17801
18698
14737
1243
16996
6531
2600
12071
3543
3237
9510
18931
18947
19994
6488
18631
9831
6193
12558
841
5928
7085
14767
19582
15107
18338
19806
17013
14095
6511
4865
10863
12143
19753
12314
3432
5812
11980
12999
85
11694
12333
16048
16818
10652
13911
7620
19545
895
11740
13638
5467
13040
3810
13832
11231
12606
8959
1242
16594
6814
10598
5800
17522
18872
7180
5772
15394
13868
7562
11191
19941
12658
10169
18587
10051
6611
6696
19116
15464
15627
8209
10517
13293
5323
19937
4323
18090
796
14868
5361
10072
17933
12118
2533
17263
6321
13993
19064
17591
16397
1031
12290
18083
3668
2358
9739
6569
16700
15691
14932
3406
9133
7529
9101
239
19598
3181
6319
10042
1325
17873
10549
15420
781
17072
17410
176
8298
14276
18955
19485
19147
18197
7479
17213
8178
8339
6026
16703
6149
10401
13757
5365
12652
7083
6380
17214
18995
952
15775
3295
19544
18316
9478
13712
17999
5958
5593
5831
355
18598
17537
11521
10695
4169
94
11452
10785
9116
483
7896
4478
12461
15739
7805
5757
7368
15036
12321
12846
18469
6801
18991
10686
17079
5784
3616
4609
11699
705
12467
11128
10343
12776
6793
2775
107
13428
18470
12694
3327
8145
16880
7501
12712
1561
7452
3983
16611
15041
13619
9031
1175
8651
2977
17685
17519
10329
11301
12676
9407
16066
448
19631
979
18429
9339
6913
1511
19525
15393
4470
16694
908
14778
8348
15483
15777
19063
15184
16989
6669
10310
15223
12329
17055
18676
10069
11215
9589
2552
1517
14254
10973
8088
12447
8073
8683
6314
10544
2305
6408
3462
19458
14165
19449
10096
13056
16057
17017
17144
12921
13720
629
1660
16433
10518
15501
15549
9584
8405
11452
19762
15208
575
1679
7272
8789
8594
6437
16786
19104
10564
9420
14297
3841
3990
5449
140
9161
18906
17520
18134
5341
11371
13545
8185
8181
14597
10557
19738
10258
4192
9780
1641
14397
8762
13287
18850
11440
7713
9262
19727
3397
109
19377
15325
15035
14616
1810
43
7720
6248
2285
12585
13377
10793
14292
10377
6194
14409
10584
19256
17000
13162
405
10774
11864
16897
6406
19225
7990
7539
12185
19332
7746
12244
4692
10797
5412
1633
9499
16932
3571
1303
7579
15622
8651
7998
10884
8687
16276
10843
9873
7474
2326
5146
5826
17068
10197
17866
5446
13589
9904
19854
19214
10793
8243
18098
4395
1886
8239
17175
14701
1506
14145
688
13020
18695
19981
18405
16606
9452
1407
11306
17276
4680
7796
16110
14610
14760
2778
5132
12631
19872
12643
13763
19342
590
13396
11716
18131
13249
18112
4197
12088
5466
1151
12367
5752
11278
193
3242
8058
17884
1018
10348
18588
855
19603
2548
14196
1738
7671
4860
18463
264
13489
19091
7755
17414
18519
19924
14551
7511
15072
11224
17582
4680
16453
16223
17214
10020
6520
10147
163
15997
13461
18680
18433
19247
2088
19497
9168
4070
6544
1761
17375
14317
4417
3424
14301
12321
13904
11539
14261
6351
12481
15899
19276
9029
11340
5665
8819
12870
6463
5088
839
1920
19646
10443
12641
6247
607
18558
16787
3398
15129
7114
7462
16912
4864
5305
14660
17392
13668
17116
12709
2089
4793
19431
18326
15062
14059
3501
3173
1646
16558
12813
7624
15074
8736
11807
3095
4879
5089
2548
1745
11244
19917
1292
9944
2789
3489
11330
11727
15126
1956
7381
1106
16125
1645
11888
17499
14307
6840
1864
15731
15103
3842
19804
4384
10886
8990
19008
17069
11517
11018
3314
17452
7226
10019
5810
18287
19084
2695
7305
12772
5658
10177
14556
9878
9157
4099
19067
17268
7008
11758
9368
19789
8908
19725
19781
19924
9229
10232
15000
262
9637
1705
16313
15217
8663
16129
9860
17154
11121
7968
5411
7336
1209
16954
7160
17452
8208
2902
18462
13964
7753
7851
11720
9888
19336
12293
17046
16943
6967
9774
4054
549
7553
3163
428
5108
16958
18178
19697
16811
5788
5079
17031
1178
6754
4383
13639
11034
6788
16464
5394
19720
16247
2808
8250
6038
17335
5106
6081
12268
4814
1208
1794
17745
9747
10308
9504
14855
16331
7047
515
4028
9140
8543
18812
7780
15347
8733
18996
11595
16110
5663
17133
14463
7728
14338
5055
4398
15110
12365
4446
9509
18585
9216
5276
17281
11687
7417
6156
6364
7503
3210
19293
13417
19678
4826
9570
8466
3441
2895
13333
4348
911
7692
12264
17712
15984
950
1560
19225
5666
809
5673
16245
3289
12648
12180
1473
19609
7413
14176
762
16621
5530
17340
10050
7746
4169
3172
1180
4679
14665
2946
8952
9534
3381
16660
5316
6733
15943
316
15541
2492
17638
7528
6087
4238
14617
8667
13489
1365
5238
1984
2735
7528
6521
15107
663
14281
8066
18149
2872
19118
16047
1835
14095
17386
7664
12012
6737
11907
2023
11715
15304
2616
11756
3157
9764
4196
8392
6086
13435
5456
13230
11921
2662
15116
13065
9334
841
13161
17573
13896
17522
4169
17466
743
15608
11715
4589
3842
12387
12389
5306
811
635
6240
497
9126
15967
13191
8860
3014
13760
4752
2206
19936
16331
8441
19941
519
1173
19498
19628
11465
13204
3474
19432
16864
14184
2352
9902
14170
16246
9933
15601
6858
1325
8116
10436
2362
14109
10553
3419
19369
10279
7290
17685
8746
9383
11865
8492
3400
8440
11766
13919
18854
19722
8181
2667
1763
11268
15406
18095
4940
3831
8787
4079
10625
16900
11338
14414
8717
10812
13520
3066
10174
12485
19216
15501
11012
657
14917
18001
13989
7656
7480
1319
9317
5390
8299
6571
17796
17544
10437
18614
17292
6130
8070
18036
7865
7375
12500
8199
4153
14960
7384
15632
5341
15955
13218
9641
10387
15971
13621
17677
3352
14697
14369
13482
13600
19897
14188
16424
2323
14632
16715
10543
15153
482
7878
9388
1431
18927
19003
2980
14371
8066
7953
13776
3523
16028
11911
16937
161
12198
18599
3383
4969
3982
5310
19396
1291
19021
3049
12446
12678
5932
13151
13517
18536
10125
7334
16369
2330
17242
1157
8144
15512
4313
1788
19933
13691
19163
11700
16802
10911
17701
11081
12647
178
606
18290
2909
16189
19394
18754
16498
10714
9022
11161
3553
2993
19995
7558
986
4843
9392
5810
12170
17827
6553
10528
14871
16324
18686
2363
13262
14628
19120
12583
11582
5925
17781
4326
6285
2155
19010
13147
17861
3206
13581
9915
16967
11340
9475
10871
8504
6525
10174
3690
6276
16599
14992
19260
1721
3459
7646
15629
11356
9648
18737
13474
17198
6333
11270
19576
5694
2803
18717
4303
15101
7607
10114
14647
12909
4718
7884
15297
1232
4164
11415
14529
1259
15743
11220
8424
10162
2326
9940
19037
13575
1751
10621
4767
2491
767
6743
10963
4867
10655
6738
10316
4057
13088
8355
6329
15609
6069
16438
16573
5397
16214
16563
12126
390
6609
8620
18172
10238
18982
3865
19109
8137
18341
5317
4059
6661
14535
15514
940
7661
3972
14029
16543
4328
19656
15393
19467
11381
11683
7914
7814
13797
9813
5880
12645
13835
9741
8305
15889
3713
608
2471
16043
12297
11811
13086
17453
15189
874
15593
13422
9034
19598
10852
12580
14483
8606
15822
9009
4633
18587
11491
17813
5206
8526
17339
13318
11936
2518
7931
5025
6427
16119
18956
17612
17206
14437
13667
7770
9000
19052
1956
18677
16562
18823
19592
13014
14609
12900
10556
18806
15835
13209
13599
9781
19050
13369
15548
17804
4836
9213
10848
8286
19350
6634
11455
15276
7815
15755
7086
6064
825
14400
19574
16739
18848
14980
17479
3788
1908
19344
18942
8339
9579
7978
13370
11827
13172
2118
17764
11822
19996
13565
12157
6148
15077
5572
9402
8987
1788
16423
7586
15428
7999
17314
213
13073
16777
9338
3782
13698
9032
13032
5938
12708
11099
16464
4292
16195
6834
8502
17201
8847
6112
5472
4632
5992
15693
9720
1594
8328
19787
15325
5676
13154
18165
15216
13163
3574
12813
13431
11623
1954
15716
1112
16424
18417
11158
9789
19175
10576
532
4916
10580
12906
14420
9116
1782
19349
12244
12773
2047
14901
6064
15253
1240
11898
13092
12587
3923
2234
13731
12242
17343
3079
16764
7868
13390
19158
18722
14413
2143
17489
15634
14135
19721
19011
9629
18645
5934
5241
1345
5870
7226
1357
2614
710
5149
3903
5916
16390
11416
879
16534
2077
15002
4865
1846
315
6513
7623
13965
18809
10675
8090
2836
14470
17477
13215
13327
14473
16691
15717
5822
19256
758
200
4131
18270
16230
690
4245
12435
17026
1988
9114
1128
16904
16473
11648
5336
17380
19256
12562
17299
18081
2022
8331
7959
886
10703
8167
16468
19492
17213
16743
2430
18336
5959
1714
892
11061
19204
14387
12678
19920
5061
7014
10224
914
11348
8860
18953
11856
2777
10516
16359
11986
8814
3396
10787
8230
16448
4633
9148
11937
1658
18432
16711
2929
12578
18493
1753
10847
14571
17562
15228
18035
9719
19469
1157
14781
3634
1734
9431
8714
17144
18436
10563
10705
5098
10555
8978
19655
13016
4132
18870
17655
10319
16522
3679
7368
7686
1803
5447
816
16865
6781
15411
17287
17560
16142
9734
8688
1161
14982
5220
11835
11509
18942
7296
5968
12784
14473
7053
3267
4728
6211
1711
7926
8625
1840
9225
10139
8395
8807
5825
11522
18760
9889
16355
14647
11155
4761
11868
12171
9083
13047
19123
103
17443
15424
6300
15129
10458
9580
7342
7543
1139
11606
12196
16106
15847
12902
12102
2971
15913
4582
11104
13382
13638
2733
1490
13360
6
15112
8427
7998
9821
10127
11875
16843
3031
16630
1559
695
15006
18093
6015
16929
4421
6961
12865
12806
18499
14225
11344
7064
17864
13663
18908
11887
4199
1644
1169
16493
8880
19044
6109
14337
16581
7003
18866
8578
8866
5751
5371
2916
2793
7035
8647
19064
15131
16241
19722
15394
9252
12201
11971
6892
5105
1678
5305
13690
10740
17268
1802
5191
11651
16805
12205
3327
19580
16103
4560
15876
6981
7304
7019
910
13989
18921
4798
7709
19695
17861
3440
12649
15256
1414
5436
10310
19155
19244
9604
17770
2350
11583
13355
2120
17632
212
265
17114
912
15832
12904
10622
10420
6554
7788
6277
4119
692
6918
13526
8069
1076
4174
19571
12344
7099
13750
6971
12429
16537
4127
6578
19068
17612
11727
11415
11624
3133
2729
11840
17792
4729
2958
18198
8128
19336
14234
5016
2496
11836
18551
2896
18936
1113
13315
8631
13153
7336
15997
11415
9320
3296
11108
262
10391
14260
4863
8270
15248
11132
13102
1379
2808
13351
18016
15229
14028
686
5182
19711
6665
11520
1155
5042
15143
19440
7359
8483
12492
17784
8115
1261
12421
12833
11797
10915
453
16749
14515
14231
10665
5790
4356
17180
9714
2046
4258
7402
10161
6679
5965
13069
16035
11737
9717
10692
2935
18640
12385
3727
12556
12677
13172
13635
19499
2418
17593
10540
2376
11463
10439
4847
2379
1473
19652
12960
1766
10337
15433
14926
19447
6851
8681
16044
1527
3769
19950
3917
5780
9012
598
10903
10677
9958
16999
17286
18967
9768
6806
14979
6916
6013
1486
16341
14878
8963
1162
17499
12871
14950
7452
13750
2204
3622
12969
2071
4428
9231
879
16664
96
14227
10934
16232
12731
11994
5182
2833
3819
10695
15571
17843
1971
5225
8003
13640
19423
14476
9713
18299
4723
5013
10440
529
10642
19497
9187
3290
2710
7720
10940
14110
13625
5993
11832
5856
4444
2197
16547
8658
8584
15004
19908
18719
193
19332
11393
6919
16249
15923
142
6731
3183
19674
8675
11659
5232
6586
15568
3379
12836
14272
17313
19481
11598
11828
14858
180
7707
2786
17606
4934
15578
9027
16447
9755
15882
11693
2594
8812
13119
9219
12397
17385
8621
13934
13069
11252
2780
19448
7625
869
5804
17822
19350
3058
16659
10433
15423
801
6298
12044
480
2895
18887
3024
11783
14339
2425
896
9161
8107
5169
12332
3527
8068
8019
14701
11368
285
2695
15717
13863
15281
13833
10240
428
15936
6543
6931
3970
2025
6206
14366
9855
2434
2544
9356
1003
9196
8321
9908
14859
13741
8250
5776
6621
19363
7156
13915
13195
6602
18532
9137
16980
2083
434
12292
2669
19386
10827
17190
14649
15928
11666
14963
10866
16201
10162
17975
6510
10845
18470
6886
6021
8386
17146
16043
19722
17067
19134
19782
12256
12314
6481
23
2501
8125
18234
856
16696
8511
4328
8975
18398
7313
7024
5888
15981
14016
16425
2400
581
3634
9014
15199
11635
18624
15613
16285
17092
14379
11016
2891
17821
14918
10083
11912
19718
109
4560
1740
18629
16285
8157
2270
2828
7595
1864
10371
7011
13904
14300
4206
19813
1493
14805
5932
5656
11579
8916
17160
979
9428
218
10110
16489
9971
5844
1912
14143
6072
5048
5131
15500
8247
9053
18424
7191
10770
13644
18165
2071
8147
15238
6514
17500
2844
16790
1459
13956
15093
17351
6082
3466
7160
14025
16658
11534
6626
6379
8663
18482
15648
14500
2929
8273
2196
17064
4872
19546
2431
1624
3099
7445
14100
12229
6239
71
19086
14638
6612
14097
12753
15338
19229
15138
621
15833
15653
4217
148
215
153
11032
13771
14843
7330
6146
12046
10699
15064
18503
2020
18513
5715
14725
17012
13372
4389
3119
8312
5643
7823
1833
6331
8615
15474
9118
15345
19441
12992
7069
6544
2948
2200
12309
7687
5407
7628
10117
9394
17455
5854
2103
507
10021
2746
7896
10938
16371
17925
10363
15276
9142
14837
6394
15429
11103
4246
9309
14857
19375
11471
7828
13027
2000
9094
5290
16537
13372
6938
696
15199
2288
8722
15800
12433
17505
19656
3427
16718
5167
17933
16876
10720
5976
9226
12328
4467
16504
14284
9486
3759
10775
14595
5267
11214
17687
3828
16814
11864
15807
17640
19825
16712
1357
18208
17028
2810
8751
6280
3577
4387
14950
6136
19452
9753
5518
819
12233
1744
10777
18969
614
17463
4777
12320
14145
7616
18368
13369
19451
23
201
3647
5775
11801
5077
11894
18742
108
10464
10170
3155
5786
11152
13107
6040
16350
3395
19064
13726
2775
12257
11518
7773
15740
9930
19395
14723
16474
11485
3175
2998
12149
16532
15398
4337
15089
12206
3555
5795
4271
13194
13946
7648
6320
15760
6934
2099
18626
4084
8281
10677
4701
1399
17489
19003
10070
11556
4109
16177
4191
11564
2167
509
3603
19438
5327
10382
19391
19376
1924
2336
10972
19825
16266
12317
4170
868
13344
13594
1696
10184
9166
19725
12192
9813
18144
632
18355
19746
11242
7808
17425
3216
6345
17431
6690
9772
9513
17680
11253
6634
7788
1304
10991
17473
722
3921
11280
11761
8737
2978
14146
18361
19057
18442
18695
19550
2021
1895
12957
16984
6620
17826
6241
3704
9997
17797
19690
4108
892
2613
14646
18504
18017
16858
18293
12965
4765
17461
10447
12501
384
2183
7348
18500
7335
3064
19695
17854
11922
7210
12417
19375
18887
1049
8698
9402
1869
13403
3745
1178
4534
13804
1515
14900
11062
11861
11096
1055
8726
4962
18988
11570
9730
19851
7060
13045
2123
8180
13800
18769
14508
18194
7951
17106
4156
11452
4987
2289
9311
7522
15093
9418
13914
4230
10320
14204
14113
5937
374
7228
14886
13060
18738
14543
6103
19089
14328
14934
15273
2029
15294
2261
3038
13178
12830
4938
13541
8948
12763
17605
17681
43
326
19744
7655
13333
19311
10822
8973
14937
3455
7979
3830
17157
18491
12578
3258
8746
7262
3527
14784
17112
18557
3984
16983
3364
4798
18949
4297
16166
19204
8923
5302
7201
14092
19970
4469
14462
16443
19402
6444
10542
7841
13136
14307
11816
5100
8904
6836
645
7004
9163
274
2390
3324
13052
18807
13922
9525
13684
11370
10163
13866
1179
17698
3418
192
11690
18442
12127
16767
5422
13697
17760
6098
13190
10265
18431
7284
4035
15811
16707
6734
12749
11465
5122
16001
12369
13063
6717
3782
6966
2421
19175
10171
729
4360
16531
1612
11456
4999
16847
11239
14970
3315
11510
18880
7959
18993
1582
14342
15607
11581
1706
7450
8112
6598
1790
890
11321
3097
3847
3772
9330
3739
10009
3262
8175
16869
1888
3550
5821
19027
8457
4785
8762
16605
18311
10307
13985
13618
13845
14358
10146
11458
5598
3810
4895
4603
11425
2932
7540
170
7415
2847
11712
15970
7401
5937
3643
1032
19959
2039
4175
11044
8236
9096
12275
7279
14544
5326
18692
16586
14112
15122
11673
7346
18801
2994
14954
1983
16822
1009
18076
13
10609
13013
9546
9665
11834
17201
19641
2285
5748
337
15176
17709
14104
15249
16015
12734
8634
564
2682
1596
532
14402
2326
19328
4483
5137
3373
16961
9771
11688
4786
4753
8076
12521
18894
14497
13122
7312
11075
3050
10440
4319
6658
6943
12374
14109
14510
5737
11421
12603
1922
10494
9543
6498
8388
11824
12251
6593
4180
3552
17642
14954
5316
19546
19459
18105
2273
19876
15388
102
9038
17950
11131
1216
15009
15583
4108
7038
13158
18120
3234
7132
12186
9943
8216
12052
14796
3941
9772
14290
14828
14119
16757
19365
8103
15889
9131
6161
7150
1223
5070
4867
12272
14840
15725
4763
15086
16842
9896
6576
15823
9588
9360
3664
12992
19650
5769
12845
162
11011
17044
11985
13716
10244
16319
19070
13764
14536
12603
291
4675
4566
6895
15054
1996
1306
8
18650
8718
3278
12945
4265
15140
9320
14932
19804
2169
3398
807
13455
3129
5924
5714
348
16260
7551
17350
9685
17814
12115
8114
14543
18685
17192
9227
18357
6255
2882
14986
5890
3262
19205
962
4273
3375
6102
2260
5223
19773
17705
10361
3073
19683
13638
7333
9404
1188
4727
8867
7417
10169
19569
4346
12937
8574
10849
19142
19189
17696
13075
13394
19095
5683
11327
11853
13339
16381
7567
6130
6120
9289
18845
7656
6829
574
7229
8007
16346
690
1675
17079
8448
14441
7630
13294
10544
11824
15778
6829
4448
8668
7397
4213
5458
636
17974
4227
980
5716
18633
7227
9372
3526
13449
6721
15082
10847
821
10942
8217
3929
240
12785
6768
13185
8558
127
10294
17557
973
9821
10406
16961
9828
2165
18748
3094
13127
17934
1989
12527
1801
15774
13963
6001
9625
9143
6985
15924
14132
37
966
2700
9903
15956
6785
7632
2697
7499
9596
18182
13255
9149
2596
8008
18176
6312
4928
10181
10990
1480
15220
15288
3824
11793
9213
2010
19359
6945
3842
46
12860
3597
184
16626
2241
12862
6187
18045
1873
6707
8233
19443
18293
8123
17195
20
4966
19294
15565
2492
4195
19895
6085
3571
14964
8320
13026
17904
11230
15806
9513
137
11984
11498
16847
19444
19718
18352
5964
5400
12136
4524
2934
14115
3793
4601
9607
19031
5857
1029
3333
8766
4454
2327
16882
9708
16100
3959
16286
17873
1177
9349
15022
10178
1133
17738
3405
10883
7486
17679
8828
7488
14496
5393
3126
6632
18635
15944
6762
8903
5773
4642
17234
1404
15726
12741
7257
15201
13481
12730
5512
10473
198
18310
19265
13553
735
10648
9821
8611
17678
104
13467
2220
2865
15762
13210
15481
18178
6514
13156
17989
1629
3192
11267
5636
16774
9900
19358
14975
4765
9694
9683
5519
17876
10182
17559
16789
8245
4026
1939
11517
11195
16799
2857
17590
2594
535
6609
9004
9870
8697
750
12582
18508
3184
10740
8778
351
2323
17202
6009
17406
1615
8160
6356
5236
3884
12504
5993
8053
14816
11029
19232
5422
19324
1424
6963
19642
1038
7755
11525
18909
6808
5736
17894
9655
19425
18553
19912
7634
17071
824
874
80
6065
17653
13980
9342
11234
13099
8737
14541
16078
6643
3519
7354
17391
8826
2631
12084
1515
7622
4310
2205
6880
11564
15763
15101
10776
15055
12052
15424
15457
11586
18824
16113
11971
17732
826
18374
19760
11578
10360
4770
5135
6682
14573
11443
2793
5377
10379
5050
530
15681
14535
11561
15382
4277
14141
821
18942
13632
13967
8273
11794
13326
7788
7981
14549
13231
4181
11665
5892
14123
10928
15988
16906
625
11687
14248
11700
16753
3233
17972
8734
7553
7635
3108
8121
18986
19473
12107
11959
4555
15049
15898
11561
2837
2202
2046
15417
9343
13093
18311
16533
3968
19651
9179
18579
3896
8871
11672
608
16576
13707
2614
6082
7617
5096
18233
10342
1306
17868
3632
16382
4882
18297
10778
2547
12671
17856
5753
89
14329
11851
19219
1210
19901
10724
15610
805
8051
14320
5586
18274
16919
13519
7293
189
11605
1757
9533
19165
13550
17222
3153
15918
4706
5031
4658
7974
19759
6346
2755
13534
15774
9558
16488
1415
11782
6983
1382
4616
16210
12117
15980
17167
16104
220
15284
16104
540
7676
17091
12794
16443
2599
17075
13161
19860
7580
17702
19604
1410
18057
15249
2673
2557
11411
7653
19429
5023
5591
1558
199
7495
18518
1211
7893
8063
28
8816
4027
16591
19191
17005
16568
5355
18676
9615
2237
16081
14057
14935
18162
9221
11894
16966
11110
18946
5369
15519
1965
5669
8121
18890
9128
4916
16969
11254
1016
9174
4715
12788
2247
10588
5758
8318
10319
10544
7137
16615
8148
629
6001
15471
4785
14127
191
6673
19375
15589
3628
15348
1420
15289
19657
14875
6963
8704
1788
2890
3684
16760
12897
1795
6276
18571
19494
19990
11534
6926
11484
12510
11221
12585
12765
2358
19652
9298
7106
13987
13076
9425
4645
17195
4721
12196
18006
1876
8386
2995
16957
11524
6275
14158
8313
16394
15783
3447
5285
1882
8055
15862
17272
17651
7545
1041
3996
2559
6868
2807
13269
6325
4635
7812
12885
14617
19797
581
1284
10605
10170
8168
15700
19312
19650
3896
18020
10593
1457
9969
5469
19730
2792
15917
9059
16684
19108
15109
8343
15837
15802
8160
2455
13252
14288
16489
7358
15312
6883
11352
11356
9272
16123
16447
7859
332
3685
11349
7230
5913
10407
15357
5353
14779
15442
10443
10183
2688
3868
5838
18183
2700
13492
547
14432
8176
12031
4607
2947
17491
3276
12226
17673
17305
14204
16141
13799
13480
5778
308
18687
13267
2893
8224
2368
2408
11291
14075
16479
15194
2921
6206
16854
12207
4602
16469
15204
4071
840
7670
1916
9354
18755
10495
581
10689
3377
13162
3460
19575
16859
11064
1608
15682
15825
16025
5269
13348
12777
19630
946
8077
7474
4582
14089
19382
5213
10639
12990
15663
598
2929
19995
13160
459
9646
3752
1769
274
7627
5867
7996
7027
16502
13171
17094
10573
1395
8276
1137
10207
3311
4920
2514
12667
7459
10498
12733
9031
2860
6482
17550
3422
11414
11752
13054
13771
9004
6807
2002
16458
3557
5983
16139
5333
11323
5721
3729
2408
11990
3472
18217
15531
11402
11421
18590
15767
7864
8133
17662
8257
10944
4532
617
2653
217
1142
9555
5019
7417
13837
16747
11543
18373
18583
17471
6005
1041
1227
13255
6221
4815
2733
18558
6155
2307
8449
4459
19954
19208
9982
12248
8607
19190
8885
3788
10226
12435
14944
4118
4657
1622
2808
13691
8309
13452
19421
8222
4552
10056
16420
4943
13890
16639
6086
2245
5635
6170
8323
5506
4887
6635
323
4600
12898
2253
18645
6682
17387
5954
16762
19188
4516
8394
11976
18148
6383
10712
16503
17725
11540
18748
19838
17987
610
4235
9424
14607
16969
3839
18716
17293
13992
19712
9795
9799
14502
8652
15738
4080
2037
10212
6787
9716
17150
14656
17871
4659
10982
520
3945
15086
12074
17141
7303
14631
6667
1590
7753
4276
17976
14414
16996
16432
8892
18683
6963
10578
7954
11629
1335
559
18588
19234
11531
14675
11917
5981
10857
2250
5420
8936
274
7240
2490
18716
19746
9402
77
19155
1134
7160
6273
18992
3666
5544
18645
7350
10340
15453
167
720
19066
9542
9556
4660
2870
606
10469
3977
19190
14279
16602
16090
3538
3476
14194
2335
11008
18831
7295
2823
19764
17149
1146
3576
16344
19995
2866
2629
6512
7869
16272
12886
11163
14998
3682
365
8910
1938
10014
5059
8329
19895
979
11613
15264
380
7063
3689
2868
4941
5575
6531
5207
12506
16764
10408
3989
8484
19599
13421
13604
16500
15530
17652
14654
394
6213
4414
15021
16630
13513
14129
4582
13135
18837
2983
12060
4462
9706
17785
17991
15358
9537
16606
8203
3351
13040
19733
9049
8288
9913
474
7961
12343
19287
8325
5865
4847
14696
10929
15738
6514
11644
11668
6445
19146
7211
1279
8068
8916
18148
7267
16146
8989
7656
16336
888
12918
12616
9325
5837
1385
10178
15668
11405
11860
1271
3911
4232
2211
6088
4478
7367
17015
2736
16628
10301
19936
11312
11514
3406
14429
14466
12726
619
2125
3234
15833
19529
19202
19799
3342
15365
5612
14710
16495
5471
11319
15053
8587
6332
2491
18730
14270
6089
15593
19055
12023
15710
2002
9247
15835
5204
15937
4178
2256
19796
15860
785
16270
1521
10773
4802
19827
2228
11612
18235
15832
12470
17501
18727
17629
2770
9100
9971
2132
4537
14478
19440
12832
11545
11582
4809
2030
14716
18334
9427
8465
7024
13691
19708
5393
5164
12545
5850
7584
4134
2951
203
654
15615
1839
10394
18092
14444
16764
17445
19358
7269
12424
7751
11848
6774
2455
12375
864
10689
18023
13374
8961
11675
16797
1751
8195
19408
5701
14857
2515
17649
12243
5889
19449
12033
8462
7244
11179
9523
18120
4490
10895
13043
19996
726
4947
4454
17468
15419
5939
17050
14993
10632
12049
9385
6284
7603
1284
14700
9976
11073
1142
15533
12972
13701
18054
4026
11922
10125
6013
14794
5921
14283
19388
2580
6192
19317
6495
13525
19614
942
18790
7889
4493
18783
9790
12888
5361
11516
19776
2959
13706
16871
5737
10645
4465
10304
9584
12568
14316
2249
1844
14109
10874
11127
18912
8357
16871
6443
7793
5078
12957
19551
17888
4606
15210
19090
17358
19049
504
10408
18134
3523
18956
3751
7404
5922
3018
3836
12201
13577
11559
13337
7096
660
2586
18
6274
14290
17608
9440
1144
6585
363
13067
10462
19297
16623
11324
7648
8022
9586
5214
8448
14182
13096
5041
1647
7438
9582
12535
13656
4608
10557
13973
3832
2165
7021
9245
10881
5570
16129
15488
6772
9042
18324
10317
12228
1534
8519
13451
18642
11336
14205
4675
5739
6239
18713
5874
12613
8032
906
8884
19440
15800
673
4600
15428
5590
9240
6167
18121
2216
18830
5236
7284
5477
11406
5618
5183
8553
2763
10669
7836
7277
6629
7799
16852
11141
15658
8645
13279
3353
6608
805
292
15078
2336
15179
16953
4673
13520
14013
7623
4820
17280
16673
4066
13484
3691
14343
14987
18311
8562
2189
10770
1216
12133
8791
7777
2617
7840
14627
13308
1387
9962
14773
13179
3883
13426
18090
2603
10676
9086
1216
719
4770
4448
4112
18108
18176
6971
14917
1573
15160
2825
11192
11736
13300
5760
7513
1355
19755
7160
501
19383
3923
4255
14529
9726
14729
5726
11572
15166
15012
3051
7313
6381
9181
4442
3114
9622
7606
14876
3995
11024
11429
15365
19566
2500
9024
17405
14885
16345
13410
4110
7131
13056
11326
16955
11386
9478
16787
370
19565
11148
5321
6727
8396
16019
6584
9391
13024
11970
14879
4646
9798
18611
7330
6607
7311
80
1004
19154
9943
2458
12820
7555
2546
7970
1985
18029
3730
5843
18937
15548
10052
8777
9964
11413
16329
18755
3339
18811
7282
7053
7613
13855
3147
18639
19596
1884
13669
8962
232
5563
11946
8398
843
16325
19629
15946
13134
9192
9128
16468
2024
5929
15347
17414
8617
13226
799
3593
607
14805
1765
4548
10534
5785
731
16312
12670
12149
2572
19363
2737
3725
7534
19961
17973
2801
12566
14009
9693
14835
6343
7326
16443
1020
3289
11533
4605
679
18608
17037
1082
5971
6591
3660
3518
5378
5399
19663
17556
281
17589
15100
17325
14174
949
19244
926
12175
3324
15182
5382
5765
15294
17117
657
10756
6108
6814
7857
5802
2700
231
10956
16694
11837
7586
12107
6915
17573
4624
7174
19590
17816
14764
257
8346
11392
8360
3166
14000
6409
6890
7578
17253
7277
12097
12746
5093
3235
5789
6269
9737
2965
2898
18305
13283
16772
15640
9872
19173
7042
18417
17805
502
11770
13594
1479
5168
7990
17384
14459
3911
6144
16675
5296
3620
2301
4145
10688
15118
17172
9842
16859
18387
6973
2207
4820
11552
10708
12898
5571
15933
17805
924
7702
12026
8488
5402
3668
6822
4188
8600
115
4598
9994
1433
1148
18701
14359
17647
1017
12536
135
16354
7789
4790
4248
887
4796
4810
16129
8331
14430
17004
12767
5694
3715
15439
8367
15568
19581
13768
17312
8201
11200
3270
9046
2510
11222
16732
2786
16054
16675
14630
1324
16213
9038
13995
1392
1475
15639
5077
19144
8938
17994
1584
19871
7948
14644
3518
11525
11261
8984
13467
4281
7507
6501
7656
17927
2210
17545
16253
6483
8960
2162
18492
365
15126
19532
10423
18263
4469
1885
13593
3353
17583
7584
5366
18049
16377
8666
7164
15980
3900
199
13027
13272
19657
2295
10905
338
7899
2679
18379
9415
3788
16240
7994
3145
13729
3755
11054
438
8656
14526
17042
14433
13016
18461
8569
5158
8363
8545
17227
18885
5818
19342
5016
19959
15112
17582
3224
12961
13852
15479
4907
2329
16235
3660
7894
5053
6972
13662
11066
12529
11438
7221
16617
16845
2970
12644
7231
11160
11393
18466
14140
645
6065
19127
15279
13438
6787
14582
7904
13267
3097
7280
9190
18718
3847
5203
6792
6095
6127
6203
6706
13187
3757
17136
6204
6697
13834
10582
8083
15016
15281
14417
7498
12556
14487
13981
7376
8859
19327
12966
2172
5691
16595
10760
6799
3416
17363
5522
45
4968
15801
5742
12754
3383
11234
15491
18928
11627
7802
7798
2033
4072
1100
15967
15913
19713
6342
7165
8044
1285
13100
16790
2772
3287
11822
12971
6200
1147
6669
14855
1784
11256
15098
7357
11091
19087
5675
1083
8954
782
3670
218
14873
7175
11770
11152
349
11710
18667
16002
18901
7221
1921
18246
19651
7975
7361
1157
367
14732
18710
4458
11750
8452
10178
9808
14719
15973
19217
9074
3168
18109
5665
18565
6234
6174
7285
14553
12887
1298
12951
19440
19802
6066
10377
15641
19345
12166
10667
7433
17900
11533
8869
8146
8843
383
16757
5402
17442
11860
10351
3961
15170
15178
19948
16704
12676
16294
6663
12311
8799
15595
1688
16766
7803
10006
4214
5834
18699
13909
531
17939
5721
19794
3952
14966
10866
14142
1688
5842
14649
7560
10944
1579
7987
10031
9605
17303
8439
16644
5226
11753
19064
7028
6853
18548
18793
13053
10367
3333
7636
15523
18340
10958
14530
16389
6410
13891
13834
6860
4940
1035
2761
12444
15937
19810
16586
1804
12558
6619
7501
8879
18225
11521
13868
177
4716
15323
19318
16105
447
16302
14916
19145
19760
13234
1287
11329
2164
9654
18185
6366
1528
3885
3789
5834
5178
12071
1563
10921
14859
11528
19120
5708
12031
15007
4161
3098
5173
14800
1215
9120
5186
6943
2879
18144
18202
18392
15332
7531
5962
18465
13766
1996
12464
16261
8998
6767
4250
17099
18538
3053
16899
9769
17307
14235
7857
19301
6069
14268
16688
15384
12391
5403
9910
185
19949
16071
11839
14578
14302
7996
5732
8288
4479
975
13494
19027
15475
4380
7377
11269
11081
11362
17605
2389
11680
8872
3297
19873
3886
18573
8993
13934
7980
12130
8772
15622
6441
1215
15902
8483
5341
16343
16265
13753
13498
11530
5173
13053
1701
12192
10237
5522
13724
14573
4599
5932
9314
12961
2674
1570
13494
9415
14392
693
3127
890
2181
16660
18939
15321
17397
7996
15864
19910
3191
11603
16120
6677
13791
775
634
15830
18516
17351
15378
2976
2254
1819
11020
6436
14350
12075
19473
13702
9832
9955
10785
12655
18551
3907
12551
7727
3088
15763
3319
19726
6429
12318
2267
4850
10069
3811
13168
15369
17645
544
9761
9908
13438
10674
221
5656
4802
19924
13154
506
3986
15533
6931
13893
16691
6742
5670
10375
9519
1320
13899
9346
16598
5923
18343
19475
6371
16931
4513
7949
13077
12109
18934
3167
9828
5900
13347
11450
18692
357
5785
11306
15724
17508
918
19353
10272
2130
12948
8366
2068
5581
11923
6187
1334
1589
15243
16995
17906
14461
9702
17442
3111
5273
18250
15227
19439
11370
25
5364
18983
19917
11474
8375
17124
7822
11933
4190
11182
19672
18388
16715
12263
19882
15693
15220
9742
1130
15516
17837
6593
19588
14320
12089
17457
4805
13218
6639
4629
14862
3857
13466
14790
9894
11145
283
15898
2425
8361
3862
19743
11361
8296
7382
15296
11784
7339
13675
14648
8873
15554
10430
14416
12989
9431
4247
1238
17738
11838
16990
14471
5594
5638
3649
13152
12321
8260
14833
13716
15218
11614
10416
10407
1421
6306
14334
13009
5053
11461
13289
17491
12497
13200
11818
18403
16058
9774
16052
13345
5211
15961
4562
18110
4049
1293
541
14680
11365
12087
11562
18299
6096
16339
18411
13710
6249
6291
18523
16403
14519
18870
17617
6312
4810
14603
3647
13968
9524
8180
10373
9064
3664
8423
13675
2251
9279
10386
5961
3409
18108
15109
17405
13652
1948
2867
7294
11629
9258
829
2843
1346
5201
16785
17704
11549
12076
4975
17977
1531
7308
6951
9251
13705
9531
5308
3391
7102
5301
17518
10722
2957
7803
696
3963
9251
5281
18333
11413
14475
12388
10334
3282
18764
10101
13339
317
7865
19635
9869
5612
17579
3266
4926
1669
18598
9568
5951
8051
14743
9158
10158
4080
14287
11740
100
3853
10803
16696
12649
7271
10834
126
16538
6079
6661
5928
13802
7763
9295
17037
8164
9327
8187
13681
12892
13364
13100
7278
8926
6292
6311
13573
5236
5761
14065
7322
1498
5320
2817
4158
13764
10996
2048
19689
657
19061
1632
9862
5992
2942
14889
14999
3266
7157
19962
11479
18523
8479
14721
15246
3510
2719
7319
12440
19586
2330
9054
15268
2647
16180
733
12460
18004
11544
2205
15410
12757
17807
8289
17969
5756
16495
6165
19015
17355
16051
10086
378
14489
13571
16886
3329
8228
13739
8002
2304
17829
5470
4644
17752
119
15564
12529
14682
17974
19918
7066
4011
16128
15744
14277
8726
15740
12192
13266
17551
14499
3502
10844
15910
13305
3938
15163
6640
6232
65
14727
8316
12230
2038
16455
9400
10539
7398
19683
876
16129
10254
13074
15635
5525
3888
19591
18086
4429
6920
10028
2016
8232
11679
2304
1437
3172
5751
12859
1618
9774
10300
16437
10811
11414
1858
17674
7564
16137
17611
10895
3534
493
4162
16323
10195
11645
15440
523
13959
13601
7481
4655
7525
18280
5809
11726
9693
1616
12444
9736
7914
3735
6694
3724
9654
6925
16841
12684
3445
16357
15457
13387
10896
10626
14178
19706
11640
8065
3382
15228
19870
17510
1243
11682
2414
8282
17784
14634
15853
9063
1619
13418
17932
17968
30
2105
4759
19860
8620
11580
12317
18056
7539
16725
17754
12828
6976
6335
11597
3636
10930
540
19812
19003
3341
8161
6022
7000
19226
1744
18235
14598
14660
16265
7371
7352
19271
5876
15607
13115
16319
7051
7479
15950
3764
13028
2738
16723
1111
11125
196
12094
4530
18639
17086
12015
5422
19328
17621
11890
3960
3420
18574
13684
13573
16029
6447
18773
9329
8324
5856
1745
16
12936
3532
8034
19924
8951
13591
16845
18578
7665
10804
9759
19736
14630
8800
1258
16471
8253
914
740
18780
11486
5549
7611
10085
2116
3118
11685
11455
15309
1579
13641
8436
14321
1730
12364
14217
13110
16108
14827
181
3906
13483
6260
16803
18737
304
5977
17130
16446
12092
12238
4455
16821
6097
1116
8357
334
19405
4216
1376
10362
17490
10321
12469
12402
18988
3023
2445
7791
6740
6665
9678
11685
12923
8693
13711
18129
8477
14123
9907
8148
10604
9021
8332
11344
6652
16683
5175
6218
2215
8230
3513
5266
3036
2057
11836
9295
489
16267
18290
14965
18501
11402
409
18041
14643
9427
4266
5853
1313
13493
6835
10699
13859
12004
125
2459
8457
12743
6295
230
3753
18180
9600
8545
13972
17384
5216
2960
4074
6703
10864
13320
5860
6777
5660
3320
2939
7202
3112
13752
16905
6190
1604
12882
6483
8406
19926
793
13613
13291
7021
5892
12794
6419
12608
1936
1682
13630
9666
15426
14671
2415
3800
5428
12306
12966
14563
14379
16338
19241
4512
18279
10806
17265
10151
9732
10766
4698
1408
2205
9332
9767
9339
8423
3383
12812
13712
18155
1304
9653
1196
12972
18913
8835
14412
10325
8072
12942
11448
2864
5898
2497
17539
7741
978
12154
7977
4108
19649
12543
10487
9271
18685
15017
15957
15896
17191
8653
4727
6075
5955
3756
19476
2487
11768
17820
18513
10943
13816
15877
13989
2221
6515
11919
9762
15237
7286
16500
9613
7481
6449
12359
324
8437
9177
9177
3887
6043
13837
12181
3932
4107
12596
12268
18644
13465
1206
4818
9244
16103
2357
9433
12303
9205
6213
11140
16442
8663
4007
7463
9450
14533
8053
226
10483
7407
11255
687
2071
19437
17542
11527
15732
4340
14339
10709
16392
1218
13816
4185
9372
11140
2089
13576
16375
8491
7800
13371
469
15164
4171
4561
4622
13363
2427
5065
789
6957
17933
7933
5669
4899
18231
1531
17526
10827
19156
2442
2339
1677
19570
6294
239
19961
7299
15488
7320
9536
16288
14616
9776
18166
9968
3342
4217
11859
14952
4671
16202
6419
6924
17606
18860
579
18739
11306
11519
15540
4650
10390
2777
9637
14923
7161
8143
2820
13973
19715
18004
11635
7681
17484
7630
2856
5007
8019
4480
19544
11360
15415
14702
538
8698
6454
10552
18977
10851
6256
15839
12368
18740
16979
3657
9914
11787
9529
11119
3812
9475
10325
12427
8009
7254
11619
14825
11586
8857
5664
13337
5584
14636
9464
8814
11165
8048
15050
17870
19664
1393
17625
330
10905
17137
5037
19934
14574
3373
12016
16525
4565
9431
8533
15434
17296
9528
1158
18843
5228
1064
15483
17576
3591
15798
9338
4787
4248
18996
19109
17205
16292
17935
13170
5633
19240
19452
11810
8375
16605
16699
19480
2393
13928
5849
12827
8944
9221
3284
16161
7169
6587
18712
13296
13343
17307
14482
3996
2622
1655
3549
17547
4203
12223
19418
19904
7208
15335
12362
4442
5045
12441
16502
16009
4261
7400
10929
12258
17007
10845
6357
7236
3928
19699
13689
416
12916
4576
6990
9761
6586
3833
3967
9984
3536
3531
4842
19224
6083
6585
5927
7023
12298
14094
6921
6545
5930
18848
1635
5941
19061
1829
10408
1732
19904
19560
5404
299
16922
17703
11215
15766
4418
8375
5123
5785
15050
6194
11592
8277
17734
5702
1349
9876
15200
208
11635
17511
17937
11798
4817
5693
18849
19412
16
6664
11721
914
16585
18126
8072
17222
17308
351
9504
1602
14919
17964
12384
13936
2334
8242
12783
2261
18674
3707
11914
15428
9019
8487
17723
16610
1889
11694
13329
2888
2503
13413
16957
7568
12157
16090
19011
2204
3569
10887
13685
18346
13475
1815
834
2227
12575
9882
12553
8034
14065
18721
15068
12599
9918
10354
10813
1564
18283
16895
9074
9475
15665
15852
8062
7468
10172
19111
8951
4625
16947
9154
11692
9177
2607
3569
19535
5862
16746
15221
7837
16133
5807
8652
15897
18255
4724
2186
6591
10248
18922
11744
15502
9276
4027
17592
13314
606
11104
7906
11789
750
14691
3448
11544
8609
10261
10980
14629
17108
7672
3454
1629
18366
2697
2690
8625
18331
8960
16189
13029
12051
1977
7550
17457
192
1423
13780
17202
13161
13402
7690
6440
10434
12734
7897
4916
4862
13670
12465
12406
143
6064
1331
7252
3042
16491
104
347
11424
6299
2500
12372
3918
1179
3413
1116
8888
10031
18245
16070
8178
7354
15713
1173
740
1708
13646
3603
4361
7143
4848
6039
6026
13586
12685
10531
6132
12742
17541
19899
6897
3077
13681
7813
15085
16628
8226
14862
12400
1659
4207
14671
14376
18364
1564
14375
17133
19720
15501
4323
12648
262
1252
16432
18655
1326
1072
3725
16225
19010
19923
19552
569
6873
18961
1479
2462
15151
18454
16390
13867
6262
9170
9616
13059
15834
18963
4538
1631
2489
9341
19848
5668
4469
10812
4631
15353
5174
6905
4012
9558
13093
13716
10654
11527
17400
14364
3070
12636
13364
19175
15910
17926
9330
16638
13768
13807
8627
5374
13067
6215
17487
14181
3539
16490
19915
6980
8177
19283
6191
13754
5037
1648
15255
18561
13775
12344
19477
8531
9617
3732
9194
2459
16703
18410
15048
5865
1295
257
19320
11227
19721
3680
12635
196
3385
14487
11749
18167
867
13341
11695
10765
16817
15913
19845
11350
5231
10044
13920
13578
10623
14983
14754
11970
2105
5152
4973
8731
11084
8787
2839
10739
15084
11122
17185
265
9440
15421
537
14871
18073
14722
14230
14422
7135
15329
16935
2422
9520
17897
12697
1221
1232
9272
4881
12554
13631
6212
10057
93
8455
2663
12007
7100
6786
223
7538
1622
9885
16151
19081
13766
10095
3729
5950
12640
4347
19481
10744
5464
18983
15957
18632
7800
303
13419
6266
2509
3573
11778
15370
3001
19323
6774
2578
18576
19916
10217
8240
1778
16667
11427
15259
19402
854
15552
1059
7219
8411
391
3612
10229
1610
4848
15888
13752
7466
3780
6220
4657
12898
11946
7226
2826
15587
10902
347
2176
6452
3999
19059
8620
1142
1875
8685
16520
10490
12527
16585
18528
12111
15220
1373
9229
6159
5098
8499
18721
16029
11306
13446
17596
15512
16015
1898
14933
16879
8519
626
15341
19759
7551
18034
1857
15261
18070
12330
445
19723
177
11696
17852
575
17206
13972
16035
10370
565
6760
9644
9243
4141
5308
1120
14862
5941
9742
5634
13570
3229
18929
4545
5285
2060
16592
10471
12282
6831
9988
18945
11662
2564
10621
11270
1557
16715
15027
11445
7522
2868
4967
8144
10956
13153
9568
11463
16118
14122
3280
12301
3878
15125
825
2789
16718
11038
853
17772
11085
3444
12481
18791
6980
2126
5500
19572
14692
7622
7727
6298
11758
19125
851
6043
5892
13411
9390
17753
9103
8508
19605
3921
16104
11057
4878
7399
12483
580
4844
6709
14793
842
17801
19858
13361
9283
18173
1013
7071
19611
6060
685
18315
3153
10346
16709
4638
13890
4711
17315
11783
14624
14794
4945
5438
4279
8278
19771
15000
7715
15694
254
9529
750
18365
4924
15218
16634
4489
11233
2823
1962
532
5256
3027
7086
6569
16409
16190
16766
15323
5004
11443
15015
6949
16548
14526
7232
15021
19833
14151
10526
7704
10189
14960
7217
17167
13633
18711
6411
7239
12162
4613
16357
15837
18266
1068
12963
2842
16848
2747
14582
15469
7621
1995
15729
10109
3717
13462
5222
712
11370
17711
14084
18270
64
1125
12506
5441
9425
4363
8483
3052
17024
3715
9261
13086
11746
1640
15743
2434
18426
11325
14388
2104
16236
15641
9884
4954
19716
1221
4121
8174
11805
11047
12702
14217
3794
11841
9738
12877
14197
2685
17540
7901
11877
12344
19136
9272
8208
11753
1091
17072
19237
8476
7575
17841
18707
11155
15581
6781
14958
15565
5549
14878
5532
19993
6332
19018
1836
17697
13216
14674
14552
19582
4987
9995
14559
9203
11577
4614
6248
13475
1992
4848
2311
18137
6067
16297
10071
10106
13056
14093
10805
17070
13207
12287
16721
14821
2097
9122
19391
10437
11628
18031
17709
537
10989
1276
13257
10154
17883
7621
6759
19587
3395
5260
12697
1139
10872
18967
17502
8800
16495
17297
547
6477
2434
2778
19969
1172
2647
10084
8376
17948
3697
6158
9877
5424
1799
6321
11849
12573
5577
6925
2889
18089
17996
12632
6478
16542
17059
15771
148
894
12060
17236
10583
3536
5719
19638
3611
15732
19011
7374
74
10529
15746
16709
11108
5191
15612
15598
3493
17961
7074
17879
13587
27
11556
8786
19171
1823
4278
1862
3654
13141
1455
7779
17768
2164
15072
3138
2769
19005
9092
2035
3404
13105
15456
17917
11078
10207
18868
10226
14416
7003
4663
5603
11035
15026
6706
6370
2744
9564
8071
14242
16755
19246
9843
458
9234
7067
8650
3856
7020
14728
1894
9294
19520
8630
12085
16742
13659
17441
17248
4974
5956
1887
14282
3452
19009
17226
4092
10155
13771
17568
2157
17788
5614
12254
12578
13420
9398
19242
19735
7712
14776
3512
3130
3831
884
18971
14037
13987
18671
10585
15324
8230
6228
14528
429
10955
11423
18403
8302
19211
9770
16941
14450
18655
9767
17185
19139
19353
4262
5301
4968
12642
3491
11384
10250
1436
9172
8837
11624
11277
7162
8897
2720
18838
12618
9540
9349
6812
6274
15427
4818
763
16505
2491
4575
19787
15229
9411
3534
17929
3583
14446
18662
13308
7149
14659
14700
19762
4559
17427
12289
8871
18011
13661
16348
11630
15865
10464
19166
8548
7521
18302
14808
1621
19931
8432
8711
6474
364
1378
7213
8357
15595
18668
12951
5497
15879
15592
18973
10409
10172
4762
10991
19850
12619
14278
9164
10647
1271
4544
1382
16452
5143
12956
9680
1546
12561
2475
19531
3705
10572
9469
6891
9175
19179
16434
6568
3937
7307
4718
4482
11360
8963
5073
6253
15462
14582
19600
15709
19600
11253
6614
1967
8161
6542
3755
9783
8046
7256
19010
9563
19204
16937
7771
17157
6739
19269
7266
16588
10311
18924
11139
19263
5423
6282
11951
2823
13630
1673
16874
13898
10070
5703
4980
12837
7621
340
9128
6779
10787
13734
10333
18263
16558
11017
7487
17883
19645
13728
4483
1366
16965
11181
4643
19539
13402
13897
1123
16731
11934
14142
11314
4865
1306
7189
19789
7111
9361
2803
2474
19860
3026
1960
5465
3397
13446
3402
5647
2649
12191
12905
11460
12204
14942
3096
13148
2011
13717
8718
5970
10817
19129
16315
10641
10023
2032
8862
18743
18069
5657
8911
18105
9208
5937
7378
9623
13052
15462
4828
19081
16076
18380
350
799
17163
9071
16635
3488
5170
10425
10078
8835
18828
5158
939
18142
8765
5384
13370
3978
1050
8232
18645
8006
13696
3331
7581
10923
18116
2490
11030
3148
17492
3875
15359
712
15007
15822
2079
7134
18929
25
14928
4264
14061
11038
9181
11881
18040
7491
9947
7228
8080
13548
11559
6878
237
5194
6648
6118
160
10616
451
11782
14554
688
7996
19341
10468
7347
2691
16793
5046
9310
6928
14606
7597
7198
8380
11605
12522
8632
12287
9041
7764
16373
3165
4102
15873
18298
2981
4058
6957
16737
8623
10789
9674
8591
4228
2333
8485
3191
1253
15030
14959
18611
1967
7595
849
15318
7176
11139
74
4147
10945
928
14785
3973
6159
6412
17041
14842
4794
16521
2428
16333
12715
14495
16353
14964
16770
5248
14667
3356
10657
15078
2250
13519
15117
6615
14085
17306
14344
3347
13338
16347
9763
16830
16184
244
2449
19862
8249
336
3617
19919
13718
5240
7037
16416
5453
6075
6749
2503
7179
1184
10851
15572
2402
15075
1472
15613
6246
19007
2765
15962
138
3752
10057
1819
9482
4558
8118
12395
18167
5816
733
9844
5733
11396
14152
992
3979
4491
4801
8086
2352
16488
13954
15858
15795
1292
725
4520
19587
7303
13263
12690
18594
17348
17045
13785
7093
18824
17658
7520
18939
10835
7096
2489
5130
922
16101
8011
3129
7924
3213
17015
17822
3395
728
16205
4766
2887
4602
13438
3546
4985
4160
7119
11352
5021
11863
11996
670
9519
2458
9555
11462
6349
653
12102
863
9439
6428
11798
10808
4714
723
17425
18875
16836
12596
17093
13247
6448
10325
3161
8811
5231
4753
11191
7316
4025
11784
11652
6678
13183
11823
16914
18254
10534
9646
10114
19692
13736
19934
16735
15548
14594
1420
8951
7611
6263
3509
4282
13476
14059
7729
3748
10587
2402
16989
5717
15402
978
4892
14380
10874
4871
3273
5942
18327
1964
16404
927
14428
4248
1315
4314
10962
12816
19291
1048
17184
11208
17204
717
8768
17175
8774
17808
18712
17939
5223
5167
16148
13038
4894
15352
11843
7992
3172
3529
9697
11119
13146
15089
8321
18750
12270
19859
4166
14765
2400
10228
11862
13931
16334
13885
3433
17362
4305
7325
2703
3318
3804
16889
4064
16612
5381
7954
10099
10130
5662
13309
10594
14600
99
15328
12585
5627
4154
12697
10418
19063
17789
846
1179
7293
14194
7328
2459
10693
8201
12984
5077
6206
8950
7810
18289
9468
1265
15523
9892
1095
16133
8560
7892
5930
13603
14982
6345
16513
8229
1683
13508
17467
1645
2722
13667
7920
15997
7660
16586
12407
14769
17340
1183
19105
5640
11775
3840
15090
16379
7462
8136
8932
9454
3293
3826
892
6928
3630
16386
17444
12352
13949
17117
13968
19261
12798
12319
3257
13381
6836
804
4803
5116
8832
2644
17879
9318
1773
7595
8870
9623
8380
6054
16202
18000
229
2728
7587
16955
9913
10135
17027
1847
11432
19489
10576
10692
11162
9996
17515
3482
11507
8480
12369
4083
15268
8954
1080
15845
19228
11026
17518
1370
7084
2274
15318
4656
7424
14565
6507
6715
4098
5523
892
14129
19348
5742
10865
15758
12621
14306
11361
2885
17029
812
3779
13722
3187
1978
2513
5832
1710
5305
10493
18421
19645
17952
15371
6030
6421
7499
15120
12533
8960
4506
3989
9345
18984
13065
1801
1250
14242
1633
11266
1101
16349
2294
13061
11548
3607
5682
4697
10750
19225
18334
2729
13020
18710
3647
15234
19978
6089
17482
6698
17568
6213
11840
1234
11730
17432
8223
18930
586
7298
16237
8667
2780
15252
11098
639
8405
4136
18390
3186
2028
19847
5694
3957
10920
7042
3324
2334
12094
17940
5105
12578
15229
3929
18192
1399
1339
1777
10394
15356
2561
3771
3917
9877
13536
16381
12636
19809
7893
753
11371
18907
16386
11740
3748
8561
10320
19739
6769
4935
13685
8956
18331
10551
14218
3786
7416
7659
9706
8679
14971
13822
13284
17225
4794
4115
6727
19263
17736
2789
9486
8587
16843
15171
7349
418
829
16982
5248
10696
6860
15810
10984
3066
9807
3004
8239
16462
15866
6885
6766
10541
10341
394
7944
2056
10185
13145
16993
11643
7855
12909
802
14065
13036
14942
600
18613
16343
18385
9099
2931
210
16311
959
5245
11809
9319
4390
6237
7721
7271
9211
11660
2904
3006
18882
7037
13618
9691
12756
1290
18189
12521
8212
15585
12819
3558
4030
12235
197
14059
9449
13927
17601
13330
8194
2607
5895
14859
16880
2509
2363
12894
15309
15150
10058
15394
10087
14334
11247
16922
2349
12518
4769
3619
7441
9026
13277
15794
10252
7453
4952
2692
16862
11136
6043
5126
18096
6977
19379
14080
16020
15633
8503
19530
675
14338
12431
9439
1036
4132
6706
17177
4388
17985
7438
18145
9203
8831
14617
3722
8176
11473
1772
1805
14768
4096
8844
19986
12437
19563
16869
9787
18740
688
8586
19400
5351
8047
7039
17730
15328
17356
15472
1827
5982
4341
18298
3699
1487
3372
4750
3836
14944
14507
9659
6260
16352
4758
104
18556
4549
16176
2516
17849
5405
13965
8959
9448
16371
13203
11110
8903
6651
12903
8058
7199
19445
1085
7682
8469
8767
6409
16903
13524
18484
9282
12943
11696
1195
1453
16594
8420
12463
8572
18489
13721
18007
5209
1933
19445
8191
7840
575
7782
8512
9334
12342
10988
14201
17804
8311
10474
19493
5407
7850
1441
7254
14916
9532
2017
16809
17879
1278
8436
17984
12917
13333
10629
2561
16808
4368
19863
17964
8336
5978
2529
3930
9528
19383
14031
7304
19357
8880
14328
9132
2204
19279
11335
9323
15857
13044
6516
19587
16115
11387
2161
6147
12021
699
11707
2608
15286
4895
9536
18213
8110
4557
3007
4948
7818
3139
2778
2389
1861
2728
7647
7883
16917
5200
18548
1192
16693
18371
15119
8366
12842
14215
7626
960
13257
6154
1087
18535
9875
17264
15013
7707
7623
7529
13359
10398
13030
15957
13555
9291
11407
5412
8906
8887
18186
5438
4492
3392
11395
14491
5545
14294
14780
7677
12384
2921
3694
6970
16855
19034
17851
13628
3994
18921
18920
15366
9484
9111
10817
15647
2508
3174
5256
13035
11348
15820
5180
13700
12938
17220
7649
2780
14931
1287
3097
13476
16081
6198
15130
5025
5493
2245
11842
14778
11656
14719
16715
14253
8661
2875
16576
12375
3569
3298
19910
2005
14319
17607
15988
12483
5555
15483
14103
14305
19365
12707
344
819
8908
6793
15486
1625
8937
13556
17324
14127
6508
17
15574
2272
421
14111
17395
8362
5103
16485
2624
8632
5380
4104
1579
8199
3982
3013
19537
6187
9559
6526
10022
10413
8727
1349
14518
8390
4540
10334
6751
5157
9881
1527
13964
897
4401
2530
18075
9286
6769
17313
8279
13472
14491
14831
16430
2441
457
10501
7024
12982
14172
7055
11217
14898
19114
5348
7544
17418
8818
9121
80
13985
17668
5281
19294
12047
1055
2518
12448
9226
14061
9447
3104
14154
19380
8113
11747
6850
2731
9443
6962
80
7405
17002
9759
13654
14925
8545
1771
4829
945
6514
17382
7063
6912
15549
873
8857
3916
14512
17450
5782
1226
8589
1720
11311
635
17120
16926
3985
7184
7192
10257
11201
12036
13738
11969
6073
836
5560
4303
1627
11187
12196
3475
16574
4114
6251
8091
744
10113
6835
19061
11229
19670
18144
8599
1252
3198
5242
10601
8435
4103
11550
1605
9384
5952
16286
2016
17482
18087
3145
17979
16783
5938
9420
15325
7085
16000
11701
6012
2874
15551
1653
6786
15894
5465
16427
8151
7635
12173
13583
14495
12081
17192
12061
13050
7670
10357
15920
16233
1642
145
5905
15087
6300
1512
15731
15843
19041
3942
13396
3202
15975
12762
8805
14341
6798
4378
4768
17405
10995
7595
7106
2259
18296
15194
18679
4704
11616
2045
10940
6202
10778
5284
14735
5793
9248
13105
18913
16004
10749
5683
7124
3604
1229
18728
3965
3427
11304
19553
1940
12458
19733
7938
19831
13173
19374
5577
1470
12513
17517
18578
10684
13247
11292
12836
2533
6777
17424
7337
13060
5554
36
11460
19868
2246
17384
6576
19382
4158
2251
2987
16479
11600
13196
15409
5829
15696
4701
18506
15951
5706
13671
18919
2347
5141
452
12824
10861
5487
19822
9878
243
18801
15210
8234
18397
2345
13614
14225
19139
7237
5427
5491
6016
18689
10235
13318
6218
2762
9419
18231
1830
303
16727
1450
15431
19864
6684
19047
4210
7566
18175
14588
11731
7771
11034
6764
19002
2764
8722
12671
19780
17909
14046
10767
19972
3445
18614
11895
2122
17334
14488
13096
2006
7102
2791
8504
6947
18543
11117
1772
13272
9626
18901
1158
16026
13984
11756
17988
18686
14081
13007
17688
5351
19956
2880
13231
12357
14948
13959
5172
16908
17549
9572
18172
11092
19999
2036
9317
16209
1476
5792
19359
8255
18864
4991
11117
13593
8619
2986
18203
4179
10322
6243
1775
6916
17407
14236
16701
151
18843
8372
17881
13847
13681
19889
9384
3677
19115
901
13425
12853
4513
16897
887
9232
13974
9035
19273
7475
15199
605
229
10863
3878
19426
16639
15542
19983
14823
17202
4691
9696
1849
18021
641
1629
12129
17702
3798
17677
6288
16824
6283
14732
4560
8336
14101
13050
14698
12988
14135
17761
4536
10022
17743
5542
2511
15157
9941
12573
13319
14265
12664
15853
15040
2158
13802
16814
11886
14037
4026
13875
12998
14144
8239
9632
18250
9166
13185
1162
6185
8410
16055
10769
4126
16276
8262
5277
522
4320
4944
15076
7266
7091
1595
4907
5628
7874
185
1537
7977
7855
347
1064
13484
9565
5184
3996
891
19030
1213
10446
2359
3654
89
16866
16667
15121
17225
12499
2487
10782
10780
17216
12023
18292
3286
5167
13975
10036
7425
6098
1445
11835
17124
3720
15205
1189
19677
12215
10296
11945
9389
918
10577
4979
3461
4975
16369
17509
12436
9924
18572
7875
7864
4551
6687
5136
10720
8611
17074
4619
9952
10701
12848
10228
14130
12089
16142
1786
3793
15813
3762
19375
37
16154
15867
15604
17494
15674
19907
15214
15735
18562
19145
2243
8497
6434
13153
15578
4534
3581
8450
12868
16116
2636
431
5594
1600
12550
5940
19808
4584
7193
4352
9643
16431
15276
7628
17665
9479
13276
17965
17731
342
926
2836
11503
12371
6164
11265
1132
8062
12312
18903
15604
11334
13751
14511
12617
19470
18106
15990
127
1237
19686
17943
9575
2083
13577
8611
2689
4603
17330
12277
19254
7538
12875
1912
3285
5246
7093
11001
2718
3490
15453
1202
6835
17005
17044
12597
17289
12943
7128
9040
10536
15036
5534
13492
5896
12580
13051
14919
19050
2697
14402
4387
14044
10967
10717
14609
12581
11197
17473
15600
6498
18366
18389
3838
12729
552
6219
6586
16955
5667
4425
12844
18691
5487
15473
10486
1311
10214
8934
9296
9107
17310
7624
14663
2118
943
14977
19854
14363
18908
18774
217
15568
16559
5656
17794
18079
18508
18872
13820
4788
2387
13506
9419
10390
9977
3825
16775
14909
6141
14526
11169
12685
2939
5681
15669
2971
17785
12772
832
18179
7710
5039
18764
13871
11619
11220
1126
19074
13798
9112
2380
4359
6411
11360
12183
7070
5763
14417
2621
15831
17982
19562
19720
14185
17930
16341
13752
12472
1831
17459
11262
5266
4117
2788
6815
12424
4542
14320
7361
19785
7608
8164
858
9856
15537
16251
17445
18178
11793
2572
1551
14134
7476
6856
11620
7996
5049
15165
13225
19866
16344
16187
13376
17358
12228
18016
3696
14438
356
16209
3649
3027
13663
11130
3431
251
16903
9548
10184
1990
4931
4553
17667
9507
779
3601
12238
11246
6484
6637
3621
5649
10922
9093
12909
12769
327
249
11540
14376
19079
1385
4478
391
8953
4003
4808
13174
2605
4632
5546
12919
5900
16468
14505
15693
16635
13179
5519
2899
5484
12324
1127
13774
214
1611
19752
18829
3403
5145
2961
9529
6058
3545
3574
5202
11391
13564
7863
13721
12682
2095
2788
10174
3618
3191
8651
3097
6109
18499
7602
6230
7047
4662
7299
2369
17101
9738
9748
18826
15097
12150
18744
12075
2578
12950
10147
19893
6415
9848
17467
11946
19931
1533
16200
2625
15018
3953
10273
12229
10348
3373
3589
17492
14151
5550
7093
13637
16164
17982
18153
3018
8005
6985
13575
11860
8055
1702
18720
18318
18351
1204
2038
14019
13601
12662
7222
14305
9948
66
12792
13635
5056
7542
15216
17751
14843
2682
19640
6759
6845
1844
3075
14215
6769
6388
5363
17466
16236
8335
11695
15603
12981
8280
14084
12720
7074
13633
9819
8017
16806
18624
10864
3629
327
8034
15527
19287
16512
18724
2156
1731
2037
14227
16420
10836
3682
9589
6031
14138
6935
1980
14056
8710
5832
1957
15423
2688
3642
9252
9352
8481
16933
4246
12056
8172
14669
4977
14385
13404
10328
14679
8604
9403
19451
16516
14934
2363
6019
17459
2113
2724
5201
17740
11243
6460
3409
4361
8854
11932
15979
9855
206
18555
9422
16487
18132
11416
17929
1647
17867
4888
16209
11053
18839
8694
8162
14106
699
19988
8885
11734
3828
612
11620
11289
19437
8732
13001
15130
13605
4945
7833
15149
4487
388
18240
6125
1052
6927
8837
13996
6624
12218
11234
12577
3769
15909
11497
12889
12163
8226
4967
16180
3024
18601
583
19980
2565
1532
14905
8470
983
19607
19963
18243
16613
5470
326
18300
2499
3236
19288
12501
1098
13527
5140
8515
9234
19283
13228
4682
11330
13622
1292
2008
14890
17608
9375
15596
11563
10131
6281
19013
5296
13569
8604
5783
11332
7252
523
8598
15971
13038
16465
6127
13950
10524
3705
10557
3111
19109
4637
11674
3006
7237
8417
6731
618
13398
16439
889
3316
13524
12782
17132
16642
18158
9849
4177
6608
6182
6139
13937
9441
7423
11808
15035
9253
11014
464
16855
4945
16569
3264
7404
205
12201
18441
13477
17073
7572
18719
12080
4292
1605
10042
16267
10103
3909
2556
14250
9764
1876
8007
13505
13163
9711
402
12974
4790
14933
1573
8639
2910
9302
2913
19990
11574
18150
11965
9371
4932
6166
8516
11
17404
1825
18402
18577
5052
19069
8691
14641
9141
11423
15885
1742
4950
11134
18120
13935
12751
18995
11796
19956
9585
13183
16265
16885
16365
3965
14177
8197
17943
8104
1800
19404
17431
3578
4061
4897
16439
3306
17258
3202
1009
14016
19364
10113
4151
4937
15056
5659
13967
9759
18152
13035
340
7768
19120
16554
7112
6222
16741
13884
5563
2110
4280
13464
7603
573
13331
13654
14468
18360
14239
17696
16181
716
18609
19626
7018
18269
1702
13960
5414
6535
17290
2170
6972
12234
8191
1378
215
5232
5697
14788
2466
14315
19094
11858
6511
3081
17376
5016
19026
1995
9772
7616
12394
17746
10562
4710
5586
452
9624
9905
493
16848
10232
851
2642
14540
667
18831
12082
4298
10926
9459
19720
19752
15607
6484
5664
18154
2868
236
14845
3750
5235
5646
12628
2752
14251
17182
1747
4521
18243
747
13943
7281
11496
3432
8773
4280
13285
12352
15998
13045
6994
4211
3249
19607
8234
13856
9451
11640
19936
3451
4972
17973
13930
3666
16911
2580
11732
12391
9910
6355
7879
8592
4578
18955
13986
14441
330
3087
17004
8081
7846
3448
11487
6738
12107
11627
2251
16176
787
11109
7808
578
6996
17613
10530
17465
16142
19743
3808
19055
3877
10144
4138
5907
15496
8946
9006
2872
1137
12073
6778
11733
1258
19756
15450
4556
14253
5288
15887
3686
17459
5412
19039
14923
4744
5232
717
11471
3427
6681
6442
2106
10842
16864
19173
19995
12650
15433
2503
13880
301
7635
12127
17492
18544
19526
17884
6024
13480
17820
2264
8625
9501
4065
11640
11433
13792
1617
7735
9243
2492
14005
2282
12975
3943
4244
2195
7678
10638
8575
11738
2797
8952
329
14589
2153
5781
12962
16415
4442
19476
14881
5842
12223
1816
13504
2353
10258
6206
18601
2730
9653
3371
7489
4274
19361
17362
14897
3639
4626
18244
9963
7547
14109
8122
6298
2322
2565
3126
15767
18974
17218
15743
16763
6066
18012
12222
9158
7476
16412
15874
14103
11830
11915
13048
18534
14763
8620
16387
2011
3399
19771
12138
7968
1031
11233
5718
12734
13821
7834
19294
12821
4100
16134
19258
12247
2119
18310
11817
14572
13693
4579
15016
2738
4474
5059
19897
7506
12027
17514
3854
8529
12642
12990
2052
6236
5791
10419
18676
6940
11228
17875
9934
13011
18425
3115
3876
11946
19311
16789
13353
19982
3911
914
5636
18390
17736
227
15647
16859
4753
12108
3302
4381
14613
16589
3463
17853
7192
6594
3944
793
18071
5281
17240
6100
3599
15724
1597
13003
15203
1135
17119
15779
5193
18100
12875
17760
17034
12711
2429
11805
2101
13369
6288
16511
14033
8755
5211
11276
5589
18376
15088
9843
13844
6203
13628
14070
15721
5942
8920
2003
12814
18336
17267
14945
3962
12234
16961
12812
11111
18045
10815
11137
18793
2858
1814
13217
11943
6255
11708
13823
5287
18180
4318
15829
18243
8057
9993
11916
4263
13268
11748
18552
14414
10656
4142
2905
19639
2069
9981
8658
8954
8283
17505
8044
795
10743
1083
4804
17460
11559
4877
4123
3726
4246
19071
16907
4458
11273
12025
10018
15352
8793
577
16011
11536
1401
12465
4005
10931
1514
16613
10368
682
14330
12757
278
12242
5637
5046
16089
9009
19681
8929
265
15816
112
5309
5251
4999
17200
14873
16543
19062
12322
347
15044
4812
11886
553
4540
13873
18013
1168
14007
2317
1016
8890
18901
18581
10401
4286
5673
5863
10871
10027
6707
12539
13232
8016
19730
13737
3094
15141
3480
2277
4799
8200
13657
14698
17105
13442
1646
19748
9840
1969
721
6750
12265
4373
18314
10105
11065
1787
677
19529
16110
4318
13355
18872
10348
16668
17729
12601
8442
17715
4994
9290
15887
18053
8583
7349
11969
13104
8988
13521
11237
9595
12386
4825
16250
19321
18187
17280
13199
2223
1626
3928
17183
8530
5716
7843
8376
9413
16821
1754
13673
15368
9040
16813
16413
13645
17033
11710
12829
15192
6121
4484
4996
15968
2174
6110
1921
730
13021
3166
2778
19119
14668
11076
8173
4943
2613
5263
10223
17720
17732
5258
15046
10238
2749
5893
12097
10578
9912
9611
3742
1182
13279
16920
13695
3753
4835
18161
10187
6396
18572
11866
2302
4774
3913
2375
10951
11777
672
7355
12721
5075
14980
7111
17447
905
13096
19181
4114
16193
11554
16805
2242
14605
17085
11765
7365
11594
7968
16154
17882
14727
13878
6280
17435
14218
14180
5537
7987
16782
3463
5407
8021
1344
16012
19903
12823
1423
2035
3078
2171
10355
12147
18278
14084
14581
5686
15528
18043
9797
4331
18918
16238
15506
5049
16194
16217
18733
7925
5826
13349
18589
6512
4070
15263
14956
16054
463
12228
16931
809
7671
1322
7486
3598
9730
7036
2274
16509
15936
16494
11484
10323
16793
19381
5315
14103
14789
18775
4625
17319
15670
9928
17430
14411
2236
6186
6922
2930
581
14471
4667
3250
1821
18146
5857
19828
7232
12355
5835
13286
1338
8157
14532
7333
47
3797
7547
17721
6088
2191
3807
3578
10013
7665
1981
6806
2067
26
16709
13447
9692
82
13054
6595
9626
1511
19778
2835
17473
12346
7601
10635
6352
8014
9824
4945
2880
7479
13453
3293
10403
17569
9721
15477
9282
9248
1649
603
13026
13181
13230
18388
12491
16315
13153
5054
2802
13123
13804
6500
18962
4555
5899
9208
15109
15067
15678
16519
896
12810
18325
8516
18720
3149
9274
612
9290
6753
755
11157
17373
15345
294
10877
482
9037
10526
14135
15912
7629
18780
12754
16033
1503
15094
8788
11891
3289
16454
15191
15906
18775
17535
16407
8068
16901
11150
2339
9006
17223
14330
7225
18245
8714
10197
7036
13636
3029
9173
2974
7984
7464
1415
1487
13165
12414
87
14737
4803
16560
13096
2100
3547
17066
8425
6622
18341
19896
16089
1675
5854
15138
9065
6916
11584
11348
1970
8400
8356
695
6956
4526
6294
10528
19636
17232
17258
8514
19043
14753
150
7233
14866
693
957
15686
6228
9190
4136
2782
4712
11586
16422
4497
11337
13513
12538
13092
11197
1903
415
7816
2621
18037
6634
6305
14125
17779
7106
2152
2832
17198
13753
3045
954
13859
10364
4371
16989
6077
16247
1831
1853
19464
11200
4224
14595
19654
216
6898
4130
13303
5741
10090
5809
1485
8988
17905
860
11287
17531
6125
5395
13962
17845
9148
9736
239
19373
11725
17838
4313
13699
4374
14645
10815
18256
19050
1495
8663
17289
18197
4241
1585
2132
9962
132
19263
4525
15772
10701
3734
3673
18511
1189
16495
17555
5867
4240
18985
17102
10468
17614
4709
11432
5812
19243
5977
16941
1981
4200
14101
3105
1160
17014
18285
15781
5322
1344
5088
6991
8279
13634
426
13375
14639
19349
10828
19291
18948
15178
16252
12883
12931
6942
16980
16451
12119
14856
10459
6512
18089
4137
5966
7350
751
19305
6003
12218
12409
18562
13084
14543
9210
46
17014
7065
11535
6236
9202
16400
6
8850
16839
15902
19305
4798
7056
2213
17246
2906
1641
16339
1074
15538
2659
5743
6338
17419
11174
19160
18692
4526
19216
19504
5565
8439
437
16662
16535
11001
5263
879
2134
12649
4014
17854
2287
9529
13078
9417
617
19951
10964
8629
6524
138
3357
10277
14156
1564
6339
11178
10954
3296
7248
0
19716
1584
15120
17686
13656
12140
19412
7043
16523
3557
10043
14741
4830
3906
7883
14936
4931
6454
10522
12689
2435
15372
12637
4665
9343
12681
10019
679
19619
14971
16056
18000
2200
17653
10899
1852
4670
11740
9321
10543
7054
17878
756
19210
18580
5899
16217
11653
14037
19118
12656
11231
1237
15490
9477
1882
12975
7646
8496
9527
17581
16698
3939
16831
5592
4239
13597
11018
3445
15980
18976
13027
16633
1996
11913
9708
684
2819
2248
9222
13297
8617
5751
10005
19741
15935
14086
17579
1955
16290
435
1182
18251
11793
12168
5949
17194
14316
12349
1467
14803
2722
8594
985
19811
9307
8120
19073
10660
16406
3971
10637
1567
10876
3901
8287
14278
2503
7357
16518
1913
12809
16078
12466
1440
19697
19944
6879
15723
14276
13986
2283
13342
18604
11802
5912
9900
8301
19856
3019
6820
10477
16187
16204
9834
2
7661
10583
1361
640
1816
17019
8531
1060
15163
5500
797
753
12897
6403
17814
1470
12824
19789
4618
12092
19513
5602
5389
6725
8451
636
4846
15520
13727
17562
11025
7667
5498
19711
3933
16964
11303
19524
9497
12300
6622
4191
15484
4662
10201
9326
1526
5767
7591
5111
29
3325
2478
8097
18083
2469
8265
6284
1648
4410
11164
7013
5014
9499
6373
11023
14410
15844
11959
10984
7450
11015
10941
9517
6919
18112
6755
453
12695
11316
9196
9287
7519
12012
1507
16165
2774
14795
17000
14325
19734
10739
3267
6449
3294
11664
13996
12004
3013
2704
10966
15911
4319
686
18024
5485
15113
12940
19662
7239
6150
13502
9744
3632
7449
19196
17976
18892
9247
3987
16763
4668
5283
4555
4858
8403
18734
17457
4598
11809
18661
16599
4465
19322
11770
4229
8914
14954
6003
5787
2250
7779
9255
19235
4591
1800
1935
4930
97
14062
7725
10202
8680
19696
3099
17699
14552
17807
9013
13407
17451
15815
2091
4508
15961
13977
18406
11879
16239
15757
10404
12104
929
16262
18146
13597
15212
4234
2711
1282
13058
9277
7549
2542
18107
1747
16926
11967
13908
16608
15397
5285
16010
13411
17486
17988
7114
6798
4337
7371
12348
5914
14714
16547
16996
8801
4947
9704
17187
13766
4465
19395
17752
17103
2836
7163
19863
14938
2914
10464
5855
19925
18520
14383
2841
307
17921
14597
19227
17231
14325
11856
11850
4250
3395
12239
19233
17214
8860
7879
2573
19303
18920
15671
6419
14967
9965
5018
17708
17162
6193
15418
16968
7743
19458
7127
5090
19573
18771
14333
18320
10341
5986
10474
3821
4021
18041
10480
17371
9430
16490
19781
7102
17464
19846
14739
14804
14730
13510
5532
3109
15581
7457
14006
10647
10381
627
6159
1970
747
2925
2011
9657
6782
6921
7993
3061
2480
16469
19485
7893
515
11604
7024
6094
17612
7805
4825
13286
1233
1815
7894
7919
15644
17689
4723
9658
4299
6745
16652
5261
11673
16054
4000
10488
19336
16391
1316
13301
10667
10802
15814
125
10124
16093
18018
14564
8164
19771
18856
10697
19667
15887
6394
9810
17922
15268
16971
4407
8001
8034
2521
14053
17032
5662
2618
4209
17279
8614
19134
4435
3360
8381
3669
19563
6016
17138
11287
1426
15238
4239
18604
7187
10566
14601
1835
757
10099
2266
862
17218
2511
9060
5711
19503
9926
9983
4667
11628
6412
496
16198
3186
3431
15853
8501
1622
12363
3046
3309
9050
17675
6347
2893
12686
17860
11432
13308
7729
5288
17961
18762
14669
16946
6648
8867
2126
12478
12796
10146
17573
6129
10174
5537
11796
19885
12307
4692
6036
528
13757
13742
18713
19048
5776
17835
5119
18796
7409
10222
13072
1532
16109
8424
16119
16569
7787
3152
7042
7264
9660
5971
4468
8494
4780
3312
3067
4712
3048
8367
2024
6861
4472
744
3496
5087
7142
4986
4088
2691
7003
13216
6825
4670
14076
759
4823
5242
11633
15100
18261
7695
4218
19990
7191
16920
1468
12574
3709
9415
4580
10107
1115
1856
11390
15683
13242
8096
7253
17448
6623
1337
8390
13480
10739
15613
19426
5169
4844
15825
7736
11784
4687
6318
10268
13992
1622
16121
13191
17405
2537
12372
2487
15786
221
15798
19320
18504
11144
5285
16487
5063
18975
18906
4245
10198
372
6017
16656
12515
12692
8556
8813
2893
12601
17689
1445
13741
10622
402
3047
17957
3665
17081
3
6338
6566
18943
9286
7623
2406
8453
12051
10345
18022
4803
14861
7546
1815
8976
18787
14548
19554
7754
11633
13182
4506
15963
19370
9088
19676
19101
6318
19052
2646
9089
5848
11456
19774
17480
6106
9698
1406
13273
14881
12009
17535
767
7273
5814
15451
2512
18322
10993
10586
4775
6454
5674
2459
16115
17285
19760
18873
2857
3256
12802
17726
10738
8538
15733
5167
12379
16468
9859
14012
11808
8738
807
16868
4048
4970
972
5153
5396
15530
771
17490
1752
11378
17655
5773
16327
19785
7407
16793
7232
14706
1620
12310
3122
14867
10016
7114
3449
1196
18182
3897
2708
2661
4385
5755
2058
11090
11611
3545
2145
8371
4628
5241
3495
3369
19479
18096
11065
7581
2815
6581
19256
14717
563
17786
19664
19037
10065
14687
15912
26
2817
8887
2409
2295
974
13780
18543
2065
19055
3240
1433
15251
13428
5460
4561
11852
7817
3690
6561
3209
16287
14105
17254
8960
3712
9401
10440
18974
19321
609
4250
18264
10571
5147
10381
16324
134
5120
17074
18964
17225
7033
5902
6736
12823
8575
5284
18759
3259
2233
4512
14867
3848
1979
5458
1702
16967
18767
4598
12267
6827
10548
5741
15331
12526
3288
15157
17021
8612
7035
19287
2284
4243
978
10971
754
11274
1994
10909
1586
12449
8523
13202
2080
2263
5519
10600
852
8354
10335
555
12728
11298
4540
9991
18404
11863
4748
15405
7180
166
8845
11003
13271
11919
13103
14782
19001
6442
2128
15195
1150
2510
10387
16994
14217
3261
18176
2774
12823
16392
6303
9017
10950
7946
6159
5716
13612
3479
12758
17296
795
9522
11618
7209
7350
1880
3875
19259
9661
10594
4430
1956
1362
10880
17224
1946
9138
2113
14753
17671
19098
1564
12652
2391
13397
10200
18508
5271
175
14464
6317
2610
12463
1411
16742
9292
11768
1676
7136
10975
19027
9165
14368
15024
6970
12540
16910
3921
6006
8213
12885
11690
7166
3546
12448
9909
6224
5734
10633
19675
17900
16801
540
6073
18113
1564
14869
16514
10252
18000
16982
5255
14570
18410
10733
17199
12893
12542
14707
19057
12143
6011
6104
63
15611
16029
8284
8594
17657
10777
13865
4589
14481
6334
19492
13065
16555
19134
10375
3138
7669
14048
6449
15899
13845
8140
19105
17769
7448
14507
13669
3490
10774
7673
17834
12641
10064
18465
16713
3032
14797
13671
16596
5731
8211
3060
16195
19507
15022
8916
8147
153
11123
10835
9294
1658
4355
1164
17362
36
8828
13428
12306
13328
2965
9658
7581
4557
13890
5275
17678
8201
10758
18145
13910
14648
13670
16292
3746
18070
2346
9784
7965
10994
16556
13460
15555
2655
4175
17735
9539
15308
10179
17609
14178
14786
6668
18899
7105
15151
4776
19533
18649
738
13203
15007
11748
12124
5046
3596
6383
12802
2395
8059
19978
606
1370
10205
7274
12642
1260
11413
9660
18992
13080
15314
8040
16524
19647
14773
17610
15854
13325
18602
19781
1738
1928
9056
10502
10617
10845
5465
1316
18682
16129
16128
3393
2458
12231
17046
19178
8244
560
3786
8584
8493
3471
2742
19128
17244
4883
2132
14014
8138
2509
463
6217
16378
19131
10386
19171
7773
910
16511
17802
3399
15494
9913
12508
11004
13900
2138
4008
14766
19716
14943
3830
5749
19858
12544
13831
11103
16486
7367
11732
9479
18757
10425
361
2903
5375
7316
7673
9702
11521
3158
6523
4682
11848
286
10950
1029
3720
17921
16232
3142
16348
6851
13377
17640
12174
13393
16781
6240
14289
19666
4315
8695
1074
8274
5738
18526
9
5666
16004
15145
3627
16069
8050
19040
17188
11629
14872
2360
14496
18854
9697
11363
2546
14962
11229
5209
10305
15823
9051
11253
7231
2265
5391
62
1249
12835
16332
15927
78
16051
18707
5098
8073
4720
2765
4935
7282
371
10083
11060
17601
19760
16016
1975
4833
5321
5895
18844
6885
2077
15078
9705
1803
7107
9190
6866
5955
10140
3494
19915
14278
5032
12313
18083
3507
17168
6857
12030
18446
17789
2612
7391
15836
14258
13367
224
7720
18608
7923
11250
8833
1002
19248
8873
15369
6065
8165
3340
8474
3705
15032
2338
10144
9697
16827
778
10658
9637
17178
16168
11778
7707
15971
13615
9069
17298
5920
1920
13595
11593
18766
18836
5960
17284
1113
19390
3003
14571
16131
3807
4471
18778
792
9771
15091
18759
19762
10014
12210
7791
7114
15073
766
13633
953
7613
9517
19186
15359
4989
12414
3297
7379
9196
18531
16979
6911
19411
16475
10419
16269
1579
10360
7428
4282
7652
274
9419
13744
7061
1668
12684
4305
17156
10413
1431
18275
11200
16701
3744
11077
6178
6022
18382
15243
19974
16538
16248
10280
18497
2840
5779
9140
1099
4053
3650
7555
5188
15520
19724
15609
17057
7017
16281
8340
15078
13047
11250
9029
4487
12925
5055
17530
9345
17430
8527
6262
17967
62
7418
13796
10360
5330
14118
16099
9193
8167
7911
6001
4610
12015
3785
19592
5188
13690
18170
1686
13646
9880
9001
7009
626
2282
18070
7972
15702
11745
941
6453
6388
3094
18238
12195
7640
15733
13357
16887
9256
18679
14105
2459
9529
19490
6160
6778
10773
13495
2859
18115
15226
11982
6023
9418
6632
9975
12845
7357
19385
14865
15617
17876
9743
4340
19293
929
11751
7727
15320
10956
13743
5011
11481
4154
2734
6255
5848
7051
19297
9206
18280
4395
9783
17898
6672
13680
16207
230
14120
1296
11548
4346
10740
13785
8235
1352
934
4394
12886
12237
5439
16775
17336
15448
5707
4545
12793
9530
17336
11087
7459
14451
6479
16391
19740
3204
18678
3405
3554
9265
13370
1977
4370
8259
16518
19741
11585
9881
11059
7793
10128
4683
29
4541
15167
18139
19224
15179
8863
17578
11966
11799
9875
16730
4710
6085
15188
7311
17753
10111
7491
1585
1802
5213
2850
19767
10254
11002
4606
17941
6871
13074
19965
14390
7238
3286
19882
6114
17888
12353
12660
11905
10309
2344
953
7613
112
3572
9135
14118
6080
16340
7656
15524
1061
5009
18717
12648
19443
6944
2210
8347
19538
7378
6170
18012
1246
3819
19597
63
18334
6846
3713
6294
17798
13818
1914
1733
12825
8869
12673
10291
5768
4336
8032
3885
17653
11759
18810
6164
13273
6376
7346
9244
8575
18191
5198
7215
10921
13531
14446
14317
3317
7535
3361
15123
17437
18774
17504
6852
10382
4386
10896
9367
12679
13239
15486
7436
1432
8577
951
7688
612
14434
9965
1033
223
16793
2446
10101
5099
13342
2956
19215
1439
10142
6974
7503
6551
4772
18436
19152
17511
14879
11531
5424
4133
10297
3493
7000
11102
17522
7538
6488
3014
15366
3375
6463
18275
6230
10159
4006
7222
11963
12029
7822
3416
8339
12983
7874
9969
19240
7353
3712
7338
6743
14332
13148
16014
2089
19065
15386
10963
17416
10566
15752
11158
3707
2421
16101
17628
9426
17171
13025
17156
81
14771
11217
7179
12504
17563
9926
1320
11525
1058
15713
11826
3041
12562
9653
10039
4726
17484
6484
17546
16497
17871
11720
205
1369
16844
17180
15921
12547
10291
6097
18379
10811
11975
15871
2475
16172
5553
11381
19600
5949
796
1978
1357
3774
6167
10026
18503
2094
15878
15547
2972
699
15081
2558
18741
8037
18242
7674
3910
2031
11999
371
9031
3916
4777
17989
16317
6357
14361
10673
17053
3464
14721
4948
16047
3598
1184
6528
1253
19135
12938
9167
192
10617
6710
7273
13841
19191
19669
4968
12297
14268
18948
19818
12209
3958
2356
8945
2348
2061
5528
10920
4858
18798
1342
19761
11481
2482
13023
14378
9806
10846
19631
12348
13767
15655
1992
3675
16012
13555
8751
8204
9660
9709
4821
18451
12881
14192
18375
12110
18695
12816
2635
9018
3799
10938
3162
10621
9766
12099
6638
12293
10788
18024
10418
2230
7133
1783
11085
7974
10869
19228
8888
6283
6922
6650
11440
4822
2018
11668
9151
4756
17926
4040
3160
14876
13703
11878
19823
5804
786
5166
18935
19359
17201
11250
19819
7080
12592
702
17917
14337
11249
162
17453
14598
18397
8114
15385
18670
9174
8605
8130
3035
19829
4632
7079
8169
9861
8842
3074
19468
17483
11711
12510
8091
5139
2652
8992
4592
13838
19554
11015
3369
10096
8990
7822
5536
15565
14724
13157
1358
10694
4002
9023
14662
6332
2923
14125
16746
13791
6293
16651
12093
8044
9043
7145
10600
19182
5339
1716
868
4993
8210
10346
19032
17695
11886
12266
12075
17454
7226
12681
17646
3916
2300
15239
18407
9144
12892
7881
10874
14480
816
680
362
7705
15101
8268
17567
1466
16001
17542
14502
17618
7656
8284
11017
17682
12050
16201
6180
12785
1844
8139
18230
912
19555
18157
14117
14145
5199
19844
18148
1314
32
12616
6824
17168
9439
18312
9770
8413
5657
12215
13270
17014
5750
1008
11833
7995
7236
4064
1760
19857
7398
16634
4786
12198
16397
18497
18983
6320
12966
14024
17656
15312
5018
8895
6810
7047
13030
2979
2523
9321
6142
8070
10277
13087
125
2234
574
8862
16089
990
15701
15142
9464
6088
17496
6115
11608
4401
2900
11409
17843
11256
4970
10400
18868
16380
10928
6031
12738
10690
3645
8854
4111
11850
2716
4061
16553
15475
4044
827
2741
8067
17861
13767
5422
17339
8068
14442
13674
12442
3403
2428
3848
169
8418
17864
8257
7379
15304
8179
15782
16153
18454
7848
16238
4527
7592
5131
16370
14437
18497
8767
4124
13351
9477
708
19820
17
3571
2634
9706
13454
4269
9776
15884
13437
6353
11070
222
17996
5685
13273
10772
8577
9539
4949
4209
19927
13900
17604
15939
10510
9133
1361
20
14284
6472
857
293
2796
11844
1496
11796
19025
12876
9389
18768
1342
14880
424
15693
9134
5147
7854
16967
10941
11728
16322
14673
12997
14268
5465
6593
18417
7992
19154
11066
5872
8680
7719
220
18547
6761
17586
19677
18226
10613
18131
11448
4685
7106
19798
6619
13461
8836
9781
13872
15576
10888
13243
10909
19040
18429
9767
10600
19417
7312
18340
2058
3489
17307
5473
4505
1914
21
5506
5756
18040
2793
9532
492
7440
6468
5688
106
13324
10745
18184
7178
17696
16635
13782
12650
6713
17600
15011
8289
618
6217
18328
640
9817
731
38
7727
3345
4480
13763
6980
7816
8207
5783
9625
1450
1277
6270
4121
4829
228
15326
17013
6105
1290
17692
15808
11385
9639
12425
17620
19552
19829
13408
17612
6631
4555
19168
5095
18252
17331
8554
9898
8567
3859
5434
7437
16655
16414
15687
4155
6418
14773
4341
18529
4575
1305
13011
4884
1386
16262
4135
9269
2716
10237
12130
2415
5541
6353
4064
6097
11492
18548
15331
2175
12320
5604
17692
18111
14722
6735
13048
17162
16158
18111
1427
13374
3366
17476
7018
6585
1132
3447
2666
3625
14622
1058
17906
7787
18182
17493
12356
17712
11229
18251
11052
3615
13949
3337
4348
10103
19542
12153
5592
19259
17400
19366
4668
14893
13667
17447
11766
15546
8366
905
6489
4574
15035
16588
9504
6355
9462
534
15673
15288
10863
19257
3646
17820
207
5650
5717
11539
15591
5534
302
15987
14133
15281
16363
13728
17190
8300
3285
9597
11140
14463
15685
19979
5051
2916
9046
11930
4461
7291
8782
14245
18825
1952
359
3929
7078
3356
9865
3168
15648
15714
624
4331
4695
17820
19198
2244
15599
10327
15660
1203
12030
16695
5383
14317
2411
8206
19139
18256
120
2304
13005
19001
164
10400
12215
11664
3810
8870
145
6128
9731
9311
2569
14367
7207
3863
4967
10149
8393
12156
1035
4690
14234
660
7318
4416
13538
12018
1950
13982
15562
8896
11486
6790
18145
15383
19482
7061
17188
15507
5700
4206
1489
8869
907
16987
6276
19678
18253
1320
7352
5082
14849
8344
2451
4671
90
5811
1003
15933
10474
13484
7797
3901
10059
4449
8795
15270
10026
193
15372
5958
635
8166
767
4510
4810
15277
2644
2511
58
930
3239
16974
1033
12244
6664
13113
5658
385
9362
4178
19195
417
12458
5897
12594
15246
6968
17174
15945
1368
14408
3364
11039
3988
18747
689
2580
14056
1150
2729
12616
4411
3201
2129
17415
5541
16669
16351
445
2704
2735
13314
3697
12368
7598
17265
9354
12349
7717
5544
14769
10515
11468
16157
9876
3154
7665
12423
15258
1545
6649
13516
17584
10637
11050
13750
4300
3125
6265
14003
15403
6379
1865
181
16144
4177
11375
4962
11575
11870
19258
10427
17785
14294
17260
16966
2604
15990
1054
6961
6425
435
5179
16817
7752
16287
16706
13381
10604
11478
375
1229
5571
11679
6541
3263
40
15761
12420
15340
4189
12968
2436
6960
7532
396
19556
9933
17866
1692
6247
720
3246
17365
16707
5729
1259
19152
8586
17516
10330
17505
10508
6361
11942
6366
11440
4144
14197
12994
18574
4427
2167
12005
321
4884
11053
17451
19495
11754
13175
4144
10572
15950
1163
9727
6503
6455
3275
4301
8969
17448
2166
5353
9382
9391
1908
18553
816
13896
19926
207
6653
9936
11488
14471
3971
8911
9942
4693
442
8661
10371
7809
13718
497
17597
16458
7126
5280
1144
18361
19231
13161
3975
13389
41
10326
11256
5169
17448
14272
6010
14958
5662
3436
9721
15778
18643
1503
17220
12487
6700
13670
3347
12887
19339
19492
9985
11975
72
18601
6822
13427
3381
19684
1872
3624
6181
9703
15972
11513
6676
17545
9480
503
14695
13412
9369
8075
12208
14220
17346
7261
4046
2245
1016
6085
19030
15094
542
6548
17159
13258
18630
7705
5497
12235
16671
18961
2884
8570
9855
19063
17855
6812
12101
16568
4244
7369
9481
19089
5724
15829
13590
16375
1824
10624
2574
10429
539
3711
11788
18053
3859
1267
13493
6166
10860
14925
704
11920
14343
11442
14643
12923
14058
889
10388
3994
6199
5274
5389
8168
6165
19081
15904
4477
3168
6558
12455
4607
16509
3955
9361
9264
4808
13025
6108
8294
4185
4198
4419
374
10482
56
629
4368
331
13360
410
8385
18449
7201
9701
10534
7059
5659
3894
14344
10487
15694
4419
7984
9105
6467
15454
8371
5910
19805
19717
11378
16148
4052
8615
17509
4976
4206
17298
10994
18124
7547
13409
19866
17707
13496
4976
16837
15868
9156
2052
13781
13152
12326
11765
2987
14387
3502
4733
15827
12581
1110
18256
687
658
15952
15337
582
16612
2974
3246
18420
5079
15900
12924
13878
6704
3656
11409
4209
12117
3865
12739
7510
17880
5201
18284
5585
12689
13795
10873
823
2838
19481
15723
11992
5803
9717
4299
12343
3676
12335
18104
3627
6961
11948
17908
16107
6733
18199
3865
9949
9166
9013
16742
19306
17526
5228
9214
17971
14132
12274
5863
2812
3615
15176
11307
12945
12703
6418
10916
13719
6613
3394
13708
9732
4815
14188
11208
18989
17807
2708
13918
5435
13605
8296
9306
5240
15289
12282
6856
2217
17530
18495
6399
584
12846
7971
10533
15744
11051
5824
17463
16815
1194
18305
19414
4479
1460
5700
10326
2656
6124
16201
12619
17696
4089
15900
592
13815
8975
16634
16638
13195
5505
7409
10823
10890
19991
16472
8099
12970
1630
2622
13821
3261
3871
4509
16979
9028
12666
4606
12960
3410
18966
3297
14796
16336
15381
9143
11871
12719
7162
5159
13880
16536
11554
8281
18334
12346
15781
11159
11072
5117
4369
15091
15809
5002
6702
393
17639
9593
11277
14395
14169
7046
2147
10436
11113
11866
11298
15805
10329
18205
11680
11956
12888
9887
16842
491
2449
434
8528
10081
4564
12860
19121
1196
7604
15528
2158
11032
11788
1830
13384
14221
12726
19387
10326
5677
12140
18921
13872
19719
16251
15029
17209
15561
1247
17985
9071
12143
11705
15978
19671
2111
1174
5333
15526
15491
3833
14005
16907
14222
1929
453
14597
15040
5166
6779
6815
737
13599
5059
9142
9328
18824
10993
10368
15300
11009
12241
3903
16294
807
10918
8824
10685
6051
6364
9597
17832
1131
5729
18456
2140
18928
15760
11040
19058
8439
19090
6312
19159
6477
2362
14096
15700
9959
15030
4395
16159
14125
3992
1448
9830
7111
16453
7892
9958
16198
18529
12610
17428
901
8550
695
5943
11454
13025
8039
10882
12784
11641
12283
4884
10457
17155
18214
17809
5366
17172
7331
1061
9848
9113
7862
5323
1586
3216
13753
5474
1837
3576
6630
17032
12324
19291
7515
19611
2940
13633
6478
11119
11320
10164
6861
4714
8049
17211
14049
6428
19197
18216
14514
6488
19369
3930
13941
11090
2756
4874
2354
9663
3569
17575
1631
13653
14042
2094
13568
16333
10940
11107
766
14715
2106
13702
11500
8946
15461
3176
6520
18232
7923
17649
18883
2099
7510
17372
10056
6836
9246
5952
6991
16162
1961
13661
4959
6833
10038
15768
8649
999
1098
10347
4432
10537
18848
15968
15085
19038
14906
13745
6415
18970
9328
15268
11266
12249
2905
7945
3194
13451
2555
12651
11427
936
3829
14732
5141
10083
19570
1386
7728
17811
5132
9870
15293
7185
5621
8904
18345
5387
3430
2943
590
15536
13331
16188
14518
14894
16349
13356
10454
28
19639
17027
6207
13565
3672
17208
4424
5998
16852
3313
1708
15091
8222
997
1783
1947
13797
1461
14512
3163
6274
11492
3593
376
11568
5294
10327
19624
6862
17235
8758
7203
627
18028
11808
14290
6910
16497
19221
14105
17664
12569
5468
17708
117
1744
4023
3426
7745
11347
14827
8501
15218
2374
16185
6358
5471
16424
16378
16472
12902
5041
17602
15057
5029
1358
15744
2932
12356
19626
16392
1180
1505
15435
6218
3024
16761
9721
7214
9804
5443
7925
16426
14256
10124
17431
6990
9856
3408
9156
14533
10939
3153
13194
8611
16834
4217
15443
18692
2395
6122
7704
5328
5777
19974
16030
12595
1464
1575
12461
7975
15525
6299
10847
2067
7871
10710
3457
18043
12676
578
14251
17945
8153
3767
5671
16627
6985
11950
14859
16738
1980
18685
14286
18977
15574
13169
6816
15948
14783
11978
16262
15595
12959
3014
18180
11799
14818
11969
11634
19528
14253
5196
7128
18013
17738
11904
14528
8124
8080
18729
4287
997
3499
8290
8361
5420
8170
1149
3023
18957
8087
13301
17679
5307
13182
10400
10527
1616
12621
18159
5178
1716
11065
10997
12891
7780
7369
16135
14065
4889
12094
17404
9160
1095
6252
8788
19132
18101
2308
1990
2844
9304
9127
19887
15485
17155
7680
9723
18644
7499
2086
12245
5094
6467
841
19207
2560
2246
3006
16534
14435
6157
8008
7774
10154
14949
10981
10466
6566
18916
2296
17287
4056
6420
15098
7168
6137
19168
3139
9098
3837
3044
13736
5902
6250
5802
12572
14718
12142
2362
13123
18201
597
12266
6858
587
8685
3389
17843
3185
2311
11397
8362
14364
3679
13477
6874
18065
14051
16674
11856
14086
13917
1881
10836
16270
15787
10052
15104
12599
14263
10148
6254
17385
1531
2969
18166
3143
680
4900
6437
16
17696
17927
6374
8415
15465
3807
7886
14059
6070
18783
6325
437
17616
16462
7344
4352
15828
1729
13200
662
12129
5921
186
2848
12896
3077
5512
9757
12580
8142
17544
1104
5993
6327
12127
14819
3800
13687
1390
12165
16329
9979
5861
9654
6987
5050
17008
2925
5768
4493
3864
14122
14231
1630
18349
14091
6245
8045
2609
14114
10344
15388
9275
10404
8173
12723
3193
18350
2101
7928
4950
12438
5554
3112
11267
12349
8923
10426
11246
14226
18550
6828
3919
4366
14791
19649
4478
5507
2374
3967
7451
7493
8239
5433
6238
2538
12400
10850
7026
12482
17587
10258
11132
18781
10513
10272
6636
2793
15075
2121
11419
3216
17128
17737
5228
18130
17290
9641
2341
10468
9484
18551
19048
11857
3520
19250
16028
2596
10734
4163
14546
5374
4627
12644
7241
3501
17139
4038
10441
16130
3006
6257
13648
816
18834
5437
722
19399
11844
11090
10253
17723
1189
4362
2883
1093
18643
14434
3471
9566
16435
11365
6421
7309
19185
15856
19973
18808
14637
12245
3733
4953
13038
5491
4386
5223
3887
11540
11570
13901
5983
19410
5353
8893
6527
17029
16024
1344
4550
3662
225
6938
13683
7034
17142
9397
3400
10781
16571
18458
10162
1114
4349
4083
17412
10513
19659
3746
2869
17401
14012
17008
14665
9303
3857
17186
10009
9158
15557
897
154
105
3655
579
19294
9904
16302
7825
11643
18460
622
329
4506
6020
19232
11769
16132
15039
16355
16070
3165
674
5030
18420
2158
5641
13582
16692
14895
13737
13416
3520
8519
6573
9213
12670
12710
6202
4350
10819
280
4328
3106
3865
3469
2179
3623
5353
4706
9544
5600
10315
16935
13628
19894
16037
11674
9176
8490
764
9170
13887
490
9883
3687
7693
16447
5830
13135
6364
9672
9529
3811
12565
1176
1639
5046
3489
18856
12175
1140
13507
13965
18262
13259
16907
19872
12970
19183
12232
9615
2649
18115
2719
1643
19649
5562
8896
18273
18063
9042
6179
18358
1980
18147
8911
15852
2240
15420
2145
17720
2
7547
18942
5987
1081
17424
4958
2488
5331
4074
339
9487
8760
1231
12223
1826
9119
6733
11707
6720
15806
5535
19799
19694
18185
7818
3283
15235
11310
1479
665
3016
12407
15445
18394
16176
12892
16664
5885
17052
3176
15300
13122
18335
5537
17274
10694
11759
14559
14206
4030
8239
6729
9362
14653
13894
11977
10730
4485
481
5485
18632
11674
11220
15120
16008
7697
3175
14033
1846
8714
11466
8502
16477
17889
14352
8259
8912
1214
11664
13173
12027
19445
12053
19857
11778
4476
12763
17389
3806
11520
12340
16110
2226
8466
13627
13789
2659
9672
1511
11471
13317
15307
6678
3867
18052
10550
13607
10413
1874
19324
2744
13454
538
12231
13327
2394
10309
8369
15073
19890
17482
15140
15851
6337
3744
3536
7611
17419
15280
19037
19611
5175
13238
17790
18853
13738
9136
15108
13733
6171
11197
18841
18935
9031
4440
19859
2971
3358
11654
12714
19111
12534
16716
8173
2843
4295
14372
13643
2333
7076
2867
11572
14699
1134
17947
6151
11698
13330
8913
7699
4845
5135
11045
6991
6489
12988
10570
6312
6263
11923
12455
13048
2362
16345
14604
8761
19233
10260
17383
14676
10561
12688
10554
3708
7383
13578
3010
6577
17637
19537
1328
3246
8126
6181
6049
3115
5127
19372
4096
19962
7802
748
6961
16091
2129
15140
5743
9348
16316
19694
2561
15658
14869
16548
17602
4637
8394
12587
12461
14631
4678
6320
633
7194
1103
8805
12509
4337
19519
9367
17964
11334
17943
937
12269
18608
8282
6336
3236
10447
11476
8217
9986
5637
17450
19390
14570
12950
8274
6856
4671
8807
3128
1900
14240
6978
370
18919
5996
2853
13441
15870
14153
9604
1051
10073
11464
16032
3367
15237
15530
4331
17890
3437
13755
1664
330
5514
13395
18651
9996
18438
18047
8994
8662
16766
13239
11717
8606
14363
15304
13327
12995
9673
15037
18348
18133
4858
986
16058
4440
2191
10610
17295
10585
19862
4463
4920
2506
4311
17936
14660
3538
13673
1125
18814
17101
9891
18144
11742
13494
11860
14534
15640
1862
12860
7761
10887
7851
4602
3858
19388
8564
18782
16063
4161
705
14381
17629
3338
12735
5222
18671
12048
8691
6019
7906
5851
15539
2892
18717
8445
31
19105
9908
19039
13813
17054
19522
16132
17279
8470
13102
1075
530
14689
17129
15278
18457
13776
10998
8307
18485
6228
3809
12795
12464
5109
13681
1311
1336
17466
18864
10135
19699
3410
18940
13352
6334
16432
13189
9923
8697
16093
16771
18341
9048
12744
17050
9446
6182
233
11645
12579
3123
10044
14714
14364
4548
18443
1780
2765
13473
7909
12375
18793
1596
10741
9922
2611
8718
12360
15359
3206
19263
248
768
1128
7301
11842
9819
19737
16559
19058
14919
11067
11312
1818
9987
4535
3036
90
19094
12967
8794
13606
11431
7120
3406
981
17548
9090
9539
14822
12083
11101
18932
14582
17097
17597
15120
3505
843
629
3582
5258
16076
5052
13651
937
16947
19615
1620
6199
17356
13445
8837
8340
13640
4505
17894
14195
16812
16242
18974
6141
13440
18672
19130
2878
7017
2949
2427
17431
92
3587
18647
12146
14708
12492
10030
4917
10387
14119
5888
9810
10193
15530
6895
18875
2286
15971
19540
3014
5210
5995
3622
15090
8351
9714
5358
6405
8964
287
16845
7815
6212
8985
9588
10759
19454
7795
9287
8351
2488
18042
13454
15557
13217
3469
7152
1231
12014
903
5451
16443
9775
8459
15686
5759
3769
10268
6590
6412
19811
17888
4125
11692
3421
7870
4729
5566
1482
13432
19912
2308
8834
14250
10720
6100
7515
15755
19684
15301
9743
17076
11656
6317
19330
17029
7749
4644
9266
14511
16566
5222
13552
1379
13517
16429
18233
16253
13471
11027
18840
3230
13207
19360
3494
8481
4434
16342
13890
1829
3763
15500
11543
6809
12914
14230
16485
3426
14325
747
2611
10978
5197
3464
8668
771
8174
16774
12441
13736
151
1796
1273
19676
7468
12575
11374
5224
3609
9740
15908
4186
9300
1946
16618
15769
15776
12658
14716
9779
7461
4187
3944
2924
15592
5524
14109
6042
2671
8380
17951
15979
11815
12223
19391
12800
5999
3921
12458
15606
14772
8335
13365
7815
5594
241
10505
12158
3860
11542
14228
18955
4560
18640
8562
3262
580
18527
18780
7948
3699
6708
13280
5024
15017
4686
980
8539
17569
1398
13975
4826
11784
14179
10272
5168
12915
11035
17476
10140
14117
19393
17933
10590
13222
13659
3333
6538
7596
311
12523
11643
19617
1797
10692
7877
7711
12364
6847
9740
15722
1551
15100
10867
12227
19724
16370
9634
115
5505
1751
17048
12920
17265
15968
8030
267
13202
16054
14912
14935
7585
17048
2996
16570
6414
4700
16927
168
17283
8302
127
7806
6870
8573
19010
14133
1277
14601
10156
10947
19506
12072
6784
2209
17085
16151
14326
6862
16559
14786
13708
14861
413
18959
4202
3433
12252
18912
9201
9574
16198
1891
16024
1027
18152
18991
10512
11033
5647
9985
4036
18174
3688
2170
13922
19569
13596
4329
12362
1571
19348
5786
8450
7033
4808
13621
10683
9284
7091
13729
17495
584
2583
5389
13174
18529
13262
981
17491
954
7461
8485
6205
6620
5385
4452
16510
12937
18396
12918
14786
1267
11906
19032
12443
5774
1875
16099
4736
2999
11404
11163
10977
16437
10489
19355
14478
18046
6691
3257
14558
13427
962
12980
7147
587
3195
8631
8006
13415
17443
1905
13769
403
4491
13615
18626
8270
8300
1296
12938
11551
4041
16690
8658
18330
8143
11018
14798
13392
1825
13801
7734
10331
17589
18376
6628
5225
7516
11947
13010
4295
6017
6153
13643
10549
5927
16476
8651
5745
19032
4270
4249
7886
18491
5293
14257
15787
8592
4501
2683
3438
94
12380
18032
467
7346
4610
8389
11587
1769
14883
13460
14733
835
2598
16891
233
18992
17852
12291
9950
15468
9727
2179
16745
7902
19114
17137
14103
18749
4212
12985
6801
13499
7263
6800
3183
4504
11143
14925
5564
7944
14911
8898
8804
2318
11334
17421
3086
3871
16202
102
6577
13328
13964
12374
18461
13697
16872
3500
8380
5313
5053
16123
17395
3219
3046
5730
3919
3057
1023
19805
16970
13676
17057
12370
4339
15367
9789
3033
3324
11748
2994
690
1336
14016
15817
13778
10362
3832
10401
5196
18656
1974
16029
2151
3424
2345
1039
2919
86
13004
9118
7844
11986
3860
15428
15010
3060
2669
2513
10668
4068
5122
4047
2613
9567
17365
1506
8544
17180
19322
18499
74
14495
10038
10239
10801
16160
15399
14692
4919
2253
14851
19740
8259
3418
10116
10818
1955
12422
15566
648
10917
12751
4714
56
8563
15419
7498
10352
18135
3285
19244
4746
4901
9620
14098
19932
5001
6070
3771
13475
5441
18088
7678
9150
11020
5051
13993
10383
18447
13418
10795
18595
19049
6532
5397
9055
6936
8676
5205
18622
18537
18947
18735
11877
11281
16151
8732
5275
6350
4351
18737
3409
3170
19972
3029
5828
370
15034
11762
15985
1412
8161
16438
7829
15395
14034
12473
2073
19499
12580
18865
17084
8399
11139
17650
59
12434
18198
4699
13986
19157
4837
475
9141
3887
7921
4574
3049
7407
19731
14886
1570
7094
17022
18553
245
16178
11645
19292
3029
11508
8058
6075
3086
1842
15408
18916
8267
7955
19113
14707
8569
16385
11067
13262
11313
19936
15054
3633
14247
4001
11107
1217
18494
10133
11012
7805
17365
189
1191
15202
6342
19416
17110
1812
11229
16123
18021
13806
18501
9782
15956
10895
14961
8815
2566
12468
8097
14066
9761
4772
10152
13960
1667
9763
2071
4223
17331
18807
18141
18156
17061
8741
10775
6669
16499
19420
11657
5092
17763
2892
12396
12626
18514
10770
6050
4221
5779
15489
8280
18604
9087
18694
16930
17322
13373
14740
19494
3284
2829
7994
5458
14026
13822
599
9397
6883
15054
14993
17397
9903
2293
13660
1783
19933
8763
2360
19587
3272
971
13510
7424
7495
14965
6661
10155
16406
10574
1588
14733
4508
3416
7265
125
15229
5004
17342
19181
14107
18979
9792
4613
738
17430
18756
2864
6508
14199
9036
2964
1995
14127
16714
3092
9561
2400
1638
18677
5431
10253
5331
15178
11336
18838
7668
11141
10694
15853
437
15081
7022
11462
13963
3131
16643
4044
17134
16369
5291
6231
294
9200
8360
15861
18255
3848
10890
12806
11254
272
1587
9180
13693
8429
11876
2787
16350
10298
315
16347
6229
7093
813
7062
4595
19856
5866
10048
7737
11132
11442
2299
2632
4088
9910
2252
13988
5571
6785
12979
508
1459
2371
1492
11493
14305
5491
18046
13561
9779
14345
12417
14533
9961
17762
9449
8053
17907
17908
7830
9646
17870
8264
6995
4977
13043
16102
1150
15445
10469
15701
15872
3752
9820
18475
5755
5097
16201
5407
15676
11560
15525
794
19999
6537
1519
14445
13360
3255
2542
2548
14321
16903
18626
6131
204
16611
3200
18030
16140
3059
6618
1119
7159
1557
5692
8131
6755
9975
8926
19389
17188
11932
15332
3536
14374
7658
16502
16164
3732
10117
1360
11226
12182
19460
18517
13943
10170
5257
8969
2597
15592
146
18377
2508
9504
7142
2570
16697
5405
14635
17860
9800
17538
364
15367
7183
10412
1455
7744
10409
2032
16626
1644
15498
11408
5268
13976
1347
15354
678
4732
6436
207
7891
3780
10855
1800
12259
14328
2945
541
15808
19360
12873
6805
13397
18464
18231
447
10931
7828
4884
5836
11852
6124
19511
4552
8592
16221
14773
19333
18271
8986
13415
15460
14026
19087
416
4075
93
15951
19857
10420
15551
12705
3110
14784
16117
12420
3934
15689
6695
15252
7711
7187
10205
18218
16569
4888
12615
14580
19816
17623
1866
12174
13002
16119
3090
11622
10114
15781
17252
17911
830
684
17887
1768
3757
443
11943
16733
4836
3421
4650
7588
16768
8401
15190
18900
10160
16561
14861
14845
15527
19609
1826
4660
6350
11791
6002
3087
5771
17090
5698
688
11898
17655
4139
10683
11480
4879
13619
2794
17857
6750
13659
4238
19501
10078
14144
2637
13231
11030
12814
6461
11401
9029
7643
16024
13698
13521
2542
16936
6417
3528
8423
15770
6334
7317
8256
17020
12254
6670
345
14694
10006
6744
2470
19470
4949
11494
6057
8262
9147
1574
7713
8335
16556
8947
12453
14067
11184
7524
18359
7601
12963
13551
947
6408
6310
19359
17878
2466
7358
12258
16100
12824
7263
15031
18907
3407
16543
16518
13319
14757
14188
13447
825
19862
15941
6282
17628
7415
10361
2709
11672
5097
8320
7692
14302
14964
7038
13466
13377
1517
1890
9176
11664
1050
12549
18969
5999
14930
15904
6629
15797
16863
2975
11426
19423
16268
7503
15847
13563
6795
4288
16951
7377
3681
10986
8376
15943
7484
11772
263
8660
280
7840
17433
7471
11025
3174
2295
16660
17543
16067
15567
16485
3257
16810
10884
10930
9381
7606
12015
12404
11045
6830
16257
17933
13826
5106
639
13659
1449
15924
16917
4335
5281
17872
10668
255
13962
10030
4347
12233
16711
4170
13929
1341
17523
1506
19909
19086
13130
17312
7838
14730
17393
5325
10982
15960
18759
7672
808
9380
149
7075
10920
6445
622
13308
16456
3991
19340
17044
11777
16352
9737
13176
19893
16568
9582
12001
27
11657
17218
7806
7426
4617
4328
763
17951
4827
17930
8544
10657
15145
17285
8777
3669
3071
11129
9515
6746
2419
18270
2415
370
13630
11701
17019
4158
8807
12051
8510
4318
961
11537
18739
8971
1557
6059
16892
14813
18385
9751
15675
2890
5592
11606
9662
7927
4107
4505
16602
5154
4018
7858
16212
13268
8326
18260
1586
7363
19537
8719
4511
12018
3779
3104
12161
5092
14344
3718
12655
15205
17566
16964
14072
2593
2136
9808
1976
9443
761
9
16765
10181
15634
16600
17231
1526
1525
19136
6460
1981
18453
14475
8596
15829
12471
14104
4323
18816
2546
1910
1441
960
17995
16837
4901
8731
19097
12903
13955
11187
2336
18039
7865
4073
16185
5270
18359
8747
16297
3180
4709
17144
5252
8851
1814
11146
7773
12518
1039
4627
4889
4597
19322
5597
6128
16554
14165
17391
10167
6992
17
4522
10027
3940
6237
11148
6585
203
10139
5895
12216
14289
14329
18896
14369
12673
14867
6261
16933
3804
10010
604
11751
8924
13553
3071
19296
10218
9327
2613
15185
14519
1057
19906
7443
8836
8340
10884
12069
6545
7687
8413
4157
15213
6688
19115
15916
1311
8836
11126
18796
8603
16681
15750
16235
4425
1789
8311
19604
8850
19699
15876
19572
10682
12962
19475
4661
14654
9828
4235
8573
14839
8392
8026
10141
9442
11721
8644
17328
5595
8482
15802
9759
11430
4113
15628
10957
16109
4743
16180
15271
2075
13065
4620
7464
15045
10150
14786
14885
5193
2694
4719
1440
13311
10347
12703
4684
15672
1129
2723
9309
8757
19777
18997
7244
5383
1008
4609
8036
6143
19496
13642
2943
6029
5148
17869
4642
12448
4048
19367
13511
9665
9773
11181
8244
18059
1048
8916
2938
3736
17709
11816
14751
14465
19787
2564
2052
13298
6333
8106
19901
11302
3920
2063
9196
14437
6430
15890
17469
12805
14606
811
3867
1049
17381
19711
3355
12375
15314
928
1569
18733
526
18533
199
12922
19003
12358
19899
10302
3483
11868
10105
15727
16924
10690
5489
7250
3739
14637
1674
9492
2871
11384
13338
7057
12093
10600
16161
450
385
17649
17076
9947
12764
13197
10589
19406
5940
5210
7716
18705
3270
17624
10008
14471
2311
9503
14770
17252
12858
7174
14079
8907
7675
16174
18283
2542
3533
19248
11903
5342
18593
7977
1910
6666
3348
2640
6342
8614
11468
270
4983
5489
3729
17396
10908
18891
7290
19234
10053
6201
9072
9466
13691
4626
6689
5771
2007
1248
8408
1179
17443
8093
4796
8464
3483
8971
8582
3960
15891
11646
13478
8740
2754
9938
14208
4752
11647
5408
4991
3872
13504
6887
1964
4447
17344
15262
9689
12530
7148
9787
5589
10017
15761
17725
18742
10691
9925
19887
1832
10114
12110
11113
9268
19159
4190
3760
7136
15636
13248
14242
17624
3667
273
18778
3973
17875
5245
13000
12356
17399
10052
374
19060
13888
4827
187
9946
15437
2615
1727
377
8860
1296
653
1240
16003
250
3492
16394
12296
1433
9177
5
11925
9656
16618
5075
6192
14620
4450
4142
7497
8928
320
15756
4845
6819
1363
19567
15296
7833
6712
4036
7146
13762
1923
7458
18836
11806
1702
2291
8241
480
15289
14704
13303
1234
6845
2184
10138
7376
4232
3735
3492
6487
16177
7690
18506
10334
9974
5845
1067
2236
14136
19341
7115
5585
14989
15255
4518
10662
17444
14644
9701
6048
18607
18561
11275
4394
6838
5898
17958
5408
8115
7989
6181
11380
11473
10160
1247
9592
17499
1944
2831
3967
10128
16298
19857
19952
19612
19764
6296
6507
5068
13117
1212
3333
7643
15610
4474
13453
14935
11899
1046
11689
14599
6839
5838
13339
8583
19874
11053
6888
4773
7603
15996
19834
16578
3840
4485
5603
3095
10090
6089
19470
12526
4002
17357
139
2029
14503
19273
18211
15479
5083
17767
1156
7315
6335
14464
10894
3593
7900
1688
12955
95
2361
11109
2761
14749
12577
10081
9263
6292
6597
5617
7658
13573
4200
9998
5001
11190
1406
13032
12780
15494
3599
15540
3214
10381
15901
1823
15002
16726
120
12729
10297
8686
13921
19999
13612
24
3952
12180
16514
9279
9838
13820
1896
4856
13143
1545
8985
7683
5602
17128
12917
4071
4773
16801
11986
8541
2604
18776
19603
7422
10228
10713
5074
14625
12993
17208
5632
3576
14431
7984
16879
18136
19731
7759
3370
1646
9348
9209
14142
15190
631
4007
715
5615
13003
2200
19828
13267
7003
10022
15075
14015
1125
3383
14184
9026
7698
12962
10098
5859
4780
3597
12664
6338
4404
3502
3885
12099
5823
17546
6393
12190
6011
175
4418
17333
16349
3400
349
19591
17701
14492
13032
12974
1266
12101
11555
17532
6952
18607
336
17304
16820
16149
7987
8738
14923
8466
9540
15943
17180
6898
7320
3777
8695
2300
7178
19216
3324
12979
3701
18061
3548
4533
17435
15389
8498
14667
8005
6751
10362
9753
4649
4043
3146
15513
10981
7563
5526
4162
13082
2552
2885
2857
9932
9891
12627
4149
1771
4581
10171
16132
11767
4411
7675
19666
11589
1812
5905
14654
19767
4971
13457
18209
14336
8705
13580
1786
510
17361
10458
7312
14101
7292
6782
3178
7790
4625
9157
3671
6730
2950
5044
2637
11653
13228
4527
18175
4384
10222
14774
19988
11295
18072
7875
11333
4778
9162
5566
5690
15410
6498
18522
17379
18346
18068
14470
7449
14296
3355
12383
11472
8476
1236
18005
17142
8640
19591
7251
5347
9675
9946
1963
5062
9293
11245
9104
1451
7905
18370
5268
10735
1578
14426
19660
915
7696
19790
8471
8458
17436
12629
9151
19780
11753
13999
838
5856
13836
17659
6801
19015
12242
19212
1695
7412
10361
18704
2144
9659
1769
7141
9219
10464
5613
3387
7849
16904
8688
6564
13721
5000
11596
1919
18448
8252
16916
5516
8971
3504
3550
15489
6377
4003
11472
15873
16964
2519
10316
3332
17549
13962
9472
16199
4447
11980
18903
19573
12839
1341
17514
1813
18704
12834
19668
15598
8607
13224
5660
3489
11371
8245
11100
6278
5178
10972
5713
18414
4910
1845
12499
3613
19084
3538
11954
11650
8996
16122
10500
5737
4031
7860
15455
5542
12435
19815
12931
9626
536
1144
6147
1691
14365
18186
19645
12090
1797
15169
1271
19618
16741
10016
4782
699
5900
19023
10520
12943
18660
935
13944
2771
17578
18738
11167
1193
4999
15324
16653
8467
17377
16793
11026
10008
12049
17306
15299
3434
17595
14060
11663
3137
477
8638
6767
13049
5172
13761
14596
6525
14427
11677
9462
8638
2068
16971
2513
16426
15741
7785
7864
452
6991
12835
9956
7210
3649
11485
12946
10675
7746
3969
5153
950
14236
17927
5649
6389
15405
11741
14850
4604
13998
2278
15722
2977
13479
3348
17387
11166
16852
15353
16904
3931
4925
9053
2284
16940
12009
13283
14833
1076
5386
711
11288
3835
10380
7891
17573
178
12178
9077
10851
17567
9830
16331
3614
18715
5504
8162
7767
18509
648
10199
9471
6392
127
10190
14547
3179
11184
19947
18675
11541
6575
7213
5443
8537
5069
11910
4313
15744
9407
8603
6054
12295
12636
11300
1025
5434
12463
15867
12800
3463
309
3239
9822
5312
16246
3460
2790
18193
6715
12121
10919
7110
18071
1931
4758
12296
6760
12635
18144
451
4977
19593
15771
1039
9760
3799
13649
7186
18027
15823
9381
11789
7133
11272
3518
9671
7622
15562
9572
10218
3883
14087
14928
10305
3339
3250
16721
10103
14207
18732
3316
18990
14661
3241
12182
15396
15066
12452
18232
830
2367
11804
9368
14217
11100
11781
3226
13548
16692
13636
5767
17830
10068
18783
6338
5327
5735
1607
6195
412
13696
9916
13037
1703
15455
9943
7423
9724
9299
4967
4124
2189
4326
16846
17850
11757
19346
14253
11508
17947
11315
10853
10509
8094
15814
18363
6360
8367
14251
14861
14535
7435
872
1661
12428
19304
10112
153
1203
10804
14853
16220
6784
10800
12955
6717
12575
1652
4517
1502
18231
9974
2908
4153
17468
8810
16137
14654
6416
19027
11274
18210
19568
3895
14488
1689
14073
119
18649
2150
9509
12708
7180
11360
4268
1069
19281
396
1534
17515
2397
12412
112
16441
10734
810
10624
14330
12585
6997
12843
3659
19754
8585
17157
8299
8154
246
13058
5917
8345
8005
16009
4870
3593
5932
927
17551
1187
19856
7110
5212
358
9426
19029
12846
14416
5979
17699
16444
8927
7976
8274
1796
8213
16344
10576
19157
17293
18669
9953
15786
5791
7614
13234
2872
10140
3651
10515
11421
1463
1184
3790
7041
17026
18693
9845
10916
4110
13747
2090
3606
5714
4278
16037
4499
3931
15022
11829
17194
5024
4197
1115
11512
9055
6955
19476
19547
936
11594
18846
19957
16828
18619
3975
19718
9267
3200
7483
14190
12088
6901
4028
7195
14871
7186
17517
1682
2497
4655
14386
4268
454
19654
1372
5860
2257
12817
8399
4147
7518
15740
18206
17932
11868
2470
8584
14658
16568
10894
7654
18213
18540
5443
15795
11676
206
8966
15467
16001
12927
15849
4066
17752
8075
12702
9901
11431
13604
18758
17414
11598
10243
5339
19977
13392
9694
3078
16587
13131
16166
6266
11948
7776
18458
14232
11928
16359
5908
7330
13674
17609
9608
15840
8689
9426
5416
6839
19071
1671
10256
10364
5408
10031
9267
17358
5421
6453
5970
12777
3397
1213
18123
7001
2469
11949
8735
13253
3340
13576
17002
16802
318
9779
15415
3119
8418
14060
8274
15817
3058
16951
17384
5159
9635
5074
15609
7077
19460
14696
19033
8593
5623
17843
14427
11893
4464
3819
10001
16749
416
10017
14226
5335
8383
6061
18309
6890
8671
4581
8863
9369
15516
11571
705
9537
17612
12887
5046
16615
5753
4527
3554
12120
18155
16494
7145
18560
9883
360
6767
11518
16184
19522
3058
7764
16127
14924
16936
10450
9502
13918
7889
9587
5501
3648
11023
14630
10979
18932
19851
9455
10660
3677
17997
2754
11418
8081
7430
11430
10000
19398
16016
9408
9460
6768
7825
11990
10100
6599
14076
17353
2080
16701
15669
931
18775
8677
8812
9513
6805
11727
1681
11792
3917
6478
15962
14615
1734
13685
6966
4692
12720
2653
1270
3995
705
18105
19062
11934
7606
5611
11693
10504
7248
14662
4966
15163
14896
17463
1413
3288
17691
1791
12135
19654
13599
5195
16829
8670
15635
15749
19288
5791
11180
18774
15393
6804
13779
85
12144
16203
709
11345
11681
1577
8268
16738
18356
4193
19085
15885
16855
214
6940
11344
12650
6903
4679
8569
15376
4403
9872
1664
1647
15674
5318
15583
5164
15092
6049
18786
17198
422
3356
2072
9662
1273
15383
333
15634
16503
17060
10756
129
17412
19681
6074
495
13011
12007
3761
16082
13303
16792
10789
19914
14666
19919
3661
5115
6183
5996
2596
10552
17559
5294
525
15838
3427
8113
18673
7159
11778
18990
4005
8506
8217
1705
6909
3703
10345
9149
18993
2153
1186
7147
5856
18280
17355
19918
19811
5900
18351
7444
1639
2428
4423
8007
16535
1284
4409
2959
17524
10106
18455
14279
54
10636
19539
12860
16134
4799
19436
17670
12783
8025
19490
10093
17241
19468
6752
4564
1245
10667
13101
14200
10118
3694
15515
4934
10880
16130
18876
1448
13405
13209
8109
4114
1287
13692
16548
243
4467
1718
18623
17765
98
19269
1722
1547
18117
4947
2102
18711
15616
12884
19614
8587
10168
15458
11797
17066
14879
1699
17685
4832
10679
4310
9293
13761
8398
10654
17501
17702
10002
19876
5068
17535
12900
8279
7537
3852
9815
9721
11467
16712
17690
11909
6189
14304
6682
4656
3475
12512
105
6693
1905
16521
3980
11907
12395
13585
9395
2897
5525
10946
287
15525
17875
3634
16095
17534
4326
758
3738
18477
14229
8811
17643
8449
18820
19655
6412
6420
7161
8227
18859
12109
4469
6976
6150
1957
17455
11343
12618
15544
1317
1728
12874
12845
8876
10289
5221
4513
15091
494
11386
7049
13330
12560
10348
13130
9848
15252
12796
12026
16999
3205
4729
396
14252
9219
6927
9269
11929
9711
11361
432
12345
19358
11336
13589
7823
9431
16000
15969
442
8775
8584
7379
7750
6910
13118
5461
2260
16572
17134
8387
2095
7261
18404
3474
9160
13491
10036
3245
12574
15280
13395
13935
15835
19206
14273
11488
12330
2277
9373
6798
17958
7533
5255
12223
1741
13077
15561
3462
11537
15162
3173
18922
1778
15221
4850
15444
10374
4309
16891
12426
6801
17680
15561
18016
16257
1641
13080
1374
1967
7021
12255
6402
16139
3720
11339
284
7989
2618
13886
15002
7920
17943
6804
6589
8211
5989
15874
12038
1838
2516
11203
11011
10200
18171
7768
101
1500
5002
13274
9915
18701
16293
18659
18040
16012
11358
1589
11636
2284
14847
6441
524
5115
5246
11028
4665
11720
19743
2731
9106
19894
8079
18840
17710
2790
17889
11725
5332
6296
10008
15925
2260
11216
10422
8181
13266
5238
16200
13246
19107
7259
10299
16350
14182
9521
1855
7019
18373
5735
19636
1423
12277
18006
18017
7150
9185
13995
13111
14957
9539
10432
16954
12668
15450
19430
11665
1231
5359
1549
16067
18653
6104
14055
7918
6155
12326
8446
1434
8529
13149
653
9086
15497
5114
10033
7455
17486
10101
19494
14400
16602
17419
6159
4921
1968
6257
8308
5564
5128
12979
11060
8354
13599
19982
6691
6619
6741
2661
8729
18415
17862
5398
8154
17893
4179
12555
4124
21
12602
5599
19316
18523
9790
12993
1898
15234
8056
16478
2301
15307
16739
18394
6216
15557
19731
6968
17055
12512
14260
16411
4026
14299
1377
1032
11900
15463
11767
16068
1158
13303
9301
3281
1236
10748
17330
1687
17856
138
15883
12455
11483
5034
10284
11327
10620
2663
9191
3247
5718
18826
12741
9066
7900
4037
17543
3552
16025
18397
17783
3816
17766
8713
2615
10175
4838
10560
5524
16809
5899
11044
8132
9363
1212
15111
7109
15016
6781
8114
2505
4920
17718
17043
2921
4335
14503
1599
15459
787
18199
8855
4524
7582
7266
4219
13105
8343
6479
17033
8964
19079
13162
5470
1436
5372
19471
8377
13727
10979
1303
7331
19167
13181
17846
2132
2550
8538
7492
8792
2917
18566
8956
11156
19973
3315
6203
7896
14089
19303
19536
17461
19312
5202
2862
4679
1522
19983
4073
14707
17141
15138
19599
15248
11975
17052
7853
12037
11363
9310
8052
14439
15946
8576
11808
3294
13647
19629
3353
10465
16104
572
3748
14407
7295
7556
8567
12021
1410
4841
1828
2586
2436
14037
9707
10932
18446
13879
1207
1474
1535
3445
11405
19452
987
5925
143
11935
19606
7625
3060
1603
9055
1302
12613
7514
15602
5108
16179
18201
5023
16366
16572
4027
7989
200
12373
15416
17870
3951
552
4713
3165
8455
4155
1988
16690
7772
5679
14735
13962
3007
12525
9545
8651
1133
8430
10672
3046
2452
1281
12439
19948
7953
909
5560
16659
10825
9605
533
12972
17209
13798
7800
17071
6983
6291
16871
3882
8929
4298
9824
3074
9713
19291
6027
15666
3781
8843
4776
6179
8604
9103
7175
9281
10503
16447
12241
15549
16689
12404
19100
10277
1550
15261
14200
16395
5653
4886
1933
2291
5061
17734
16234
5895
1506
17715
6110
12386
10095
6907
9330
11104
10295
6827
3015
3334
4223
18397
1238
19455
6405
4721
2004
15338
1880
9245
7478
1427
18141
12777
13777
16307
4178
4127
11067
11248
12624
492
679
6242
16853
5944
17454
10389
1807
5454
17445
8690
607
3262
18951
3099
7431
10230
6895
4109
15486
3607
3554
11180
1014
16924
13410
5398
12619
16679
8986
14689
77
16194
3767
18125
10506
11315
19087
18688
10723
4597
4897
19929
16148
4556
3570
646
2257
11353
7389
19137
18
436
19173
18360
2937
12399
2598
12069
10249
11296
11336
4140
13159
2218
8723
19285
484
10366
764
17312
14441
10344
6009
15642
1769
18632
12992
13582
2605
12998
17410
1853
6370
14077
1231
5603
6600
4008
4258
10284
10194
13817
19907
16931
13352
2409
305
11333
12810
9753
13183
7158
988
3532
9460
13678
18463
3000
8249
19322
7988
67
11566
8926
6071
17363
1869
8271
15935
16234
15371
4941
10741
13855
6928
11217
3640
7917
5473
15851
1276
11010
7912
6859
11190
10350
5582
10512
5944
13670
15909
13929
3199
5150
4769
8634
6571
12135
11686
9903
23
7239
2995
9321
17759
10201
6693
15396
18465
1528
19961
6404
16860
8098
6440
11736
14602
11123
1764
6144
15076
5377
7557
16658
13282
2868
8866
401
18690
13284
8028
19956
8193
12548
9269
13132
11206
5258
8533
3187
13198
13116
3978
14018
7896
12073
18919
11175
3792
9427
18346
1902
3165
10478
2418
6758
2923
2114
10841
941
18539
14470
17959
11616
8204
16201
1289
11840
9271
14071
17603
13746
3106
319
13719
5550
9701
147
3228
881
2405
1842
84
2672
1817
13309
4431
8760
17529
18746
12025
2084
11151
10354
18424
4872
2436
712
3446
13084
8286
11653
18809
5981
18302
16346
13488
15895
17809
15958
14308
808
17325
18429
16500
16147
1922
16664
18346
11795
14447
11606
5060
14828
19010
13993
14403
10890
11433
19404
19729
8523
1085
6214
15385
16671
17075
17367
13887
14072
11943
16725
628
9326
11997
8233
7838
3934
19035
4635
107
10903
15886
15032
5888
8220
13472
13925
9567
7915
5045
13573
1219
13933
506
15155
6541
7467
3387
19845
330
12700
1118
161
14602
7921
18548
11323
3034
5211
818
11581
3432
10687
15255
8594
12296
14066
15991
12829
1266
5483
5573
15789
13688
1659
8175
18858
4175
15702
3400
11106
6893
9873
255
519
12651
13461
12072
128
17020
11304
11355
15379
14547
398
3901
2643
12072
1837
18780
3534
11502
8128
12478
11745
6796
13442
13243
19441
2867
1884
17283
5160
17821
18997
985
12166
9506
6901
16293
8434
1968
19097
18772
10342
8876
